claim-one-reviewed-benbassat-task	Set up job	﻿2026-08-24T21:06:26.5452469Z Current runner version: '2.336.0'
claim-one-reviewed-benbassat-task	Set up job	2026-08-24T21:06:26.5480975Z ##[group]Runner Image Provisioner
claim-one-reviewed-benbassat-task	Set up job	2026-08-24T21:06:26.5482031Z Hosted Compute Agent
claim-one-reviewed-benbassat-task	Set up job	2026-08-24T21:06:26.5482670Z Version: 20260729.566
claim-one-reviewed-benbassat-task	Set up job	2026-08-24T21:06:26.5483686Z Commit: cf7153fe6e25b664e8693c24944bf2b00355d109
claim-one-reviewed-benbassat-task	Set up job	2026-08-24T21:06:26.5484797Z Build Date: 2026-07-29T19:17:02Z
claim-one-reviewed-benbassat-task	Set up job	2026-08-24T21:06:26.5485730Z Worker ID: {b3a7d64b-7abd-4090-bf48-11420080c470}
claim-one-reviewed-benbassat-task	Set up job	2026-08-24T21:06:26.5486912Z Azure Region: eastus
claim-one-reviewed-benbassat-task	Set up job	2026-08-24T21:06:26.5487768Z ##[endgroup]
claim-one-reviewed-benbassat-task	Set up job	2026-08-24T21:06:26.5490090Z ##[group]Operating System
claim-one-reviewed-benbassat-task	Set up job	2026-08-24T21:06:26.5490870Z Ubuntu
claim-one-reviewed-benbassat-task	Set up job	2026-08-24T21:06:26.5491471Z 24.04.4
claim-one-reviewed-benbassat-task	Set up job	2026-08-24T21:06:26.5492117Z LTS
claim-one-reviewed-benbassat-task	Set up job	2026-08-24T21:06:26.5492690Z ##[endgroup]
claim-one-reviewed-benbassat-task	Set up job	2026-08-24T21:06:26.5493330Z ##[group]Runner Image
claim-one-reviewed-benbassat-task	Set up job	2026-08-24T21:06:26.5494059Z Image: ubuntu-24.04
claim-one-reviewed-benbassat-task	Set up job	2026-08-24T21:06:26.5494688Z Version: 20260816.277.1
claim-one-reviewed-benbassat-task	Set up job	2026-08-24T21:06:26.5495873Z Included Software: https://github.com/actions/runner-images/blob/ubuntu24/20260816.277/images/ubuntu/Ubuntu2404-Readme.md
claim-one-reviewed-benbassat-task	Set up job	2026-08-24T21:06:26.5497789Z Image Release: https://github.com/actions/runner-images/releases/tag/ubuntu24%2F20260816.277
claim-one-reviewed-benbassat-task	Set up job	2026-08-24T21:06:26.5499309Z ##[endgroup]
claim-one-reviewed-benbassat-task	Set up job	2026-08-24T21:06:26.5500606Z ##[group]GITHUB_TOKEN Permissions
claim-one-reviewed-benbassat-task	Set up job	2026-08-24T21:06:26.5502997Z Contents: write
claim-one-reviewed-benbassat-task	Set up job	2026-08-24T21:06:26.5503670Z Metadata: read
claim-one-reviewed-benbassat-task	Set up job	2026-08-24T21:06:26.5504401Z ##[endgroup]
claim-one-reviewed-benbassat-task	Set up job	2026-08-24T21:06:26.5506477Z Secret source: Actions
claim-one-reviewed-benbassat-task	Set up job	2026-08-24T21:06:26.5508285Z Prepare workflow directory
claim-one-reviewed-benbassat-task	Set up job	2026-08-24T21:06:26.6018138Z Prepare all required actions
claim-one-reviewed-benbassat-task	Set up job	2026-08-24T21:06:26.6066031Z Getting action download info
claim-one-reviewed-benbassat-task	Set up job	2026-08-24T21:06:26.8032221Z Download action repository 'actions/checkout@v4' (SHA:11d5960a326750d5838078e36cf38b85af677262)
claim-one-reviewed-benbassat-task	Set up job	2026-08-24T21:06:26.9021908Z Download action repository 'actions/setup-node@v4' (SHA:49933ea5288caeca8642d1e84afbd3f7d6820020)
claim-one-reviewed-benbassat-task	Set up job	2026-08-24T21:06:26.9919846Z Download action repository 'actions/upload-artifact@v4' (SHA:ea165f8d65b6e75b540449e92b4886f43607fa02)
claim-one-reviewed-benbassat-task	Set up job	2026-08-24T21:06:27.2035745Z Complete job name: claim-one-reviewed-benbassat-task
claim-one-reviewed-benbassat-task	Run actions/checkout@v4	﻿2026-08-24T21:06:27.2727141Z Node 20 is being deprecated. This workflow is running with Node 24 by default. If you need to temporarily use Node 20, you can set the ACTIONS_ALLOW_USE_UNSECURE_NODE_VERSION=true environment variable. For more information see: https://github.blog/changelog/2025-09-19-deprecation-of-node-20-on-github-actions-runners/
claim-one-reviewed-benbassat-task	Run actions/checkout@v4	2026-08-24T21:06:27.2736369Z ##[group]Run actions/checkout@v4
claim-one-reviewed-benbassat-task	Run actions/checkout@v4	2026-08-24T21:06:27.2737117Z with:
claim-one-reviewed-benbassat-task	Run actions/checkout@v4	2026-08-24T21:06:27.2737624Z   ref: ed79424013b92460d16c01cad4e590eca01e6bff
claim-one-reviewed-benbassat-task	Run actions/checkout@v4	2026-08-24T21:06:27.2738455Z   fetch-depth: 0
claim-one-reviewed-benbassat-task	Run actions/checkout@v4	2026-08-24T21:06:27.2738964Z   repository: BigBirdReturns/undercast
claim-one-reviewed-benbassat-task	Run actions/checkout@v4	2026-08-24T21:06:27.2742796Z   token: ***
claim-one-reviewed-benbassat-task	Run actions/checkout@v4	2026-08-24T21:06:27.2743273Z   ssh-strict: true
claim-one-reviewed-benbassat-task	Run actions/checkout@v4	2026-08-24T21:06:27.2743750Z   ssh-user: git
claim-one-reviewed-benbassat-task	Run actions/checkout@v4	2026-08-24T21:06:27.2744229Z   persist-credentials: true
claim-one-reviewed-benbassat-task	Run actions/checkout@v4	2026-08-24T21:06:27.2744770Z   clean: true
claim-one-reviewed-benbassat-task	Run actions/checkout@v4	2026-08-24T21:06:27.2745240Z   sparse-checkout-cone-mode: true
claim-one-reviewed-benbassat-task	Run actions/checkout@v4	2026-08-24T21:06:27.2745783Z   fetch-tags: false
claim-one-reviewed-benbassat-task	Run actions/checkout@v4	2026-08-24T21:06:27.2746283Z   show-progress: true
claim-one-reviewed-benbassat-task	Run actions/checkout@v4	2026-08-24T21:06:27.2746785Z   lfs: false
claim-one-reviewed-benbassat-task	Run actions/checkout@v4	2026-08-24T21:06:27.2747223Z   submodules: false
claim-one-reviewed-benbassat-task	Run actions/checkout@v4	2026-08-24T21:06:27.2747696Z   set-safe-directory: true
claim-one-reviewed-benbassat-task	Run actions/checkout@v4	2026-08-24T21:06:27.2748353Z   allow-unsafe-pr-checkout: false
claim-one-reviewed-benbassat-task	Run actions/checkout@v4	2026-08-24T21:06:27.2749101Z env:
claim-one-reviewed-benbassat-task	Run actions/checkout@v4	2026-08-24T21:06:27.2749627Z   EXPECTED_MAIN: ed79424013b92460d16c01cad4e590eca01e6bff
claim-one-reviewed-benbassat-task	Run actions/checkout@v4	2026-08-24T21:06:27.2750371Z   EXPECTED_TREE: 7f9057770c8e622d71ef41b183811fe47fcdd6ed
claim-one-reviewed-benbassat-task	Run actions/checkout@v4	2026-08-24T21:06:27.2751032Z   TASK_ID: ap_dd7d1c73ed237230cd6e1d0b
claim-one-reviewed-benbassat-task	Run actions/checkout@v4	2026-08-24T21:06:27.2751607Z   EXPECTED_PERFORMER: Nolan North
claim-one-reviewed-benbassat-task	Run actions/checkout@v4	2026-08-24T21:06:27.2752169Z   EXPECTED_CHARACTER: Benbassat
claim-one-reviewed-benbassat-task	Run actions/checkout@v4	2026-08-24T21:06:27.2752962Z   EXPECTED_FINGERPRINT: 78e1384a3a11787064f98516e5759b55b33369d161067804c2d77f2ef6ef8885
claim-one-reviewed-benbassat-task	Run actions/checkout@v4	2026-08-24T21:06:27.2754007Z   SOURCE_REVIEW_BRANCH: agent/star-trek-benbassat-source-review-result-v1
claim-one-reviewed-benbassat-task	Run actions/checkout@v4	2026-08-24T21:06:27.2754946Z   SOURCE_REVIEW_PREFIX: transport/star-trek-benbassat-source-review-v1
claim-one-reviewed-benbassat-task	Run actions/checkout@v4	2026-08-24T21:06:27.2755777Z   RESULT_BRANCH: agent/star-trek-benbassat-claim-result-v1
claim-one-reviewed-benbassat-task	Run actions/checkout@v4	2026-08-24T21:06:27.2756780Z   OUT: /tmp/star-trek-benbassat-claim-recovery-v3
claim-one-reviewed-benbassat-task	Run actions/checkout@v4	2026-08-24T21:06:27.2757587Z   REVIEW_ROOT: /tmp/star-trek-benbassat-claim-recovery-v3/review-package
claim-one-reviewed-benbassat-task	Run actions/checkout@v4	2026-08-24T21:06:27.2761698Z   GH_TOKEN: ***
claim-one-reviewed-benbassat-task	Run actions/checkout@v4	2026-08-24T21:06:27.2762163Z ##[endgroup]
claim-one-reviewed-benbassat-task	Run actions/checkout@v4	2026-08-24T21:06:27.3787305Z Syncing repository: BigBirdReturns/undercast
claim-one-reviewed-benbassat-task	Run actions/checkout@v4	2026-08-24T21:06:27.3790112Z ##[group]Getting Git version info
claim-one-reviewed-benbassat-task	Run actions/checkout@v4	2026-08-24T21:06:27.3791242Z Working directory is '/home/runner/work/undercast/undercast'
claim-one-reviewed-benbassat-task	Run actions/checkout@v4	2026-08-24T21:06:27.3792891Z [command]/usr/bin/git version
claim-one-reviewed-benbassat-task	Run actions/checkout@v4	2026-08-24T21:06:27.3842085Z git version 2.55.0
claim-one-reviewed-benbassat-task	Run actions/checkout@v4	2026-08-24T21:06:27.3869277Z ##[endgroup]
claim-one-reviewed-benbassat-task	Run actions/checkout@v4	2026-08-24T21:06:27.3878901Z Temporarily overriding HOME='/home/runner/work/_temp/4f14d6ea-6d43-4688-a1dc-589b65cf8dd9' before making global git config changes
claim-one-reviewed-benbassat-task	Run actions/checkout@v4	2026-08-24T21:06:27.3880724Z Adding repository directory to the temporary git global config as a safe directory
claim-one-reviewed-benbassat-task	Run actions/checkout@v4	2026-08-24T21:06:27.3885244Z [command]/usr/bin/git config --global --add safe.directory /home/runner/work/undercast/undercast
claim-one-reviewed-benbassat-task	Run actions/checkout@v4	2026-08-24T21:06:27.3941967Z Deleting the contents of '/home/runner/work/undercast/undercast'
claim-one-reviewed-benbassat-task	Run actions/checkout@v4	2026-08-24T21:06:27.3948192Z ##[group]Initializing the repository
claim-one-reviewed-benbassat-task	Run actions/checkout@v4	2026-08-24T21:06:27.3953466Z [command]/usr/bin/git init /home/runner/work/undercast/undercast
claim-one-reviewed-benbassat-task	Run actions/checkout@v4	2026-08-24T21:06:27.4052617Z hint: Using 'master' as the name for the initial branch. This default branch name
claim-one-reviewed-benbassat-task	Run actions/checkout@v4	2026-08-24T21:06:27.4054463Z hint: will change to "main" in Git 3.0. To configure the initial branch name
claim-one-reviewed-benbassat-task	Run actions/checkout@v4	2026-08-24T21:06:27.4056071Z hint: to use in all of your new repositories, which will suppress this warning,
claim-one-reviewed-benbassat-task	Run actions/checkout@v4	2026-08-24T21:06:27.4057413Z hint: call:
claim-one-reviewed-benbassat-task	Run actions/checkout@v4	2026-08-24T21:06:27.4058494Z hint:
claim-one-reviewed-benbassat-task	Run actions/checkout@v4	2026-08-24T21:06:27.4059465Z hint: 	git config --global init.defaultBranch <name>
claim-one-reviewed-benbassat-task	Run actions/checkout@v4	2026-08-24T21:06:27.4060307Z hint:
claim-one-reviewed-benbassat-task	Run actions/checkout@v4	2026-08-24T21:06:27.4061066Z hint: Names commonly chosen instead of 'master' are 'main', 'trunk' and
claim-one-reviewed-benbassat-task	Run actions/checkout@v4	2026-08-24T21:06:27.4062187Z hint: 'development'. The just-created branch can be renamed via this command:
claim-one-reviewed-benbassat-task	Run actions/checkout@v4	2026-08-24T21:06:27.4063170Z hint:
claim-one-reviewed-benbassat-task	Run actions/checkout@v4	2026-08-24T21:06:27.4064119Z hint: 	git branch -m <name>
claim-one-reviewed-benbassat-task	Run actions/checkout@v4	2026-08-24T21:06:27.4065713Z hint:
claim-one-reviewed-benbassat-task	Run actions/checkout@v4	2026-08-24T21:06:27.4066709Z hint: Disable this message with "git config set advice.defaultBranchName false"
claim-one-reviewed-benbassat-task	Run actions/checkout@v4	2026-08-24T21:06:27.4068193Z Initialized empty Git repository in /home/runner/work/undercast/undercast/.git/
claim-one-reviewed-benbassat-task	Run actions/checkout@v4	2026-08-24T21:06:27.4070473Z [command]/usr/bin/git remote add origin https://github.com/BigBirdReturns/undercast
claim-one-reviewed-benbassat-task	Run actions/checkout@v4	2026-08-24T21:06:27.4116671Z ##[endgroup]
claim-one-reviewed-benbassat-task	Run actions/checkout@v4	2026-08-24T21:06:27.4117543Z ##[group]Disabling automatic garbage collection
claim-one-reviewed-benbassat-task	Run actions/checkout@v4	2026-08-24T21:06:27.4121653Z [command]/usr/bin/git config --local gc.auto 0
claim-one-reviewed-benbassat-task	Run actions/checkout@v4	2026-08-24T21:06:27.4156218Z ##[endgroup]
claim-one-reviewed-benbassat-task	Run actions/checkout@v4	2026-08-24T21:06:27.4165132Z ##[group]Setting up auth
claim-one-reviewed-benbassat-task	Run actions/checkout@v4	2026-08-24T21:06:27.4166033Z [command]/usr/bin/git config --local --name-only --get-regexp core\.sshCommand
claim-one-reviewed-benbassat-task	Run actions/checkout@v4	2026-08-24T21:06:27.4203607Z [command]/usr/bin/git submodule foreach --recursive sh -c "git config --local --name-only --get-regexp 'core\.sshCommand' && git config --local --unset-all 'core.sshCommand' || :"
claim-one-reviewed-benbassat-task	Run actions/checkout@v4	2026-08-24T21:06:27.4641159Z [command]/usr/bin/git config --local --name-only --get-regexp http\.https\:\/\/github\.com\/\.extraheader
claim-one-reviewed-benbassat-task	Run actions/checkout@v4	2026-08-24T21:06:27.4684293Z [command]/usr/bin/git submodule foreach --recursive sh -c "git config --local --name-only --get-regexp 'http\.https\:\/\/github\.com\/\.extraheader' && git config --local --unset-all 'http.https://github.com/.extraheader' || :"
claim-one-reviewed-benbassat-task	Run actions/checkout@v4	2026-08-24T21:06:27.4933114Z [command]/usr/bin/git config --local --name-only --get-regexp ^includeIf\.gitdir:
claim-one-reviewed-benbassat-task	Run actions/checkout@v4	2026-08-24T21:06:27.5053002Z [command]/usr/bin/git submodule foreach --recursive git config --local --show-origin --name-only --get-regexp remote.origin.url
claim-one-reviewed-benbassat-task	Run actions/checkout@v4	2026-08-24T21:06:27.5255154Z [command]/usr/bin/git config --local http.https://github.com/.extraheader AUTHORIZATION: basic ***
claim-one-reviewed-benbassat-task	Run actions/checkout@v4	2026-08-24T21:06:27.5297619Z ##[endgroup]
claim-one-reviewed-benbassat-task	Run actions/checkout@v4	2026-08-24T21:06:27.5298828Z ##[group]Fetching the repository
claim-one-reviewed-benbassat-task	Run actions/checkout@v4	2026-08-24T21:06:27.5308958Z [command]/usr/bin/git -c protocol.version=2 fetch --prune --no-recurse-submodules origin +refs/heads/*:refs/remotes/origin/* +refs/tags/*:refs/tags/*
claim-one-reviewed-benbassat-task	Run actions/checkout@v4	2026-08-24T21:08:45.3281355Z From https://github.com/BigBirdReturns/undercast
claim-one-reviewed-benbassat-task	Run actions/checkout@v4	2026-08-24T21:08:45.3282659Z  * [new branch]        agent/adapter-sdk-baseline-001 -> origin/agent/adapter-sdk-baseline-001
claim-one-reviewed-benbassat-task	Run actions/checkout@v4	2026-08-24T21:08:45.3283590Z  * [new branch]        agent/anastasia-cycle-trigger-pr-v1 -> origin/agent/anastasia-cycle-trigger-pr-v1
claim-one-reviewed-benbassat-task	Run actions/checkout@v4	2026-08-24T21:08:45.3284886Z  * [new branch]        agent/anastasia-finalizer-recovery-trigger-pr-v1 -> origin/agent/anastasia-finalizer-recovery-trigger-pr-v1
claim-one-reviewed-benbassat-task	Run actions/checkout@v4	2026-08-24T21:08:45.3286090Z  * [new branch]        agent/anastasia-installer-trigger-pr-v1 -> origin/agent/anastasia-installer-trigger-pr-v1
claim-one-reviewed-benbassat-task	Run actions/checkout@v4	2026-08-24T21:08:45.3287128Z  * [new branch]        agent/anastasia-installer-trigger-pr-v2 -> origin/agent/anastasia-installer-trigger-pr-v2
claim-one-reviewed-benbassat-task	Run actions/checkout@v4	2026-08-24T21:08:45.3288290Z  * [new branch]        agent/anastasia-rebind-inspection-result-v1 -> origin/agent/anastasia-rebind-inspection-result-v1
claim-one-reviewed-benbassat-task	Run actions/checkout@v4	2026-08-24T21:08:45.3289416Z  * [new branch]        agent/anastasia-rebind-inspection-v1 -> origin/agent/anastasia-rebind-inspection-v1
claim-one-reviewed-benbassat-task	Run actions/checkout@v4	2026-08-24T21:08:45.3290168Z  * [new branch]        agent/anastasia-terminal-result-v1 -> origin/agent/anastasia-terminal-result-v1
claim-one-reviewed-benbassat-task	Run actions/checkout@v4	2026-08-24T21:08:45.3290840Z  * [new branch]        agent/anastasia-terminalizer-v1 -> origin/agent/anastasia-terminalizer-v1
claim-one-reviewed-benbassat-task	Run actions/checkout@v4	2026-08-24T21:08:45.3291635Z  * [new branch]        agent/anastasia-workflow-blob-trigger-pr-v3 -> origin/agent/anastasia-workflow-blob-trigger-pr-v3
claim-one-reviewed-benbassat-task	Run actions/checkout@v4	2026-08-24T21:08:45.3292446Z  * [new branch]        agent/anastasia-workflow-blob-trigger-pr-v4 -> origin/agent/anastasia-workflow-blob-trigger-pr-v4
claim-one-reviewed-benbassat-task	Run actions/checkout@v4	2026-08-24T21:08:45.3293220Z  * [new branch]        agent/archive-contract-full-history -> origin/agent/archive-contract-full-history
claim-one-reviewed-benbassat-task	Run actions/checkout@v4	2026-08-24T21:08:45.3294020Z  * [new branch]        agent/archive-contract-history-depth -> origin/agent/archive-contract-history-depth
claim-one-reviewed-benbassat-task	Run actions/checkout@v4	2026-08-24T21:08:45.3294944Z  * [new branch]        agent/audit-operational-evidence-publisher-payload-20260806 -> origin/agent/audit-operational-evidence-publisher-payload-20260806
claim-one-reviewed-benbassat-task	Run actions/checkout@v4	2026-08-24T21:08:45.3297000Z  * [new branch]        agent/capability-aware-autopilot -> origin/agent/capability-aware-autopilot
claim-one-reviewed-benbassat-task	Run actions/checkout@v4	2026-08-24T21:08:45.3298069Z  * [new branch]        agent/card-backfill-amortization-build-20260730 -> origin/agent/card-backfill-amortization-build-20260730
claim-one-reviewed-benbassat-task	Run actions/checkout@v4	2026-08-24T21:08:45.3299307Z  * [new branch]        agent/card-backfill-composite-frontier-001 -> origin/agent/card-backfill-composite-frontier-001
claim-one-reviewed-benbassat-task	Run actions/checkout@v4	2026-08-24T21:08:45.3300426Z  * [new branch]        agent/card-backfill-frontier-routing-001 -> origin/agent/card-backfill-frontier-routing-001
claim-one-reviewed-benbassat-task	Run actions/checkout@v4	2026-08-24T21:08:45.3301405Z  * [new branch]        agent/card-backfill-luna-local -> origin/agent/card-backfill-luna-local
claim-one-reviewed-benbassat-task	Run actions/checkout@v4	2026-08-24T21:08:45.3302255Z  * [new branch]        agent/card-backfill-next-002 -> origin/agent/card-backfill-next-002
claim-one-reviewed-benbassat-task	Run actions/checkout@v4	2026-08-24T21:08:45.3303199Z  * [new branch]        agent/card-backfill-next-003 -> origin/agent/card-backfill-next-003
claim-one-reviewed-benbassat-task	Run actions/checkout@v4	2026-08-24T21:08:45.3304044Z  * [new branch]        agent/card-backfill-next-004 -> origin/agent/card-backfill-next-004
claim-one-reviewed-benbassat-task	Run actions/checkout@v4	2026-08-24T21:08:45.3304789Z  * [new branch]        agent/card-backfill-next-005 -> origin/agent/card-backfill-next-005
claim-one-reviewed-benbassat-task	Run actions/checkout@v4	2026-08-24T21:08:45.3305715Z  * [new branch]        agent/card-backfill-next-006 -> origin/agent/card-backfill-next-006
claim-one-reviewed-benbassat-task	Run actions/checkout@v4	2026-08-24T21:08:45.3306560Z  * [new branch]        agent/card-backfill-next-007 -> origin/agent/card-backfill-next-007
claim-one-reviewed-benbassat-task	Run actions/checkout@v4	2026-08-24T21:08:45.3307347Z  * [new branch]        agent/card-backfill-next-008 -> origin/agent/card-backfill-next-008
claim-one-reviewed-benbassat-task	Run actions/checkout@v4	2026-08-24T21:08:45.3309335Z  * [new branch]        agent/card-backfill-next-009 -> origin/agent/card-backfill-next-009
claim-one-reviewed-benbassat-task	Run actions/checkout@v4	2026-08-24T21:08:45.3310606Z  * [new branch]        agent/card-backfill-next-010 -> origin/agent/card-backfill-next-010
claim-one-reviewed-benbassat-task	Run actions/checkout@v4	2026-08-24T21:08:45.3311755Z  * [new branch]        agent/card-backfill-next-011 -> origin/agent/card-backfill-next-011
claim-one-reviewed-benbassat-task	Run actions/checkout@v4	2026-08-24T21:08:45.3312616Z  * [new branch]        agent/card-backfill-next-012 -> origin/agent/card-backfill-next-012
claim-one-reviewed-benbassat-task	Run actions/checkout@v4	2026-08-24T21:08:45.3313869Z  * [new branch]        agent/card-backfill-next-013 -> origin/agent/card-backfill-next-013
claim-one-reviewed-benbassat-task	Run actions/checkout@v4	2026-08-24T21:08:45.3314711Z  * [new branch]        agent/card-backfill-next-014 -> origin/agent/card-backfill-next-014
claim-one-reviewed-benbassat-task	Run actions/checkout@v4	2026-08-24T21:08:45.3315575Z  * [new branch]        agent/card-backfill-next-015 -> origin/agent/card-backfill-next-015
claim-one-reviewed-benbassat-task	Run actions/checkout@v4	2026-08-24T21:08:45.3316483Z  * [new branch]        agent/card-backfill-next-016 -> origin/agent/card-backfill-next-016
claim-one-reviewed-benbassat-task	Run actions/checkout@v4	2026-08-24T21:08:45.3317330Z  * [new branch]        agent/card-backfill-next-017 -> origin/agent/card-backfill-next-017
claim-one-reviewed-benbassat-task	Run actions/checkout@v4	2026-08-24T21:08:45.3318388Z  * [new branch]        agent/card-backfill-next-018 -> origin/agent/card-backfill-next-018
claim-one-reviewed-benbassat-task	Run actions/checkout@v4	2026-08-24T21:08:45.3319240Z  * [new branch]        agent/card-backfill-next-019 -> origin/agent/card-backfill-next-019
claim-one-reviewed-benbassat-task	Run actions/checkout@v4	2026-08-24T21:08:45.3320043Z  * [new branch]        agent/card-backfill-next-020 -> origin/agent/card-backfill-next-020
claim-one-reviewed-benbassat-task	Run actions/checkout@v4	2026-08-24T21:08:45.3320967Z  * [new branch]        agent/card-backfill-next-021 -> origin/agent/card-backfill-next-021
claim-one-reviewed-benbassat-task	Run actions/checkout@v4	2026-08-24T21:08:45.3321807Z  * [new branch]        agent/card-backfill-next-022 -> origin/agent/card-backfill-next-022
claim-one-reviewed-benbassat-task	Run actions/checkout@v4	2026-08-24T21:08:45.3322572Z  * [new branch]        agent/card-backfill-next-023 -> origin/agent/card-backfill-next-023
claim-one-reviewed-benbassat-task	Run actions/checkout@v4	2026-08-24T21:08:45.3323372Z  * [new branch]        agent/card-backfill-next-024 -> origin/agent/card-backfill-next-024
claim-one-reviewed-benbassat-task	Run actions/checkout@v4	2026-08-24T21:08:45.3324200Z  * [new branch]        agent/card-backfill-next-025 -> origin/agent/card-backfill-next-025
claim-one-reviewed-benbassat-task	Run actions/checkout@v4	2026-08-24T21:08:45.3325128Z  * [new branch]        agent/card-backfill-next-026 -> origin/agent/card-backfill-next-026
claim-one-reviewed-benbassat-task	Run actions/checkout@v4	2026-08-24T21:08:45.3326379Z  * [new branch]        agent/card-backfill-next-027 -> origin/agent/card-backfill-next-027
claim-one-reviewed-benbassat-task	Run actions/checkout@v4	2026-08-24T21:08:45.3327210Z  * [new branch]        agent/card-backfill-next-028 -> origin/agent/card-backfill-next-028
claim-one-reviewed-benbassat-task	Run actions/checkout@v4	2026-08-24T21:08:45.3328306Z  * [new branch]        agent/card-backfill-next-029 -> origin/agent/card-backfill-next-029
claim-one-reviewed-benbassat-task	Run actions/checkout@v4	2026-08-24T21:08:45.3329472Z  * [new branch]        agent/card-backfill-next-030 -> origin/agent/card-backfill-next-030
claim-one-reviewed-benbassat-task	Run actions/checkout@v4	2026-08-24T21:08:45.3330382Z  * [new branch]        agent/card-backfill-next-031 -> origin/agent/card-backfill-next-031
claim-one-reviewed-benbassat-task	Run actions/checkout@v4	2026-08-24T21:08:45.3331238Z  * [new branch]        agent/card-backfill-next-032 -> origin/agent/card-backfill-next-032
claim-one-reviewed-benbassat-task	Run actions/checkout@v4	2026-08-24T21:08:45.3417625Z  * [new branch]        agent/card-backfill-next-033 -> origin/agent/card-backfill-next-033
claim-one-reviewed-benbassat-task	Run actions/checkout@v4	2026-08-24T21:08:45.3429242Z  * [new branch]        agent/card-backfill-next-034 -> origin/agent/card-backfill-next-034
claim-one-reviewed-benbassat-task	Run actions/checkout@v4	2026-08-24T21:08:45.3430218Z  * [new branch]        agent/card-backfill-next-035 -> origin/agent/card-backfill-next-035
claim-one-reviewed-benbassat-task	Run actions/checkout@v4	2026-08-24T21:08:45.3431109Z  * [new branch]        agent/card-backfill-next-036 -> origin/agent/card-backfill-next-036
claim-one-reviewed-benbassat-task	Run actions/checkout@v4	2026-08-24T21:08:45.3431960Z  * [new branch]        agent/card-backfill-next-037 -> origin/agent/card-backfill-next-037
claim-one-reviewed-benbassat-task	Run actions/checkout@v4	2026-08-24T21:08:45.3432831Z  * [new branch]        agent/card-backfill-next-038 -> origin/agent/card-backfill-next-038
claim-one-reviewed-benbassat-task	Run actions/checkout@v4	2026-08-24T21:08:45.3433720Z  * [new branch]        agent/card-backfill-next-039 -> origin/agent/card-backfill-next-039
claim-one-reviewed-benbassat-task	Run actions/checkout@v4	2026-08-24T21:08:45.3434609Z  * [new branch]        agent/card-backfill-next-040 -> origin/agent/card-backfill-next-040
claim-one-reviewed-benbassat-task	Run actions/checkout@v4	2026-08-24T21:08:45.3435689Z  * [new branch]        agent/card-backfill-next-040-render-staging -> origin/agent/card-backfill-next-040-render-staging
claim-one-reviewed-benbassat-task	Run actions/checkout@v4	2026-08-24T21:08:45.3436942Z  * [new branch]        agent/card-backfill-next-040-retry-staging -> origin/agent/card-backfill-next-040-retry-staging
claim-one-reviewed-benbassat-task	Run actions/checkout@v4	2026-08-24T21:08:45.3438423Z  * [new branch]        agent/card-backfill-next-041 -> origin/agent/card-backfill-next-041
claim-one-reviewed-benbassat-task	Run actions/checkout@v4	2026-08-24T21:08:45.3439351Z  * [new branch]        agent/card-backfill-source-v3 -> origin/agent/card-backfill-source-v3
claim-one-reviewed-benbassat-task	Run actions/checkout@v4	2026-08-24T21:08:45.3440171Z  * [new branch]        agent/card-backfill-uc-007  -> origin/agent/card-backfill-uc-007
claim-one-reviewed-benbassat-task	Run actions/checkout@v4	2026-08-24T21:08:45.3441158Z  * [new branch]        agent/ci-publisher-custody-frontier-1-20260805 -> origin/agent/ci-publisher-custody-frontier-1-20260805
claim-one-reviewed-benbassat-task	Run actions/checkout@v4	2026-08-24T21:08:45.3442029Z  * [new branch]        agent/ci-publisher-custody-phase2-20260805 -> origin/agent/ci-publisher-custody-phase2-20260805
claim-one-reviewed-benbassat-task	Run actions/checkout@v4	2026-08-24T21:08:45.3442972Z  * [new branch]        agent/ci-publisher-custody-phase2-squash-base-v2-20260805 -> origin/agent/ci-publisher-custody-phase2-squash-base-v2-20260805
claim-one-reviewed-benbassat-task	Run actions/checkout@v4	2026-08-24T21:08:45.3443904Z  * [new branch]        agent/ci-publisher-custody-squash-base-20260805 -> origin/agent/ci-publisher-custody-squash-base-20260805
claim-one-reviewed-benbassat-task	Run actions/checkout@v4	2026-08-24T21:08:45.3444884Z  * [new branch]        agent/clifford-number-hr-accountability-burden-recovery-11-12 -> origin/agent/clifford-number-hr-accountability-burden-recovery-11-12
claim-one-reviewed-benbassat-task	Run actions/checkout@v4	2026-08-24T21:08:45.3445955Z  * [new branch]        agent/clifford-number-hr-accountability-consequence-wave-11 -> origin/agent/clifford-number-hr-accountability-consequence-wave-11
claim-one-reviewed-benbassat-task	Run actions/checkout@v4	2026-08-24T21:08:45.3446990Z  * [new branch]        agent/clifford-number-hr-budget-authority-recourse-wave-14 -> origin/agent/clifford-number-hr-budget-authority-recourse-wave-14
claim-one-reviewed-benbassat-task	Run actions/checkout@v4	2026-08-24T21:08:45.3448198Z  * [new branch]        agent/clifford-number-hr-burden-allocation-wave-12 -> origin/agent/clifford-number-hr-burden-allocation-wave-12
claim-one-reviewed-benbassat-task	Run actions/checkout@v4	2026-08-24T21:08:45.3449139Z  * [new branch]        agent/clifford-number-hr-counterpower-effects-wave-05 -> origin/agent/clifford-number-hr-counterpower-effects-wave-05
claim-one-reviewed-benbassat-task	Run actions/checkout@v4	2026-08-24T21:08:45.3450136Z  * [new branch]        agent/clifford-number-hr-counterpower-effects-wave-06 -> origin/agent/clifford-number-hr-counterpower-effects-wave-06
claim-one-reviewed-benbassat-task	Run actions/checkout@v4	2026-08-24T21:08:45.3451157Z  * [new branch]        agent/clifford-number-hr-counterpower-intervention-wave-05 -> origin/agent/clifford-number-hr-counterpower-intervention-wave-05
claim-one-reviewed-benbassat-task	Run actions/checkout@v4	2026-08-24T21:08:45.3452157Z  * [new branch]        agent/clifford-number-hr-deployment-census-wave-04 -> origin/agent/clifford-number-hr-deployment-census-wave-04
claim-one-reviewed-benbassat-task	Run actions/checkout@v4	2026-08-24T21:08:45.3453007Z  * [new branch]        agent/clifford-number-hr-deployment-wave-04 -> origin/agent/clifford-number-hr-deployment-wave-04
claim-one-reviewed-benbassat-task	Run actions/checkout@v4	2026-08-24T21:08:45.3454028Z  * [new branch]        agent/clifford-number-hr-disciplinary-ai-cases-wave-03 -> origin/agent/clifford-number-hr-disciplinary-ai-cases-wave-03
claim-one-reviewed-benbassat-task	Run actions/checkout@v4	2026-08-24T21:08:45.3454946Z  * [new branch]        agent/clifford-number-hr-disciplinary-ai-wave-02 -> origin/agent/clifford-number-hr-disciplinary-ai-wave-02
claim-one-reviewed-benbassat-task	Run actions/checkout@v4	2026-08-24T21:08:45.3455916Z  * [new branch]        agent/clifford-number-hr-disciplinary-harm-sentinels-wave-08 -> origin/agent/clifford-number-hr-disciplinary-harm-sentinels-wave-08
claim-one-reviewed-benbassat-task	Run actions/checkout@v4	2026-08-24T21:08:45.3456850Z  * [new branch]        agent/clifford-number-hr-disciplinary-wave-01 -> origin/agent/clifford-number-hr-disciplinary-wave-01
claim-one-reviewed-benbassat-task	Run actions/checkout@v4	2026-08-24T21:08:45.3457764Z  * [new branch]        agent/clifford-number-hr-dissonance-counterpower-wave-04 -> origin/agent/clifford-number-hr-dissonance-counterpower-wave-04
claim-one-reviewed-benbassat-task	Run actions/checkout@v4	2026-08-24T21:08:45.3459028Z  * [new branch]        agent/clifford-number-hr-governance-wave-03 -> origin/agent/clifford-number-hr-governance-wave-03
claim-one-reviewed-benbassat-task	Run actions/checkout@v4	2026-08-24T21:08:45.3459967Z  * [new branch]        agent/clifford-number-hr-implementation-verification-wave-07 -> origin/agent/clifford-number-hr-implementation-verification-wave-07
claim-one-reviewed-benbassat-task	Run actions/checkout@v4	2026-08-24T21:08:45.3461039Z  * [new branch]        agent/clifford-number-hr-indemnity-cost-transfer-wave-13 -> origin/agent/clifford-number-hr-indemnity-cost-transfer-wave-13
claim-one-reviewed-benbassat-task	Run actions/checkout@v4	2026-08-24T21:08:45.3461955Z  * [new branch]        agent/clifford-number-hr-learning-audit-wave-07 -> origin/agent/clifford-number-hr-learning-audit-wave-07
claim-one-reviewed-benbassat-task	Run actions/checkout@v4	2026-08-24T21:08:45.3462812Z  * [new branch]        agent/clifford-number-hr-recurrence-reopen-wave-10 -> origin/agent/clifford-number-hr-recurrence-reopen-wave-10
claim-one-reviewed-benbassat-task	Run actions/checkout@v4	2026-08-24T21:08:45.3464255Z  * [new branch]        agent/clifford-number-hr-response-prevention-wave-09 -> origin/agent/clifford-number-hr-response-prevention-wave-09
claim-one-reviewed-benbassat-task	Run actions/checkout@v4	2026-08-24T21:08:45.3465123Z  * [new branch]        agent/clifford-number-hr-selection-wave-01 -> origin/agent/clifford-number-hr-selection-wave-01
claim-one-reviewed-benbassat-task	Run actions/checkout@v4	2026-08-24T21:08:45.3466128Z  * [new branch]        agent/clifford-number-hr-source-adjudication-wave-02 -> origin/agent/clifford-number-hr-source-adjudication-wave-02
claim-one-reviewed-benbassat-task	Run actions/checkout@v4	2026-08-24T21:08:45.3467064Z  * [new branch]        agent/collection-only-candidate -> origin/agent/collection-only-candidate
claim-one-reviewed-benbassat-task	Run actions/checkout@v4	2026-08-24T21:08:45.3467794Z  * [new branch]        agent/collection-only-operations -> origin/agent/collection-only-operations
claim-one-reviewed-benbassat-task	Run actions/checkout@v4	2026-08-24T21:08:45.3469017Z  * [new branch]        agent/collection-only-operations-p2 -> origin/agent/collection-only-operations-p2
claim-one-reviewed-benbassat-task	Run actions/checkout@v4	2026-08-24T21:08:45.3469781Z  * [new branch]        agent/corpus-next-after-media-closure -> origin/agent/corpus-next-after-media-closure
claim-one-reviewed-benbassat-task	Run actions/checkout@v4	2026-08-24T21:08:45.3470423Z  * [new branch]        agent/corpus-operations-mode -> origin/agent/corpus-operations-mode
claim-one-reviewed-benbassat-task	Run actions/checkout@v4	2026-08-24T21:08:45.3471091Z  * [new branch]        agent/cycle004-still-transport-inspection -> origin/agent/cycle004-still-transport-inspection
claim-one-reviewed-benbassat-task	Run actions/checkout@v4	2026-08-24T21:08:45.3471855Z  * [new branch]        agent/dispatch-clean-preservation-235227a -> origin/agent/dispatch-clean-preservation-235227a
claim-one-reviewed-benbassat-task	Run actions/checkout@v4	2026-08-24T21:08:45.3472563Z  * [new branch]        agent/dispatch-preserve-7054b6-v2 -> origin/agent/dispatch-preserve-7054b6-v2
claim-one-reviewed-benbassat-task	Run actions/checkout@v4	2026-08-24T21:08:45.3473189Z  * [new branch]        agent/doctor-who-activation-001 -> origin/agent/doctor-who-activation-001
claim-one-reviewed-benbassat-task	Run actions/checkout@v4	2026-08-24T21:08:45.3473869Z  * [new branch]        agent/doctor-who-activation-preflight-001 -> origin/agent/doctor-who-activation-preflight-001
claim-one-reviewed-benbassat-task	Run actions/checkout@v4	2026-08-24T21:08:45.3474606Z  * [new branch]        agent/doctor-who-certification-001 -> origin/agent/doctor-who-certification-001
claim-one-reviewed-benbassat-task	Run actions/checkout@v4	2026-08-24T21:08:45.3475476Z  * [new branch]        agent/doctor-who-certified-paused-001 -> origin/agent/doctor-who-certified-paused-001
claim-one-reviewed-benbassat-task	Run actions/checkout@v4	2026-08-24T21:08:45.3476180Z  * [new branch]        agent/doctor-who-correction-drill-001 -> origin/agent/doctor-who-correction-drill-001
claim-one-reviewed-benbassat-task	Run actions/checkout@v4	2026-08-24T21:08:45.3476974Z  * [new branch]        agent/doctor-who-correction-drill-001-replay-6cb5d1 -> origin/agent/doctor-who-correction-drill-001-replay-6cb5d1
claim-one-reviewed-benbassat-task	Run actions/checkout@v4	2026-08-24T21:08:45.3478311Z  * [new branch]        agent/doctor-who-correction-drill-001-replay-6ea135 -> origin/agent/doctor-who-correction-drill-001-replay-6ea135
claim-one-reviewed-benbassat-task	Run actions/checkout@v4	2026-08-24T21:08:45.3479230Z  * [new branch]        agent/doctor-who-correction-drill-future-safe-repair -> origin/agent/doctor-who-correction-drill-future-safe-repair
claim-one-reviewed-benbassat-task	Run actions/checkout@v4	2026-08-24T21:08:45.3480124Z  * [new branch]        agent/doctor-who-correction-drill-scope-custody -> origin/agent/doctor-who-correction-drill-scope-custody
claim-one-reviewed-benbassat-task	Run actions/checkout@v4	2026-08-24T21:08:45.3480866Z  * [new branch]        agent/doctor-who-cycle-002-claim -> origin/agent/doctor-who-cycle-002-claim
claim-one-reviewed-benbassat-task	Run actions/checkout@v4	2026-08-24T21:08:45.3481487Z  * [new branch]        agent/doctor-who-cycle-002-current -> origin/agent/doctor-who-cycle-002-current
claim-one-reviewed-benbassat-task	Run actions/checkout@v4	2026-08-24T21:08:45.3482090Z  * [new branch]        agent/doctor-who-cycle-002-gredd -> origin/agent/doctor-who-cycle-002-gredd
claim-one-reviewed-benbassat-task	Run actions/checkout@v4	2026-08-24T21:08:45.3482757Z  * [new branch]        agent/doctor-who-cycle-002-gredd-current -> origin/agent/doctor-who-cycle-002-gredd-current
claim-one-reviewed-benbassat-task	Run actions/checkout@v4	2026-08-24T21:08:45.3483575Z  * [new branch]        agent/doctor-who-cycle-003-annette-portrait-review -> origin/agent/doctor-who-cycle-003-annette-portrait-review
claim-one-reviewed-benbassat-task	Run actions/checkout@v4	2026-08-24T21:08:45.3484400Z  * [new branch]        agent/doctor-who-cycle-003-current-extract -> origin/agent/doctor-who-cycle-003-current-extract
claim-one-reviewed-benbassat-task	Run actions/checkout@v4	2026-08-24T21:08:45.3485185Z  * [new branch]        agent/doctor-who-cycle-003-current-extract-v2 -> origin/agent/doctor-who-cycle-003-current-extract-v2
claim-one-reviewed-benbassat-task	Run actions/checkout@v4	2026-08-24T21:08:45.3486273Z  * [new branch]        agent/doctor-who-cycle-003-full-source -> origin/agent/doctor-who-cycle-003-full-source
claim-one-reviewed-benbassat-task	Run actions/checkout@v4	2026-08-24T21:08:45.3487309Z  * [new branch]        agent/doctor-who-cycle-003-jask-completion -> origin/agent/doctor-who-cycle-003-jask-completion
claim-one-reviewed-benbassat-task	Run actions/checkout@v4	2026-08-24T21:08:45.3488592Z  * [new branch]        agent/doctor-who-cycle-003-jask-portrait -> origin/agent/doctor-who-cycle-003-jask-portrait
claim-one-reviewed-benbassat-task	Run actions/checkout@v4	2026-08-24T21:08:45.3489612Z  * [new branch]        agent/doctor-who-cycle-003-margaret-media-review -> origin/agent/doctor-who-cycle-003-margaret-media-review
claim-one-reviewed-benbassat-task	Run actions/checkout@v4	2026-08-24T21:08:45.3490461Z  * [new branch]        agent/doctor-who-cycle-003-margaret-publication -> origin/agent/doctor-who-cycle-003-margaret-publication
claim-one-reviewed-benbassat-task	Run actions/checkout@v4	2026-08-24T21:08:45.3491297Z  * [new branch]        agent/doctor-who-cycle-003-materializer-recovery -> origin/agent/doctor-who-cycle-003-materializer-recovery
claim-one-reviewed-benbassat-task	Run actions/checkout@v4	2026-08-24T21:08:45.3492080Z  * [new branch]        agent/doctor-who-cycle-003-merge-guardian -> origin/agent/doctor-who-cycle-003-merge-guardian
claim-one-reviewed-benbassat-task	Run actions/checkout@v4	2026-08-24T21:08:45.3492794Z  * [new branch]        agent/doctor-who-cycle-004-full-source -> origin/agent/doctor-who-cycle-004-full-source
claim-one-reviewed-benbassat-task	Run actions/checkout@v4	2026-08-24T21:08:45.3493550Z  * [new branch]        agent/doctor-who-cycle-004-jask-audio-completion -> origin/agent/doctor-who-cycle-004-jask-audio-completion
claim-one-reviewed-benbassat-task	Run actions/checkout@v4	2026-08-24T21:08:45.3494376Z  * [new branch]        agent/doctor-who-cycle-004-jask-audio-portrait -> origin/agent/doctor-who-cycle-004-jask-audio-portrait
claim-one-reviewed-benbassat-task	Run actions/checkout@v4	2026-08-24T21:08:45.3495185Z  * [new branch]        agent/doctor-who-cycle-004-jask-still-correction -> origin/agent/doctor-who-cycle-004-jask-still-correction
claim-one-reviewed-benbassat-task	Run actions/checkout@v4	2026-08-24T21:08:45.3496238Z  * [new branch]        agent/doctor-who-cycle-004-media-preflight -> origin/agent/doctor-who-cycle-004-media-preflight
claim-one-reviewed-benbassat-task	Run actions/checkout@v4	2026-08-24T21:08:45.3497313Z  * [new branch]        agent/doctor-who-cycle-004-preflight -> origin/agent/doctor-who-cycle-004-preflight
claim-one-reviewed-benbassat-task	Run actions/checkout@v4	2026-08-24T21:08:45.3498507Z  * [new branch]        agent/doctor-who-cycle-004-still-correction-source -> origin/agent/doctor-who-cycle-004-still-correction-source
claim-one-reviewed-benbassat-task	Run actions/checkout@v4	2026-08-24T21:08:45.3499783Z  * [new branch]        agent/doctor-who-cycle-004-still-verification -> origin/agent/doctor-who-cycle-004-still-verification
claim-one-reviewed-benbassat-task	Run actions/checkout@v4	2026-08-24T21:08:45.3501118Z  * [new branch]        agent/doctor-who-cycle-005-carrier-source-export-v4 -> origin/agent/doctor-who-cycle-005-carrier-source-export-v4
claim-one-reviewed-benbassat-task	Run actions/checkout@v4	2026-08-24T21:08:45.3502536Z  * [new branch]        agent/doctor-who-cycle-005-kaarsh-completion -> origin/agent/doctor-who-cycle-005-kaarsh-completion
claim-one-reviewed-benbassat-task	Run actions/checkout@v4	2026-08-24T21:08:45.3504231Z  * [new branch]        agent/doctor-who-cycle-005-kaarsh-still-reattestation -> origin/agent/doctor-who-cycle-005-kaarsh-still-reattestation
claim-one-reviewed-benbassat-task	Run actions/checkout@v4	2026-08-24T21:08:45.3505757Z  * [new branch]        agent/doctor-who-cycle-005-kaarsh-still-verification -> origin/agent/doctor-who-cycle-005-kaarsh-still-verification
claim-one-reviewed-benbassat-task	Run actions/checkout@v4	2026-08-24T21:08:45.3507064Z  * [new branch]        agent/doctor-who-cycle-005-preflight -> origin/agent/doctor-who-cycle-005-preflight
claim-one-reviewed-benbassat-task	Run actions/checkout@v4	2026-08-24T21:08:45.3508891Z  * [new branch]        agent/doctor-who-cycle-006-autopilot-history-fix -> origin/agent/doctor-who-cycle-006-autopilot-history-fix
claim-one-reviewed-benbassat-task	Run actions/checkout@v4	2026-08-24T21:08:45.3510521Z  * [new branch]        agent/doctor-who-cycle-006-autopilot-history-qualification -> origin/agent/doctor-who-cycle-006-autopilot-history-qualification
claim-one-reviewed-benbassat-task	Run actions/checkout@v4	2026-08-24T21:08:45.3512145Z  * [new branch]        agent/doctor-who-cycle-006-carrier-source-export-v3 -> origin/agent/doctor-who-cycle-006-carrier-source-export-v3
claim-one-reviewed-benbassat-task	Run actions/checkout@v4	2026-08-24T21:08:45.3513720Z  * [new branch]        agent/doctor-who-cycle-006-chronology-composability -> origin/agent/doctor-who-cycle-006-chronology-composability
claim-one-reviewed-benbassat-task	Run actions/checkout@v4	2026-08-24T21:08:45.3515500Z  * [new branch]        agent/doctor-who-cycle-006-chronology-composability-current-main -> origin/agent/doctor-who-cycle-006-chronology-composability-current-main
claim-one-reviewed-benbassat-task	Run actions/checkout@v4	2026-08-24T21:08:45.3517502Z  * [new branch]        agent/doctor-who-cycle-006-chronology-composability-materializer -> origin/agent/doctor-who-cycle-006-chronology-composability-materializer
claim-one-reviewed-benbassat-task	Run actions/checkout@v4	2026-08-24T21:08:45.3519677Z  * [new branch]        agent/doctor-who-cycle-006-chronology-composability-qualification -> origin/agent/doctor-who-cycle-006-chronology-composability-qualification
claim-one-reviewed-benbassat-task	Run actions/checkout@v4	2026-08-24T21:08:45.3521755Z  * [new branch]        agent/doctor-who-cycle-006-chronology-composability-qualification-v2 -> origin/agent/doctor-who-cycle-006-chronology-composability-qualification-v2
claim-one-reviewed-benbassat-task	Run actions/checkout@v4	2026-08-24T21:08:45.3524104Z  * [new branch]        agent/doctor-who-cycle-006-chronology-composability-qualification-v3 -> origin/agent/doctor-who-cycle-006-chronology-composability-qualification-v3
claim-one-reviewed-benbassat-task	Run actions/checkout@v4	2026-08-24T21:08:45.3526125Z  * [new branch]        agent/doctor-who-cycle-006-chronology-composable-source-export -> origin/agent/doctor-who-cycle-006-chronology-composable-source-export
claim-one-reviewed-benbassat-task	Run actions/checkout@v4	2026-08-24T21:08:45.3528005Z  * [new branch]        agent/doctor-who-cycle-006-chronology-correction -> origin/agent/doctor-who-cycle-006-chronology-correction
claim-one-reviewed-benbassat-task	Run actions/checkout@v4	2026-08-24T21:08:45.3529701Z  * [new branch]        agent/doctor-who-cycle-006-chronology-correction-materializer -> origin/agent/doctor-who-cycle-006-chronology-correction-materializer
claim-one-reviewed-benbassat-task	Run actions/checkout@v4	2026-08-24T21:08:45.3531380Z  * [new branch]        agent/doctor-who-cycle-006-clean-main-rebind-v3 -> origin/agent/doctor-who-cycle-006-clean-main-rebind-v3
claim-one-reviewed-benbassat-task	Run actions/checkout@v4	2026-08-24T21:08:45.3532811Z  * [new branch]        agent/doctor-who-cycle-006-clean-main-rebind-v4 -> origin/agent/doctor-who-cycle-006-clean-main-rebind-v4
claim-one-reviewed-benbassat-task	Run actions/checkout@v4	2026-08-24T21:08:45.3534235Z  * [new branch]        agent/doctor-who-cycle-006-clean-main-rebind-v5 -> origin/agent/doctor-who-cycle-006-clean-main-rebind-v5
claim-one-reviewed-benbassat-task	Run actions/checkout@v4	2026-08-24T21:08:45.3535661Z  * [new branch]        agent/doctor-who-cycle-006-clean-main-rebind-v6 -> origin/agent/doctor-who-cycle-006-clean-main-rebind-v6
claim-one-reviewed-benbassat-task	Run actions/checkout@v4	2026-08-24T21:08:45.3537088Z  * [new branch]        agent/doctor-who-cycle-006-current-main-rebind -> origin/agent/doctor-who-cycle-006-current-main-rebind
claim-one-reviewed-benbassat-task	Run actions/checkout@v4	2026-08-24T21:08:45.3538692Z  * [new branch]        agent/doctor-who-cycle-006-current-main-rebind-v2 -> origin/agent/doctor-who-cycle-006-current-main-rebind-v2
claim-one-reviewed-benbassat-task	Run actions/checkout@v4	2026-08-24T21:08:45.3540142Z  * [new branch]        agent/doctor-who-cycle-006-kayste-completion -> origin/agent/doctor-who-cycle-006-kayste-completion
claim-one-reviewed-benbassat-task	Run actions/checkout@v4	2026-08-24T21:08:45.3541570Z  * [new branch]        agent/doctor-who-cycle-006-kayste-completion-v2 -> origin/agent/doctor-who-cycle-006-kayste-completion-v2
claim-one-reviewed-benbassat-task	Run actions/checkout@v4	2026-08-24T21:08:45.3543009Z  * [new branch]        agent/doctor-who-cycle-006-kayste-completion-v3 -> origin/agent/doctor-who-cycle-006-kayste-completion-v3
claim-one-reviewed-benbassat-task	Run actions/checkout@v4	2026-08-24T21:08:45.3544616Z  * [new branch]        agent/doctor-who-cycle-006-kayste-completion-v4 -> origin/agent/doctor-who-cycle-006-kayste-completion-v4
claim-one-reviewed-benbassat-task	Run actions/checkout@v4	2026-08-24T21:08:45.3546052Z  * [new branch]        agent/doctor-who-cycle-006-kayste-completion-v5 -> origin/agent/doctor-who-cycle-006-kayste-completion-v5
claim-one-reviewed-benbassat-task	Run actions/checkout@v4	2026-08-24T21:08:45.3547468Z  * [new branch]        agent/doctor-who-cycle-006-kayste-completion-v6 -> origin/agent/doctor-who-cycle-006-kayste-completion-v6
claim-one-reviewed-benbassat-task	Run actions/checkout@v4	2026-08-24T21:08:45.3549104Z  * [new branch]        agent/doctor-who-cycle-006-kayste-media-preflight -> origin/agent/doctor-who-cycle-006-kayste-media-preflight
claim-one-reviewed-benbassat-task	Run actions/checkout@v4	2026-08-24T21:08:45.3550523Z  * [new branch]        agent/doctor-who-cycle-006-merge-guardian -> origin/agent/doctor-who-cycle-006-merge-guardian
claim-one-reviewed-benbassat-task	Run actions/checkout@v4	2026-08-24T21:08:45.3551872Z  * [new branch]        agent/doctor-who-cycle-006-postfailure-status -> origin/agent/doctor-who-cycle-006-postfailure-status
claim-one-reviewed-benbassat-task	Run actions/checkout@v4	2026-08-24T21:08:45.3553182Z  * [new branch]        agent/doctor-who-cycle-006-preflight -> origin/agent/doctor-who-cycle-006-preflight
claim-one-reviewed-benbassat-task	Run actions/checkout@v4	2026-08-24T21:08:45.3554421Z  * [new branch]        agent/doctor-who-cycle-006-writer-builder -> origin/agent/doctor-who-cycle-006-writer-builder
claim-one-reviewed-benbassat-task	Run actions/checkout@v4	2026-08-24T21:08:45.3555881Z  * [new branch]        agent/doctor-who-cycle-006-writer-source-publication -> origin/agent/doctor-who-cycle-006-writer-source-publication
claim-one-reviewed-benbassat-task	Run actions/checkout@v4	2026-08-24T21:08:45.3557448Z  * [new branch]        agent/doctor-who-cycle-006-writer-source-recovery -> origin/agent/doctor-who-cycle-006-writer-source-recovery
claim-one-reviewed-benbassat-task	Run actions/checkout@v4	2026-08-24T21:08:45.3559046Z  * [new branch]        agent/doctor-who-cycle-007-canonical-proof-v4 -> origin/agent/doctor-who-cycle-007-canonical-proof-v4
claim-one-reviewed-benbassat-task	Run actions/checkout@v4	2026-08-24T21:08:45.3560556Z  * [new branch]        agent/doctor-who-cycle-007-current-main-source-export -> origin/agent/doctor-who-cycle-007-current-main-source-export
claim-one-reviewed-benbassat-task	Run actions/checkout@v4	2026-08-24T21:08:45.3562207Z  * [new branch]        agent/doctor-who-cycle-007-current-main-source-export-v2 -> origin/agent/doctor-who-cycle-007-current-main-source-export-v2
claim-one-reviewed-benbassat-task	Run actions/checkout@v4	2026-08-24T21:08:45.3564179Z  * [new branch]        agent/doctor-who-cycle-007-current-main-source-export-v2-lean -> origin/agent/doctor-who-cycle-007-current-main-source-export-v2-lean
claim-one-reviewed-benbassat-task	Run actions/checkout@v4	2026-08-24T21:08:45.3565942Z  * [new branch]        agent/doctor-who-cycle-007-current-main-source-export-v3 -> origin/agent/doctor-who-cycle-007-current-main-source-export-v3
claim-one-reviewed-benbassat-task	Run actions/checkout@v4	2026-08-24T21:08:45.3567664Z  * [new branch]        agent/doctor-who-cycle-007-current-main-source-snapshot-v2 -> origin/agent/doctor-who-cycle-007-current-main-source-snapshot-v2
claim-one-reviewed-benbassat-task	Run actions/checkout@v4	2026-08-24T21:08:45.3569451Z  * [new branch]        agent/doctor-who-cycle-007-kragar-media-preflight -> origin/agent/doctor-who-cycle-007-kragar-media-preflight
claim-one-reviewed-benbassat-task	Run actions/checkout@v4	2026-08-24T21:08:45.3570975Z  * [new branch]        agent/doctor-who-cycle-007-kragar-media-prepublish -> origin/agent/doctor-who-cycle-007-kragar-media-prepublish
claim-one-reviewed-benbassat-task	Run actions/checkout@v4	2026-08-24T21:08:45.3572546Z  * [new branch]        agent/doctor-who-cycle-007-kragar-media-prepublish-v2 -> origin/agent/doctor-who-cycle-007-kragar-media-prepublish-v2
claim-one-reviewed-benbassat-task	Run actions/checkout@v4	2026-08-24T21:08:45.3574156Z  * [new branch]        agent/doctor-who-cycle-007-kragar-media-review-final -> origin/agent/doctor-who-cycle-007-kragar-media-review-final
claim-one-reviewed-benbassat-task	Run actions/checkout@v4	2026-08-24T21:08:45.3575702Z  * [new branch]        agent/doctor-who-cycle-007-kragar-media-review-v2 -> origin/agent/doctor-who-cycle-007-kragar-media-review-v2
claim-one-reviewed-benbassat-task	Run actions/checkout@v4	2026-08-24T21:08:45.3577162Z  * [new branch]        agent/doctor-who-cycle-007-kragar-media-review-v3 -> origin/agent/doctor-who-cycle-007-kragar-media-review-v3
claim-one-reviewed-benbassat-task	Run actions/checkout@v4	2026-08-24T21:08:45.3578760Z  * [new branch]        agent/doctor-who-cycle-007-kragar-media-terminal -> origin/agent/doctor-who-cycle-007-kragar-media-terminal
claim-one-reviewed-benbassat-task	Run actions/checkout@v4	2026-08-24T21:08:45.3580177Z  * [new branch]        agent/doctor-who-cycle-007-kragar-product-v14 -> origin/agent/doctor-who-cycle-007-kragar-product-v14
claim-one-reviewed-benbassat-task	Run actions/checkout@v4	2026-08-24T21:08:45.3581811Z  * [new branch]        agent/doctor-who-cycle-007-post-composability-source-snapshot -> origin/agent/doctor-who-cycle-007-post-composability-source-snapshot
claim-one-reviewed-benbassat-task	Run actions/checkout@v4	2026-08-24T21:08:45.3583637Z  * [new branch]        agent/doctor-who-cycle-007-post-merge-proof-v1 -> origin/agent/doctor-who-cycle-007-post-merge-proof-v1
claim-one-reviewed-benbassat-task	Run actions/checkout@v4	2026-08-24T21:08:45.3585017Z  * [new branch]        agent/doctor-who-cycle-007-post-merge-proof-v2 -> origin/agent/doctor-who-cycle-007-post-merge-proof-v2
claim-one-reviewed-benbassat-task	Run actions/checkout@v4	2026-08-24T21:08:45.3586383Z  * [new branch]        agent/doctor-who-cycle-007-post-merge-proof-v3 -> origin/agent/doctor-who-cycle-007-post-merge-proof-v3
claim-one-reviewed-benbassat-task	Run actions/checkout@v4	2026-08-24T21:08:45.3587638Z  * [new branch]        agent/doctor-who-cycle-007-preflight -> origin/agent/doctor-who-cycle-007-preflight
claim-one-reviewed-benbassat-task	Run actions/checkout@v4	2026-08-24T21:08:45.3588975Z  * [new branch]        agent/doctor-who-cycle-007-qualifier-v10 -> origin/agent/doctor-who-cycle-007-qualifier-v10
claim-one-reviewed-benbassat-task	Run actions/checkout@v4	2026-08-24T21:08:45.3590237Z  * [new branch]        agent/doctor-who-cycle-007-qualifier-v10r -> origin/agent/doctor-who-cycle-007-qualifier-v10r
claim-one-reviewed-benbassat-task	Run actions/checkout@v4	2026-08-24T21:08:45.3591469Z  * [new branch]        agent/doctor-who-cycle-007-qualifier-v8 -> origin/agent/doctor-who-cycle-007-qualifier-v8
claim-one-reviewed-benbassat-task	Run actions/checkout@v4	2026-08-24T21:08:45.3592663Z  * [new branch]        agent/doctor-who-cycle-007-qualifier-v9 -> origin/agent/doctor-who-cycle-007-qualifier-v9
claim-one-reviewed-benbassat-task	Run actions/checkout@v4	2026-08-24T21:08:45.3593808Z  * [new branch]        agent/doctor-who-cycle-007-selection -> origin/agent/doctor-who-cycle-007-selection
claim-one-reviewed-benbassat-task	Run actions/checkout@v4	2026-08-24T21:08:45.3595013Z  * [new branch]        agent/doctor-who-cycle-007-source-snapshot -> origin/agent/doctor-who-cycle-007-source-snapshot
claim-one-reviewed-benbassat-task	Run actions/checkout@v4	2026-08-24T21:08:45.3596418Z  * [new branch]        agent/doctor-who-cycle-007-source-snapshot-v2 -> origin/agent/doctor-who-cycle-007-source-snapshot-v2
claim-one-reviewed-benbassat-task	Run actions/checkout@v4	2026-08-24T21:08:45.3598105Z  * [new branch]        agent/doctor-who-cycle-007-terminal-current-main-proof-v4 -> origin/agent/doctor-who-cycle-007-terminal-current-main-proof-v4
claim-one-reviewed-benbassat-task	Run actions/checkout@v4	2026-08-24T21:08:45.3599762Z  * [new branch]        agent/doctor-who-cycle-007-transport-comment-census -> origin/agent/doctor-who-cycle-007-transport-comment-census
claim-one-reviewed-benbassat-task	Run actions/checkout@v4	2026-08-24T21:08:45.3601838Z  * [new branch]        agent/doctor-who-cycle-007-trusted-publisher-v10-denominator-repair -> origin/agent/doctor-who-cycle-007-trusted-publisher-v10-denominator-repair
claim-one-reviewed-benbassat-task	Run actions/checkout@v4	2026-08-24T21:08:45.3603759Z  * [new branch]        agent/doctor-who-cycle-007-trusted-publisher-v10-installer -> origin/agent/doctor-who-cycle-007-trusted-publisher-v10-installer
claim-one-reviewed-benbassat-task	Run actions/checkout@v4	2026-08-24T21:08:45.3605615Z  * [new branch]        agent/doctor-who-cycle-007-trusted-publisher-v10-installer-008f -> origin/agent/doctor-who-cycle-007-trusted-publisher-v10-installer-008f
claim-one-reviewed-benbassat-task	Run actions/checkout@v4	2026-08-24T21:08:45.3607259Z  * [new branch]        agent/doctor-who-cycle-007-v11-finalization -> origin/agent/doctor-who-cycle-007-v11-finalization
claim-one-reviewed-benbassat-task	Run actions/checkout@v4	2026-08-24T21:08:45.3608729Z  * [new branch]        agent/doctor-who-cycle-007-v12-finalization -> origin/agent/doctor-who-cycle-007-v12-finalization
claim-one-reviewed-benbassat-task	Run actions/checkout@v4	2026-08-24T21:08:45.3610053Z  * [new branch]        agent/doctor-who-cycle-007-v13-finalization -> origin/agent/doctor-who-cycle-007-v13-finalization
claim-one-reviewed-benbassat-task	Run actions/checkout@v4	2026-08-24T21:08:45.3611336Z  * [new branch]        agent/doctor-who-cycle-007-v14-finalization -> origin/agent/doctor-who-cycle-007-v14-finalization
claim-one-reviewed-benbassat-task	Run actions/checkout@v4	2026-08-24T21:08:45.3612870Z  * [new branch]        agent/doctor-who-cycle-007-v14-finalization-copy-do-not-use -> origin/agent/doctor-who-cycle-007-v14-finalization-copy-do-not-use
claim-one-reviewed-benbassat-task	Run actions/checkout@v4	2026-08-24T21:08:45.3614373Z  * [new branch]        agent/doctor-who-cycle-007-v14-publisher -> origin/agent/doctor-who-cycle-007-v14-publisher
claim-one-reviewed-benbassat-task	Run actions/checkout@v4	2026-08-24T21:08:45.3615754Z  * [new branch]        agent/doctor-who-cycle-007-v14-publisher-observer -> origin/agent/doctor-who-cycle-007-v14-publisher-observer
claim-one-reviewed-benbassat-task	Run actions/checkout@v4	2026-08-24T21:08:45.3617295Z  * [new branch]        agent/doctor-who-cycle-007-v15-product-qualification -> origin/agent/doctor-who-cycle-007-v15-product-qualification
claim-one-reviewed-benbassat-task	Run actions/checkout@v4	2026-08-24T21:08:45.3619070Z  * [new branch]        agent/doctor-who-cycle-007-v15-product-qualification-v2 -> origin/agent/doctor-who-cycle-007-v15-product-qualification-v2
claim-one-reviewed-benbassat-task	Run actions/checkout@v4	2026-08-24T21:08:45.3620529Z  * [new branch]        agent/doctor-who-cycle-007-v8-finalizer-v1 -> origin/agent/doctor-who-cycle-007-v8-finalizer-v1
claim-one-reviewed-benbassat-task	Run actions/checkout@v4	2026-08-24T21:08:45.3622078Z  * [new branch]        agent/doctor-who-cycle-007-v8-finalizer-v1-repair -> origin/agent/doctor-who-cycle-007-v8-finalizer-v1-repair
claim-one-reviewed-benbassat-task	Run actions/checkout@v4	2026-08-24T21:08:45.3623494Z  * [new branch]        agent/doctor-who-cycle-007-v8-finalizer-v2 -> origin/agent/doctor-who-cycle-007-v8-finalizer-v2
claim-one-reviewed-benbassat-task	Run actions/checkout@v4	2026-08-24T21:08:45.3624753Z  * [new branch]        agent/doctor-who-cycle-007-v8-finalizer-v3 -> origin/agent/doctor-who-cycle-007-v8-finalizer-v3
claim-one-reviewed-benbassat-task	Run actions/checkout@v4	2026-08-24T21:08:45.3626103Z  * [new branch]        agent/doctor-who-cycle-007-v8-independent-review -> origin/agent/doctor-who-cycle-007-v8-independent-review
claim-one-reviewed-benbassat-task	Run actions/checkout@v4	2026-08-24T21:08:45.3627594Z  * [new branch]        agent/doctor-who-cycle-007-v8-independent-review-v2 -> origin/agent/doctor-who-cycle-007-v8-independent-review-v2
claim-one-reviewed-benbassat-task	Run actions/checkout@v4	2026-08-24T21:08:45.3629377Z  * [new branch]        agent/doctor-who-cycle-007-v8-independent-review-v3-probe -> origin/agent/doctor-who-cycle-007-v8-independent-review-v3-probe
claim-one-reviewed-benbassat-task	Run actions/checkout@v4	2026-08-24T21:08:45.3630974Z  * [new branch]        agent/doctor-who-cycle-007-v8-independent-review-v4-probe -> origin/agent/doctor-who-cycle-007-v8-independent-review-v4-probe
claim-one-reviewed-benbassat-task	Run actions/checkout@v4	2026-08-24T21:08:45.3632501Z  * [new branch]        agent/doctor-who-cycle-007-v8-independent-review-v5 -> origin/agent/doctor-who-cycle-007-v8-independent-review-v5
claim-one-reviewed-benbassat-task	Run actions/checkout@v4	2026-08-24T21:08:45.3633870Z  * [new branch]        agent/doctor-who-cycle-007-v8-materializer -> origin/agent/doctor-who-cycle-007-v8-materializer
claim-one-reviewed-benbassat-task	Run actions/checkout@v4	2026-08-24T21:08:45.3635208Z  * [new branch]        agent/doctor-who-cycle-007-v8-merge-guardian-v1 -> origin/agent/doctor-who-cycle-007-v8-merge-guardian-v1
claim-one-reviewed-benbassat-task	Run actions/checkout@v4	2026-08-24T21:08:45.3636689Z  * [new branch]        agent/doctor-who-cycle-007-v8-merge-guardian-v2 -> origin/agent/doctor-who-cycle-007-v8-merge-guardian-v2
claim-one-reviewed-benbassat-task	Run actions/checkout@v4	2026-08-24T21:08:45.3638325Z  * [new branch]        agent/doctor-who-cycle-007-v8-merge-guardian-v3 -> origin/agent/doctor-who-cycle-007-v8-merge-guardian-v3
claim-one-reviewed-benbassat-task	Run actions/checkout@v4	2026-08-24T21:08:45.3639856Z  * [new branch]        agent/doctor-who-cycle-007-v8-product-qualifier-v1 -> origin/agent/doctor-who-cycle-007-v8-product-qualifier-v1
claim-one-reviewed-benbassat-task	Run actions/checkout@v4	2026-08-24T21:08:45.3641552Z  * [new branch]        agent/doctor-who-cycle-007-v8-product-qualifier-v2 -> origin/agent/doctor-who-cycle-007-v8-product-qualifier-v2
claim-one-reviewed-benbassat-task	Run actions/checkout@v4	2026-08-24T21:08:45.3643044Z  * [new branch]        agent/doctor-who-cycle-007-v8-product-qualifier-v3 -> origin/agent/doctor-who-cycle-007-v8-product-qualifier-v3
claim-one-reviewed-benbassat-task	Run actions/checkout@v4	2026-08-24T21:08:45.3644521Z  * [new branch]        agent/doctor-who-cycle-007-v8-terminal-guardian-v4 -> origin/agent/doctor-who-cycle-007-v8-terminal-guardian-v4
claim-one-reviewed-benbassat-task	Run actions/checkout@v4	2026-08-24T21:08:45.3646070Z  * [new branch]        agent/doctor-who-cycle-007-writer-builder-squash-temp -> origin/agent/doctor-who-cycle-007-writer-builder-squash-temp
claim-one-reviewed-benbassat-task	Run actions/checkout@v4	2026-08-24T21:08:45.3647725Z  * [new branch]        agent/doctor-who-cycle-007-writer-builder-squash-temp-v2 -> origin/agent/doctor-who-cycle-007-writer-builder-squash-temp-v2
claim-one-reviewed-benbassat-task	Run actions/checkout@v4	2026-08-24T21:08:45.3649395Z  * [new branch]        agent/doctor-who-cycle-007-writer-builder-v1 -> origin/agent/doctor-who-cycle-007-writer-builder-v1
claim-one-reviewed-benbassat-task	Run actions/checkout@v4	2026-08-24T21:08:45.3650721Z  * [new branch]        agent/doctor-who-cycle-007-writer-builder-v2 -> origin/agent/doctor-who-cycle-007-writer-builder-v2
claim-one-reviewed-benbassat-task	Run actions/checkout@v4	2026-08-24T21:08:45.3652009Z  * [new branch]        agent/doctor-who-cycle-007-writer-builder-v3 -> origin/agent/doctor-who-cycle-007-writer-builder-v3
claim-one-reviewed-benbassat-task	Run actions/checkout@v4	2026-08-24T21:08:45.3653492Z  * [new branch]        agent/doctor-who-cycle-007-writer-builder-v4-squash-temp -> origin/agent/doctor-who-cycle-007-writer-builder-v4-squash-temp
claim-one-reviewed-benbassat-task	Run actions/checkout@v4	2026-08-24T21:08:45.3655226Z  * [new branch]        agent/doctor-who-cycle-007-writer-builder-v4-squash-temp-v2 -> origin/agent/doctor-who-cycle-007-writer-builder-v4-squash-temp-v2
claim-one-reviewed-benbassat-task	Run actions/checkout@v4	2026-08-24T21:08:45.3656898Z  * [new branch]        agent/doctor-who-cycle-007-writer-builder-v6-rebuild -> origin/agent/doctor-who-cycle-007-writer-builder-v6-rebuild
claim-one-reviewed-benbassat-task	Run actions/checkout@v4	2026-08-24T21:08:45.3658534Z  * [new branch]        agent/doctor-who-cycle-007-writer-builder-v7 -> origin/agent/doctor-who-cycle-007-writer-builder-v7
claim-one-reviewed-benbassat-task	Run actions/checkout@v4	2026-08-24T21:08:45.3660078Z  * [new branch]        agent/doctor-who-cycle-007-writer-builder-v9 -> origin/agent/doctor-who-cycle-007-writer-builder-v9
claim-one-reviewed-benbassat-task	Run actions/checkout@v4	2026-08-24T21:08:45.3661537Z  * [new branch]        agent/doctor-who-cycle-008-composability-current-main-v1 -> origin/agent/doctor-who-cycle-008-composability-current-main-v1
claim-one-reviewed-benbassat-task	Run actions/checkout@v4	2026-08-24T21:08:45.3663147Z  * [new branch]        agent/doctor-who-cycle-008-composability-for-cycle-009 -> origin/agent/doctor-who-cycle-008-composability-for-cycle-009
claim-one-reviewed-benbassat-task	Run actions/checkout@v4	2026-08-24T21:08:45.3664611Z  * [new branch]        agent/doctor-who-cycle-008-composability-v2 -> origin/agent/doctor-who-cycle-008-composability-v2
claim-one-reviewed-benbassat-task	Run actions/checkout@v4	2026-08-24T21:08:45.3666180Z  * [new branch]        agent/doctor-who-cycle-008-composability-v3-materializer-v1 -> origin/agent/doctor-who-cycle-008-composability-v3-materializer-v1
claim-one-reviewed-benbassat-task	Run actions/checkout@v4	2026-08-24T21:08:45.3668046Z  * [new branch]        agent/doctor-who-cycle-008-composability-v3-product -> origin/agent/doctor-who-cycle-008-composability-v3-product
claim-one-reviewed-benbassat-task	Run actions/checkout@v4	2026-08-24T21:08:45.3669666Z  * [new branch]        agent/doctor-who-cycle-008-composability-v3-qualifier -> origin/agent/doctor-who-cycle-008-composability-v3-qualifier
claim-one-reviewed-benbassat-task	Run actions/checkout@v4	2026-08-24T21:08:45.3671308Z  * [new branch]        agent/doctor-who-cycle-008-current-main-source-export -> origin/agent/doctor-who-cycle-008-current-main-source-export
claim-one-reviewed-benbassat-task	Run actions/checkout@v4	2026-08-24T21:08:45.3673000Z  * [new branch]        agent/doctor-who-cycle-008-current-main-source-export-v2 -> origin/agent/doctor-who-cycle-008-current-main-source-export-v2
claim-one-reviewed-benbassat-task	Run actions/checkout@v4	2026-08-24T21:08:45.3674823Z  * [new branch]        agent/doctor-who-cycle-008-cycle007-finalization-delta-recovery -> origin/agent/doctor-who-cycle-008-cycle007-finalization-delta-recovery
claim-one-reviewed-benbassat-task	Run actions/checkout@v4	2026-08-24T21:08:45.3676806Z  * [new branch]        agent/doctor-who-cycle-008-cycle007-finalization-delta-recovery-v2 -> origin/agent/doctor-who-cycle-008-cycle007-finalization-delta-recovery-v2
claim-one-reviewed-benbassat-task	Run actions/checkout@v4	2026-08-24T21:08:45.3678548Z  * [new branch]        agent/doctor-who-cycle-008-preflight -> origin/agent/doctor-who-cycle-008-preflight
claim-one-reviewed-benbassat-task	Run actions/checkout@v4	2026-08-24T21:08:45.3679945Z  * [new branch]        agent/doctor-who-cycle-008-preflight-v2 -> origin/agent/doctor-who-cycle-008-preflight-v2
claim-one-reviewed-benbassat-task	Run actions/checkout@v4	2026-08-24T21:08:45.3681167Z  * [new branch]        agent/doctor-who-cycle-008-preflight-v3 -> origin/agent/doctor-who-cycle-008-preflight-v3
claim-one-reviewed-benbassat-task	Run actions/checkout@v4	2026-08-24T21:08:45.3682689Z  * [new branch]        agent/doctor-who-cycle-009-megnus-jaka-postmerge-settler-v1 -> origin/agent/doctor-who-cycle-009-megnus-jaka-postmerge-settler-v1
claim-one-reviewed-benbassat-task	Run actions/checkout@v4	2026-08-24T21:08:45.3684391Z  * [new branch]        agent/doctor-who-cycle-009-megnus-jaka-postmerge-v2 -> origin/agent/doctor-who-cycle-009-megnus-jaka-postmerge-v2
claim-one-reviewed-benbassat-task	Run actions/checkout@v4	2026-08-24T21:08:45.3685786Z  * [new branch]        agent/doctor-who-cycle-010-frontier-v1 -> origin/agent/doctor-who-cycle-010-frontier-v1
claim-one-reviewed-benbassat-task	Run actions/checkout@v4	2026-08-24T21:08:45.3687259Z  * [new branch]        agent/doctor-who-cycle-010-merx-candidate-current-main-v4 -> origin/agent/doctor-who-cycle-010-merx-candidate-current-main-v4
claim-one-reviewed-benbassat-task	Run actions/checkout@v4	2026-08-24T21:08:45.3689048Z  * [new branch]        agent/doctor-who-cycle-010-merx-candidate-review-v1 -> origin/agent/doctor-who-cycle-010-merx-candidate-review-v1
claim-one-reviewed-benbassat-task	Run actions/checkout@v4	2026-08-24T21:08:45.3690515Z  * [new branch]        agent/doctor-who-cycle-010-merx-candidate-v1 -> origin/agent/doctor-who-cycle-010-merx-candidate-v1
claim-one-reviewed-benbassat-task	Run actions/checkout@v4	2026-08-24T21:08:45.3691839Z  * [new branch]        agent/doctor-who-cycle-010-merx-candidate-v2 -> origin/agent/doctor-who-cycle-010-merx-candidate-v2
claim-one-reviewed-benbassat-task	Run actions/checkout@v4	2026-08-24T21:08:45.3693140Z  * [new branch]        agent/doctor-who-cycle-010-merx-candidate-v3 -> origin/agent/doctor-who-cycle-010-merx-candidate-v3
claim-one-reviewed-benbassat-task	Run actions/checkout@v4	2026-08-24T21:08:45.3694660Z  * [new branch]        agent/doctor-who-cycle-010-merx-candidate-v4-current-main -> origin/agent/doctor-who-cycle-010-merx-candidate-v4-current-main
claim-one-reviewed-benbassat-task	Run actions/checkout@v4	2026-08-24T21:08:45.3696380Z  * [new branch]        agent/doctor-who-cycle-010-merx-candidate-v4-rebound -> origin/agent/doctor-who-cycle-010-merx-candidate-v4-rebound
claim-one-reviewed-benbassat-task	Run actions/checkout@v4	2026-08-24T21:08:45.3697952Z  * [new branch]        agent/doctor-who-cycle-010-merx-evidence-v1 -> origin/agent/doctor-who-cycle-010-merx-evidence-v1
claim-one-reviewed-benbassat-task	Run actions/checkout@v4	2026-08-24T21:08:45.3699431Z  * [new branch]        agent/doctor-who-cycle-010-merx-evidence-v2 -> origin/agent/doctor-who-cycle-010-merx-evidence-v2
claim-one-reviewed-benbassat-task	Run actions/checkout@v4	2026-08-24T21:08:45.3700705Z  * [new branch]        agent/doctor-who-cycle-010-merx-evidence-v3 -> origin/agent/doctor-who-cycle-010-merx-evidence-v3
claim-one-reviewed-benbassat-task	Run actions/checkout@v4	2026-08-24T21:08:45.3701964Z  * [new branch]        agent/doctor-who-cycle-010-merx-evidence-v4 -> origin/agent/doctor-who-cycle-010-merx-evidence-v4
claim-one-reviewed-benbassat-task	Run actions/checkout@v4	2026-08-24T21:08:45.3703540Z  * [new branch]        agent/doctor-who-cycle-010-merx-final-product-current-main-v1 -> origin/agent/doctor-who-cycle-010-merx-final-product-current-main-v1
claim-one-reviewed-benbassat-task	Run actions/checkout@v4	2026-08-24T21:08:45.3705197Z  * [new branch]        agent/doctor-who-cycle-010-merx-final-product-v1 -> origin/agent/doctor-who-cycle-010-merx-final-product-v1
claim-one-reviewed-benbassat-task	Run actions/checkout@v4	2026-08-24T21:08:45.3706638Z  * [new branch]        agent/doctor-who-cycle-010-merx-final-product-v2 -> origin/agent/doctor-who-cycle-010-merx-final-product-v2
claim-one-reviewed-benbassat-task	Run actions/checkout@v4	2026-08-24T21:08:45.3708221Z  * [new branch]        agent/doctor-who-cycle-010-merx-final-product-v3 -> origin/agent/doctor-who-cycle-010-merx-final-product-v3
claim-one-reviewed-benbassat-task	Run actions/checkout@v4	2026-08-24T21:08:45.3709674Z  * [new branch]        agent/doctor-who-cycle-010-merx-final-product-v4 -> origin/agent/doctor-who-cycle-010-merx-final-product-v4
claim-one-reviewed-benbassat-task	Run actions/checkout@v4	2026-08-24T21:08:45.3711298Z  * [new branch]        agent/doctor-who-cycle-010-merx-final-review-current-main-v1 -> origin/agent/doctor-who-cycle-010-merx-final-review-current-main-v1
claim-one-reviewed-benbassat-task	Run actions/checkout@v4	2026-08-24T21:08:45.3712926Z  * [new branch]        agent/doctor-who-cycle-010-merx-final-review-v1 -> origin/agent/doctor-who-cycle-010-merx-final-review-v1
claim-one-reviewed-benbassat-task	Run actions/checkout@v4	2026-08-24T21:08:45.3714350Z  * [new branch]        agent/doctor-who-cycle-010-merx-final-review-v2 -> origin/agent/doctor-who-cycle-010-merx-final-review-v2
claim-one-reviewed-benbassat-task	Run actions/checkout@v4	2026-08-24T21:08:45.3715719Z  * [new branch]        agent/doctor-who-cycle-010-merx-final-review-v3 -> origin/agent/doctor-who-cycle-010-merx-final-review-v3
claim-one-reviewed-benbassat-task	Run actions/checkout@v4	2026-08-24T21:08:45.3717082Z  * [new branch]        agent/doctor-who-cycle-010-merx-final-review-v4 -> origin/agent/doctor-who-cycle-010-merx-final-review-v4
claim-one-reviewed-benbassat-task	Run actions/checkout@v4	2026-08-24T21:08:45.3718794Z  * [new branch]        agent/doctor-who-cycle-010-merx-media-review-v1 -> origin/agent/doctor-who-cycle-010-merx-media-review-v1
claim-one-reviewed-benbassat-task	Run actions/checkout@v4	2026-08-24T21:08:45.3720255Z  * [new branch]        agent/doctor-who-cycle-010-merx-merger-current-main-v1 -> origin/agent/doctor-who-cycle-010-merx-merger-current-main-v1
claim-one-reviewed-benbassat-task	Run actions/checkout@v4	2026-08-24T21:08:45.3721859Z  * [new branch]        agent/doctor-who-cycle-010-merx-postmerge-v1 -> origin/agent/doctor-who-cycle-010-merx-postmerge-v1
claim-one-reviewed-benbassat-task	Run actions/checkout@v4	2026-08-24T21:08:45.3723376Z  * [new branch]        agent/doctor-who-cycle-010-merx-publisher-current-main-v1 -> origin/agent/doctor-who-cycle-010-merx-publisher-current-main-v1
claim-one-reviewed-benbassat-task	Run actions/checkout@v4	2026-08-24T21:08:45.3725229Z  * [new branch]        agent/doctor-who-cycle-010-merx-reviewed-product-current-main-v1 -> origin/agent/doctor-who-cycle-010-merx-reviewed-product-current-main-v1
claim-one-reviewed-benbassat-task	Run actions/checkout@v4	2026-08-24T21:08:45.3726812Z  * [new branch]        agent/doctor-who-cycle-010-preflight-v1 -> origin/agent/doctor-who-cycle-010-preflight-v1
claim-one-reviewed-benbassat-task	Run actions/checkout@v4	2026-08-24T21:08:45.3728179Z  * [new branch]        agent/doctor-who-cycle-010-preflight-v2 -> origin/agent/doctor-who-cycle-010-preflight-v2
claim-one-reviewed-benbassat-task	Run actions/checkout@v4	2026-08-24T21:08:45.3729391Z  * [new branch]        agent/doctor-who-cycle-011-preflight-v1 -> origin/agent/doctor-who-cycle-011-preflight-v1
claim-one-reviewed-benbassat-task	Run actions/checkout@v4	2026-08-24T21:08:45.3730778Z  * [new branch]        agent/doctor-who-cycle-011-retire-direct-publisher-v1 -> origin/agent/doctor-who-cycle-011-retire-direct-publisher-v1
claim-one-reviewed-benbassat-task	Run actions/checkout@v4	2026-08-24T21:08:45.3732269Z  * [new branch]        agent/doctor-who-cycle-012-senstarg-candidate-v1 -> origin/agent/doctor-who-cycle-012-senstarg-candidate-v1
claim-one-reviewed-benbassat-task	Run actions/checkout@v4	2026-08-24T21:08:45.3733695Z  * [new branch]        agent/doctor-who-cycle-012-senstarg-review-v1 -> origin/agent/doctor-who-cycle-012-senstarg-review-v1
claim-one-reviewed-benbassat-task	Run actions/checkout@v4	2026-08-24T21:08:45.3735079Z  * [new branch]        agent/doctor-who-cycle-013-shallo-candidate-v1 -> origin/agent/doctor-who-cycle-013-shallo-candidate-v1
claim-one-reviewed-benbassat-task	Run actions/checkout@v4	2026-08-24T21:08:45.3736461Z  * [new branch]        agent/doctor-who-cycle-014-shrok-candidate-v1 -> origin/agent/doctor-who-cycle-014-shrok-candidate-v1
claim-one-reviewed-benbassat-task	Run actions/checkout@v4	2026-08-24T21:08:45.3738073Z  * [new branch]        agent/doctor-who-global-cycle-receipt -> origin/agent/doctor-who-global-cycle-receipt
claim-one-reviewed-benbassat-task	Run actions/checkout@v4	2026-08-24T21:08:45.3739365Z  * [new branch]        agent/doctor-who-gredd-cycle-002-publication -> origin/agent/doctor-who-gredd-cycle-002-publication
claim-one-reviewed-benbassat-task	Run actions/checkout@v4	2026-08-24T21:08:45.3740711Z  * [new branch]        agent/doctor-who-journal-retirement-presence-custody -> origin/agent/doctor-who-journal-retirement-presence-custody
claim-one-reviewed-benbassat-task	Run actions/checkout@v4	2026-08-24T21:08:45.3741686Z  * [new branch]        agent/doctor-who-lifecycle-scope-and-terminal-custody -> origin/agent/doctor-who-lifecycle-scope-and-terminal-custody
claim-one-reviewed-benbassat-task	Run actions/checkout@v4	2026-08-24T21:08:45.3742870Z  * [new branch]        agent/doctor-who-lifecycle-task-id-first-custody -> origin/agent/doctor-who-lifecycle-task-id-first-custody
claim-one-reviewed-benbassat-task	Run actions/checkout@v4	2026-08-24T21:08:45.3743776Z  * [new branch]        agent/doctor-who-lifecycle-task-id-first-custody-v2 -> origin/agent/doctor-who-lifecycle-task-id-first-custody-v2
claim-one-reviewed-benbassat-task	Run actions/checkout@v4	2026-08-24T21:08:45.3744898Z  * [new branch]        agent/doctor-who-lifecycle-task-id-first-custody-v3 -> origin/agent/doctor-who-lifecycle-task-id-first-custody-v3
claim-one-reviewed-benbassat-task	Run actions/checkout@v4	2026-08-24T21:08:45.3745733Z  * [new branch]        agent/doctor-who-pilot-activation-current -> origin/agent/doctor-who-pilot-activation-current
claim-one-reviewed-benbassat-task	Run actions/checkout@v4	2026-08-24T21:08:45.3746502Z  * [new branch]        agent/doctor-who-pilot-claim-event-custody -> origin/agent/doctor-who-pilot-claim-event-custody
claim-one-reviewed-benbassat-task	Run actions/checkout@v4	2026-08-24T21:08:45.3747190Z  * [new branch]        agent/doctor-who-pilot-cycle-001 -> origin/agent/doctor-who-pilot-cycle-001
claim-one-reviewed-benbassat-task	Run actions/checkout@v4	2026-08-24T21:08:45.3748067Z  * [new branch]        agent/doctor-who-pilot-cycle-001-current -> origin/agent/doctor-who-pilot-cycle-001-current
claim-one-reviewed-benbassat-task	Run actions/checkout@v4	2026-08-24T21:08:45.3748870Z  * [new branch]        agent/doctor-who-pilot-cycle-journal-custody -> origin/agent/doctor-who-pilot-cycle-journal-custody
claim-one-reviewed-benbassat-task	Run actions/checkout@v4	2026-08-24T21:08:45.3749648Z  * [new branch]        agent/doctor-who-pilot-cycle-review-hotfix -> origin/agent/doctor-who-pilot-cycle-review-hotfix
claim-one-reviewed-benbassat-task	Run actions/checkout@v4	2026-08-24T21:08:45.3750557Z  * [new branch]        agent/doctor-who-regeneration-001 -> origin/agent/doctor-who-regeneration-001
claim-one-reviewed-benbassat-task	Run actions/checkout@v4	2026-08-24T21:08:45.3751307Z  * [new branch]        agent/doctor-who-retained-retired-task-custody -> origin/agent/doctor-who-retained-retired-task-custody
claim-one-reviewed-benbassat-task	Run actions/checkout@v4	2026-08-24T21:08:45.3752100Z  * [new branch]        agent/doctor-who-scope-bound-cycle-receipt -> origin/agent/doctor-who-scope-bound-cycle-receipt
claim-one-reviewed-benbassat-task	Run actions/checkout@v4	2026-08-24T21:08:45.3752822Z  * [new branch]        agent/doctor-who-semantic-adapter-001 -> origin/agent/doctor-who-semantic-adapter-001
claim-one-reviewed-benbassat-task	Run actions/checkout@v4	2026-08-24T21:08:45.3753537Z  * [new branch]        agent/doctor-who-source-preservation-001 -> origin/agent/doctor-who-source-preservation-001
claim-one-reviewed-benbassat-task	Run actions/checkout@v4	2026-08-24T21:08:45.3754219Z  * [new branch]        agent/enwright-cycle-schema-probe -> origin/agent/enwright-cycle-schema-probe
claim-one-reviewed-benbassat-task	Run actions/checkout@v4	2026-08-24T21:08:45.3754877Z  * [new branch]        agent/enwright-media-candidate-probe -> origin/agent/enwright-media-candidate-probe
claim-one-reviewed-benbassat-task	Run actions/checkout@v4	2026-08-24T21:08:45.3755530Z  * [new branch]        agent/estate-consolidation-001 -> origin/agent/estate-consolidation-001
claim-one-reviewed-benbassat-task	Run actions/checkout@v4	2026-08-24T21:08:45.3756129Z  * [new branch]        agent/estate-debt-collection-001 -> origin/agent/estate-debt-collection-001
claim-one-reviewed-benbassat-task	Run actions/checkout@v4	2026-08-24T21:08:45.3756743Z  * [new branch]        agent/estate-release-finalize-001 -> origin/agent/estate-release-finalize-001
claim-one-reviewed-benbassat-task	Run actions/checkout@v4	2026-08-24T21:08:45.3757383Z  * [new branch]        agent/export-current-main-result-v1 -> origin/agent/export-current-main-result-v1
claim-one-reviewed-benbassat-task	Run actions/checkout@v4	2026-08-24T21:08:45.3758129Z  * [new branch]        agent/export-current-main-result-v2 -> origin/agent/export-current-main-result-v2
claim-one-reviewed-benbassat-task	Run actions/checkout@v4	2026-08-24T21:08:45.3758743Z  * [new branch]        agent/export-current-main-v1 -> origin/agent/export-current-main-v1
claim-one-reviewed-benbassat-task	Run actions/checkout@v4	2026-08-24T21:08:45.3759292Z  * [new branch]        agent/export-current-main-v2 -> origin/agent/export-current-main-v2
claim-one-reviewed-benbassat-task	Run actions/checkout@v4	2026-08-24T21:08:45.3759953Z  * [new branch]        agent/extract-maryl-helper-by-sha-result-v2 -> origin/agent/extract-maryl-helper-by-sha-result-v2
claim-one-reviewed-benbassat-task	Run actions/checkout@v4	2026-08-24T21:08:45.3760809Z  * [new branch]        agent/extract-maryl-helper-by-sha-v2 -> origin/agent/extract-maryl-helper-by-sha-v2
claim-one-reviewed-benbassat-task	Run actions/checkout@v4	2026-08-24T21:08:45.3761503Z  * [new branch]        agent/extract-maryl-helper-for-queen-v1 -> origin/agent/extract-maryl-helper-for-queen-v1
claim-one-reviewed-benbassat-task	Run actions/checkout@v4	2026-08-24T21:08:45.3762190Z  * [new branch]        agent/extract-maryl-status-result-v1 -> origin/agent/extract-maryl-status-result-v1
claim-one-reviewed-benbassat-task	Run actions/checkout@v4	2026-08-24T21:08:45.3762795Z  * [new branch]        agent/extract-maryl-status-v1 -> origin/agent/extract-maryl-status-v1
claim-one-reviewed-benbassat-task	Run actions/checkout@v4	2026-08-24T21:08:45.3763502Z  * [new branch]        agent/extract-white-rabbit-controller-result-v1 -> origin/agent/extract-white-rabbit-controller-result-v1
claim-one-reviewed-benbassat-task	Run actions/checkout@v4	2026-08-24T21:08:45.3764291Z  * [new branch]        agent/extract-white-rabbit-controller-v1 -> origin/agent/extract-white-rabbit-controller-v1
claim-one-reviewed-benbassat-task	Run actions/checkout@v4	2026-08-24T21:08:45.3764973Z  * [new branch]        agent/ferengi-media-enrichment-001 -> origin/agent/ferengi-media-enrichment-001
claim-one-reviewed-benbassat-task	Run actions/checkout@v4	2026-08-24T21:08:45.3765665Z  * [new branch]        agent/finalize-clean-preservation-7054b6 -> origin/agent/finalize-clean-preservation-7054b6
claim-one-reviewed-benbassat-task	Run actions/checkout@v4	2026-08-24T21:08:45.3766378Z  * [new branch]        agent/finalize-forced-preserve-7054b6 -> origin/agent/finalize-forced-preserve-7054b6
claim-one-reviewed-benbassat-task	Run actions/checkout@v4	2026-08-24T21:08:45.3767000Z  * [new branch]        agent/fix-ferengi-role-filter -> origin/agent/fix-ferengi-role-filter
claim-one-reviewed-benbassat-task	Run actions/checkout@v4	2026-08-24T21:08:45.3767635Z  * [new branch]        agent/full-site-integrity-design-sweep -> origin/agent/full-site-integrity-design-sweep
claim-one-reviewed-benbassat-task	Run actions/checkout@v4	2026-08-24T21:08:45.3768462Z  * [new branch]        agent/gredd-cycle-002-final-evidence -> origin/agent/gredd-cycle-002-final-evidence
claim-one-reviewed-benbassat-task	Run actions/checkout@v4	2026-08-24T21:08:45.3769196Z  * [new branch]        agent/gredd-cycle-002-recovery-bootstrap -> origin/agent/gredd-cycle-002-recovery-bootstrap
claim-one-reviewed-benbassat-task	Run actions/checkout@v4	2026-08-24T21:08:45.3769891Z  * [new branch]        agent/gredd-cycle-002-recovery-rearm -> origin/agent/gredd-cycle-002-recovery-rearm
claim-one-reviewed-benbassat-task	Run actions/checkout@v4	2026-08-24T21:08:45.3770597Z  * [new branch]        agent/homepage-purpose-and-theme -> origin/agent/homepage-purpose-and-theme
claim-one-reviewed-benbassat-task	Run actions/checkout@v4	2026-08-24T21:08:45.3771484Z  * [new branch]        agent/inspect-anastasia-candidate-result-v1 -> origin/agent/inspect-anastasia-candidate-result-v1
claim-one-reviewed-benbassat-task	Run actions/checkout@v4	2026-08-24T21:08:45.3772237Z  * [new branch]        agent/inspect-anastasia-candidate-v1 -> origin/agent/inspect-anastasia-candidate-v1
claim-one-reviewed-benbassat-task	Run actions/checkout@v4	2026-08-24T21:08:45.3772996Z  * [new branch]        agent/inspect-anastasia-install-result-v1 -> origin/agent/inspect-anastasia-install-result-v1
claim-one-reviewed-benbassat-task	Run actions/checkout@v4	2026-08-24T21:08:45.3773715Z  * [new branch]        agent/inspect-anastasia-install-v1 -> origin/agent/inspect-anastasia-install-v1
claim-one-reviewed-benbassat-task	Run actions/checkout@v4	2026-08-24T21:08:45.3774422Z  * [new branch]        agent/inspect-anastasia-runs-all-result-v1 -> origin/agent/inspect-anastasia-runs-all-result-v1
claim-one-reviewed-benbassat-task	Run actions/checkout@v4	2026-08-24T21:08:45.3775129Z  * [new branch]        agent/inspect-anastasia-runs-all-v1 -> origin/agent/inspect-anastasia-runs-all-v1
claim-one-reviewed-benbassat-task	Run actions/checkout@v4	2026-08-24T21:08:45.3775824Z  * [new branch]        agent/inspect-star-trek-current-result-v1 -> origin/agent/inspect-star-trek-current-result-v1
claim-one-reviewed-benbassat-task	Run actions/checkout@v4	2026-08-24T21:08:45.3776515Z  * [new branch]        agent/inspect-star-trek-current-v1 -> origin/agent/inspect-star-trek-current-v1
claim-one-reviewed-benbassat-task	Run actions/checkout@v4	2026-08-24T21:08:45.3777132Z  * [new branch]        agent/inspect-star-trek-rail-v5 -> origin/agent/inspect-star-trek-rail-v5
claim-one-reviewed-benbassat-task	Run actions/checkout@v4	2026-08-24T21:08:45.3777791Z  * [new branch]        agent/inspect-star-trek-rail-v5-result -> origin/agent/inspect-star-trek-rail-v5-result
claim-one-reviewed-benbassat-task	Run actions/checkout@v4	2026-08-24T21:08:45.3778633Z  * [new branch]        agent/inspect-star-trek-rail-v5-snapshot -> origin/agent/inspect-star-trek-rail-v5-snapshot
claim-one-reviewed-benbassat-task	Run actions/checkout@v4	2026-08-24T21:08:45.3779448Z  * [new branch]        agent/inspect-star-trek-rail-v5-snapshot-result -> origin/agent/inspect-star-trek-rail-v5-snapshot-result
claim-one-reviewed-benbassat-task	Run actions/checkout@v4	2026-08-24T21:08:45.3780173Z  * [new branch]        agent/inspect-star-trek-sync-v6 -> origin/agent/inspect-star-trek-sync-v6
claim-one-reviewed-benbassat-task	Run actions/checkout@v4	2026-08-24T21:08:45.3780816Z  * [new branch]        agent/inspect-star-trek-sync-v6-result -> origin/agent/inspect-star-trek-sync-v6-result
claim-one-reviewed-benbassat-task	Run actions/checkout@v4	2026-08-24T21:08:45.3781532Z  * [new branch]        agent/inspect-star-trek-sync-v6-snapshot -> origin/agent/inspect-star-trek-sync-v6-snapshot
claim-one-reviewed-benbassat-task	Run actions/checkout@v4	2026-08-24T21:08:45.3782473Z  * [new branch]        agent/inspect-star-trek-sync-v6-snapshot-result -> origin/agent/inspect-star-trek-sync-v6-snapshot-result
claim-one-reviewed-benbassat-task	Run actions/checkout@v4	2026-08-24T21:08:45.3783243Z  * [new branch]        agent/locate-finalizer-forced-7054b6 -> origin/agent/locate-finalizer-forced-7054b6
claim-one-reviewed-benbassat-task	Run actions/checkout@v4	2026-08-24T21:08:45.3783938Z  * [new branch]        agent/locate-preserve-dispatch-7054b6 -> origin/agent/locate-preserve-dispatch-7054b6
claim-one-reviewed-benbassat-task	Run actions/checkout@v4	2026-08-24T21:08:45.3784622Z  * [new branch]        agent/locate-terminal-closure-7f6140 -> origin/agent/locate-terminal-closure-7f6140
claim-one-reviewed-benbassat-task	Run actions/checkout@v4	2026-08-24T21:08:45.3785288Z  * [new branch]        agent/media-audit-scope-order-repair -> origin/agent/media-audit-scope-order-repair
claim-one-reviewed-benbassat-task	Run actions/checkout@v4	2026-08-24T21:08:45.3785941Z  * [new branch]        agent/no-user-physical-dependency -> origin/agent/no-user-physical-dependency
claim-one-reviewed-benbassat-task	Run actions/checkout@v4	2026-08-24T21:08:45.3786632Z  * [new branch]        agent/observe-anastasia-cycle-result-v1 -> origin/agent/observe-anastasia-cycle-result-v1
claim-one-reviewed-benbassat-task	Run actions/checkout@v4	2026-08-24T21:08:45.3787313Z  * [new branch]        agent/observe-anastasia-cycle-v1 -> origin/agent/observe-anastasia-cycle-v1
claim-one-reviewed-benbassat-task	Run actions/checkout@v4	2026-08-24T21:08:45.3788238Z  * [new branch]        agent/observe-anastasia-recovery-result-v2 -> origin/agent/observe-anastasia-recovery-result-v2
claim-one-reviewed-benbassat-task	Run actions/checkout@v4	2026-08-24T21:08:45.3788971Z  * [new branch]        agent/observe-anastasia-recovery-v2 -> origin/agent/observe-anastasia-recovery-v2
claim-one-reviewed-benbassat-task	Run actions/checkout@v4	2026-08-24T21:08:45.3789741Z  * [new branch]        agent/observe-cycle-011-rastel-cleanup-current-v1 -> origin/agent/observe-cycle-011-rastel-cleanup-current-v1
claim-one-reviewed-benbassat-task	Run actions/checkout@v4	2026-08-24T21:08:45.3790612Z  * [new branch]        agent/observe-cycle-completed-failure-32546924511 -> origin/agent/observe-cycle-completed-failure-32546924511
claim-one-reviewed-benbassat-task	Run actions/checkout@v4	2026-08-24T21:08:45.3791338Z  * [new branch]        agent/observe-cycle-v3-current -> origin/agent/observe-cycle-v3-current
claim-one-reviewed-benbassat-task	Run actions/checkout@v4	2026-08-24T21:08:45.3792069Z  * [new branch]        agent/observe-dispatch-clean-preservation-235227a -> origin/agent/observe-dispatch-clean-preservation-235227a
claim-one-reviewed-benbassat-task	Run actions/checkout@v4	2026-08-24T21:08:45.3793006Z  * [new branch]        agent/observe-finalize-forced-7054b6 -> origin/agent/observe-finalize-forced-7054b6
claim-one-reviewed-benbassat-task	Run actions/checkout@v4	2026-08-24T21:08:45.3793687Z  * [new branch]        agent/observe-gredd-recovery-63fadd -> origin/agent/observe-gredd-recovery-63fadd
claim-one-reviewed-benbassat-task	Run actions/checkout@v4	2026-08-24T21:08:45.3794335Z  * [new branch]        agent/observe-no-golden-cage-d81e33 -> origin/agent/observe-no-golden-cage-d81e33
claim-one-reviewed-benbassat-task	Run actions/checkout@v4	2026-08-24T21:08:45.3794997Z  * [new branch]        agent/observe-operational-main-25f637 -> origin/agent/observe-operational-main-25f637
claim-one-reviewed-benbassat-task	Run actions/checkout@v4	2026-08-24T21:08:45.3795631Z  * [new branch]        agent/observe-preserve-7054b6 -> origin/agent/observe-preserve-7054b6
claim-one-reviewed-benbassat-task	Run actions/checkout@v4	2026-08-24T21:08:45.3796315Z  * [new branch]        agent/observe-preserve-dispatch-7054b6 -> origin/agent/observe-preserve-dispatch-7054b6
claim-one-reviewed-benbassat-task	Run actions/checkout@v4	2026-08-24T21:08:45.3796959Z  * [new branch]        agent/observe-queen-media-v1 -> origin/agent/observe-queen-media-v1
claim-one-reviewed-benbassat-task	Run actions/checkout@v4	2026-08-24T21:08:45.3797570Z  * [new branch]        agent/observe-queen-media-v1-result -> origin/agent/observe-queen-media-v1-result
claim-one-reviewed-benbassat-task	Run actions/checkout@v4	2026-08-24T21:08:45.3798363Z  * [new branch]        agent/observe-star-trek-cycle-result-v1 -> origin/agent/observe-star-trek-cycle-result-v1
claim-one-reviewed-benbassat-task	Run actions/checkout@v4	2026-08-24T21:08:45.3799103Z  * [new branch]        agent/observe-star-trek-cycle-snapshot-v1 -> origin/agent/observe-star-trek-cycle-snapshot-v1
claim-one-reviewed-benbassat-task	Run actions/checkout@v4	2026-08-24T21:08:45.3799779Z  * [new branch]        agent/observe-star-trek-cycle-v1 -> origin/agent/observe-star-trek-cycle-v1
claim-one-reviewed-benbassat-task	Run actions/checkout@v4	2026-08-24T21:08:45.3800372Z  * [new branch]        agent/observe-star-trek-cycle-v3 -> origin/agent/observe-star-trek-cycle-v3
claim-one-reviewed-benbassat-task	Run actions/checkout@v4	2026-08-24T21:08:45.3801012Z  * [new branch]        agent/observe-star-trek-cycle-v3-result -> origin/agent/observe-star-trek-cycle-v3-result
claim-one-reviewed-benbassat-task	Run actions/checkout@v4	2026-08-24T21:08:45.3801733Z  * [new branch]        agent/observe-star-trek-cycle-v3-snapshot -> origin/agent/observe-star-trek-cycle-v3-snapshot
claim-one-reviewed-benbassat-task	Run actions/checkout@v4	2026-08-24T21:08:45.3802525Z  * [new branch]        agent/observe-star-trek-cycle-v3-snapshot-result -> origin/agent/observe-star-trek-cycle-v3-snapshot-result
claim-one-reviewed-benbassat-task	Run actions/checkout@v4	2026-08-24T21:08:45.3803397Z  * [new branch]        agent/observe-star-trek-cycle-v4 -> origin/agent/observe-star-trek-cycle-v4
claim-one-reviewed-benbassat-task	Run actions/checkout@v4	2026-08-24T21:08:45.3804043Z  * [new branch]        agent/observe-star-trek-cycle-v4-result -> origin/agent/observe-star-trek-cycle-v4-result
claim-one-reviewed-benbassat-task	Run actions/checkout@v4	2026-08-24T21:08:45.3804753Z  * [new branch]        agent/observe-star-trek-cycle-v4-snapshot -> origin/agent/observe-star-trek-cycle-v4-snapshot
claim-one-reviewed-benbassat-task	Run actions/checkout@v4	2026-08-24T21:08:45.3805553Z  * [new branch]        agent/observe-star-trek-cycle-v4-snapshot-result -> origin/agent/observe-star-trek-cycle-v4-snapshot-result
claim-one-reviewed-benbassat-task	Run actions/checkout@v4	2026-08-24T21:08:45.3806325Z  * [new branch]        agent/observe-terminal-closure-7f6140 -> origin/agent/observe-terminal-closure-7f6140
claim-one-reviewed-benbassat-task	Run actions/checkout@v4	2026-08-24T21:08:45.3807019Z  * [new branch]        agent/observe-ux-nav-review-release -> origin/agent/observe-ux-nav-review-release
claim-one-reviewed-benbassat-task	Run actions/checkout@v4	2026-08-24T21:08:45.3807785Z  * [new branch]        agent/operational-evidence-publisher-v3-20260806 -> origin/agent/operational-evidence-publisher-v3-20260806
claim-one-reviewed-benbassat-task	Run actions/checkout@v4	2026-08-24T21:08:45.3808893Z  * [new branch]        agent/operational-evidence-review-base-37d681f -> origin/agent/operational-evidence-review-base-37d681f
claim-one-reviewed-benbassat-task	Run actions/checkout@v4	2026-08-24T21:08:45.3809855Z  * [new branch]        agent/operational-evidence-second-desk-direct-publisher-v12 -> origin/agent/operational-evidence-second-desk-direct-publisher-v12
claim-one-reviewed-benbassat-task	Run actions/checkout@v4	2026-08-24T21:08:45.3810902Z  * [new branch]        agent/operational-evidence-second-desk-publisher-20260806 -> origin/agent/operational-evidence-second-desk-publisher-20260806
claim-one-reviewed-benbassat-task	Run actions/checkout@v4	2026-08-24T21:08:45.3811948Z  * [new branch]        agent/operational-evidence-second-desk-publisher-v10-trigger -> origin/agent/operational-evidence-second-desk-publisher-v10-trigger
claim-one-reviewed-benbassat-task	Run actions/checkout@v4	2026-08-24T21:08:45.3813033Z  * [new branch]        agent/operational-evidence-second-desk-publisher-v11-pr-target -> origin/agent/operational-evidence-second-desk-publisher-v11-pr-target
claim-one-reviewed-benbassat-task	Run actions/checkout@v4	2026-08-24T21:08:45.3814114Z  * [new branch]        agent/operational-evidence-second-desk-publisher-v6-wrapper -> origin/agent/operational-evidence-second-desk-publisher-v6-wrapper
claim-one-reviewed-benbassat-task	Run actions/checkout@v4	2026-08-24T21:08:45.3815297Z  * [new branch]        agent/operational-evidence-second-desk-publisher-v7-wrapper -> origin/agent/operational-evidence-second-desk-publisher-v7-wrapper
claim-one-reviewed-benbassat-task	Run actions/checkout@v4	2026-08-24T21:08:45.3816322Z  * [new branch]        agent/operational-evidence-second-desk-publisher-v9-wrapper -> origin/agent/operational-evidence-second-desk-publisher-v9-wrapper
claim-one-reviewed-benbassat-task	Run actions/checkout@v4	2026-08-24T21:08:45.3817326Z  * [new branch]        agent/operational-evidence-second-desk-refresh-20260806 -> origin/agent/operational-evidence-second-desk-refresh-20260806
claim-one-reviewed-benbassat-task	Run actions/checkout@v4	2026-08-24T21:08:45.3818360Z  * [new branch]        agent/operational-evidence-second-desk-v11-event -> origin/agent/operational-evidence-second-desk-v11-event
claim-one-reviewed-benbassat-task	Run actions/checkout@v4	2026-08-24T21:08:45.3819275Z  * [new branch]        agent/operational-evidence-v11-direct-product-staging -> origin/agent/operational-evidence-v11-direct-product-staging
claim-one-reviewed-benbassat-task	Run actions/checkout@v4	2026-08-24T21:08:45.3820250Z  * [new branch]        agent/operational-evidence-workflow-run-igniter-20260806 -> origin/agent/operational-evidence-workflow-run-igniter-20260806
claim-one-reviewed-benbassat-task	Run actions/checkout@v4	2026-08-24T21:08:45.3821085Z  * [new branch]        agent/operational-metric-baselines -> origin/agent/operational-metric-baselines
claim-one-reviewed-benbassat-task	Run actions/checkout@v4	2026-08-24T21:08:45.3821787Z  * [new branch]        agent/operational-metric-ledger-custody -> origin/agent/operational-metric-ledger-custody
claim-one-reviewed-benbassat-task	Run actions/checkout@v4	2026-08-24T21:08:45.3822505Z  * [new branch]        agent/operational-metrics-custody-002 -> origin/agent/operational-metrics-custody-002
claim-one-reviewed-benbassat-task	Run actions/checkout@v4	2026-08-24T21:08:45.3823190Z  * [new branch]        agent/operational-metrics-receipt-003 -> origin/agent/operational-metrics-receipt-003
claim-one-reviewed-benbassat-task	Run actions/checkout@v4	2026-08-24T21:08:45.3823848Z  * [new branch]        agent/operational-reliability-001 -> origin/agent/operational-reliability-001
claim-one-reviewed-benbassat-task	Run actions/checkout@v4	2026-08-24T21:08:45.3824585Z  * [new branch]        agent/operational-reliability-binary-recovery -> origin/agent/operational-reliability-binary-recovery
claim-one-reviewed-benbassat-task	Run actions/checkout@v4	2026-08-24T21:08:45.3825405Z  * [new branch]        agent/operational-reliability-drill-receipts -> origin/agent/operational-reliability-drill-receipts
claim-one-reviewed-benbassat-task	Run actions/checkout@v4	2026-08-24T21:08:45.3826349Z  * [new branch]        agent/operational-reliability-evidence-ledger -> origin/agent/operational-reliability-evidence-ledger
claim-one-reviewed-benbassat-task	Run actions/checkout@v4	2026-08-24T21:08:45.3827191Z  * [new branch]        agent/operational-reliability-evidence-ledger-v2 -> origin/agent/operational-reliability-evidence-ledger-v2
claim-one-reviewed-benbassat-task	Run actions/checkout@v4	2026-08-24T21:08:45.3828282Z  * [new branch]        agent/operational-reliability-lockfile-trigger -> origin/agent/operational-reliability-lockfile-trigger
claim-one-reviewed-benbassat-task	Run actions/checkout@v4	2026-08-24T21:08:45.3829088Z  * [new branch]        agent/operational-reliability-main-proof -> origin/agent/operational-reliability-main-proof
claim-one-reviewed-benbassat-task	Run actions/checkout@v4	2026-08-24T21:08:45.3829856Z  * [new branch]        agent/operational-reliability-metrics-001 -> origin/agent/operational-reliability-metrics-001
claim-one-reviewed-benbassat-task	Run actions/checkout@v4	2026-08-24T21:08:45.3830633Z  * [new branch]        agent/operational-reliability-no-golden-cage -> origin/agent/operational-reliability-no-golden-cage
claim-one-reviewed-benbassat-task	Run actions/checkout@v4	2026-08-24T21:08:45.3831338Z  * [new branch]        agent/post-merge-enwright-proof -> origin/agent/post-merge-enwright-proof
claim-one-reviewed-benbassat-task	Run actions/checkout@v4	2026-08-24T21:08:45.3832051Z  * [new branch]        agent/probe-anastasia-recovery-now-result-v2 -> origin/agent/probe-anastasia-recovery-now-result-v2
claim-one-reviewed-benbassat-task	Run actions/checkout@v4	2026-08-24T21:08:45.3832709Z  * [new branch]        agent/probe-cycle-v3-head   -> origin/agent/probe-cycle-v3-head
claim-one-reviewed-benbassat-task	Run actions/checkout@v4	2026-08-24T21:08:45.3833299Z  * [new branch]        agent/public-trust-corrections-001 -> origin/agent/public-trust-corrections-001
claim-one-reviewed-benbassat-task	Run actions/checkout@v4	2026-08-24T21:08:45.3834014Z  * [new branch]        agent/public-trust-corrections-mainline-001 -> origin/agent/public-trust-corrections-mainline-001
claim-one-reviewed-benbassat-task	Run actions/checkout@v4	2026-08-24T21:08:45.3834720Z  * [new branch]        agent/publisher-custody-or-guard -> origin/agent/publisher-custody-or-guard
claim-one-reviewed-benbassat-task	Run actions/checkout@v4	2026-08-24T21:08:45.3835376Z  * [new branch]        agent/qualify-ux02a-current-main -> origin/agent/qualify-ux02a-current-main
claim-one-reviewed-benbassat-task	Run actions/checkout@v4	2026-08-24T21:08:45.3836060Z  * [new branch]        agent/queen-cycle-status-snapshot-result-v1 -> origin/agent/queen-cycle-status-snapshot-result-v1
claim-one-reviewed-benbassat-task	Run actions/checkout@v4	2026-08-24T21:08:45.3836968Z  * [new branch]        agent/queen-cycle-status-snapshot-v1 -> origin/agent/queen-cycle-status-snapshot-v1
claim-one-reviewed-benbassat-task	Run actions/checkout@v4	2026-08-24T21:08:45.3837635Z  * [new branch]        agent/queen-helper-align-result-v1 -> origin/agent/queen-helper-align-result-v1
claim-one-reviewed-benbassat-task	Run actions/checkout@v4	2026-08-24T21:08:45.3838326Z  * [new branch]        agent/queen-helper-align-v1 -> origin/agent/queen-helper-align-v1
claim-one-reviewed-benbassat-task	Run actions/checkout@v4	2026-08-24T21:08:45.3838984Z  * [new branch]        agent/queen-helper-current-prefix-result-v1 -> origin/agent/queen-helper-current-prefix-result-v1
claim-one-reviewed-benbassat-task	Run actions/checkout@v4	2026-08-24T21:08:45.3839729Z  * [new branch]        agent/queen-helper-current-prefix-v1 -> origin/agent/queen-helper-current-prefix-v1
claim-one-reviewed-benbassat-task	Run actions/checkout@v4	2026-08-24T21:08:45.3840394Z  * [new branch]        agent/queen-helper-recover-result-v2 -> origin/agent/queen-helper-recover-result-v2
claim-one-reviewed-benbassat-task	Run actions/checkout@v4	2026-08-24T21:08:45.3841006Z  * [new branch]        agent/queen-helper-recover-v2 -> origin/agent/queen-helper-recover-v2
claim-one-reviewed-benbassat-task	Run actions/checkout@v4	2026-08-24T21:08:45.3841690Z  * [new branch]        agent/queen-helper-status-snapshot-result-v1 -> origin/agent/queen-helper-status-snapshot-result-v1
claim-one-reviewed-benbassat-task	Run actions/checkout@v4	2026-08-24T21:08:45.3842447Z  * [new branch]        agent/queen-helper-status-snapshot-v1 -> origin/agent/queen-helper-status-snapshot-v1
claim-one-reviewed-benbassat-task	Run actions/checkout@v4	2026-08-24T21:08:45.3843071Z  * [new branch]        agent/queen-helper-verify-v1 -> origin/agent/queen-helper-verify-v1
claim-one-reviewed-benbassat-task	Run actions/checkout@v4	2026-08-24T21:08:45.3843705Z  * [new branch]        agent/queen-source-run-index-result-v1 -> origin/agent/queen-source-run-index-result-v1
claim-one-reviewed-benbassat-task	Run actions/checkout@v4	2026-08-24T21:08:45.3844347Z  * [new branch]        agent/queen-source-run-index-v1 -> origin/agent/queen-source-run-index-v1
claim-one-reviewed-benbassat-task	Run actions/checkout@v4	2026-08-24T21:08:45.3844908Z  * [new branch]        agent/rd-wave03-blob-probe  -> origin/agent/rd-wave03-blob-probe
claim-one-reviewed-benbassat-task	Run actions/checkout@v4	2026-08-24T21:08:45.3845496Z  * [new branch]        agent/read-collection-publish-log -> origin/agent/read-collection-publish-log
claim-one-reviewed-benbassat-task	Run actions/checkout@v4	2026-08-24T21:08:45.3846107Z  * [new branch]        agent/recover-queen-helper-v4 -> origin/agent/recover-queen-helper-v4
claim-one-reviewed-benbassat-task	Run actions/checkout@v4	2026-08-24T21:08:45.3846732Z  * [new branch]        agent/register-ux-nav-noscript-fix -> origin/agent/register-ux-nav-noscript-fix
claim-one-reviewed-benbassat-task	Run actions/checkout@v4	2026-08-24T21:08:45.3847548Z  * [new branch]        agent/register-ux-nav-readonly-release -> origin/agent/register-ux-nav-readonly-release
claim-one-reviewed-benbassat-task	Run actions/checkout@v4	2026-08-24T21:08:45.3848338Z  * [new branch]        agent/residual-denominator-wave-01 -> origin/agent/residual-denominator-wave-01
claim-one-reviewed-benbassat-task	Run actions/checkout@v4	2026-08-24T21:08:45.3849108Z  * [new branch]        agent/residual-denominator-wave-01-hardening-stage -> origin/agent/residual-denominator-wave-01-hardening-stage
claim-one-reviewed-benbassat-task	Run actions/checkout@v4	2026-08-24T21:08:45.3849984Z  * [new branch]        agent/restore-collection-steady-state-after-ux -> origin/agent/restore-collection-steady-state-after-ux
claim-one-reviewed-benbassat-task	Run actions/checkout@v4	2026-08-24T21:08:45.3850806Z  * [new branch]        agent/retire-doctor-who-cycle-007-v10-payloads -> origin/agent/retire-doctor-who-cycle-007-v10-payloads
claim-one-reviewed-benbassat-task	Run actions/checkout@v4	2026-08-24T21:08:45.3851625Z  * [new branch]        agent/retire-doctor-who-cycle-007-v10-publisher -> origin/agent/retire-doctor-who-cycle-007-v10-publisher
claim-one-reviewed-benbassat-task	Run actions/checkout@v4	2026-08-24T21:08:45.3852442Z  * [new branch]        agent/retire-doctor-who-cycle-007-v14-publisher -> origin/agent/retire-doctor-who-cycle-007-v14-publisher
claim-one-reviewed-benbassat-task	Run actions/checkout@v4	2026-08-24T21:08:45.3853270Z  * [new branch]        agent/retire-estate-preservation-transport -> origin/agent/retire-estate-preservation-transport
claim-one-reviewed-benbassat-task	Run actions/checkout@v4	2026-08-24T21:08:45.3854115Z  * [new branch]        agent/retire-stale-dec0016-trigger-after-cycle005 -> origin/agent/retire-stale-dec0016-trigger-after-cycle005
claim-one-reviewed-benbassat-task	Run actions/checkout@v4	2026-08-24T21:08:45.3854948Z  * [new branch]        agent/retire-synthetic-cycle-009-cadence-v1 -> origin/agent/retire-synthetic-cycle-009-cadence-v1
claim-one-reviewed-benbassat-task	Run actions/checkout@v4	2026-08-24T21:08:45.3855714Z  * [new branch]        agent/retire-unconsumed-wave03-review-fix -> origin/agent/retire-unconsumed-wave03-review-fix
claim-one-reviewed-benbassat-task	Run actions/checkout@v4	2026-08-24T21:08:45.3856496Z  * [new branch]        agent/retire-unstarted-wave03-hosted-executor -> origin/agent/retire-unstarted-wave03-hosted-executor
claim-one-reviewed-benbassat-task	Run actions/checkout@v4	2026-08-24T21:08:45.3857186Z  * [new branch]        agent/rolling-gold-waterline -> origin/agent/rolling-gold-waterline
claim-one-reviewed-benbassat-task	Run actions/checkout@v4	2026-08-24T21:08:45.3857946Z  * [new branch]        agent/scope-local-certification-fixture -> origin/agent/scope-local-certification-fixture
claim-one-reviewed-benbassat-task	Run actions/checkout@v4	2026-08-24T21:08:45.3858707Z  * [new branch]        agent/site-gold-map-001     -> origin/agent/site-gold-map-001
claim-one-reviewed-benbassat-task	Run actions/checkout@v4	2026-08-24T21:08:45.3859202Z  * [new branch]        agent/site-gold-map-002     -> origin/agent/site-gold-map-002
claim-one-reviewed-benbassat-task	Run actions/checkout@v4	2026-08-24T21:08:45.3859825Z  * [new branch]        agent/sitewide-truth-maintenance-handoff -> origin/agent/sitewide-truth-maintenance-handoff
claim-one-reviewed-benbassat-task	Run actions/checkout@v4	2026-08-24T21:08:45.3860443Z  * [new branch]        agent/snapshot-cycle-v3     -> origin/agent/snapshot-cycle-v3
claim-one-reviewed-benbassat-task	Run actions/checkout@v4	2026-08-24T21:08:45.3860990Z  * [new branch]        agent/snapshot-cycle-v3-result -> origin/agent/snapshot-cycle-v3-result
claim-one-reviewed-benbassat-task	Run actions/checkout@v4	2026-08-24T21:08:45.3861533Z  * [new branch]        agent/snapshot-cycle-v4     -> origin/agent/snapshot-cycle-v4
claim-one-reviewed-benbassat-task	Run actions/checkout@v4	2026-08-24T21:08:45.3862119Z  * [new branch]        agent/snapshot-cycle-v4-live-result -> origin/agent/snapshot-cycle-v4-live-result
claim-one-reviewed-benbassat-task	Run actions/checkout@v4	2026-08-24T21:08:45.3862692Z  * [new branch]        agent/snapshot-cycle-v5     -> origin/agent/snapshot-cycle-v5
claim-one-reviewed-benbassat-task	Run actions/checkout@v4	2026-08-24T21:08:45.3863271Z  * [new branch]        agent/snapshot-cycle-v5-live-result -> origin/agent/snapshot-cycle-v5-live-result
claim-one-reviewed-benbassat-task	Run actions/checkout@v4	2026-08-24T21:08:45.3864082Z  * [new branch]        agent/ssc-rd-wave03-admission-review-finalizer-20260805 -> origin/agent/ssc-rd-wave03-admission-review-finalizer-20260805
claim-one-reviewed-benbassat-task	Run actions/checkout@v4	2026-08-24T21:08:45.3865067Z  * [new branch]        agent/ssc-rd-wave03-admission-review-product-20260805 -> origin/agent/ssc-rd-wave03-admission-review-product-20260805
claim-one-reviewed-benbassat-task	Run actions/checkout@v4	2026-08-24T21:08:45.3865902Z  * [new branch]        agent/ssc-rd-wave03-atomic-product-repair -> origin/agent/ssc-rd-wave03-atomic-product-repair
claim-one-reviewed-benbassat-task	Run actions/checkout@v4	2026-08-24T21:08:45.3866540Z  * [new branch]        agent/ssc-rd-wave03-carrier -> origin/agent/ssc-rd-wave03-carrier
claim-one-reviewed-benbassat-task	Run actions/checkout@v4	2026-08-24T21:08:45.3867177Z  * [new branch]        agent/ssc-rd-wave03-controller-observer -> origin/agent/ssc-rd-wave03-controller-observer
claim-one-reviewed-benbassat-task	Run actions/checkout@v4	2026-08-24T21:08:45.3868076Z  * [new branch]        agent/ssc-rd-wave03-controller-v2-cleanup -> origin/agent/ssc-rd-wave03-controller-v2-cleanup
claim-one-reviewed-benbassat-task	Run actions/checkout@v4	2026-08-24T21:08:45.3869086Z  * [new branch]        agent/ssc-rd-wave03-exact-capture-api-finalizer-20260805 -> origin/agent/ssc-rd-wave03-exact-capture-api-finalizer-20260805
claim-one-reviewed-benbassat-task	Run actions/checkout@v4	2026-08-24T21:08:45.3870112Z  * [new branch]        agent/ssc-rd-wave03-exact-capture-api-finalizer-base-20260805 -> origin/agent/ssc-rd-wave03-exact-capture-api-finalizer-base-20260805
claim-one-reviewed-benbassat-task	Run actions/checkout@v4	2026-08-24T21:08:45.3871155Z  * [new branch]        agent/ssc-rd-wave03-exact-capture-api-finalizer-v2-20260805 -> origin/agent/ssc-rd-wave03-exact-capture-api-finalizer-v2-20260805
claim-one-reviewed-benbassat-task	Run actions/checkout@v4	2026-08-24T21:08:45.3872148Z  * [new branch]        agent/ssc-rd-wave03-exact-capture-api-finalizer-v3-20260805 -> origin/agent/ssc-rd-wave03-exact-capture-api-finalizer-v3-20260805
claim-one-reviewed-benbassat-task	Run actions/checkout@v4	2026-08-24T21:08:45.3873139Z  * [new branch]        agent/ssc-rd-wave03-exact-capture-api-finalizer-v4-20260805 -> origin/agent/ssc-rd-wave03-exact-capture-api-finalizer-v4-20260805
claim-one-reviewed-benbassat-task	Run actions/checkout@v4	2026-08-24T21:08:45.3874123Z  * [new branch]        agent/ssc-rd-wave03-exact-capture-api-publisher-v1-20260805 -> origin/agent/ssc-rd-wave03-exact-capture-api-publisher-v1-20260805
claim-one-reviewed-benbassat-task	Run actions/checkout@v4	2026-08-24T21:08:45.3875056Z  * [new branch]        agent/ssc-rd-wave03-exact-capture-base-20260805 -> origin/agent/ssc-rd-wave03-exact-capture-base-20260805
claim-one-reviewed-benbassat-task	Run actions/checkout@v4	2026-08-24T21:08:45.3875940Z  * [new branch]        agent/ssc-rd-wave03-exact-capture-blob-export-20260805 -> origin/agent/ssc-rd-wave03-exact-capture-blob-export-20260805
claim-one-reviewed-benbassat-task	Run actions/checkout@v4	2026-08-24T21:08:45.3876918Z  * [new branch]        agent/ssc-rd-wave03-exact-capture-drift-resolver-20260805 -> origin/agent/ssc-rd-wave03-exact-capture-drift-resolver-20260805
claim-one-reviewed-benbassat-task	Run actions/checkout@v4	2026-08-24T21:08:45.3877983Z  * [new branch]        agent/ssc-rd-wave03-exact-capture-finalizer-20260805 -> origin/agent/ssc-rd-wave03-exact-capture-finalizer-20260805
claim-one-reviewed-benbassat-task	Run actions/checkout@v4	2026-08-24T21:08:45.3878928Z  * [new branch]        agent/ssc-rd-wave03-exact-capture-finalizer-base-20260805 -> origin/agent/ssc-rd-wave03-exact-capture-finalizer-base-20260805
claim-one-reviewed-benbassat-task	Run actions/checkout@v4	2026-08-24T21:08:45.3879889Z  * [new branch]        agent/ssc-rd-wave03-exact-capture-finalizer-v2-20260805 -> origin/agent/ssc-rd-wave03-exact-capture-finalizer-v2-20260805
claim-one-reviewed-benbassat-task	Run actions/checkout@v4	2026-08-24T21:08:45.3881019Z  * [new branch]        agent/ssc-rd-wave03-exact-capture-finalizer-v2-base-20260805 -> origin/agent/ssc-rd-wave03-exact-capture-finalizer-v2-base-20260805
claim-one-reviewed-benbassat-task	Run actions/checkout@v4	2026-08-24T21:08:45.3882004Z  * [new branch]        agent/ssc-rd-wave03-exact-capture-finalizer-v3-20260805 -> origin/agent/ssc-rd-wave03-exact-capture-finalizer-v3-20260805
claim-one-reviewed-benbassat-task	Run actions/checkout@v4	2026-08-24T21:08:45.3882969Z  * [new branch]        agent/ssc-rd-wave03-exact-capture-finalizer-v3-base-20260805 -> origin/agent/ssc-rd-wave03-exact-capture-finalizer-v3-base-20260805
claim-one-reviewed-benbassat-task	Run actions/checkout@v4	2026-08-24T21:08:45.3883937Z  * [new branch]        agent/ssc-rd-wave03-exact-capture-finalizer-v4-20260805 -> origin/agent/ssc-rd-wave03-exact-capture-finalizer-v4-20260805
claim-one-reviewed-benbassat-task	Run actions/checkout@v4	2026-08-24T21:08:45.3884895Z  * [new branch]        agent/ssc-rd-wave03-exact-capture-finalizer-v4-base-20260805 -> origin/agent/ssc-rd-wave03-exact-capture-finalizer-v4-base-20260805
claim-one-reviewed-benbassat-task	Run actions/checkout@v4	2026-08-24T21:08:45.3885898Z  * [new branch]        agent/ssc-rd-wave03-exact-capture-materializer-v2-20260805 -> origin/agent/ssc-rd-wave03-exact-capture-materializer-v2-20260805
claim-one-reviewed-benbassat-task	Run actions/checkout@v4	2026-08-24T21:08:45.3886891Z  * [new branch]        agent/ssc-rd-wave03-exact-capture-materializer-v3-20260805 -> origin/agent/ssc-rd-wave03-exact-capture-materializer-v3-20260805
claim-one-reviewed-benbassat-task	Run actions/checkout@v4	2026-08-24T21:08:45.3887967Z  * [new branch]        agent/ssc-rd-wave03-exact-capture-materializer-v4-20260805 -> origin/agent/ssc-rd-wave03-exact-capture-materializer-v4-20260805
claim-one-reviewed-benbassat-task	Run actions/checkout@v4	2026-08-24T21:08:45.3888954Z  * [new branch]        agent/ssc-rd-wave03-exact-capture-materializer-v5-20260805 -> origin/agent/ssc-rd-wave03-exact-capture-materializer-v5-20260805
claim-one-reviewed-benbassat-task	Run actions/checkout@v4	2026-08-24T21:08:45.3889926Z  * [new branch]        agent/ssc-rd-wave03-exact-capture-materializer-v6-20260805 -> origin/agent/ssc-rd-wave03-exact-capture-materializer-v6-20260805
claim-one-reviewed-benbassat-task	Run actions/checkout@v4	2026-08-24T21:08:45.3890852Z  * [new branch]        agent/ssc-rd-wave03-exact-capture-product-20260805 -> origin/agent/ssc-rd-wave03-exact-capture-product-20260805
claim-one-reviewed-benbassat-task	Run actions/checkout@v4	2026-08-24T21:08:45.3891889Z  * [new branch]        agent/ssc-rd-wave03-exact-capture-settlement-20260805 -> origin/agent/ssc-rd-wave03-exact-capture-settlement-20260805
claim-one-reviewed-benbassat-task	Run actions/checkout@v4	2026-08-24T21:08:45.3892844Z  * [new branch]        agent/ssc-rd-wave03-exact-capture-settlement-base-20260805 -> origin/agent/ssc-rd-wave03-exact-capture-settlement-base-20260805
claim-one-reviewed-benbassat-task	Run actions/checkout@v4	2026-08-24T21:08:45.3893819Z  * [new branch]        agent/ssc-rd-wave03-exact-capture-settlement-v2-20260805 -> origin/agent/ssc-rd-wave03-exact-capture-settlement-v2-20260805
claim-one-reviewed-benbassat-task	Run actions/checkout@v4	2026-08-24T21:08:45.3894831Z  * [new branch]        agent/ssc-rd-wave03-exact-capture-settlement-v2-base-20260805 -> origin/agent/ssc-rd-wave03-exact-capture-settlement-v2-base-20260805
claim-one-reviewed-benbassat-task	Run actions/checkout@v4	2026-08-24T21:08:45.3895822Z  * [new branch]        agent/ssc-rd-wave03-exact-capture-supervisor-v2-20260805 -> origin/agent/ssc-rd-wave03-exact-capture-supervisor-v2-20260805
claim-one-reviewed-benbassat-task	Run actions/checkout@v4	2026-08-24T21:08:45.3896844Z  * [new branch]        agent/ssc-rd-wave03-exact-capture-supervisor-v2-base-20260805 -> origin/agent/ssc-rd-wave03-exact-capture-supervisor-v2-base-20260805
claim-one-reviewed-benbassat-task	Run actions/checkout@v4	2026-08-24T21:08:45.3897923Z  * [new branch]        agent/ssc-rd-wave03-exact-capture-supervisor-v3-20260805 -> origin/agent/ssc-rd-wave03-exact-capture-supervisor-v3-20260805
claim-one-reviewed-benbassat-task	Run actions/checkout@v4	2026-08-24T21:08:45.3898911Z  * [new branch]        agent/ssc-rd-wave03-exact-capture-supervisor-v3-base-20260805 -> origin/agent/ssc-rd-wave03-exact-capture-supervisor-v3-base-20260805
claim-one-reviewed-benbassat-task	Run actions/checkout@v4	2026-08-24T21:08:45.3899950Z  * [new branch]        agent/ssc-rd-wave03-exact-capture-terminal-finalizer-20260805 -> origin/agent/ssc-rd-wave03-exact-capture-terminal-finalizer-20260805
claim-one-reviewed-benbassat-task	Run actions/checkout@v4	2026-08-24T21:08:45.3901035Z  * [new branch]        agent/ssc-rd-wave03-exact-capture-terminal-finalizer-base-20260805 -> origin/agent/ssc-rd-wave03-exact-capture-terminal-finalizer-base-20260805
claim-one-reviewed-benbassat-task	Run actions/checkout@v4	2026-08-24T21:08:45.3902148Z  * [new branch]        agent/ssc-rd-wave03-exact-capture-terminal-supervisor-20260805 -> origin/agent/ssc-rd-wave03-exact-capture-terminal-supervisor-20260805
claim-one-reviewed-benbassat-task	Run actions/checkout@v4	2026-08-24T21:08:45.3903443Z  * [new branch]        agent/ssc-rd-wave03-exact-capture-terminal-supervisor-base-20260805 -> origin/agent/ssc-rd-wave03-exact-capture-terminal-supervisor-base-20260805
claim-one-reviewed-benbassat-task	Run actions/checkout@v4	2026-08-24T21:08:45.3904384Z  * [new branch]        agent/ssc-rd-wave03-executor-observer -> origin/agent/ssc-rd-wave03-executor-observer
claim-one-reviewed-benbassat-task	Run actions/checkout@v4	2026-08-24T21:08:45.3905106Z  * [new branch]        agent/ssc-rd-wave03-failure-source-export -> origin/agent/ssc-rd-wave03-failure-source-export
claim-one-reviewed-benbassat-task	Run actions/checkout@v4	2026-08-24T21:08:45.3905894Z  * [new branch]        agent/ssc-rd-wave03-final-integration-base-v2 -> origin/agent/ssc-rd-wave03-final-integration-base-v2
claim-one-reviewed-benbassat-task	Run actions/checkout@v4	2026-08-24T21:08:45.3906681Z  * [new branch]        agent/ssc-rd-wave03-final-integration-base-v3 -> origin/agent/ssc-rd-wave03-final-integration-base-v3
claim-one-reviewed-benbassat-task	Run actions/checkout@v4	2026-08-24T21:08:45.3907436Z  * [new branch]        agent/ssc-rd-wave03-final-integration-v1 -> origin/agent/ssc-rd-wave03-final-integration-v1
claim-one-reviewed-benbassat-task	Run actions/checkout@v4	2026-08-24T21:08:45.3908358Z  * [new branch]        agent/ssc-rd-wave03-final-integration-v2 -> origin/agent/ssc-rd-wave03-final-integration-v2
claim-one-reviewed-benbassat-task	Run actions/checkout@v4	2026-08-24T21:08:45.3909083Z  * [new branch]        agent/ssc-rd-wave03-final-integration-v3 -> origin/agent/ssc-rd-wave03-final-integration-v3
claim-one-reviewed-benbassat-task	Run actions/checkout@v4	2026-08-24T21:08:45.3909765Z  * [new branch]        agent/ssc-rd-wave03-hosted-executor -> origin/agent/ssc-rd-wave03-hosted-executor
claim-one-reviewed-benbassat-task	Run actions/checkout@v4	2026-08-24T21:08:45.3910450Z  * [new branch]        agent/ssc-rd-wave03-hosted-executor-v2 -> origin/agent/ssc-rd-wave03-hosted-executor-v2
claim-one-reviewed-benbassat-task	Run actions/checkout@v4	2026-08-24T21:08:45.3911151Z  * [new branch]        agent/ssc-rd-wave03-pr-qualification-v1 -> origin/agent/ssc-rd-wave03-pr-qualification-v1
claim-one-reviewed-benbassat-task	Run actions/checkout@v4	2026-08-24T21:08:45.3911844Z  * [new branch]        agent/ssc-rd-wave03-pr-qualification-v2 -> origin/agent/ssc-rd-wave03-pr-qualification-v2
claim-one-reviewed-benbassat-task	Run actions/checkout@v4	2026-08-24T21:08:45.3912533Z  * [new branch]        agent/ssc-rd-wave03-qualification-lint -> origin/agent/ssc-rd-wave03-qualification-lint
claim-one-reviewed-benbassat-task	Run actions/checkout@v4	2026-08-24T21:08:45.3913339Z  * [new branch]        agent/ssc-rd-wave03-successor-route-capture-20260805 -> origin/agent/ssc-rd-wave03-successor-route-capture-20260805
claim-one-reviewed-benbassat-task	Run actions/checkout@v4	2026-08-24T21:08:45.3914416Z  * [new branch]        agent/ssc-rd-wave03-successor-route-capture-v2-20260805 -> origin/agent/ssc-rd-wave03-successor-route-capture-v2-20260805
claim-one-reviewed-benbassat-task	Run actions/checkout@v4	2026-08-24T21:08:45.3915416Z  * [new branch]        agent/ssc-rd-wave03-successor-route-census-product-20260805 -> origin/agent/ssc-rd-wave03-successor-route-census-product-20260805
claim-one-reviewed-benbassat-task	Run actions/checkout@v4	2026-08-24T21:08:45.3916429Z  * [new branch]        agent/ssc-rd-wave03-successor-route-materializer-20260805 -> origin/agent/ssc-rd-wave03-successor-route-materializer-20260805
claim-one-reviewed-benbassat-task	Run actions/checkout@v4	2026-08-24T21:08:45.3917386Z  * [new branch]        agent/ssc-rd-wave03-successor-route-observer-20260805 -> origin/agent/ssc-rd-wave03-successor-route-observer-20260805
claim-one-reviewed-benbassat-task	Run actions/checkout@v4	2026-08-24T21:08:45.3918262Z  * [new branch]        agent/ssc-rd-wave03-v2-review-fix -> origin/agent/ssc-rd-wave03-v2-review-fix
claim-one-reviewed-benbassat-task	Run actions/checkout@v4	2026-08-24T21:08:45.3918957Z  * [new branch]        agent/ssc-rd-wave03-v2-review-fix-register -> origin/agent/ssc-rd-wave03-v2-review-fix-register
claim-one-reviewed-benbassat-task	Run actions/checkout@v4	2026-08-24T21:08:45.3919697Z  * [new branch]        agent/ssc-rd-wave03-v2-review-fix-trigger -> origin/agent/ssc-rd-wave03-v2-review-fix-trigger
claim-one-reviewed-benbassat-task	Run actions/checkout@v4	2026-08-24T21:08:45.3920484Z  * [new branch]        agent/ssc-rd-wave03-xcap-contract-materializer -> origin/agent/ssc-rd-wave03-xcap-contract-materializer
claim-one-reviewed-benbassat-task	Run actions/checkout@v4	2026-08-24T21:08:45.3921173Z  * [new branch]        agent/ssc-rd01-wave03-intake -> origin/agent/ssc-rd01-wave03-intake
claim-one-reviewed-benbassat-task	Run actions/checkout@v4	2026-08-24T21:08:45.3921744Z  * [new branch]        agent/ssc-rd01-wave03-intake-v2 -> origin/agent/ssc-rd01-wave03-intake-v2
claim-one-reviewed-benbassat-task	Run actions/checkout@v4	2026-08-24T21:08:45.3922373Z  * [new branch]        agent/ssc-rd01-wave03-repair-staging -> origin/agent/ssc-rd01-wave03-repair-staging
claim-one-reviewed-benbassat-task	Run actions/checkout@v4	2026-08-24T21:08:45.3922970Z  * [new branch]        agent/ssc-rd02-wave03-intake -> origin/agent/ssc-rd02-wave03-intake
claim-one-reviewed-benbassat-task	Run actions/checkout@v4	2026-08-24T21:08:45.3923516Z  * [new branch]        agent/ssc-rd02-wave03-intake-v2 -> origin/agent/ssc-rd02-wave03-intake-v2
claim-one-reviewed-benbassat-task	Run actions/checkout@v4	2026-08-24T21:08:45.3924116Z  * [new branch]        agent/ssc-rd02-wave03-repair-staging -> origin/agent/ssc-rd02-wave03-repair-staging
claim-one-reviewed-benbassat-task	Run actions/checkout@v4	2026-08-24T21:08:45.3924860Z  * [new branch]        agent/ssc-rd03-wave03-intake -> origin/agent/ssc-rd03-wave03-intake
claim-one-reviewed-benbassat-task	Run actions/checkout@v4	2026-08-24T21:08:45.3925420Z  * [new branch]        agent/ssc-rd03-wave03-intake-v2 -> origin/agent/ssc-rd03-wave03-intake-v2
claim-one-reviewed-benbassat-task	Run actions/checkout@v4	2026-08-24T21:08:45.3926038Z  * [new branch]        agent/ssc-rd03-wave03-repair-staging -> origin/agent/ssc-rd03-wave03-repair-staging
claim-one-reviewed-benbassat-task	Run actions/checkout@v4	2026-08-24T21:08:45.3926622Z  * [new branch]        agent/ssc-rd04-wave03-intake -> origin/agent/ssc-rd04-wave03-intake
claim-one-reviewed-benbassat-task	Run actions/checkout@v4	2026-08-24T21:08:45.3927163Z  * [new branch]        agent/ssc-rd04-wave03-intake-v2 -> origin/agent/ssc-rd04-wave03-intake-v2
claim-one-reviewed-benbassat-task	Run actions/checkout@v4	2026-08-24T21:08:45.3927759Z  * [new branch]        agent/ssc-rd04-wave03-repair-staging -> origin/agent/ssc-rd04-wave03-repair-staging
claim-one-reviewed-benbassat-task	Run actions/checkout@v4	2026-08-24T21:08:45.3928438Z  * [new branch]        agent/ssc-rd05-wave03-intake -> origin/agent/ssc-rd05-wave03-intake
claim-one-reviewed-benbassat-task	Run actions/checkout@v4	2026-08-24T21:08:45.3928990Z  * [new branch]        agent/ssc-rd05-wave03-intake-v2 -> origin/agent/ssc-rd05-wave03-intake-v2
claim-one-reviewed-benbassat-task	Run actions/checkout@v4	2026-08-24T21:08:45.3929599Z  * [new branch]        agent/ssc-rd05-wave03-repair-staging -> origin/agent/ssc-rd05-wave03-repair-staging
claim-one-reviewed-benbassat-task	Run actions/checkout@v4	2026-08-24T21:08:45.3930173Z  * [new branch]        agent/ssc-rd06-wave03-intake -> origin/agent/ssc-rd06-wave03-intake
claim-one-reviewed-benbassat-task	Run actions/checkout@v4	2026-08-24T21:08:45.3930709Z  * [new branch]        agent/ssc-rd06-wave03-intake-v2 -> origin/agent/ssc-rd06-wave03-intake-v2
claim-one-reviewed-benbassat-task	Run actions/checkout@v4	2026-08-24T21:08:45.3931308Z  * [new branch]        agent/ssc-rd06-wave03-repair-staging -> origin/agent/ssc-rd06-wave03-repair-staging
claim-one-reviewed-benbassat-task	Run actions/checkout@v4	2026-08-24T21:08:45.3932018Z  * [new branch]        agent/star-trek-alice-candidate-rebased-v1 -> origin/agent/star-trek-alice-candidate-rebased-v1
claim-one-reviewed-benbassat-task	Run actions/checkout@v4	2026-08-24T21:08:45.3932731Z  * [new branch]        agent/star-trek-alice-candidate-v1 -> origin/agent/star-trek-alice-candidate-v1
claim-one-reviewed-benbassat-task	Run actions/checkout@v4	2026-08-24T21:08:45.3933406Z  * [new branch]        agent/star-trek-alice-claim-result-v1 -> origin/agent/star-trek-alice-claim-result-v1
claim-one-reviewed-benbassat-task	Run actions/checkout@v4	2026-08-24T21:08:45.3934037Z  * [new branch]        agent/star-trek-alice-claim-v1 -> origin/agent/star-trek-alice-claim-v1
claim-one-reviewed-benbassat-task	Run actions/checkout@v4	2026-08-24T21:08:45.3934936Z  * [new branch]        agent/star-trek-alice-finalizer-live-probe-result-v1 -> origin/agent/star-trek-alice-finalizer-live-probe-result-v1
claim-one-reviewed-benbassat-task	Run actions/checkout@v4	2026-08-24T21:08:45.3935862Z  * [new branch]        agent/star-trek-alice-finalizer-live-probe-result-v2 -> origin/agent/star-trek-alice-finalizer-live-probe-result-v2
claim-one-reviewed-benbassat-task	Run actions/checkout@v4	2026-08-24T21:08:45.3936757Z  * [new branch]        agent/star-trek-alice-finalizer-live-probe-result-v3 -> origin/agent/star-trek-alice-finalizer-live-probe-result-v3
claim-one-reviewed-benbassat-task	Run actions/checkout@v4	2026-08-24T21:08:45.3937609Z  * [new branch]        agent/star-trek-alice-finalizer-live-probe-v1 -> origin/agent/star-trek-alice-finalizer-live-probe-v1
claim-one-reviewed-benbassat-task	Run actions/checkout@v4	2026-08-24T21:08:45.3938521Z  * [new branch]        agent/star-trek-alice-finalizer-live-probe-v2 -> origin/agent/star-trek-alice-finalizer-live-probe-v2
claim-one-reviewed-benbassat-task	Run actions/checkout@v4	2026-08-24T21:08:45.3939365Z  * [new branch]        agent/star-trek-alice-finalizer-observer-result-v1 -> origin/agent/star-trek-alice-finalizer-observer-result-v1
claim-one-reviewed-benbassat-task	Run actions/checkout@v4	2026-08-24T21:08:45.3940252Z  * [new branch]        agent/star-trek-alice-finalizer-observer-result-v2 -> origin/agent/star-trek-alice-finalizer-observer-result-v2
claim-one-reviewed-benbassat-task	Run actions/checkout@v4	2026-08-24T21:08:45.3941111Z  * [new branch]        agent/star-trek-alice-finalizer-observer-result-v3 -> origin/agent/star-trek-alice-finalizer-observer-result-v3
claim-one-reviewed-benbassat-task	Run actions/checkout@v4	2026-08-24T21:08:45.3941966Z  * [new branch]        agent/star-trek-alice-finalizer-observer-result-v4 -> origin/agent/star-trek-alice-finalizer-observer-result-v4
claim-one-reviewed-benbassat-task	Run actions/checkout@v4	2026-08-24T21:08:45.3942819Z  * [new branch]        agent/star-trek-alice-finalizer-observer-result-v5 -> origin/agent/star-trek-alice-finalizer-observer-result-v5
claim-one-reviewed-benbassat-task	Run actions/checkout@v4	2026-08-24T21:08:45.3943676Z  * [new branch]        agent/star-trek-alice-finalizer-observer-result-v6 -> origin/agent/star-trek-alice-finalizer-observer-result-v6
claim-one-reviewed-benbassat-task	Run actions/checkout@v4	2026-08-24T21:08:45.3944527Z  * [new branch]        agent/star-trek-alice-finalizer-observer-result-v7 -> origin/agent/star-trek-alice-finalizer-observer-result-v7
claim-one-reviewed-benbassat-task	Run actions/checkout@v4	2026-08-24T21:08:45.3945494Z  * [new branch]        agent/star-trek-alice-finalizer-observer-v1 -> origin/agent/star-trek-alice-finalizer-observer-v1
claim-one-reviewed-benbassat-task	Run actions/checkout@v4	2026-08-24T21:08:45.3946267Z  * [new branch]        agent/star-trek-alice-finalizer-result-v1 -> origin/agent/star-trek-alice-finalizer-result-v1
claim-one-reviewed-benbassat-task	Run actions/checkout@v4	2026-08-24T21:08:45.3947135Z  * [new branch]        agent/star-trek-alice-finalizer-source-recovery-result-v1 -> origin/agent/star-trek-alice-finalizer-source-recovery-result-v1
claim-one-reviewed-benbassat-task	Run actions/checkout@v4	2026-08-24T21:08:45.3948170Z  * [new branch]        agent/star-trek-alice-finalizer-v1 -> origin/agent/star-trek-alice-finalizer-v1
claim-one-reviewed-benbassat-task	Run actions/checkout@v4	2026-08-24T21:08:45.3948869Z  * [new branch]        agent/star-trek-alice-media-result-v1 -> origin/agent/star-trek-alice-media-result-v1
claim-one-reviewed-benbassat-task	Run actions/checkout@v4	2026-08-24T21:08:45.3949507Z  * [new branch]        agent/star-trek-alice-media-v1 -> origin/agent/star-trek-alice-media-v1
claim-one-reviewed-benbassat-task	Run actions/checkout@v4	2026-08-24T21:08:45.3950325Z  * [new branch]        agent/star-trek-alice-pages-terminalizer-observer-result-v1 -> origin/agent/star-trek-alice-pages-terminalizer-observer-result-v1
claim-one-reviewed-benbassat-task	Run actions/checkout@v4	2026-08-24T21:08:45.3951319Z  * [new branch]        agent/star-trek-alice-pages-terminalizer-observer-v1 -> origin/agent/star-trek-alice-pages-terminalizer-observer-v1
claim-one-reviewed-benbassat-task	Run actions/checkout@v4	2026-08-24T21:08:45.3952178Z  * [new branch]        agent/star-trek-alice-pages-terminalizer-v1 -> origin/agent/star-trek-alice-pages-terminalizer-v1
claim-one-reviewed-benbassat-task	Run actions/checkout@v4	2026-08-24T21:08:45.3952868Z  * [new branch]        agent/star-trek-alice-publish-v1 -> origin/agent/star-trek-alice-publish-v1
claim-one-reviewed-benbassat-task	Run actions/checkout@v4	2026-08-24T21:08:45.3953588Z  * [new branch]        agent/star-trek-alice-qualification-result-v1 -> origin/agent/star-trek-alice-qualification-result-v1
claim-one-reviewed-benbassat-task	Run actions/checkout@v4	2026-08-24T21:08:45.3954381Z  * [new branch]        agent/star-trek-alice-qualification-result-v3 -> origin/agent/star-trek-alice-qualification-result-v3
claim-one-reviewed-benbassat-task	Run actions/checkout@v4	2026-08-24T21:08:45.3955139Z  * [new branch]        agent/star-trek-alice-qualification-v1 -> origin/agent/star-trek-alice-qualification-v1
claim-one-reviewed-benbassat-task	Run actions/checkout@v4	2026-08-24T21:08:45.3955836Z  * [new branch]        agent/star-trek-alice-qualification-v2 -> origin/agent/star-trek-alice-qualification-v2
claim-one-reviewed-benbassat-task	Run actions/checkout@v4	2026-08-24T21:08:45.3956688Z  * [new branch]        agent/star-trek-alice-qualification-v3 -> origin/agent/star-trek-alice-qualification-v3
claim-one-reviewed-benbassat-task	Run actions/checkout@v4	2026-08-24T21:08:45.3957338Z  * [new branch]        agent/star-trek-alice-review-v1 -> origin/agent/star-trek-alice-review-v1
claim-one-reviewed-benbassat-task	Run actions/checkout@v4	2026-08-24T21:08:45.3958150Z  * [new branch]        agent/star-trek-alice-stage-observer-result-v1 -> origin/agent/star-trek-alice-stage-observer-result-v1
claim-one-reviewed-benbassat-task	Run actions/checkout@v4	2026-08-24T21:08:45.3958975Z  * [new branch]        agent/star-trek-alice-stage-observer-result-v4 -> origin/agent/star-trek-alice-stage-observer-result-v4
claim-one-reviewed-benbassat-task	Run actions/checkout@v4	2026-08-24T21:08:45.3959736Z  * [new branch]        agent/star-trek-alice-stage-observer-v1 -> origin/agent/star-trek-alice-stage-observer-v1
claim-one-reviewed-benbassat-task	Run actions/checkout@v4	2026-08-24T21:08:45.3960438Z  * [new branch]        agent/star-trek-alice-stage-observer-v2 -> origin/agent/star-trek-alice-stage-observer-v2
claim-one-reviewed-benbassat-task	Run actions/checkout@v4	2026-08-24T21:08:45.3961121Z  * [new branch]        agent/star-trek-alice-stage-observer-v3 -> origin/agent/star-trek-alice-stage-observer-v3
claim-one-reviewed-benbassat-task	Run actions/checkout@v4	2026-08-24T21:08:45.3961812Z  * [new branch]        agent/star-trek-alice-stage-observer-v4 -> origin/agent/star-trek-alice-stage-observer-v4
claim-one-reviewed-benbassat-task	Run actions/checkout@v4	2026-08-24T21:08:45.3962507Z  * [new branch]        agent/star-trek-alice-stage-repair-v2 -> origin/agent/star-trek-alice-stage-repair-v2
claim-one-reviewed-benbassat-task	Run actions/checkout@v4	2026-08-24T21:08:45.3963183Z  * [new branch]        agent/star-trek-alice-stage-result-v1 -> origin/agent/star-trek-alice-stage-result-v1
claim-one-reviewed-benbassat-task	Run actions/checkout@v4	2026-08-24T21:08:45.3963800Z  * [new branch]        agent/star-trek-alice-stage-v1 -> origin/agent/star-trek-alice-stage-v1
claim-one-reviewed-benbassat-task	Run actions/checkout@v4	2026-08-24T21:08:45.3964494Z  * [new branch]        agent/star-trek-anastasia-candidate-rebased-v1 -> origin/agent/star-trek-anastasia-candidate-rebased-v1
claim-one-reviewed-benbassat-task	Run actions/checkout@v4	2026-08-24T21:08:45.3965243Z  * [new branch]        agent/star-trek-anastasia-candidate-v1 -> origin/agent/star-trek-anastasia-candidate-v1
claim-one-reviewed-benbassat-task	Run actions/checkout@v4	2026-08-24T21:08:45.3965968Z  * [new branch]        agent/star-trek-anastasia-cycle-trigger-v1 -> origin/agent/star-trek-anastasia-cycle-trigger-v1
claim-one-reviewed-benbassat-task	Run actions/checkout@v4	2026-08-24T21:08:45.3966672Z  * [new branch]        agent/star-trek-anastasia-cycle-v1 -> origin/agent/star-trek-anastasia-cycle-v1
claim-one-reviewed-benbassat-task	Run actions/checkout@v4	2026-08-24T21:08:45.3967602Z  * [new branch]        agent/star-trek-anastasia-ds9-diagnostic-20260823-v1 -> origin/agent/star-trek-anastasia-ds9-diagnostic-20260823-v1
claim-one-reviewed-benbassat-task	Run actions/checkout@v4	2026-08-24T21:08:45.3968686Z  * [new branch]        agent/star-trek-anastasia-ds9-diagnostic-result-20260823-v1 -> origin/agent/star-trek-anastasia-ds9-diagnostic-result-20260823-v1
claim-one-reviewed-benbassat-task	Run actions/checkout@v4	2026-08-24T21:08:45.3969641Z  * [new branch]        agent/star-trek-anastasia-ds9-observer-20260823-v1 -> origin/agent/star-trek-anastasia-ds9-observer-20260823-v1
claim-one-reviewed-benbassat-task	Run actions/checkout@v4	2026-08-24T21:08:45.3970580Z  * [new branch]        agent/star-trek-anastasia-ds9-observer-result-20260823-v1 -> origin/agent/star-trek-anastasia-ds9-observer-result-20260823-v1
claim-one-reviewed-benbassat-task	Run actions/checkout@v4	2026-08-24T21:08:45.3971480Z  * [new branch]        agent/star-trek-anastasia-finalizer-only-v3 -> origin/agent/star-trek-anastasia-finalizer-only-v3
claim-one-reviewed-benbassat-task	Run actions/checkout@v4	2026-08-24T21:08:45.3972297Z  * [new branch]        agent/star-trek-anastasia-finalizer-recovery-v2 -> origin/agent/star-trek-anastasia-finalizer-recovery-v2
claim-one-reviewed-benbassat-task	Run actions/checkout@v4	2026-08-24T21:08:45.3973143Z  * [new branch]        agent/star-trek-anastasia-finalizer-recovery-v3 -> origin/agent/star-trek-anastasia-finalizer-recovery-v3
claim-one-reviewed-benbassat-task	Run actions/checkout@v4	2026-08-24T21:08:45.3973929Z  * [new branch]        agent/star-trek-anastasia-media-result-v1 -> origin/agent/star-trek-anastasia-media-result-v1
claim-one-reviewed-benbassat-task	Run actions/checkout@v4	2026-08-24T21:08:45.3974616Z  * [new branch]        agent/star-trek-anastasia-media-v1 -> origin/agent/star-trek-anastasia-media-v1
claim-one-reviewed-benbassat-task	Run actions/checkout@v4	2026-08-24T21:08:45.3975337Z  * [new branch]        agent/star-trek-anastasia-recovery-result-v3 -> origin/agent/star-trek-anastasia-recovery-result-v3
claim-one-reviewed-benbassat-task	Run actions/checkout@v4	2026-08-24T21:08:45.3976161Z  * [new branch]        agent/star-trek-benbassat-boundary-observer-v1 -> origin/agent/star-trek-benbassat-boundary-observer-v1
claim-one-reviewed-benbassat-task	Run actions/checkout@v4	2026-08-24T21:08:45.3976985Z  * [new branch]        agent/star-trek-benbassat-boundary-observer-v2 -> origin/agent/star-trek-benbassat-boundary-observer-v2
claim-one-reviewed-benbassat-task	Run actions/checkout@v4	2026-08-24T21:08:45.3977996Z  * [new branch]        agent/star-trek-benbassat-candidate-diagnosis-result-v1 -> origin/agent/star-trek-benbassat-candidate-diagnosis-result-v1
claim-one-reviewed-benbassat-task	Run actions/checkout@v4	2026-08-24T21:08:45.3979112Z  * [new branch]        agent/star-trek-benbassat-candidate-observer-result-v1 -> origin/agent/star-trek-benbassat-candidate-observer-result-v1
claim-one-reviewed-benbassat-task	Run actions/checkout@v4	2026-08-24T21:08:45.3980009Z  * [new branch]        agent/star-trek-benbassat-candidate-observer-v1 -> origin/agent/star-trek-benbassat-candidate-observer-v1
claim-one-reviewed-benbassat-task	Run actions/checkout@v4	2026-08-24T21:08:45.3980778Z  * [new branch]        agent/star-trek-benbassat-candidate-v1 -> origin/agent/star-trek-benbassat-candidate-v1
claim-one-reviewed-benbassat-task	Run actions/checkout@v4	2026-08-24T21:08:45.3981670Z  * [new branch]        agent/star-trek-benbassat-claim-recovery-diagnostic-result-v2 -> origin/agent/star-trek-benbassat-claim-recovery-diagnostic-result-v2
claim-one-reviewed-benbassat-task	Run actions/checkout@v4	2026-08-24T21:08:45.3982680Z  * [new branch]        agent/star-trek-benbassat-claim-recovery-diagnostic-v2 -> origin/agent/star-trek-benbassat-claim-recovery-diagnostic-v2
claim-one-reviewed-benbassat-task	Run actions/checkout@v4	2026-08-24T21:08:45.3983674Z  * [new branch]        agent/star-trek-benbassat-claim-recovery-monitor-result-v1 -> origin/agent/star-trek-benbassat-claim-recovery-monitor-result-v1
claim-one-reviewed-benbassat-task	Run actions/checkout@v4	2026-08-24T21:08:45.3984646Z  * [new branch]        agent/star-trek-benbassat-claim-recovery-monitor-v1 -> origin/agent/star-trek-benbassat-claim-recovery-monitor-v1
claim-one-reviewed-benbassat-task	Run actions/checkout@v4	2026-08-24T21:08:45.3985556Z  * [new branch]        agent/star-trek-benbassat-claim-recovery-observer-v1 -> origin/agent/star-trek-benbassat-claim-recovery-observer-v1
claim-one-reviewed-benbassat-task	Run actions/checkout@v4	2026-08-24T21:08:45.3986398Z  * [new branch]        agent/star-trek-benbassat-claim-recovery-v2 -> origin/agent/star-trek-benbassat-claim-recovery-v2
claim-one-reviewed-benbassat-task	Run actions/checkout@v4	2026-08-24T21:08:45.3987228Z  * [new branch]        agent/star-trek-benbassat-claim-recovery-v2-monitor -> origin/agent/star-trek-benbassat-claim-recovery-v2-monitor
claim-one-reviewed-benbassat-task	Run actions/checkout@v4	2026-08-24T21:08:45.3988416Z  * [new branch]        agent/star-trek-benbassat-claim-recovery-v2-monitor-result -> origin/agent/star-trek-benbassat-claim-recovery-v2-monitor-result
claim-one-reviewed-benbassat-task	Run actions/checkout@v4	2026-08-24T21:08:45.3989343Z  * [new branch]        agent/star-trek-benbassat-claim-recovery-v3 -> origin/agent/star-trek-benbassat-claim-recovery-v3
claim-one-reviewed-benbassat-task	Run actions/checkout@v4	2026-08-24T21:08:45.3990196Z  * [new branch]        agent/star-trek-benbassat-claim-v1 -> origin/agent/star-trek-benbassat-claim-v1
claim-one-reviewed-benbassat-task	Run actions/checkout@v4	2026-08-24T21:08:45.3990936Z  * [new branch]        agent/star-trek-benbassat-finalizer-status-v1 -> origin/agent/star-trek-benbassat-finalizer-status-v1
claim-one-reviewed-benbassat-task	Run actions/checkout@v4	2026-08-24T21:08:45.3991701Z  * [new branch]        agent/star-trek-benbassat-finalizer-v1 -> origin/agent/star-trek-benbassat-finalizer-v1
claim-one-reviewed-benbassat-task	Run actions/checkout@v4	2026-08-24T21:08:45.3992480Z  * [new branch]        agent/star-trek-benbassat-independent-review-v1 -> origin/agent/star-trek-benbassat-independent-review-v1
claim-one-reviewed-benbassat-task	Run actions/checkout@v4	2026-08-24T21:08:45.3993216Z  * [new branch]        agent/star-trek-benbassat-media-v1 -> origin/agent/star-trek-benbassat-media-v1
claim-one-reviewed-benbassat-task	Run actions/checkout@v4	2026-08-24T21:08:45.3993984Z  * [new branch]        agent/star-trek-benbassat-preproduct-settlement-v1 -> origin/agent/star-trek-benbassat-preproduct-settlement-v1
claim-one-reviewed-benbassat-task	Run actions/checkout@v4	2026-08-24T21:08:45.3994909Z  * [new branch]        agent/star-trek-benbassat-public-settlement-result-v1 -> origin/agent/star-trek-benbassat-public-settlement-result-v1
claim-one-reviewed-benbassat-task	Run actions/checkout@v4	2026-08-24T21:08:45.3995803Z  * [new branch]        agent/star-trek-benbassat-public-settlement-v1 -> origin/agent/star-trek-benbassat-public-settlement-v1
claim-one-reviewed-benbassat-task	Run actions/checkout@v4	2026-08-24T21:08:45.3996668Z  * [new branch]        agent/star-trek-benbassat-run-observer-result-v1 -> origin/agent/star-trek-benbassat-run-observer-result-v1
claim-one-reviewed-benbassat-task	Run actions/checkout@v4	2026-08-24T21:08:45.3997470Z  * [new branch]        agent/star-trek-benbassat-run-observer-v1 -> origin/agent/star-trek-benbassat-run-observer-v1
claim-one-reviewed-benbassat-task	Run actions/checkout@v4	2026-08-24T21:08:45.3998338Z  * [new branch]        agent/star-trek-benbassat-source-result-v3 -> origin/agent/star-trek-benbassat-source-result-v3
claim-one-reviewed-benbassat-task	Run actions/checkout@v4	2026-08-24T21:08:45.3999320Z  * [new branch]        agent/star-trek-benbassat-source-review-recovery-monitor-result-v1 -> origin/agent/star-trek-benbassat-source-review-recovery-monitor-result-v1
claim-one-reviewed-benbassat-task	Run actions/checkout@v4	2026-08-24T21:08:45.4000425Z  * [new branch]        agent/star-trek-benbassat-source-review-recovery-monitor-v1 -> origin/agent/star-trek-benbassat-source-review-recovery-monitor-v1
claim-one-reviewed-benbassat-task	Run actions/checkout@v4	2026-08-24T21:08:45.4001565Z  * [new branch]        agent/star-trek-benbassat-source-review-recovery-v2 -> origin/agent/star-trek-benbassat-source-review-recovery-v2
claim-one-reviewed-benbassat-task	Run actions/checkout@v4	2026-08-24T21:08:45.4002538Z  * [new branch]        agent/star-trek-benbassat-source-review-recovery-v2-monitor -> origin/agent/star-trek-benbassat-source-review-recovery-v2-monitor
claim-one-reviewed-benbassat-task	Run actions/checkout@v4	2026-08-24T21:08:45.4003639Z  * [new branch]        agent/star-trek-benbassat-source-review-recovery-v2-monitor-result -> origin/agent/star-trek-benbassat-source-review-recovery-v2-monitor-result
claim-one-reviewed-benbassat-task	Run actions/checkout@v4	2026-08-24T21:08:45.4004664Z  * [new branch]        agent/star-trek-benbassat-source-review-recovery-v3 -> origin/agent/star-trek-benbassat-source-review-recovery-v3
claim-one-reviewed-benbassat-task	Run actions/checkout@v4	2026-08-24T21:08:45.4005624Z  * [new branch]        agent/star-trek-benbassat-source-review-recovery-v3-monitor -> origin/agent/star-trek-benbassat-source-review-recovery-v3-monitor
claim-one-reviewed-benbassat-task	Run actions/checkout@v4	2026-08-24T21:08:45.4006697Z  * [new branch]        agent/star-trek-benbassat-source-review-recovery-v3-monitor-result -> origin/agent/star-trek-benbassat-source-review-recovery-v3-monitor-result
claim-one-reviewed-benbassat-task	Run actions/checkout@v4	2026-08-24T21:08:45.4007708Z  * [new branch]        agent/star-trek-benbassat-source-review-result-v1 -> origin/agent/star-trek-benbassat-source-review-result-v1
claim-one-reviewed-benbassat-task	Run actions/checkout@v4	2026-08-24T21:08:45.4008631Z  * [new branch]        agent/star-trek-benbassat-source-review-v1 -> origin/agent/star-trek-benbassat-source-review-v1
claim-one-reviewed-benbassat-task	Run actions/checkout@v4	2026-08-24T21:08:45.4009362Z  * [new branch]        agent/star-trek-benbassat-source-v3 -> origin/agent/star-trek-benbassat-source-v3
claim-one-reviewed-benbassat-task	Run actions/checkout@v4	2026-08-24T21:08:45.4010160Z  * [new branch]        agent/star-trek-benbassat-terminal-observer-result-v1 -> origin/agent/star-trek-benbassat-terminal-observer-result-v1
claim-one-reviewed-benbassat-task	Run actions/checkout@v4	2026-08-24T21:08:45.4011050Z  * [new branch]        agent/star-trek-benbassat-terminal-observer-v1 -> origin/agent/star-trek-benbassat-terminal-observer-v1
claim-one-reviewed-benbassat-task	Run actions/checkout@v4	2026-08-24T21:08:45.4011783Z  * [new branch]        agent/star-trek-cadmar-cleanup-v1 -> origin/agent/star-trek-cadmar-cleanup-v1
claim-one-reviewed-benbassat-task	Run actions/checkout@v4	2026-08-24T21:08:45.4012591Z  * [new branch]        agent/star-trek-cadmar-cycle-locator-v2 -> origin/agent/star-trek-cadmar-cycle-locator-v2
claim-one-reviewed-benbassat-task	Run actions/checkout@v4	2026-08-24T21:08:45.4013312Z  * [new branch]        agent/star-trek-cadmar-cycle-locator-v3 -> origin/agent/star-trek-cadmar-cycle-locator-v3
claim-one-reviewed-benbassat-task	Run actions/checkout@v4	2026-08-24T21:08:45.4014001Z  * [new branch]        agent/star-trek-cadmar-media-prep-v1 -> origin/agent/star-trek-cadmar-media-prep-v1
claim-one-reviewed-benbassat-task	Run actions/checkout@v4	2026-08-24T21:08:45.4014685Z  * [new branch]        agent/star-trek-cadmar-media-product-v1 -> origin/agent/star-trek-cadmar-media-product-v1
claim-one-reviewed-benbassat-task	Run actions/checkout@v4	2026-08-24T21:08:45.4015385Z  * [new branch]        agent/star-trek-cadmar-media-scout-v1 -> origin/agent/star-trek-cadmar-media-scout-v1
claim-one-reviewed-benbassat-task	Run actions/checkout@v4	2026-08-24T21:08:45.4016051Z  * [new branch]        agent/star-trek-cadmar-media-scout-v2 -> origin/agent/star-trek-cadmar-media-scout-v2
claim-one-reviewed-benbassat-task	Run actions/checkout@v4	2026-08-24T21:08:45.4016675Z  * [new branch]        agent/star-trek-cadmar-media-v1 -> origin/agent/star-trek-cadmar-media-v1
claim-one-reviewed-benbassat-task	Run actions/checkout@v4	2026-08-24T21:08:45.4017335Z  * [new branch]        agent/star-trek-cadmar-monitor-result-v1 -> origin/agent/star-trek-cadmar-monitor-result-v1
claim-one-reviewed-benbassat-task	Run actions/checkout@v4	2026-08-24T21:08:45.4018134Z  * [new branch]        agent/star-trek-cadmar-monitor-v1 -> origin/agent/star-trek-cadmar-monitor-v1
claim-one-reviewed-benbassat-task	Run actions/checkout@v4	2026-08-24T21:08:45.4018932Z  * [new branch]        agent/star-trek-cadmar-program-diagnostic-locator-v1 -> origin/agent/star-trek-cadmar-program-diagnostic-locator-v1
claim-one-reviewed-benbassat-task	Run actions/checkout@v4	2026-08-24T21:08:45.4019813Z  * [new branch]        agent/star-trek-cadmar-program-diagnostic-v1 -> origin/agent/star-trek-cadmar-program-diagnostic-v1
claim-one-reviewed-benbassat-task	Run actions/checkout@v4	2026-08-24T21:08:45.4020598Z  * [new branch]        agent/star-trek-cadmar-program-recovery-v1 -> origin/agent/star-trek-cadmar-program-recovery-v1
claim-one-reviewed-benbassat-task	Run actions/checkout@v4	2026-08-24T21:08:45.4021350Z  * [new branch]        agent/star-trek-cadmar-program-recovery-v2 -> origin/agent/star-trek-cadmar-program-recovery-v2
claim-one-reviewed-benbassat-task	Run actions/checkout@v4	2026-08-24T21:08:45.4022075Z  * [new branch]        agent/star-trek-cadmar-source-probe-v1 -> origin/agent/star-trek-cadmar-source-probe-v1
claim-one-reviewed-benbassat-task	Run actions/checkout@v4	2026-08-24T21:08:45.4022772Z  * [new branch]        agent/star-trek-cadmar-terminalizer-v1 -> origin/agent/star-trek-cadmar-terminalizer-v1
claim-one-reviewed-benbassat-task	Run actions/checkout@v4	2026-08-24T21:08:45.4023705Z  * [new branch]        agent/star-trek-continuation-terminal-result-v1 -> origin/agent/star-trek-continuation-terminal-result-v1
claim-one-reviewed-benbassat-task	Run actions/checkout@v4	2026-08-24T21:08:45.4024506Z  * [new branch]        agent/star-trek-continuation-terminal-v2 -> origin/agent/star-trek-continuation-terminal-v2
claim-one-reviewed-benbassat-task	Run actions/checkout@v4	2026-08-24T21:08:45.4025228Z  * [new branch]        agent/star-trek-continuation-terminal-v3 -> origin/agent/star-trek-continuation-terminal-v3
claim-one-reviewed-benbassat-task	Run actions/checkout@v4	2026-08-24T21:08:45.4025938Z  * [new branch]        agent/star-trek-continuation-terminal-v4 -> origin/agent/star-trek-continuation-terminal-v4
claim-one-reviewed-benbassat-task	Run actions/checkout@v4	2026-08-24T21:08:45.4026682Z  * [new branch]        agent/star-trek-continuation-terminalizer-v2 -> origin/agent/star-trek-continuation-terminalizer-v2
claim-one-reviewed-benbassat-task	Run actions/checkout@v4	2026-08-24T21:08:45.4027484Z  * [new branch]        agent/star-trek-continuation-workflow-lint-v1 -> origin/agent/star-trek-continuation-workflow-lint-v1
claim-one-reviewed-benbassat-task	Run actions/checkout@v4	2026-08-24T21:08:45.4028457Z  * [new branch]        agent/star-trek-curzon-media-prep-v1 -> origin/agent/star-trek-curzon-media-prep-v1
claim-one-reviewed-benbassat-task	Run actions/checkout@v4	2026-08-24T21:08:45.4029179Z  * [new branch]        agent/star-trek-cycle-recovery-result-v1 -> origin/agent/star-trek-cycle-recovery-result-v1
claim-one-reviewed-benbassat-task	Run actions/checkout@v4	2026-08-24T21:08:45.4029880Z  * [new branch]        agent/star-trek-cycle-retry-result-v1 -> origin/agent/star-trek-cycle-retry-result-v1
claim-one-reviewed-benbassat-task	Run actions/checkout@v4	2026-08-24T21:08:45.4030608Z  * [new branch]        agent/star-trek-cycle-terminal-diagnostic-v1 -> origin/agent/star-trek-cycle-terminal-diagnostic-v1
claim-one-reviewed-benbassat-task	Run actions/checkout@v4	2026-08-24T21:08:45.4031413Z  * [new branch]        agent/star-trek-doohan-rail-custodian-result-v2 -> origin/agent/star-trek-doohan-rail-custodian-result-v2
claim-one-reviewed-benbassat-task	Run actions/checkout@v4	2026-08-24T21:08:45.4032182Z  * [new branch]        agent/star-trek-doohan-rail-custodian-v2 -> origin/agent/star-trek-doohan-rail-custodian-v2
claim-one-reviewed-benbassat-task	Run actions/checkout@v4	2026-08-24T21:08:45.4032874Z  * [new branch]        agent/star-trek-enwright-completion -> origin/agent/star-trek-enwright-completion
claim-one-reviewed-benbassat-task	Run actions/checkout@v4	2026-08-24T21:08:45.4033489Z  * [new branch]        agent/star-trek-ferengi-gold -> origin/agent/star-trek-ferengi-gold
claim-one-reviewed-benbassat-task	Run actions/checkout@v4	2026-08-24T21:08:45.4034211Z  * [new branch]        agent/star-trek-gold-completion -> origin/agent/star-trek-gold-completion
claim-one-reviewed-benbassat-task	Run actions/checkout@v4	2026-08-24T21:08:45.4034800Z  * [new branch]        agent/star-trek-gold-operator -> origin/agent/star-trek-gold-operator
claim-one-reviewed-benbassat-task	Run actions/checkout@v4	2026-08-24T21:08:45.4035556Z  * [new branch]        agent/star-trek-kukulkan-custody-diagnostic-result-v1 -> origin/agent/star-trek-kukulkan-custody-diagnostic-result-v1
claim-one-reviewed-benbassat-task	Run actions/checkout@v4	2026-08-24T21:08:45.4036489Z  * [new branch]        agent/star-trek-kukulkan-execution-custody-result-v1 -> origin/agent/star-trek-kukulkan-execution-custody-result-v1
claim-one-reviewed-benbassat-task	Run actions/checkout@v4	2026-08-24T21:08:45.4037379Z  * [new branch]        agent/star-trek-kzinti-controller-text-export-v1 -> origin/agent/star-trek-kzinti-controller-text-export-v1
claim-one-reviewed-benbassat-task	Run actions/checkout@v4	2026-08-24T21:08:45.4038332Z  * [new branch]        agent/star-trek-kzinti-controller-text-result-v1 -> origin/agent/star-trek-kzinti-controller-text-result-v1
claim-one-reviewed-benbassat-task	Run actions/checkout@v4	2026-08-24T21:08:45.4039212Z  * [new branch]        agent/star-trek-lwaxana-rejection-terminal-result-v1 -> origin/agent/star-trek-lwaxana-rejection-terminal-result-v1
claim-one-reviewed-benbassat-task	Run actions/checkout@v4	2026-08-24T21:08:45.4040038Z  * [new branch]        agent/star-trek-media-debt-closure-002 -> origin/agent/star-trek-media-debt-closure-002
claim-one-reviewed-benbassat-task	Run actions/checkout@v4	2026-08-24T21:08:45.4040724Z  * [new branch]        agent/star-trek-media-debt-closure-003 -> origin/agent/star-trek-media-debt-closure-003
claim-one-reviewed-benbassat-task	Run actions/checkout@v4	2026-08-24T21:08:45.4041444Z  * [new branch]        agent/star-trek-next-boundary-inspector-v1 -> origin/agent/star-trek-next-boundary-inspector-v1
claim-one-reviewed-benbassat-task	Run actions/checkout@v4	2026-08-24T21:08:45.4042180Z  * [new branch]        agent/star-trek-next-boundary-result-v1 -> origin/agent/star-trek-next-boundary-result-v1
claim-one-reviewed-benbassat-task	Run actions/checkout@v4	2026-08-24T21:08:45.4042897Z  * [new branch]        agent/star-trek-next-bounded-cycle-claim -> origin/agent/star-trek-next-bounded-cycle-claim
claim-one-reviewed-benbassat-task	Run actions/checkout@v4	2026-08-24T21:08:45.4043558Z  * [new branch]        agent/star-trek-population-001 -> origin/agent/star-trek-population-001
claim-one-reviewed-benbassat-task	Run actions/checkout@v4	2026-08-24T21:08:45.4044136Z  * [new branch]        agent/star-trek-population-002 -> origin/agent/star-trek-population-002
claim-one-reviewed-benbassat-task	Run actions/checkout@v4	2026-08-24T21:08:45.4044912Z  * [new branch]        agent/star-trek-post-benbassat-next-v1 -> origin/agent/star-trek-post-benbassat-next-v1
claim-one-reviewed-benbassat-task	Run actions/checkout@v4	2026-08-24T21:08:45.4045654Z  * [new branch]        agent/star-trek-post-kzinti-continuation-v1 -> origin/agent/star-trek-post-kzinti-continuation-v1
claim-one-reviewed-benbassat-task	Run actions/checkout@v4	2026-08-24T21:08:45.4046423Z  * [new branch]        agent/star-trek-post-kzinti-continuation-v2 -> origin/agent/star-trek-post-kzinti-continuation-v2
claim-one-reviewed-benbassat-task	Run actions/checkout@v4	2026-08-24T21:08:45.4047181Z  * [new branch]        agent/star-trek-post-kzinti-doohan-probe-v1 -> origin/agent/star-trek-post-kzinti-doohan-probe-v1
claim-one-reviewed-benbassat-task	Run actions/checkout@v4	2026-08-24T21:08:45.4048102Z  * [new branch]        agent/star-trek-post-lorot-continuation-result-v1 -> origin/agent/star-trek-post-lorot-continuation-result-v1
claim-one-reviewed-benbassat-task	Run actions/checkout@v4	2026-08-24T21:08:45.4048974Z  * [new branch]        agent/star-trek-post-lorot-terminalizer-status-v1 -> origin/agent/star-trek-post-lorot-terminalizer-status-v1
claim-one-reviewed-benbassat-task	Run actions/checkout@v4	2026-08-24T21:08:45.4049951Z  * [new branch]        agent/star-trek-post-lwaxana-rejection-continuation-result-v1 -> origin/agent/star-trek-post-lwaxana-rejection-continuation-result-v1
claim-one-reviewed-benbassat-task	Run actions/checkout@v4	2026-08-24T21:08:45.4050869Z  * [new branch]        agent/star-trek-queen-hearts-cycle-v1 -> origin/agent/star-trek-queen-hearts-cycle-v1
claim-one-reviewed-benbassat-task	Run actions/checkout@v4	2026-08-24T21:08:45.4051605Z  * [new branch]        agent/star-trek-queen-hearts-media-result-v1 -> origin/agent/star-trek-queen-hearts-media-result-v1
claim-one-reviewed-benbassat-task	Run actions/checkout@v4	2026-08-24T21:08:45.4052328Z  * [new branch]        agent/star-trek-queen-hearts-media-v1 -> origin/agent/star-trek-queen-hearts-media-v1
claim-one-reviewed-benbassat-task	Run actions/checkout@v4	2026-08-24T21:08:45.4053000Z  * [new branch]        agent/star-trek-queen-hearts-source-v1 -> origin/agent/star-trek-queen-hearts-source-v1
claim-one-reviewed-benbassat-task	Run actions/checkout@v4	2026-08-24T21:08:45.4053697Z  * [new branch]        agent/star-trek-queen-hearts-source-v10 -> origin/agent/star-trek-queen-hearts-source-v10
claim-one-reviewed-benbassat-task	Run actions/checkout@v4	2026-08-24T21:08:45.4054401Z  * [new branch]        agent/star-trek-queen-hearts-source-v11 -> origin/agent/star-trek-queen-hearts-source-v11
claim-one-reviewed-benbassat-task	Run actions/checkout@v4	2026-08-24T21:08:45.4055099Z  * [new branch]        agent/star-trek-queen-hearts-source-v12 -> origin/agent/star-trek-queen-hearts-source-v12
claim-one-reviewed-benbassat-task	Run actions/checkout@v4	2026-08-24T21:08:45.4055929Z  * [new branch]        agent/star-trek-queen-hearts-source-v13 -> origin/agent/star-trek-queen-hearts-source-v13
claim-one-reviewed-benbassat-task	Run actions/checkout@v4	2026-08-24T21:08:45.4056620Z  * [new branch]        agent/star-trek-queen-hearts-source-v14 -> origin/agent/star-trek-queen-hearts-source-v14
claim-one-reviewed-benbassat-task	Run actions/checkout@v4	2026-08-24T21:08:45.4057307Z  * [new branch]        agent/star-trek-queen-hearts-source-v15 -> origin/agent/star-trek-queen-hearts-source-v15
claim-one-reviewed-benbassat-task	Run actions/checkout@v4	2026-08-24T21:08:45.4058073Z  * [new branch]        agent/star-trek-queen-hearts-source-v2 -> origin/agent/star-trek-queen-hearts-source-v2
claim-one-reviewed-benbassat-task	Run actions/checkout@v4	2026-08-24T21:08:45.4058760Z  * [new branch]        agent/star-trek-queen-hearts-source-v3 -> origin/agent/star-trek-queen-hearts-source-v3
claim-one-reviewed-benbassat-task	Run actions/checkout@v4	2026-08-24T21:08:45.4059431Z  * [new branch]        agent/star-trek-queen-hearts-source-v4 -> origin/agent/star-trek-queen-hearts-source-v4
claim-one-reviewed-benbassat-task	Run actions/checkout@v4	2026-08-24T21:08:45.4060099Z  * [new branch]        agent/star-trek-queen-hearts-source-v5 -> origin/agent/star-trek-queen-hearts-source-v5
claim-one-reviewed-benbassat-task	Run actions/checkout@v4	2026-08-24T21:08:45.4060778Z  * [new branch]        agent/star-trek-queen-hearts-source-v6 -> origin/agent/star-trek-queen-hearts-source-v6
claim-one-reviewed-benbassat-task	Run actions/checkout@v4	2026-08-24T21:08:45.4061447Z  * [new branch]        agent/star-trek-queen-hearts-source-v7 -> origin/agent/star-trek-queen-hearts-source-v7
claim-one-reviewed-benbassat-task	Run actions/checkout@v4	2026-08-24T21:08:45.4062112Z  * [new branch]        agent/star-trek-queen-hearts-source-v8 -> origin/agent/star-trek-queen-hearts-source-v8
claim-one-reviewed-benbassat-task	Run actions/checkout@v4	2026-08-24T21:08:45.4062780Z  * [new branch]        agent/star-trek-queen-hearts-source-v9 -> origin/agent/star-trek-queen-hearts-source-v9
claim-one-reviewed-benbassat-task	Run actions/checkout@v4	2026-08-24T21:08:45.4063538Z  * [new branch]        agent/star-trek-queen-of-hearts-source-media-v1 -> origin/agent/star-trek-queen-of-hearts-source-media-v1
claim-one-reviewed-benbassat-task	Run actions/checkout@v4	2026-08-24T21:08:45.4064309Z  * [new branch]        agent/star-trek-rolling-continuation-v1 -> origin/agent/star-trek-rolling-continuation-v1
claim-one-reviewed-benbassat-task	Run actions/checkout@v4	2026-08-24T21:08:45.4065035Z  * [new branch]        agent/star-trek-rolling-terminal-result-v1 -> origin/agent/star-trek-rolling-terminal-result-v1
claim-one-reviewed-benbassat-task	Run actions/checkout@v4	2026-08-24T21:08:45.4066179Z  * [new branch]        agent/supervise-star-trek-cycle-v1 -> origin/agent/supervise-star-trek-cycle-v1
claim-one-reviewed-benbassat-task	Run actions/checkout@v4	2026-08-24T21:08:45.4085037Z  * [new branch]        agent/thesis-continuation-rails-v1 -> origin/agent/thesis-continuation-rails-v1
claim-one-reviewed-benbassat-task	Run actions/checkout@v4	2026-08-24T21:08:45.4085690Z  * [new branch]        agent/trek-cycle-001        -> origin/agent/trek-cycle-001
claim-one-reviewed-benbassat-task	Run actions/checkout@v4	2026-08-24T21:08:45.4086232Z  * [new branch]        agent/trek-cycle-001-success -> origin/agent/trek-cycle-001-success
claim-one-reviewed-benbassat-task	Run actions/checkout@v4	2026-08-24T21:08:45.4086834Z  * [new branch]        agent/trek-media-baseline-closure -> origin/agent/trek-media-baseline-closure
claim-one-reviewed-benbassat-task	Run actions/checkout@v4	2026-08-24T21:08:45.4087464Z  * [new branch]        agent/trigger-ux-02-dec0016-launch -> origin/agent/trigger-ux-02-dec0016-launch
claim-one-reviewed-benbassat-task	Run actions/checkout@v4	2026-08-24T21:08:45.4088214Z  * [new branch]        agent/ux-01-context-compatibility -> origin/agent/ux-01-context-compatibility
claim-one-reviewed-benbassat-task	Run actions/checkout@v4	2026-08-24T21:08:45.4088799Z  * [new branch]        agent/ux-01-source-extract  -> origin/agent/ux-01-source-extract
claim-one-reviewed-benbassat-task	Run actions/checkout@v4	2026-08-24T21:08:45.4089402Z  * [new branch]        agent/ux-02-dec0016-carrier-stage-2 -> origin/agent/ux-02-dec0016-carrier-stage-2
claim-one-reviewed-benbassat-task	Run actions/checkout@v4	2026-08-24T21:08:45.4090037Z  * [new branch]        agent/ux-02-dec0016-checkout-export -> origin/agent/ux-02-dec0016-checkout-export
claim-one-reviewed-benbassat-task	Run actions/checkout@v4	2026-08-24T21:08:45.4090625Z  * [new branch]        agent/ux-02-dec0016-compose -> origin/agent/ux-02-dec0016-compose
claim-one-reviewed-benbassat-task	Run actions/checkout@v4	2026-08-24T21:08:45.4091131Z  * [new branch]        agent/ux-02-dec0016-execute -> origin/agent/ux-02-dec0016-execute
claim-one-reviewed-benbassat-task	Run actions/checkout@v4	2026-08-24T21:08:45.4091733Z  * [new branch]        agent/ux-02-dec0016-final-materializer -> origin/agent/ux-02-dec0016-final-materializer
claim-one-reviewed-benbassat-task	Run actions/checkout@v4	2026-08-24T21:08:45.4092388Z  * [new branch]        agent/ux-02-dec0016-kick-main -> origin/agent/ux-02-dec0016-kick-main
claim-one-reviewed-benbassat-task	Run actions/checkout@v4	2026-08-24T21:08:45.4093010Z  * [new branch]        agent/ux-02-dec0016-launcher-cleanup -> origin/agent/ux-02-dec0016-launcher-cleanup
claim-one-reviewed-benbassat-task	Run actions/checkout@v4	2026-08-24T21:08:45.4093646Z  * [new branch]        agent/ux-02-dec0016-launcher-main -> origin/agent/ux-02-dec0016-launcher-main
claim-one-reviewed-benbassat-task	Run actions/checkout@v4	2026-08-24T21:08:45.4094461Z  * [new branch]        agent/ux-02-dec0016-merge-sha-fix -> origin/agent/ux-02-dec0016-merge-sha-fix
claim-one-reviewed-benbassat-task	Run actions/checkout@v4	2026-08-24T21:08:45.4095073Z  * [new branch]        agent/ux-02-dec0016-policy-inline -> origin/agent/ux-02-dec0016-policy-inline
claim-one-reviewed-benbassat-task	Run actions/checkout@v4	2026-08-24T21:08:45.4095662Z  * [new branch]        agent/ux-02-dec0016-policy-writer -> origin/agent/ux-02-dec0016-policy-writer
claim-one-reviewed-benbassat-task	Run actions/checkout@v4	2026-08-24T21:08:45.4096346Z  * [new branch]        agent/ux-02-dec0016-pr-launcher-config -> origin/agent/ux-02-dec0016-pr-launcher-config
claim-one-reviewed-benbassat-task	Run actions/checkout@v4	2026-08-24T21:08:45.4096973Z  * [new branch]        agent/ux-02-dec0016-pr-target -> origin/agent/ux-02-dec0016-pr-target
claim-one-reviewed-benbassat-task	Run actions/checkout@v4	2026-08-24T21:08:45.4097537Z  * [new branch]        agent/ux-02-dec0016-pr305-guard -> origin/agent/ux-02-dec0016-pr305-guard
claim-one-reviewed-benbassat-task	Run actions/checkout@v4	2026-08-24T21:08:45.4098281Z  * [new branch]        agent/ux-02-dec0016-precheckout-receipt -> origin/agent/ux-02-dec0016-precheckout-receipt
claim-one-reviewed-benbassat-task	Run actions/checkout@v4	2026-08-24T21:08:45.4098941Z  * [new branch]        agent/ux-02-dec0016-push-receipt -> origin/agent/ux-02-dec0016-push-receipt
claim-one-reviewed-benbassat-task	Run actions/checkout@v4	2026-08-24T21:08:45.4099522Z  * [new branch]        agent/ux-02-dec0016-receipts -> origin/agent/ux-02-dec0016-receipts
claim-one-reviewed-benbassat-task	Run actions/checkout@v4	2026-08-24T21:08:45.4100120Z  * [new branch]        agent/ux-02-dec0016-registered-route -> origin/agent/ux-02-dec0016-registered-route
claim-one-reviewed-benbassat-task	Run actions/checkout@v4	2026-08-24T21:08:45.4100730Z  * [new branch]        agent/ux-02-dec0016-runid-guard -> origin/agent/ux-02-dec0016-runid-guard
claim-one-reviewed-benbassat-task	Run actions/checkout@v4	2026-08-24T21:08:45.4101299Z  * [new branch]        agent/ux-02-dec0016-workflow-run -> origin/agent/ux-02-dec0016-workflow-run
claim-one-reviewed-benbassat-task	Run actions/checkout@v4	2026-08-24T21:08:45.4101861Z  * [new branch]        agent/ux-02-dec0016-writer-body -> origin/agent/ux-02-dec0016-writer-body
claim-one-reviewed-benbassat-task	Run actions/checkout@v4	2026-08-24T21:08:45.4102430Z  * [new branch]        agent/ux-02-decision-receipt-fix -> origin/agent/ux-02-decision-receipt-fix
claim-one-reviewed-benbassat-task	Run actions/checkout@v4	2026-08-24T21:08:45.4103114Z  * [new branch]        agent/ux-02-navigation-continuity-dec0015-v2 -> origin/agent/ux-02-navigation-continuity-dec0015-v2
claim-one-reviewed-benbassat-task	Run actions/checkout@v4	2026-08-24T21:08:45.4103793Z  * [new branch]        agent/ux-02-navigation-parity -> origin/agent/ux-02-navigation-parity
claim-one-reviewed-benbassat-task	Run actions/checkout@v4	2026-08-24T21:08:45.4104543Z  * [new branch]        agent/ux-02-qualified-product-4fe -> origin/agent/ux-02-qualified-product-4fe
claim-one-reviewed-benbassat-task	Run actions/checkout@v4	2026-08-24T21:08:45.4105203Z  * [new branch]        agent/ux-02-qualified-source-export -> origin/agent/ux-02-qualified-source-export
claim-one-reviewed-benbassat-task	Run actions/checkout@v4	2026-08-24T21:08:45.4105845Z  * [new branch]        agent/ux-02-semantic-script-export -> origin/agent/ux-02-semantic-script-export
claim-one-reviewed-benbassat-task	Run actions/checkout@v4	2026-08-24T21:08:45.4106427Z  * [new branch]        agent/ux-02-visual-recovery -> origin/agent/ux-02-visual-recovery
claim-one-reviewed-benbassat-task	Run actions/checkout@v4	2026-08-24T21:08:45.4107002Z  * [new branch]        agent/ux-02a-archive-materializer -> origin/agent/ux-02a-archive-materializer
claim-one-reviewed-benbassat-task	Run actions/checkout@v4	2026-08-24T21:08:45.4107611Z  * [new branch]        agent/ux-02a-current-main-product -> origin/agent/ux-02a-current-main-product
claim-one-reviewed-benbassat-task	Run actions/checkout@v4	2026-08-24T21:08:45.4108423Z  * [new branch]        agent/ux-02a-review-carrier-v2 -> origin/agent/ux-02a-review-carrier-v2
claim-one-reviewed-benbassat-task	Run actions/checkout@v4	2026-08-24T21:08:45.4108979Z  * [new branch]        agent/ux-02a-script-runner  -> origin/agent/ux-02a-script-runner
claim-one-reviewed-benbassat-task	Run actions/checkout@v4	2026-08-24T21:08:45.4109501Z  * [new branch]        agent/ux-03-mobile-density  -> origin/agent/ux-03-mobile-density
claim-one-reviewed-benbassat-task	Run actions/checkout@v4	2026-08-24T21:08:45.4110046Z  * [new branch]        agent/ux-03-post-merge-proof -> origin/agent/ux-03-post-merge-proof
claim-one-reviewed-benbassat-task	Run actions/checkout@v4	2026-08-24T21:08:45.4110605Z  * [new branch]        agent/ux-04-makers-discovery -> origin/agent/ux-04-makers-discovery
claim-one-reviewed-benbassat-task	Run actions/checkout@v4	2026-08-24T21:08:45.4111200Z  * [new branch]        agent/ux-nav-materializer-export -> origin/agent/ux-nav-materializer-export
claim-one-reviewed-benbassat-task	Run actions/checkout@v4	2026-08-24T21:08:45.4111787Z  * [new branch]        agent/ux-nav-noscript-export -> origin/agent/ux-nav-noscript-export
claim-one-reviewed-benbassat-task	Run actions/checkout@v4	2026-08-24T21:08:45.4112381Z  * [new branch]        agent/ux-nav-noscript-fix-carrier -> origin/agent/ux-nav-noscript-fix-carrier
claim-one-reviewed-benbassat-task	Run actions/checkout@v4	2026-08-24T21:08:45.4112983Z  * [new branch]        agent/ux-nav-review-release-v2 -> origin/agent/ux-nav-review-release-v2
claim-one-reviewed-benbassat-task	Run actions/checkout@v4	2026-08-24T21:08:45.4113569Z  * [new branch]        agent/ux02a-carrier-sync-trigger -> origin/agent/ux02a-carrier-sync-trigger
claim-one-reviewed-benbassat-task	Run actions/checkout@v4	2026-08-24T21:08:45.4114354Z  * [new branch]        agent/ux02a-carrier-sync-trigger-v2 -> origin/agent/ux02a-carrier-sync-trigger-v2
claim-one-reviewed-benbassat-task	Run actions/checkout@v4	2026-08-24T21:08:45.4115014Z  * [new branch]        agent/ux02a-contract-repair-export -> origin/agent/ux02a-contract-repair-export
claim-one-reviewed-benbassat-task	Run actions/checkout@v4	2026-08-24T21:08:45.4115629Z  * [new branch]        agent/ux02a-current-main-export -> origin/agent/ux02a-current-main-export
claim-one-reviewed-benbassat-task	Run actions/checkout@v4	2026-08-24T21:08:45.4116221Z  * [new branch]        agent/ux02a-current-main-trigger -> origin/agent/ux02a-current-main-trigger
claim-one-reviewed-benbassat-task	Run actions/checkout@v4	2026-08-24T21:08:45.4116818Z  * [new branch]        agent/ux02a-main-push-installer -> origin/agent/ux02a-main-push-installer
claim-one-reviewed-benbassat-task	Run actions/checkout@v4	2026-08-24T21:08:45.4117374Z  * [new branch]        agent/ux02a-policy-export   -> origin/agent/ux02a-policy-export
claim-one-reviewed-benbassat-task	Run actions/checkout@v4	2026-08-24T21:08:45.4118007Z  * [new branch]        agent/ux02a-push-trigger-2  -> origin/agent/ux02a-push-trigger-2
claim-one-reviewed-benbassat-task	Run actions/checkout@v4	2026-08-24T21:08:45.4118742Z  * [new branch]        agent/verify-doctor-who-legacy-ref-neutralization -> origin/agent/verify-doctor-who-legacy-ref-neutralization
claim-one-reviewed-benbassat-task	Run actions/checkout@v4	2026-08-24T21:08:45.4119673Z  * [new branch]        agent/verify-doctor-who-legacy-ref-neutralization-v2 -> origin/agent/verify-doctor-who-legacy-ref-neutralization-v2
claim-one-reviewed-benbassat-task	Run actions/checkout@v4	2026-08-24T21:08:45.4120485Z  * [new branch]        agent/verify-terminal-closure-7f6140 -> origin/agent/verify-terminal-closure-7f6140
claim-one-reviewed-benbassat-task	Run actions/checkout@v4	2026-08-24T21:08:45.4121139Z  * [new branch]        chore/reconcile-waterline-handoff -> origin/chore/reconcile-waterline-handoff
claim-one-reviewed-benbassat-task	Run actions/checkout@v4	2026-08-24T21:08:45.4121661Z  * [new branch]        main                        -> origin/main
claim-one-reviewed-benbassat-task	Run actions/checkout@v4	2026-08-24T21:08:45.4122301Z  * [new branch]        observer/cycle012-senstarg-candidate-transition-v1 -> origin/observer/cycle012-senstarg-candidate-transition-v1
claim-one-reviewed-benbassat-task	Run actions/checkout@v4	2026-08-24T21:08:45.4123158Z  * [new branch]        observer/cycle012-senstarg-review-transition-v1 -> origin/observer/cycle012-senstarg-review-transition-v1
claim-one-reviewed-benbassat-task	Run actions/checkout@v4	2026-08-24T21:08:45.4123979Z  * [new branch]        probe-doctor-who-cycle-015-finalize-20260812 -> origin/probe-doctor-who-cycle-015-finalize-20260812
claim-one-reviewed-benbassat-task	Run actions/checkout@v4	2026-08-24T21:08:45.4124767Z  * [new branch]        probe-doctor-who-next-candidate-20260812 -> origin/probe-doctor-who-next-candidate-20260812
claim-one-reviewed-benbassat-task	Run actions/checkout@v4	2026-08-24T21:08:45.4125638Z  * [new branch]        probe-pages-cycle-015-deploy-20260812 -> origin/probe-pages-cycle-015-deploy-20260812
claim-one-reviewed-benbassat-task	Run actions/checkout@v4	2026-08-24T21:08:45.4126293Z  * [new branch]        probe-release-tool-do-not-use -> origin/probe-release-tool-do-not-use
claim-one-reviewed-benbassat-task	Run actions/checkout@v4	2026-08-24T21:08:45.4126953Z  * [new branch]        repair/cycle012-senstarg-candidate-env -> origin/repair/cycle012-senstarg-candidate-env
claim-one-reviewed-benbassat-task	Run actions/checkout@v4	2026-08-24T21:08:45.4127628Z  * [new tag]           archive/agent/dec0010-site-tokens-spark -> archive/agent/dec0010-site-tokens-spark
claim-one-reviewed-benbassat-task	Run actions/checkout@v4	2026-08-24T21:08:45.4128379Z  * [new tag]           archive/agent/dec0011-cross-platform-gate -> archive/agent/dec0011-cross-platform-gate
claim-one-reviewed-benbassat-task	Run actions/checkout@v4	2026-08-24T21:08:45.4129026Z  * [new tag]           archive/agent/ds9-decision-authoring -> archive/agent/ds9-decision-authoring
claim-one-reviewed-benbassat-task	Run actions/checkout@v4	2026-08-24T21:08:45.4129665Z  * [new tag]           archive/agent/five-year-operating-system -> archive/agent/five-year-operating-system
claim-one-reviewed-benbassat-task	Run actions/checkout@v4	2026-08-24T21:08:45.4130257Z  * [new tag]           archive/agent/luna-autopilot -> archive/agent/luna-autopilot
claim-one-reviewed-benbassat-task	Run actions/checkout@v4	2026-08-24T21:08:45.4130803Z  * [new tag]           archive/agent/pr55-semantic-review -> archive/agent/pr55-semantic-review
claim-one-reviewed-benbassat-task	Run actions/checkout@v4	2026-08-24T21:08:45.4131372Z  * [new tag]           archive/agent/preservation-rescue -> archive/agent/preservation-rescue
claim-one-reviewed-benbassat-task	Run actions/checkout@v4	2026-08-24T21:08:45.4131950Z  * [new tag]           archive/agent/star-trek-media-audit -> archive/agent/star-trek-media-audit
claim-one-reviewed-benbassat-task	Run actions/checkout@v4	2026-08-24T21:08:45.4132564Z  * [new tag]           archive/agent/trek-exact-subject-audit -> archive/agent/trek-exact-subject-audit
claim-one-reviewed-benbassat-task	Run actions/checkout@v4	2026-08-24T21:08:45.4133217Z  * [new tag]           archive/agent/trusted-foundation-receipt -> archive/agent/trusted-foundation-receipt
claim-one-reviewed-benbassat-task	Run actions/checkout@v4	2026-08-24T21:08:45.4133901Z  * [new tag]           archive/chore/remove-promotion-scaffolding -> archive/chore/remove-promotion-scaffolding
claim-one-reviewed-benbassat-task	Run actions/checkout@v4	2026-08-24T21:08:45.4134552Z  * [new tag]           archive/claude/coding-session-1u1llu -> archive/claude/coding-session-1u1llu
claim-one-reviewed-benbassat-task	Run actions/checkout@v4	2026-08-24T21:08:45.4135297Z  * [new tag]           archive/claude/decision-tooling -> archive/claude/decision-tooling
claim-one-reviewed-benbassat-task	Run actions/checkout@v4	2026-08-24T21:08:45.4135808Z  * [new tag]           archive/claude/ds9-census   -> archive/claude/ds9-census
claim-one-reviewed-benbassat-task	Run actions/checkout@v4	2026-08-24T21:08:45.4136293Z  * [new tag]           archive/claude/ds9-eligibility -> archive/claude/ds9-eligibility
claim-one-reviewed-benbassat-task	Run actions/checkout@v4	2026-08-24T21:08:45.4136844Z  * [new tag]           archive/claude/ds9-maker-attribution -> archive/claude/ds9-maker-attribution
claim-one-reviewed-benbassat-task	Run actions/checkout@v4	2026-08-24T21:08:45.4137412Z  * [new tag]           archive/claude/final-task-2vmzpr -> archive/claude/final-task-2vmzpr
claim-one-reviewed-benbassat-task	Run actions/checkout@v4	2026-08-24T21:08:45.4138085Z  * [new tag]           archive/claude/fix-projection-drift -> archive/claude/fix-projection-drift
claim-one-reviewed-benbassat-task	Run actions/checkout@v4	2026-08-24T21:08:45.4138652Z  * [new tag]           archive/claude/full-canon-census -> archive/claude/full-canon-census
claim-one-reviewed-benbassat-task	Run actions/checkout@v4	2026-08-24T21:08:45.4139171Z  * [new tag]           archive/claude/homepage-flip -> archive/claude/homepage-flip
claim-one-reviewed-benbassat-task	Run actions/checkout@v4	2026-08-24T21:08:45.4139719Z  * [new tag]           archive/claude/product-constitution -> archive/claude/product-constitution
claim-one-reviewed-benbassat-task	Run actions/checkout@v4	2026-08-24T21:08:45.4140329Z  * [new tag]           archive/claude/retire-comparison-seam -> archive/claude/retire-comparison-seam
claim-one-reviewed-benbassat-task	Run actions/checkout@v4	2026-08-24T21:08:45.4140920Z  * [new tag]           archive/claude/work-review-ex7ape -> archive/claude/work-review-ex7ape
claim-one-reviewed-benbassat-task	Run actions/checkout@v4	2026-08-24T21:08:45.4141489Z  * [new tag]           archive/codex/a11y-durable-records -> archive/codex/a11y-durable-records
claim-one-reviewed-benbassat-task	Run actions/checkout@v4	2026-08-24T21:08:45.4142031Z  * [new tag]           archive/codex/archive-contract -> archive/codex/archive-contract
claim-one-reviewed-benbassat-task	Run actions/checkout@v4	2026-08-24T21:08:45.4142579Z  * [new tag]           archive/codex/constellation-graph -> archive/codex/constellation-graph
claim-one-reviewed-benbassat-task	Run actions/checkout@v4	2026-08-24T21:08:45.4143238Z  * [new tag]           archive/codex/constellations-contextual-nav -> archive/codex/constellations-contextual-nav
claim-one-reviewed-benbassat-task	Run actions/checkout@v4	2026-08-24T21:08:45.4143931Z  * [new tag]           archive/codex/enforce-real-image-policy -> archive/codex/enforce-real-image-policy
claim-one-reviewed-benbassat-task	Run actions/checkout@v4	2026-08-24T21:08:45.4144550Z  * [new tag]           archive/codex/ferengi-completeness -> archive/codex/ferengi-completeness
claim-one-reviewed-benbassat-task	Run actions/checkout@v4	2026-08-24T21:08:45.4145252Z  * [new tag]           archive/codex/fix-comparison-wipe -> archive/codex/fix-comparison-wipe
claim-one-reviewed-benbassat-task	Run actions/checkout@v4	2026-08-24T21:08:45.4145790Z  * [new tag]           archive/codex/franchise-census -> archive/codex/franchise-census
claim-one-reviewed-benbassat-task	Run actions/checkout@v4	2026-08-24T21:08:45.4146368Z  * [new tag]           archive/codex/full-rendered-site-audit -> archive/codex/full-rendered-site-audit
claim-one-reviewed-benbassat-task	Run actions/checkout@v4	2026-08-24T21:08:45.4146964Z  * [new tag]           archive/codex/image-focus-pass -> archive/codex/image-focus-pass
claim-one-reviewed-benbassat-task	Run actions/checkout@v4	2026-08-24T21:08:45.4147528Z  * [new tag]           archive/codex/morn-face-alignment -> archive/codex/morn-face-alignment
claim-one-reviewed-benbassat-task	Run actions/checkout@v4	2026-08-24T21:08:45.4148414Z  * [new tag]           archive/codex/photos-changelings-placeholders -> archive/codex/photos-changelings-placeholders
claim-one-reviewed-benbassat-task	Run actions/checkout@v4	2026-08-24T21:08:45.4149137Z  * [new tag]           archive/codex/polish-seams-correctness -> archive/codex/polish-seams-correctness
claim-one-reviewed-benbassat-task	Run actions/checkout@v4	2026-08-24T21:08:45.4149751Z  * [new tag]           archive/codex/recognition-wipe -> archive/codex/recognition-wipe
claim-one-reviewed-benbassat-task	Run actions/checkout@v4	2026-08-24T21:08:45.4150268Z  * [new tag]           archive/codex/roster-quality -> archive/codex/roster-quality
claim-one-reviewed-benbassat-task	Run actions/checkout@v4	2026-08-24T21:08:45.4150751Z  * [new tag]           archive/codex/site-cohesion -> archive/codex/site-cohesion
claim-one-reviewed-benbassat-task	Run actions/checkout@v4	2026-08-24T21:08:45.4151364Z  * [new tag]           archive/codex/species-navigation-visual-audit -> archive/codex/species-navigation-visual-audit
claim-one-reviewed-benbassat-task	Run actions/checkout@v4	2026-08-24T21:08:45.4151932Z  * [new tag]           media-0001                  -> media-0001
claim-one-reviewed-benbassat-task	Run actions/checkout@v4	2026-08-24T21:08:45.4152297Z  * [new tag]           media-0002                  -> media-0002
claim-one-reviewed-benbassat-task	Run actions/checkout@v4	2026-08-24T21:08:45.4152639Z  * [new tag]           media-0003                  -> media-0003
claim-one-reviewed-benbassat-task	Run actions/checkout@v4	2026-08-24T21:08:45.4153102Z  * [new tag]           preservation-20260721-3bbec746c478 -> preservation-20260721-3bbec746c478
claim-one-reviewed-benbassat-task	Run actions/checkout@v4	2026-08-24T21:08:45.4153670Z  * [new tag]           preservation-20260721-8f2983cf8939 -> preservation-20260721-8f2983cf8939
claim-one-reviewed-benbassat-task	Run actions/checkout@v4	2026-08-24T21:08:45.4154382Z  * [new tag]           preservation-20260721-b093da64e587 -> preservation-20260721-b093da64e587
claim-one-reviewed-benbassat-task	Run actions/checkout@v4	2026-08-24T21:08:45.4154937Z  * [new tag]           preservation-20260721-ee99b91913c6 -> preservation-20260721-ee99b91913c6
claim-one-reviewed-benbassat-task	Run actions/checkout@v4	2026-08-24T21:08:45.4155482Z  * [new tag]           preservation-20260801-7054b6e620ee -> preservation-20260801-7054b6e620ee
claim-one-reviewed-benbassat-task	Run actions/checkout@v4	2026-08-24T21:08:45.4156026Z  * [new tag]           preservation-20260801-788af7e3ad7f -> preservation-20260801-788af7e3ad7f
claim-one-reviewed-benbassat-task	Run actions/checkout@v4	2026-08-24T21:08:45.4156565Z  * [new tag]           preservation-20260801-9c5e814821eb -> preservation-20260801-9c5e814821eb
claim-one-reviewed-benbassat-task	Run actions/checkout@v4	2026-08-24T21:08:45.4157106Z  * [new tag]           preservation-20260801-d723f84bc17a -> preservation-20260801-d723f84bc17a
claim-one-reviewed-benbassat-task	Run actions/checkout@v4	2026-08-24T21:08:45.4157693Z  * [new tag]           preservation-doctor-who-169391a8bf64 -> preservation-doctor-who-169391a8bf64
claim-one-reviewed-benbassat-task	Run actions/checkout@v4	2026-08-24T21:08:45.4160630Z [command]/usr/bin/git rev-parse --verify --quiet ed79424013b92460d16c01cad4e590eca01e6bff^{object}
claim-one-reviewed-benbassat-task	Run actions/checkout@v4	2026-08-24T21:08:45.4161164Z ed79424013b92460d16c01cad4e590eca01e6bff
claim-one-reviewed-benbassat-task	Run actions/checkout@v4	2026-08-24T21:08:45.4161963Z ##[endgroup]
claim-one-reviewed-benbassat-task	Run actions/checkout@v4	2026-08-24T21:08:45.4162356Z ##[group]Determining the checkout info
claim-one-reviewed-benbassat-task	Run actions/checkout@v4	2026-08-24T21:08:45.4162795Z ##[endgroup]
claim-one-reviewed-benbassat-task	Run actions/checkout@v4	2026-08-24T21:08:45.4163044Z [command]/usr/bin/git sparse-checkout disable
claim-one-reviewed-benbassat-task	Run actions/checkout@v4	2026-08-24T21:08:45.4163757Z [command]/usr/bin/git config --local --unset-all extensions.worktreeConfig
claim-one-reviewed-benbassat-task	Run actions/checkout@v4	2026-08-24T21:08:45.4164663Z ##[group]Checking out the ref
claim-one-reviewed-benbassat-task	Run actions/checkout@v4	2026-08-24T21:08:45.4165084Z [command]/usr/bin/git checkout --progress --force ed79424013b92460d16c01cad4e590eca01e6bff
claim-one-reviewed-benbassat-task	Run actions/checkout@v4	2026-08-24T21:08:46.3564146Z Updating files:  42% (1846/4376)
claim-one-reviewed-benbassat-task	Run actions/checkout@v4	2026-08-24T21:08:46.3623281Z Updating files:  43% (1882/4376)
claim-one-reviewed-benbassat-task	Run actions/checkout@v4	2026-08-24T21:08:46.3698479Z Updating files:  44% (1926/4376)
claim-one-reviewed-benbassat-task	Run actions/checkout@v4	2026-08-24T21:08:46.3798323Z Updating files:  45% (1970/4376)
claim-one-reviewed-benbassat-task	Run actions/checkout@v4	2026-08-24T21:08:46.3985595Z Updating files:  46% (2013/4376)
claim-one-reviewed-benbassat-task	Run actions/checkout@v4	2026-08-24T21:08:46.4051768Z Updating files:  47% (2057/4376)
claim-one-reviewed-benbassat-task	Run actions/checkout@v4	2026-08-24T21:08:46.4109449Z Updating files:  48% (2101/4376)
claim-one-reviewed-benbassat-task	Run actions/checkout@v4	2026-08-24T21:08:46.4174269Z Updating files:  49% (2145/4376)
claim-one-reviewed-benbassat-task	Run actions/checkout@v4	2026-08-24T21:08:46.4423308Z Updating files:  50% (2188/4376)
claim-one-reviewed-benbassat-task	Run actions/checkout@v4	2026-08-24T21:08:46.4533223Z Updating files:  51% (2232/4376)
claim-one-reviewed-benbassat-task	Run actions/checkout@v4	2026-08-24T21:08:46.4610378Z Updating files:  52% (2276/4376)
claim-one-reviewed-benbassat-task	Run actions/checkout@v4	2026-08-24T21:08:46.4725504Z Updating files:  53% (2320/4376)
claim-one-reviewed-benbassat-task	Run actions/checkout@v4	2026-08-24T21:08:46.4822312Z Updating files:  54% (2364/4376)
claim-one-reviewed-benbassat-task	Run actions/checkout@v4	2026-08-24T21:08:46.4882376Z Updating files:  55% (2407/4376)
claim-one-reviewed-benbassat-task	Run actions/checkout@v4	2026-08-24T21:08:46.5022641Z Updating files:  56% (2451/4376)
claim-one-reviewed-benbassat-task	Run actions/checkout@v4	2026-08-24T21:08:46.5124633Z Updating files:  57% (2495/4376)
claim-one-reviewed-benbassat-task	Run actions/checkout@v4	2026-08-24T21:08:46.5206052Z Updating files:  58% (2539/4376)
claim-one-reviewed-benbassat-task	Run actions/checkout@v4	2026-08-24T21:08:46.5311917Z Updating files:  59% (2582/4376)
claim-one-reviewed-benbassat-task	Run actions/checkout@v4	2026-08-24T21:08:46.5456532Z Updating files:  60% (2626/4376)
claim-one-reviewed-benbassat-task	Run actions/checkout@v4	2026-08-24T21:08:46.5545310Z Updating files:  61% (2670/4376)
claim-one-reviewed-benbassat-task	Run actions/checkout@v4	2026-08-24T21:08:46.5686085Z Updating files:  62% (2714/4376)
claim-one-reviewed-benbassat-task	Run actions/checkout@v4	2026-08-24T21:08:46.5757749Z Updating files:  63% (2757/4376)
claim-one-reviewed-benbassat-task	Run actions/checkout@v4	2026-08-24T21:08:46.5847408Z Updating files:  64% (2801/4376)
claim-one-reviewed-benbassat-task	Run actions/checkout@v4	2026-08-24T21:08:46.5935626Z Updating files:  65% (2845/4376)
claim-one-reviewed-benbassat-task	Run actions/checkout@v4	2026-08-24T21:08:46.6034833Z Updating files:  66% (2889/4376)
claim-one-reviewed-benbassat-task	Run actions/checkout@v4	2026-08-24T21:08:46.6127409Z Updating files:  67% (2932/4376)
claim-one-reviewed-benbassat-task	Run actions/checkout@v4	2026-08-24T21:08:46.6195352Z Updating files:  68% (2976/4376)
claim-one-reviewed-benbassat-task	Run actions/checkout@v4	2026-08-24T21:08:46.6271837Z Updating files:  69% (3020/4376)
claim-one-reviewed-benbassat-task	Run actions/checkout@v4	2026-08-24T21:08:46.6334540Z Updating files:  70% (3064/4376)
claim-one-reviewed-benbassat-task	Run actions/checkout@v4	2026-08-24T21:08:46.6416245Z Updating files:  71% (3107/4376)
claim-one-reviewed-benbassat-task	Run actions/checkout@v4	2026-08-24T21:08:46.6479110Z Updating files:  72% (3151/4376)
claim-one-reviewed-benbassat-task	Run actions/checkout@v4	2026-08-24T21:08:46.6541653Z Updating files:  73% (3195/4376)
claim-one-reviewed-benbassat-task	Run actions/checkout@v4	2026-08-24T21:08:46.6616026Z Updating files:  74% (3239/4376)
claim-one-reviewed-benbassat-task	Run actions/checkout@v4	2026-08-24T21:08:46.6681302Z Updating files:  75% (3282/4376)
claim-one-reviewed-benbassat-task	Run actions/checkout@v4	2026-08-24T21:08:46.6768801Z Updating files:  76% (3326/4376)
claim-one-reviewed-benbassat-task	Run actions/checkout@v4	2026-08-24T21:08:46.6835644Z Updating files:  77% (3370/4376)
claim-one-reviewed-benbassat-task	Run actions/checkout@v4	2026-08-24T21:08:46.6906149Z Updating files:  78% (3414/4376)
claim-one-reviewed-benbassat-task	Run actions/checkout@v4	2026-08-24T21:08:46.6978599Z Updating files:  79% (3458/4376)
claim-one-reviewed-benbassat-task	Run actions/checkout@v4	2026-08-24T21:08:46.7059797Z Updating files:  80% (3501/4376)
claim-one-reviewed-benbassat-task	Run actions/checkout@v4	2026-08-24T21:08:46.7121952Z Updating files:  81% (3545/4376)
claim-one-reviewed-benbassat-task	Run actions/checkout@v4	2026-08-24T21:08:46.7199371Z Updating files:  82% (3589/4376)
claim-one-reviewed-benbassat-task	Run actions/checkout@v4	2026-08-24T21:08:46.7267070Z Updating files:  83% (3633/4376)
claim-one-reviewed-benbassat-task	Run actions/checkout@v4	2026-08-24T21:08:46.7325264Z Updating files:  84% (3676/4376)
claim-one-reviewed-benbassat-task	Run actions/checkout@v4	2026-08-24T21:08:46.7407037Z Updating files:  85% (3720/4376)
claim-one-reviewed-benbassat-task	Run actions/checkout@v4	2026-08-24T21:08:46.7480261Z Updating files:  86% (3764/4376)
claim-one-reviewed-benbassat-task	Run actions/checkout@v4	2026-08-24T21:08:46.7533875Z Updating files:  87% (3808/4376)
claim-one-reviewed-benbassat-task	Run actions/checkout@v4	2026-08-24T21:08:46.7660591Z Updating files:  88% (3851/4376)
claim-one-reviewed-benbassat-task	Run actions/checkout@v4	2026-08-24T21:08:46.7716627Z Updating files:  89% (3895/4376)
claim-one-reviewed-benbassat-task	Run actions/checkout@v4	2026-08-24T21:08:46.7785709Z Updating files:  90% (3939/4376)
claim-one-reviewed-benbassat-task	Run actions/checkout@v4	2026-08-24T21:08:46.7840372Z Updating files:  91% (3983/4376)
claim-one-reviewed-benbassat-task	Run actions/checkout@v4	2026-08-24T21:08:46.7919282Z Updating files:  92% (4026/4376)
claim-one-reviewed-benbassat-task	Run actions/checkout@v4	2026-08-24T21:08:46.7953270Z Updating files:  93% (4070/4376)
claim-one-reviewed-benbassat-task	Run actions/checkout@v4	2026-08-24T21:08:46.7993683Z Updating files:  94% (4114/4376)
claim-one-reviewed-benbassat-task	Run actions/checkout@v4	2026-08-24T21:08:46.8038448Z Updating files:  95% (4158/4376)
claim-one-reviewed-benbassat-task	Run actions/checkout@v4	2026-08-24T21:08:46.8078163Z Updating files:  96% (4201/4376)
claim-one-reviewed-benbassat-task	Run actions/checkout@v4	2026-08-24T21:08:46.8112269Z Updating files:  97% (4245/4376)
claim-one-reviewed-benbassat-task	Run actions/checkout@v4	2026-08-24T21:08:46.8145551Z Updating files:  98% (4289/4376)
claim-one-reviewed-benbassat-task	Run actions/checkout@v4	2026-08-24T21:08:46.8302826Z Updating files:  99% (4333/4376)
claim-one-reviewed-benbassat-task	Run actions/checkout@v4	2026-08-24T21:08:46.8303260Z Updating files: 100% (4376/4376)
claim-one-reviewed-benbassat-task	Run actions/checkout@v4	2026-08-24T21:08:46.8303601Z Updating files: 100% (4376/4376), done.
claim-one-reviewed-benbassat-task	Run actions/checkout@v4	2026-08-24T21:08:46.8346955Z Note: switching to 'ed79424013b92460d16c01cad4e590eca01e6bff'.
claim-one-reviewed-benbassat-task	Run actions/checkout@v4	2026-08-24T21:08:46.8347481Z 
claim-one-reviewed-benbassat-task	Run actions/checkout@v4	2026-08-24T21:08:46.8347796Z You are in 'detached HEAD' state. You can look around, make experimental
claim-one-reviewed-benbassat-task	Run actions/checkout@v4	2026-08-24T21:08:46.8348679Z changes and commit them, and you can discard any commits you make in this
claim-one-reviewed-benbassat-task	Run actions/checkout@v4	2026-08-24T21:08:46.8349304Z state without impacting any branches by switching back to a branch.
claim-one-reviewed-benbassat-task	Run actions/checkout@v4	2026-08-24T21:08:46.8349874Z 
claim-one-reviewed-benbassat-task	Run actions/checkout@v4	2026-08-24T21:08:46.8350151Z If you want to create a new branch to retain commits you create, you may
claim-one-reviewed-benbassat-task	Run actions/checkout@v4	2026-08-24T21:08:46.8350607Z do so (now or later) by using -c with the switch command. Example:
claim-one-reviewed-benbassat-task	Run actions/checkout@v4	2026-08-24T21:08:46.8350861Z 
claim-one-reviewed-benbassat-task	Run actions/checkout@v4	2026-08-24T21:08:46.8350977Z   git switch -c <new-branch-name>
claim-one-reviewed-benbassat-task	Run actions/checkout@v4	2026-08-24T21:08:46.8351152Z 
claim-one-reviewed-benbassat-task	Run actions/checkout@v4	2026-08-24T21:08:46.8351260Z Or undo this operation with:
claim-one-reviewed-benbassat-task	Run actions/checkout@v4	2026-08-24T21:08:46.8351453Z 
claim-one-reviewed-benbassat-task	Run actions/checkout@v4	2026-08-24T21:08:46.8351790Z   git switch -
claim-one-reviewed-benbassat-task	Run actions/checkout@v4	2026-08-24T21:08:46.8351920Z 
claim-one-reviewed-benbassat-task	Run actions/checkout@v4	2026-08-24T21:08:46.8352140Z Turn off this advice by setting config variable advice.detachedHead to false
claim-one-reviewed-benbassat-task	Run actions/checkout@v4	2026-08-24T21:08:46.8352442Z 
claim-one-reviewed-benbassat-task	Run actions/checkout@v4	2026-08-24T21:08:46.8352622Z HEAD is now at ed794240 Star Trek: publish Alice (character) cycle
claim-one-reviewed-benbassat-task	Run actions/checkout@v4	2026-08-24T21:08:46.8485842Z ##[endgroup]
claim-one-reviewed-benbassat-task	Run actions/checkout@v4	2026-08-24T21:08:46.8534179Z [command]/usr/bin/git log -1 --format=%H
claim-one-reviewed-benbassat-task	Run actions/checkout@v4	2026-08-24T21:08:46.8564849Z ed79424013b92460d16c01cad4e590eca01e6bff
claim-one-reviewed-benbassat-task	Run actions/setup-node@v4	﻿2026-08-24T21:08:46.8821602Z Node 20 is being deprecated. This workflow is running with Node 24 by default. If you need to temporarily use Node 20, you can set the ACTIONS_ALLOW_USE_UNSECURE_NODE_VERSION=true environment variable. For more information see: https://github.blog/changelog/2025-09-19-deprecation-of-node-20-on-github-actions-runners/
claim-one-reviewed-benbassat-task	Run actions/setup-node@v4	2026-08-24T21:08:46.8823257Z ##[group]Run actions/setup-node@v4
claim-one-reviewed-benbassat-task	Run actions/setup-node@v4	2026-08-24T21:08:46.8823529Z with:
claim-one-reviewed-benbassat-task	Run actions/setup-node@v4	2026-08-24T21:08:46.8823741Z   node-version: 24
claim-one-reviewed-benbassat-task	Run actions/setup-node@v4	2026-08-24T21:08:46.8823985Z   cache: npm
claim-one-reviewed-benbassat-task	Run actions/setup-node@v4	2026-08-24T21:08:46.8824202Z   always-auth: false
claim-one-reviewed-benbassat-task	Run actions/setup-node@v4	2026-08-24T21:08:46.8824437Z   check-latest: false
claim-one-reviewed-benbassat-task	Run actions/setup-node@v4	2026-08-24T21:08:46.8826737Z   token: ***
claim-one-reviewed-benbassat-task	Run actions/setup-node@v4	2026-08-24T21:08:46.8826952Z env:
claim-one-reviewed-benbassat-task	Run actions/setup-node@v4	2026-08-24T21:08:46.8827217Z   EXPECTED_MAIN: ed79424013b92460d16c01cad4e590eca01e6bff
claim-one-reviewed-benbassat-task	Run actions/setup-node@v4	2026-08-24T21:08:46.8827590Z   EXPECTED_TREE: 7f9057770c8e622d71ef41b183811fe47fcdd6ed
claim-one-reviewed-benbassat-task	Run actions/setup-node@v4	2026-08-24T21:08:46.8828192Z   TASK_ID: ap_dd7d1c73ed237230cd6e1d0b
claim-one-reviewed-benbassat-task	Run actions/setup-node@v4	2026-08-24T21:08:46.8828506Z   EXPECTED_PERFORMER: Nolan North
claim-one-reviewed-benbassat-task	Run actions/setup-node@v4	2026-08-24T21:08:46.8828782Z   EXPECTED_CHARACTER: Benbassat
claim-one-reviewed-benbassat-task	Run actions/setup-node@v4	2026-08-24T21:08:46.8829228Z   EXPECTED_FINGERPRINT: 78e1384a3a11787064f98516e5759b55b33369d161067804c2d77f2ef6ef8885
claim-one-reviewed-benbassat-task	Run actions/setup-node@v4	2026-08-24T21:08:46.8829782Z   SOURCE_REVIEW_BRANCH: agent/star-trek-benbassat-source-review-result-v1
claim-one-reviewed-benbassat-task	Run actions/setup-node@v4	2026-08-24T21:08:46.8830281Z   SOURCE_REVIEW_PREFIX: transport/star-trek-benbassat-source-review-v1
claim-one-reviewed-benbassat-task	Run actions/setup-node@v4	2026-08-24T21:08:46.8830725Z   RESULT_BRANCH: agent/star-trek-benbassat-claim-result-v1
claim-one-reviewed-benbassat-task	Run actions/setup-node@v4	2026-08-24T21:08:46.8831106Z   OUT: /tmp/star-trek-benbassat-claim-recovery-v3
claim-one-reviewed-benbassat-task	Run actions/setup-node@v4	2026-08-24T21:08:46.8831724Z   REVIEW_ROOT: /tmp/star-trek-benbassat-claim-recovery-v3/review-package
claim-one-reviewed-benbassat-task	Run actions/setup-node@v4	2026-08-24T21:08:46.8834139Z   GH_TOKEN: ***
claim-one-reviewed-benbassat-task	Run actions/setup-node@v4	2026-08-24T21:08:46.8834362Z ##[endgroup]
claim-one-reviewed-benbassat-task	Run actions/setup-node@v4	2026-08-24T21:08:47.0246220Z (node:3009) [DEP0040] DeprecationWarning: The `punycode` module is deprecated. Please use a userland alternative instead.
claim-one-reviewed-benbassat-task	Run actions/setup-node@v4	2026-08-24T21:08:47.0247132Z (Use `node --trace-deprecation ...` to show where the warning was created)
claim-one-reviewed-benbassat-task	Run actions/setup-node@v4	2026-08-24T21:08:47.0255816Z Found in cache @ /opt/hostedtoolcache/node/24.19.0/x64
claim-one-reviewed-benbassat-task	Run actions/setup-node@v4	2026-08-24T21:08:47.0256728Z ##[group]Environment details
claim-one-reviewed-benbassat-task	Run actions/setup-node@v4	2026-08-24T21:08:47.4376215Z node: v24.19.0
claim-one-reviewed-benbassat-task	Run actions/setup-node@v4	2026-08-24T21:08:47.4376682Z npm: 11.17.0
claim-one-reviewed-benbassat-task	Run actions/setup-node@v4	2026-08-24T21:08:47.4377027Z yarn: 1.22.22
claim-one-reviewed-benbassat-task	Run actions/setup-node@v4	2026-08-24T21:08:47.4378816Z ##[endgroup]
claim-one-reviewed-benbassat-task	Run actions/setup-node@v4	2026-08-24T21:08:47.4423121Z [command]/opt/hostedtoolcache/node/24.19.0/x64/bin/npm config get cache
claim-one-reviewed-benbassat-task	Run actions/setup-node@v4	2026-08-24T21:08:47.5500824Z /home/runner/.npm
claim-one-reviewed-benbassat-task	Run actions/setup-node@v4	2026-08-24T21:08:47.6299613Z Cache hit for: node-cache-Linux-x64-npm-f15ee16cadfb16c2733639dda1f0b58735a8af6e775ef040c2dea200bcc3360b
claim-one-reviewed-benbassat-task	Run actions/setup-node@v4	2026-08-24T21:08:47.6442410Z (node:3009) [DEP0169] DeprecationWarning: `url.parse()` behavior is not standardized and prone to errors that have security implications. Use the WHATWG URL API instead. CVEs are not issued for `url.parse()` vulnerabilities.
claim-one-reviewed-benbassat-task	Run actions/setup-node@v4	2026-08-24T21:08:47.8276185Z Received 3853891 of 3853891 (100.0%), 25.9 MBs/sec
claim-one-reviewed-benbassat-task	Run actions/setup-node@v4	2026-08-24T21:08:47.8276806Z Cache Size: ~4 MB (3853891 B)
claim-one-reviewed-benbassat-task	Run actions/setup-node@v4	2026-08-24T21:08:47.8301740Z [command]/usr/bin/tar -xf /home/runner/work/_temp/c0541a9f-7bc1-4fd8-8ae4-4e23794133e0/cache.tzst -P -C /home/runner/work/undercast/undercast --use-compress-program unzstd
claim-one-reviewed-benbassat-task	Run actions/setup-node@v4	2026-08-24T21:08:47.8426164Z Cache restored successfully
claim-one-reviewed-benbassat-task	Run actions/setup-node@v4	2026-08-24T21:08:47.8432128Z Cache restored from key: node-cache-Linux-x64-npm-f15ee16cadfb16c2733639dda1f0b58735a8af6e775ef040c2dea200bcc3360b
claim-one-reviewed-benbassat-task	Verify immutable source review and exact claimable rail	﻿2026-08-24T21:08:47.8585231Z ##[group]Run set -Eeuo pipefail
claim-one-reviewed-benbassat-task	Verify immutable source review and exact claimable rail	2026-08-24T21:08:47.8585710Z ^[[36;1mset -Eeuo pipefail^[[0m
claim-one-reviewed-benbassat-task	Verify immutable source review and exact claimable rail	2026-08-24T21:08:47.8586017Z ^[[36;1mrm -rf "$OUT"^[[0m
claim-one-reviewed-benbassat-task	Verify immutable source review and exact claimable rail	2026-08-24T21:08:47.8586305Z ^[[36;1mmkdir -p "$REVIEW_ROOT"^[[0m
claim-one-reviewed-benbassat-task	Verify immutable source review and exact claimable rail	2026-08-24T21:08:47.8586733Z ^[[36;1mtest -z "$(git ls-remote --heads origin "refs/heads/${RESULT_BRANCH}")"^[[0m
claim-one-reviewed-benbassat-task	Verify immutable source review and exact claimable rail	2026-08-24T21:08:47.8587253Z ^[[36;1mgit fetch --no-tags origin main "$SOURCE_REVIEW_BRANCH"^[[0m
claim-one-reviewed-benbassat-task	Verify immutable source review and exact claimable rail	2026-08-24T21:08:47.8587662Z ^[[36;1mtest "$(git rev-parse HEAD)" = "$EXPECTED_MAIN"^[[0m
claim-one-reviewed-benbassat-task	Verify immutable source review and exact claimable rail	2026-08-24T21:08:47.8588488Z ^[[36;1mtest "$(git rev-parse refs/remotes/origin/main)" = "$EXPECTED_MAIN"^[[0m
claim-one-reviewed-benbassat-task	Verify immutable source review and exact claimable rail	2026-08-24T21:08:47.8588966Z ^[[36;1mtest "$(git show -s --format=%T HEAD)" = "$EXPECTED_TREE"^[[0m
claim-one-reviewed-benbassat-task	Verify immutable source review and exact claimable rail	2026-08-24T21:08:47.8589311Z ^[[36;1m^[[0m
claim-one-reviewed-benbassat-task	Verify immutable source review and exact claimable rail	2026-08-24T21:08:47.8589564Z ^[[36;1mpackage_extract="$OUT/package-extract"^[[0m
claim-one-reviewed-benbassat-task	Verify immutable source review and exact claimable rail	2026-08-24T21:08:47.8589897Z ^[[36;1mmkdir -p "$package_extract"^[[0m
claim-one-reviewed-benbassat-task	Verify immutable source review and exact claimable rail	2026-08-24T21:08:47.8590444Z ^[[36;1mgit archive "refs/remotes/origin/${SOURCE_REVIEW_BRANCH}" "$SOURCE_REVIEW_PREFIX" | tar -x -C "$package_extract"^[[0m
claim-one-reviewed-benbassat-task	Verify immutable source review and exact claimable rail	2026-08-24T21:08:47.8591140Z ^[[36;1mcp -a "$package_extract/$SOURCE_REVIEW_PREFIX"/. "$REVIEW_ROOT"/^[[0m
claim-one-reviewed-benbassat-task	Verify immutable source review and exact claimable rail	2026-08-24T21:08:47.8591526Z ^[[36;1m^[[0m
claim-one-reviewed-benbassat-task	Verify immutable source review and exact claimable rail	2026-08-24T21:08:47.8591784Z ^[[36;1mmanifest="$REVIEW_ROOT/manifest.sha256"^[[0m
claim-one-reviewed-benbassat-task	Verify immutable source review and exact claimable rail	2026-08-24T21:08:47.8592116Z ^[[36;1mtest -s "$manifest"^[[0m
claim-one-reviewed-benbassat-task	Verify immutable source review and exact claimable rail	2026-08-24T21:08:47.8592942Z ^[[36;1mmanifest_origin_root="$(awk '$2 ~ /\/source-review\.json$/ {path=$2; sub(/\/source-review\.json$/, "", path); print path; exit}' "$manifest")"^[[0m
claim-one-reviewed-benbassat-task	Verify immutable source review and exact claimable rail	2026-08-24T21:08:47.8593558Z ^[[36;1mtest -n "$manifest_origin_root"^[[0m
claim-one-reviewed-benbassat-task	Verify immutable source review and exact claimable rail	2026-08-24T21:08:47.8593882Z ^[[36;1mwhile read -r digest original_path; do^[[0m
claim-one-reviewed-benbassat-task	Verify immutable source review and exact claimable rail	2026-08-24T21:08:47.8594200Z ^[[36;1m  case "$original_path" in^[[0m
claim-one-reviewed-benbassat-task	Verify immutable source review and exact claimable rail	2026-08-24T21:08:47.8594606Z ^[[36;1m    "$manifest_origin_root"/*) rel="${original_path#"$manifest_origin_root"/}" ;;^[[0m
claim-one-reviewed-benbassat-task	Verify immutable source review and exact claimable rail	2026-08-24T21:08:47.8595161Z ^[[36;1m    *) echo "manifest path outside package root: $original_path" >&2; exit 1 ;;^[[0m
claim-one-reviewed-benbassat-task	Verify immutable source review and exact claimable rail	2026-08-24T21:08:47.8595562Z ^[[36;1m  esac^[[0m
claim-one-reviewed-benbassat-task	Verify immutable source review and exact claimable rail	2026-08-24T21:08:47.8595793Z ^[[36;1m  file="$REVIEW_ROOT/$rel"^[[0m
claim-one-reviewed-benbassat-task	Verify immutable source review and exact claimable rail	2026-08-24T21:08:47.8596065Z ^[[36;1m  test -f "$file"^[[0m
claim-one-reviewed-benbassat-task	Verify immutable source review and exact claimable rail	2026-08-24T21:08:47.8596392Z ^[[36;1m  test "$(sha256sum "$file" | awk '{print $1}')" = "$digest"^[[0m
claim-one-reviewed-benbassat-task	Verify immutable source review and exact claimable rail	2026-08-24T21:08:47.8596964Z ^[[36;1mdone < "$manifest"^[[0m
claim-one-reviewed-benbassat-task	Verify immutable source review and exact claimable rail	2026-08-24T21:08:47.8597210Z ^[[36;1m^[[0m
claim-one-reviewed-benbassat-task	Verify immutable source review and exact claimable rail	2026-08-24T21:08:47.8597414Z ^[[36;1mjq -e \^[[0m
claim-one-reviewed-benbassat-task	Verify immutable source review and exact claimable rail	2026-08-24T21:08:47.8597664Z ^[[36;1m  --arg parent "$EXPECTED_MAIN" \^[[0m
claim-one-reviewed-benbassat-task	Verify immutable source review and exact claimable rail	2026-08-24T21:08:47.8598233Z ^[[36;1m  --arg tree "$EXPECTED_TREE" \^[[0m
claim-one-reviewed-benbassat-task	Verify immutable source review and exact claimable rail	2026-08-24T21:08:47.8598535Z ^[[36;1m  --arg task "$TASK_ID" \^[[0m
claim-one-reviewed-benbassat-task	Verify immutable source review and exact claimable rail	2026-08-24T21:08:47.8598843Z ^[[36;1m  --arg performer "$EXPECTED_PERFORMER" \^[[0m
claim-one-reviewed-benbassat-task	Verify immutable source review and exact claimable rail	2026-08-24T21:08:47.8599236Z ^[[36;1m  --arg character "$EXPECTED_CHARACTER" \^[[0m
claim-one-reviewed-benbassat-task	Verify immutable source review and exact claimable rail	2026-08-24T21:08:47.8599674Z ^[[36;1m  --arg fp "$EXPECTED_FINGERPRINT" \^[[0m
claim-one-reviewed-benbassat-task	Verify immutable source review and exact claimable rail	2026-08-24T21:08:47.8600066Z ^[[36;1m  '.transaction == "STAR-TREK-BENBASSAT-SOURCE-REVIEW-V1"^[[0m
claim-one-reviewed-benbassat-task	Verify immutable source review and exact claimable rail	2026-08-24T21:08:47.8600442Z ^[[36;1m   and .verdict == "pass"^[[0m
claim-one-reviewed-benbassat-task	Verify immutable source review and exact claimable rail	2026-08-24T21:08:47.8600734Z ^[[36;1m   and .canonical_parent == $parent^[[0m
claim-one-reviewed-benbassat-task	Verify immutable source review and exact claimable rail	2026-08-24T21:08:47.8601049Z ^[[36;1m   and .canonical_tree == $tree^[[0m
claim-one-reviewed-benbassat-task	Verify immutable source review and exact claimable rail	2026-08-24T21:08:47.8601333Z ^[[36;1m   and .task.id == $task^[[0m
claim-one-reviewed-benbassat-task	Verify immutable source review and exact claimable rail	2026-08-24T21:08:47.8601628Z ^[[36;1m   and .task.performer == $performer^[[0m
claim-one-reviewed-benbassat-task	Verify immutable source review and exact claimable rail	2026-08-24T21:08:47.8601939Z ^[[36;1m   and .task.character == $character^[[0m
claim-one-reviewed-benbassat-task	Verify immutable source review and exact claimable rail	2026-08-24T21:08:47.8602261Z ^[[36;1m   and .task.source_fingerprint == $fp^[[0m
claim-one-reviewed-benbassat-task	Verify immutable source review and exact claimable rail	2026-08-24T21:08:47.8602574Z ^[[36;1m   and .task.status == "queued"^[[0m
claim-one-reviewed-benbassat-task	Verify immutable source review and exact claimable rail	2026-08-24T21:08:47.8602867Z ^[[36;1m   and .task.attempts == 0^[[0m
claim-one-reviewed-benbassat-task	Verify immutable source review and exact claimable rail	2026-08-24T21:08:47.8603237Z ^[[36;1m   and .production_source.series == "Star Trek: Picard"^[[0m
claim-one-reviewed-benbassat-task	Verify immutable source review and exact claimable rail	2026-08-24T21:08:47.8603637Z ^[[36;1m   and .production_source.title == "Võx"^[[0m
claim-one-reviewed-benbassat-task	Verify immutable source review and exact claimable rail	2026-08-24T21:08:47.8604024Z ^[[36;1m   and .production_source.first_aired == "13 April 2023"^[[0m
claim-one-reviewed-benbassat-task	Verify immutable source review and exact claimable rail	2026-08-24T21:08:47.8604422Z ^[[36;1m   and .adjudication.adjudicated_kind == "voice"^[[0m
claim-one-reviewed-benbassat-task	Verify immutable source review and exact claimable rail	2026-08-24T21:08:47.8604822Z ^[[36;1m   and .adjudication.performance_mode == "voice-only"^[[0m
claim-one-reviewed-benbassat-task	Verify immutable source review and exact claimable rail	2026-08-24T21:08:47.8605255Z ^[[36;1m   and .adjudication.physical_prosthetic_hint_accepted == false^[[0m
claim-one-reviewed-benbassat-task	Verify immutable source review and exact claimable rail	2026-08-24T21:08:47.8605926Z ^[[36;1m   and .adjudication.physical_performance_attributed == false^[[0m
claim-one-reviewed-benbassat-task	Verify immutable source review and exact claimable rail	2026-08-24T21:08:47.8606395Z ^[[36;1m   and .adjudication.prosthetic_performance_attributed == false^[[0m
claim-one-reviewed-benbassat-task	Verify immutable source review and exact claimable rail	2026-08-24T21:08:47.8606847Z ^[[36;1m   and .adjudication.animation_performance_attributed == false^[[0m
claim-one-reviewed-benbassat-task	Verify immutable source review and exact claimable rail	2026-08-24T21:08:47.8607293Z ^[[36;1m   and .adjudication.maker_attribution == "unresolved"^[[0m
claim-one-reviewed-benbassat-task	Verify immutable source review and exact claimable rail	2026-08-24T21:08:47.8607686Z ^[[36;1m   and .boundary.off_screen_voiceover == true^[[0m
claim-one-reviewed-benbassat-task	Verify immutable source review and exact claimable rail	2026-08-24T21:08:47.8608276Z ^[[36;1m   and .boundary.canonical_mutation == false^[[0m
claim-one-reviewed-benbassat-task	Verify immutable source review and exact claimable rail	2026-08-24T21:08:47.8608621Z ^[[36;1m   and .boundary.lease_taken == false^[[0m
claim-one-reviewed-benbassat-task	Verify immutable source review and exact claimable rail	2026-08-24T21:08:47.8608962Z ^[[36;1m   and .boundary.product_staged == false' \^[[0m
claim-one-reviewed-benbassat-task	Verify immutable source review and exact claimable rail	2026-08-24T21:08:47.8609322Z ^[[36;1m  "$REVIEW_ROOT/source-review.json" >/dev/null^[[0m
claim-one-reviewed-benbassat-task	Verify immutable source review and exact claimable rail	2026-08-24T21:08:47.8609654Z ^[[36;1mpython3 - <<'PY'^[[0m
claim-one-reviewed-benbassat-task	Verify immutable source review and exact claimable rail	2026-08-24T21:08:47.8609922Z ^[[36;1mfrom pathlib import Path^[[0m
claim-one-reviewed-benbassat-task	Verify immutable source review and exact claimable rail	2026-08-24T21:08:47.8610213Z ^[[36;1mimport hashlib, json, os^[[0m
claim-one-reviewed-benbassat-task	Verify immutable source review and exact claimable rail	2026-08-24T21:08:47.8610566Z ^[[36;1mpath = Path(os.environ['REVIEW_ROOT']) / 'source-review.json'^[[0m
claim-one-reviewed-benbassat-task	Verify immutable source review and exact claimable rail	2026-08-24T21:08:47.8611021Z ^[[36;1mpayload = json.loads(path.read_text())^[[0m
claim-one-reviewed-benbassat-task	Verify immutable source review and exact claimable rail	2026-08-24T21:08:47.8611357Z ^[[36;1mexpected = payload['review_sha256']^[[0m
claim-one-reviewed-benbassat-task	Verify immutable source review and exact claimable rail	2026-08-24T21:08:47.8611666Z ^[[36;1mbody = dict(payload)^[[0m
claim-one-reviewed-benbassat-task	Verify immutable source review and exact claimable rail	2026-08-24T21:08:47.8611942Z ^[[36;1mbody.pop('review_sha256', None)^[[0m
claim-one-reviewed-benbassat-task	Verify immutable source review and exact claimable rail	2026-08-24T21:08:47.8612245Z ^[[36;1mbody.pop('artifact', None)^[[0m
claim-one-reviewed-benbassat-task	Verify immutable source review and exact claimable rail	2026-08-24T21:08:47.8612523Z ^[[36;1mdef stable(value):^[[0m
claim-one-reviewed-benbassat-task	Verify immutable source review and exact claimable rail	2026-08-24T21:08:47.8612791Z ^[[36;1m    if isinstance(value, dict):^[[0m
claim-one-reviewed-benbassat-task	Verify immutable source review and exact claimable rail	2026-08-24T21:08:47.8613157Z ^[[36;1m        return {key: stable(value[key]) for key in sorted(value)}^[[0m
claim-one-reviewed-benbassat-task	Verify immutable source review and exact claimable rail	2026-08-24T21:08:47.8613537Z ^[[36;1m    if isinstance(value, list):^[[0m
claim-one-reviewed-benbassat-task	Verify immutable source review and exact claimable rail	2026-08-24T21:08:47.8613850Z ^[[36;1m        return [stable(item) for item in value]^[[0m
claim-one-reviewed-benbassat-task	Verify immutable source review and exact claimable rail	2026-08-24T21:08:47.8614163Z ^[[36;1m    return value^[[0m
claim-one-reviewed-benbassat-task	Verify immutable source review and exact claimable rail	2026-08-24T21:08:47.8614647Z ^[[36;1mactual = hashlib.sha256((json.dumps(stable(body), indent=2, ensure_ascii=False) + '\n').encode()).hexdigest()^[[0m
claim-one-reviewed-benbassat-task	Verify immutable source review and exact claimable rail	2026-08-24T21:08:47.8615174Z ^[[36;1mif actual != expected:^[[0m
claim-one-reviewed-benbassat-task	Verify immutable source review and exact claimable rail	2026-08-24T21:08:47.8615739Z ^[[36;1m    raise SystemExit(f'source review identity mismatch: {actual} != {expected}')^[[0m
claim-one-reviewed-benbassat-task	Verify immutable source review and exact claimable rail	2026-08-24T21:08:47.8616162Z ^[[36;1mPY^[[0m
claim-one-reviewed-benbassat-task	Verify immutable source review and exact claimable rail	2026-08-24T21:08:47.8616380Z ^[[36;1m^[[0m
claim-one-reviewed-benbassat-task	Verify immutable source review and exact claimable rail	2026-08-24T21:08:47.8616604Z ^[[36;1mnpm ci --ignore-scripts^[[0m
claim-one-reviewed-benbassat-task	Verify immutable source review and exact claimable rail	2026-08-24T21:08:47.8617020Z ^[[36;1mnode scripts/thesis-rails.mjs validate > "$OUT/thesis-validate-before.log"^[[0m
claim-one-reviewed-benbassat-task	Verify immutable source review and exact claimable rail	2026-08-24T21:08:47.8617574Z ^[[36;1mnode scripts/thesis-rails.mjs next --json > "$OUT/thesis-next-before.json"^[[0m
claim-one-reviewed-benbassat-task	Verify immutable source review and exact claimable rail	2026-08-24T21:08:47.8618132Z ^[[36;1mjq -e \^[[0m
claim-one-reviewed-benbassat-task	Verify immutable source review and exact claimable rail	2026-08-24T21:08:47.8618371Z ^[[36;1m  --arg task "$TASK_ID" \^[[0m
claim-one-reviewed-benbassat-task	Verify immutable source review and exact claimable rail	2026-08-24T21:08:47.8618681Z ^[[36;1m  --arg performer "$EXPECTED_PERFORMER" \^[[0m
claim-one-reviewed-benbassat-task	Verify immutable source review and exact claimable rail	2026-08-24T21:08:47.8619022Z ^[[36;1m  --arg character "$EXPECTED_CHARACTER" \^[[0m
claim-one-reviewed-benbassat-task	Verify immutable source review and exact claimable rail	2026-08-24T21:08:47.8619352Z ^[[36;1m  --arg fp "$EXPECTED_FINGERPRINT" \^[[0m
claim-one-reviewed-benbassat-task	Verify immutable source review and exact claimable rail	2026-08-24T21:08:47.8619682Z ^[[36;1m  '.phase == "ready-for-one-cycle"^[[0m
claim-one-reviewed-benbassat-task	Verify immutable source review and exact claimable rail	2026-08-24T21:08:47.8619988Z ^[[36;1m   and .estate_id == "star-trek"^[[0m
claim-one-reviewed-benbassat-task	Verify immutable source review and exact claimable rail	2026-08-24T21:08:47.8620287Z ^[[36;1m   and .scope_id == "star-trek"^[[0m
claim-one-reviewed-benbassat-task	Verify immutable source review and exact claimable rail	2026-08-24T21:08:47.8620585Z ^[[36;1m   and .candidate.task_id == $task^[[0m
claim-one-reviewed-benbassat-task	Verify immutable source review and exact claimable rail	2026-08-24T21:08:47.8620901Z ^[[36;1m   and .candidate.performer == $performer^[[0m
claim-one-reviewed-benbassat-task	Verify immutable source review and exact claimable rail	2026-08-24T21:08:47.8621228Z ^[[36;1m   and .candidate.character == $character^[[0m
claim-one-reviewed-benbassat-task	Verify immutable source review and exact claimable rail	2026-08-24T21:08:47.8621565Z ^[[36;1m   and .candidate.source_fingerprint == $fp^[[0m
claim-one-reviewed-benbassat-task	Verify immutable source review and exact claimable rail	2026-08-24T21:08:47.8621903Z ^[[36;1m   and .candidate.priority == 1330' \^[[0m
claim-one-reviewed-benbassat-task	Verify immutable source review and exact claimable rail	2026-08-24T21:08:47.8622231Z ^[[36;1m  "$OUT/thesis-next-before.json" >/dev/null^[[0m
claim-one-reviewed-benbassat-task	Verify immutable source review and exact claimable rail	2026-08-24T21:08:47.8622537Z ^[[36;1mnode - <<'NODE'^[[0m
claim-one-reviewed-benbassat-task	Verify immutable source review and exact claimable rail	2026-08-24T21:08:47.8622788Z ^[[36;1mconst fs = require('fs');^[[0m
claim-one-reviewed-benbassat-task	Verify immutable source review and exact claimable rail	2026-08-24T21:08:47.8623181Z ^[[36;1mconst state = JSON.parse(fs.readFileSync('data/AUTOPILOT.json', 'utf8'));^[[0m
claim-one-reviewed-benbassat-task	Verify immutable source review and exact claimable rail	2026-08-24T21:08:47.8623691Z ^[[36;1mconst trek = state.jobs.filter((row) => row.scope === 'star-trek');^[[0m
claim-one-reviewed-benbassat-task	Verify immutable source review and exact claimable rail	2026-08-24T21:08:47.8624303Z ^[[36;1mconst task = trek.find((row) => row.id === process.env.TASK_ID);^[[0m
claim-one-reviewed-benbassat-task	Verify immutable source review and exact claimable rail	2026-08-24T21:08:47.8624829Z ^[[36;1mconst active = trek.filter((row) => ['leased','drafted','merged'].includes(row.status));^[[0m
claim-one-reviewed-benbassat-task	Verify immutable source review and exact claimable rail	2026-08-24T21:08:47.8625283Z ^[[36;1mconst counts = {^[[0m
claim-one-reviewed-benbassat-task	Verify immutable source review and exact claimable rail	2026-08-24T21:08:47.8625536Z ^[[36;1m  total: trek.length,^[[0m
claim-one-reviewed-benbassat-task	Verify immutable source review and exact claimable rail	2026-08-24T21:08:47.8625876Z ^[[36;1m  queued: trek.filter((row) => row.status === 'queued').length,^[[0m
claim-one-reviewed-benbassat-task	Verify immutable source review and exact claimable rail	2026-08-24T21:08:47.8626337Z ^[[36;1m  resolved: trek.filter((row) => row.status === 'resolved').length,^[[0m
claim-one-reviewed-benbassat-task	Verify immutable source review and exact claimable rail	2026-08-24T21:08:47.8626788Z ^[[36;1m  blocked: trek.filter((row) => row.status === 'blocked').length,^[[0m
claim-one-reviewed-benbassat-task	Verify immutable source review and exact claimable rail	2026-08-24T21:08:47.8627232Z ^[[36;1m  rejected: trek.filter((row) => row.status === 'rejected').length,^[[0m
claim-one-reviewed-benbassat-task	Verify immutable source review and exact claimable rail	2026-08-24T21:08:47.8627606Z ^[[36;1m  in_flight: active.length,^[[0m
claim-one-reviewed-benbassat-task	Verify immutable source review and exact claimable rail	2026-08-24T21:08:47.8628014Z ^[[36;1m};^[[0m
claim-one-reviewed-benbassat-task	Verify immutable source review and exact claimable rail	2026-08-24T21:08:47.8628575Z ^[[36;1mif (!task || task.status !== 'queued' || Number(task.attempts || 0) !== 0 || task.lease != null) throw new Error('Benbassat is not an unclaimed queued task');^[[0m
claim-one-reviewed-benbassat-task	Verify immutable source review and exact claimable rail	2026-08-24T21:08:47.8629770Z ^[[36;1mif (task.performer !== process.env.EXPECTED_PERFORMER || task.character !== process.env.EXPECTED_CHARACTER || task.source_fingerprint !== process.env.EXPECTED_FINGERPRINT) throw new Error('Benbassat identity drifted');^[[0m
claim-one-reviewed-benbassat-task	Verify immutable source review and exact claimable rail	2026-08-24T21:08:47.8630761Z ^[[36;1mif (active.length !== 0) throw new Error('another Star Trek task is active');^[[0m
claim-one-reviewed-benbassat-task	Verify immutable source review and exact claimable rail	2026-08-24T21:08:47.8631331Z ^[[36;1mconst expected = {total:2228,queued:1798,resolved:428,blocked:0,rejected:2,in_flight:0};^[[0m
claim-one-reviewed-benbassat-task	Verify immutable source review and exact claimable rail	2026-08-24T21:08:47.8632066Z ^[[36;1mif (JSON.stringify(counts) !== JSON.stringify(expected)) throw new Error(`pre-claim queue drifted: ${JSON.stringify(counts)}`);^[[0m
claim-one-reviewed-benbassat-task	Verify immutable source review and exact claimable rail	2026-08-24T21:08:47.8632852Z ^[[36;1mfs.writeFileSync(process.env.OUT + '/pre-claim.json', JSON.stringify({task, counts}, null, 2) + '\n');^[[0m
claim-one-reviewed-benbassat-task	Verify immutable source review and exact claimable rail	2026-08-24T21:08:47.8633342Z ^[[36;1mNODE^[[0m
claim-one-reviewed-benbassat-task	Verify immutable source review and exact claimable rail	2026-08-24T21:08:47.8633697Z ^[[36;1mgh api "/repos/${GITHUB_REPOSITORY}/branches/main" > "$OUT/main-before.json"^[[0m
claim-one-reviewed-benbassat-task	Verify immutable source review and exact claimable rail	2026-08-24T21:08:47.8634226Z ^[[36;1mtest "$(jq -r .commit.sha "$OUT/main-before.json")" = "$EXPECTED_MAIN"^[[0m
claim-one-reviewed-benbassat-task	Verify immutable source review and exact claimable rail	2026-08-24T21:08:47.8690128Z shell: /usr/bin/bash --noprofile --norc -e -o pipefail {0}
claim-one-reviewed-benbassat-task	Verify immutable source review and exact claimable rail	2026-08-24T21:08:47.8690522Z env:
claim-one-reviewed-benbassat-task	Verify immutable source review and exact claimable rail	2026-08-24T21:08:47.8690812Z   EXPECTED_MAIN: ed79424013b92460d16c01cad4e590eca01e6bff
claim-one-reviewed-benbassat-task	Verify immutable source review and exact claimable rail	2026-08-24T21:08:47.8691201Z   EXPECTED_TREE: 7f9057770c8e622d71ef41b183811fe47fcdd6ed
claim-one-reviewed-benbassat-task	Verify immutable source review and exact claimable rail	2026-08-24T21:08:47.8691527Z   TASK_ID: ap_dd7d1c73ed237230cd6e1d0b
claim-one-reviewed-benbassat-task	Verify immutable source review and exact claimable rail	2026-08-24T21:08:47.8691818Z   EXPECTED_PERFORMER: Nolan North
claim-one-reviewed-benbassat-task	Verify immutable source review and exact claimable rail	2026-08-24T21:08:47.8692105Z   EXPECTED_CHARACTER: Benbassat
claim-one-reviewed-benbassat-task	Verify immutable source review and exact claimable rail	2026-08-24T21:08:47.8692532Z   EXPECTED_FINGERPRINT: 78e1384a3a11787064f98516e5759b55b33369d161067804c2d77f2ef6ef8885
claim-one-reviewed-benbassat-task	Verify immutable source review and exact claimable rail	2026-08-24T21:08:47.8693099Z   SOURCE_REVIEW_BRANCH: agent/star-trek-benbassat-source-review-result-v1
claim-one-reviewed-benbassat-task	Verify immutable source review and exact claimable rail	2026-08-24T21:08:47.8693794Z   SOURCE_REVIEW_PREFIX: transport/star-trek-benbassat-source-review-v1
claim-one-reviewed-benbassat-task	Verify immutable source review and exact claimable rail	2026-08-24T21:08:47.8694254Z   RESULT_BRANCH: agent/star-trek-benbassat-claim-result-v1
claim-one-reviewed-benbassat-task	Verify immutable source review and exact claimable rail	2026-08-24T21:08:47.8694653Z   OUT: /tmp/star-trek-benbassat-claim-recovery-v3
claim-one-reviewed-benbassat-task	Verify immutable source review and exact claimable rail	2026-08-24T21:08:47.8695082Z   REVIEW_ROOT: /tmp/star-trek-benbassat-claim-recovery-v3/review-package
claim-one-reviewed-benbassat-task	Verify immutable source review and exact claimable rail	2026-08-24T21:08:47.8697700Z   GH_TOKEN: ***
claim-one-reviewed-benbassat-task	Verify immutable source review and exact claimable rail	2026-08-24T21:08:47.8698099Z ##[endgroup]
claim-one-reviewed-benbassat-task	Verify immutable source review and exact claimable rail	2026-08-24T21:08:48.7059123Z From https://github.com/BigBirdReturns/undercast
claim-one-reviewed-benbassat-task	Verify immutable source review and exact claimable rail	2026-08-24T21:08:48.7060214Z  * branch              main       -> FETCH_HEAD
claim-one-reviewed-benbassat-task	Verify immutable source review and exact claimable rail	2026-08-24T21:08:48.7061172Z  * branch              agent/star-trek-benbassat-source-review-result-v1 -> FETCH_HEAD
claim-one-reviewed-benbassat-task	Verify immutable source review and exact claimable rail	2026-08-24T21:08:49.6317160Z 
claim-one-reviewed-benbassat-task	Verify immutable source review and exact claimable rail	2026-08-24T21:08:49.6318302Z added 4 packages, and audited 5 packages in 731ms
claim-one-reviewed-benbassat-task	Verify immutable source review and exact claimable rail	2026-08-24T21:08:49.6318662Z 
claim-one-reviewed-benbassat-task	Verify immutable source review and exact claimable rail	2026-08-24T21:08:49.6319098Z 1 package is looking for funding
claim-one-reviewed-benbassat-task	Verify immutable source review and exact claimable rail	2026-08-24T21:08:49.6319713Z   run `npm fund` for details
claim-one-reviewed-benbassat-task	Verify immutable source review and exact claimable rail	2026-08-24T21:08:49.6328339Z 
claim-one-reviewed-benbassat-task	Verify immutable source review and exact claimable rail	2026-08-24T21:08:49.6328648Z found 0 vulnerabilities
claim-one-reviewed-benbassat-task	Take exactly one repository-native lease	﻿2026-08-24T21:08:52.1281942Z ##[group]Run set -Eeuo pipefail
claim-one-reviewed-benbassat-task	Take exactly one repository-native lease	2026-08-24T21:08:52.1282344Z ^[[36;1mset -Eeuo pipefail^[[0m
claim-one-reviewed-benbassat-task	Take exactly one repository-native lease	2026-08-24T21:08:52.1282616Z ^[[36;1mmkdir -p .luna^[[0m
claim-one-reviewed-benbassat-task	Take exactly one repository-native lease	2026-08-24T21:08:52.1282882Z ^[[36;1mnpm run autopilot -- next \^[[0m
claim-one-reviewed-benbassat-task	Take exactly one repository-native lease	2026-08-24T21:08:52.1283183Z ^[[36;1m  --agent luna \^[[0m
claim-one-reviewed-benbassat-task	Take exactly one repository-native lease	2026-08-24T21:08:52.1283467Z ^[[36;1m  --scope star-trek \^[[0m
claim-one-reviewed-benbassat-task	Take exactly one repository-native lease	2026-08-24T21:08:52.1283768Z ^[[36;1m  --capability-profile text-vision \^[[0m
claim-one-reviewed-benbassat-task	Take exactly one repository-native lease	2026-08-24T21:08:52.1284081Z ^[[36;1m  --limit 1 \^[[0m
claim-one-reviewed-benbassat-task	Take exactly one repository-native lease	2026-08-24T21:08:52.1284350Z ^[[36;1m  --out .luna/batch.json \^[[0m
claim-one-reviewed-benbassat-task	Take exactly one repository-native lease	2026-08-24T21:08:52.1284668Z ^[[36;1m  --prompt .luna/AUTOPILOT-PROMPT.md \^[[0m
claim-one-reviewed-benbassat-task	Take exactly one repository-native lease	2026-08-24T21:08:52.1285004Z ^[[36;1m  | tee "$OUT/autopilot-next.log"^[[0m
claim-one-reviewed-benbassat-task	Take exactly one repository-native lease	2026-08-24T21:08:52.1285324Z ^[[36;1mcp .luna/batch.json "$OUT/batch.json"^[[0m
claim-one-reviewed-benbassat-task	Take exactly one repository-native lease	2026-08-24T21:08:52.1285710Z ^[[36;1mcp .luna/AUTOPILOT-PROMPT.md "$OUT/AUTOPILOT-PROMPT.md"^[[0m
claim-one-reviewed-benbassat-task	Take exactly one repository-native lease	2026-08-24T21:08:52.1286261Z ^[[36;1mjq -e --arg task "$TASK_ID" '.tasks | length == 1 and .[0].id == $task' "$OUT/batch.json" >/dev/null^[[0m
claim-one-reviewed-benbassat-task	Take exactly one repository-native lease	2026-08-24T21:08:52.1286780Z ^[[36;1mnode - <<'NODE'^[[0m
claim-one-reviewed-benbassat-task	Take exactly one repository-native lease	2026-08-24T21:08:52.1287044Z ^[[36;1mconst fs = require('fs');^[[0m
claim-one-reviewed-benbassat-task	Take exactly one repository-native lease	2026-08-24T21:08:52.1287467Z ^[[36;1mconst state = JSON.parse(fs.readFileSync('data/AUTOPILOT.json', 'utf8'));^[[0m
claim-one-reviewed-benbassat-task	Take exactly one repository-native lease	2026-08-24T21:08:52.1288390Z ^[[36;1mconst trek = state.jobs.filter((row) => row.scope === 'star-trek');^[[0m
claim-one-reviewed-benbassat-task	Take exactly one repository-native lease	2026-08-24T21:08:52.1288887Z ^[[36;1mconst task = trek.find((row) => row.id === process.env.TASK_ID);^[[0m
claim-one-reviewed-benbassat-task	Take exactly one repository-native lease	2026-08-24T21:08:52.1289416Z ^[[36;1mconst active = trek.filter((row) => ['leased','drafted','merged'].includes(row.status));^[[0m
claim-one-reviewed-benbassat-task	Take exactly one repository-native lease	2026-08-24T21:08:52.1289866Z ^[[36;1mconst counts = {^[[0m
claim-one-reviewed-benbassat-task	Take exactly one repository-native lease	2026-08-24T21:08:52.1290126Z ^[[36;1m  total: trek.length,^[[0m
claim-one-reviewed-benbassat-task	Take exactly one repository-native lease	2026-08-24T21:08:52.1290475Z ^[[36;1m  queued: trek.filter((row) => row.status === 'queued').length,^[[0m
claim-one-reviewed-benbassat-task	Take exactly one repository-native lease	2026-08-24T21:08:52.1290936Z ^[[36;1m  resolved: trek.filter((row) => row.status === 'resolved').length,^[[0m
claim-one-reviewed-benbassat-task	Take exactly one repository-native lease	2026-08-24T21:08:52.1291399Z ^[[36;1m  blocked: trek.filter((row) => row.status === 'blocked').length,^[[0m
claim-one-reviewed-benbassat-task	Take exactly one repository-native lease	2026-08-24T21:08:52.1291845Z ^[[36;1m  rejected: trek.filter((row) => row.status === 'rejected').length,^[[0m
claim-one-reviewed-benbassat-task	Take exactly one repository-native lease	2026-08-24T21:08:52.1292227Z ^[[36;1m  in_flight: active.length,^[[0m
claim-one-reviewed-benbassat-task	Take exactly one repository-native lease	2026-08-24T21:08:52.1292503Z ^[[36;1m};^[[0m
claim-one-reviewed-benbassat-task	Take exactly one repository-native lease	2026-08-24T21:08:52.1293039Z ^[[36;1mif (!task || task.status !== 'leased' || !task.lease?.id || !task.lease?.readiness_token) throw new Error('Benbassat lease was not created');^[[0m
claim-one-reviewed-benbassat-task	Take exactly one repository-native lease	2026-08-24T21:08:52.1294097Z ^[[36;1mif (active.length !== 1 || active[0].id !== process.env.TASK_ID) throw new Error('claim created more than one active Star Trek task');^[[0m
claim-one-reviewed-benbassat-task	Take exactly one repository-native lease	2026-08-24T21:08:52.1294847Z ^[[36;1mconst expected = {total:2228,queued:1797,resolved:428,blocked:0,rejected:2,in_flight:1};^[[0m
claim-one-reviewed-benbassat-task	Take exactly one repository-native lease	2026-08-24T21:08:52.1295603Z ^[[36;1mif (JSON.stringify(counts) !== JSON.stringify(expected)) throw new Error(`post-claim queue drifted: ${JSON.stringify(counts)}`);^[[0m
claim-one-reviewed-benbassat-task	Take exactly one repository-native lease	2026-08-24T21:08:52.1296421Z ^[[36;1mfs.writeFileSync(process.env.OUT + '/post-claim.json', JSON.stringify({task, counts, active}, null, 2) + '\n');^[[0m
claim-one-reviewed-benbassat-task	Take exactly one repository-native lease	2026-08-24T21:08:52.1297072Z ^[[36;1mfs.writeFileSync(process.env.OUT + '/lease-id.txt', task.lease.id + '\n');^[[0m
claim-one-reviewed-benbassat-task	Take exactly one repository-native lease	2026-08-24T21:08:52.1297496Z ^[[36;1mNODE^[[0m
claim-one-reviewed-benbassat-task	Take exactly one repository-native lease	2026-08-24T21:08:52.1297721Z ^[[36;1mrm -rf .luna^[[0m
claim-one-reviewed-benbassat-task	Take exactly one repository-native lease	2026-08-24T21:08:52.1298404Z ^[[36;1mgit diff --name-only | LC_ALL=C sort > "$OUT/claim-paths.txt"^[[0m
claim-one-reviewed-benbassat-task	Take exactly one repository-native lease	2026-08-24T21:08:52.1298805Z ^[[36;1mtest -s "$OUT/claim-paths.txt"^[[0m
claim-one-reviewed-benbassat-task	Take exactly one repository-native lease	2026-08-24T21:08:52.1299111Z ^[[36;1mwhile read -r path; do^[[0m
claim-one-reviewed-benbassat-task	Take exactly one repository-native lease	2026-08-24T21:08:52.1299387Z ^[[36;1m  case "$path" in^[[0m
claim-one-reviewed-benbassat-task	Take exactly one repository-native lease	2026-08-24T21:08:52.1299856Z ^[[36;1m    data/AUTOPILOT.json|data/ESTATE-REGISTRY.json|data/journal/*|data/AUTOPILOT-JOURNAL.jsonl) ;;^[[0m
claim-one-reviewed-benbassat-task	Take exactly one repository-native lease	2026-08-24T21:08:52.1300419Z ^[[36;1m    *) echo "unexpected claim mutation: $path" >&2; exit 1 ;;^[[0m
claim-one-reviewed-benbassat-task	Take exactly one repository-native lease	2026-08-24T21:08:52.1300769Z ^[[36;1m  esac^[[0m
claim-one-reviewed-benbassat-task	Take exactly one repository-native lease	2026-08-24T21:08:52.1301005Z ^[[36;1mdone < "$OUT/claim-paths.txt"^[[0m
claim-one-reviewed-benbassat-task	Take exactly one repository-native lease	2026-08-24T21:08:52.1301441Z ^[[36;1mgh api "/repos/${GITHUB_REPOSITORY}/branches/main" > "$OUT/main-after-claim.json"^[[0m
claim-one-reviewed-benbassat-task	Take exactly one repository-native lease	2026-08-24T21:08:52.1301999Z ^[[36;1mtest "$(jq -r .commit.sha "$OUT/main-after-claim.json")" = "$EXPECTED_MAIN"^[[0m
claim-one-reviewed-benbassat-task	Take exactly one repository-native lease	2026-08-24T21:08:52.1345892Z shell: /usr/bin/bash --noprofile --norc -e -o pipefail {0}
claim-one-reviewed-benbassat-task	Take exactly one repository-native lease	2026-08-24T21:08:52.1346260Z env:
claim-one-reviewed-benbassat-task	Take exactly one repository-native lease	2026-08-24T21:08:52.1346554Z   EXPECTED_MAIN: ed79424013b92460d16c01cad4e590eca01e6bff
claim-one-reviewed-benbassat-task	Take exactly one repository-native lease	2026-08-24T21:08:52.1346940Z   EXPECTED_TREE: 7f9057770c8e622d71ef41b183811fe47fcdd6ed
claim-one-reviewed-benbassat-task	Take exactly one repository-native lease	2026-08-24T21:08:52.1347267Z   TASK_ID: ap_dd7d1c73ed237230cd6e1d0b
claim-one-reviewed-benbassat-task	Take exactly one repository-native lease	2026-08-24T21:08:52.1347568Z   EXPECTED_PERFORMER: Nolan North
claim-one-reviewed-benbassat-task	Take exactly one repository-native lease	2026-08-24T21:08:52.1347979Z   EXPECTED_CHARACTER: Benbassat
claim-one-reviewed-benbassat-task	Take exactly one repository-native lease	2026-08-24T21:08:52.1348407Z   EXPECTED_FINGERPRINT: 78e1384a3a11787064f98516e5759b55b33369d161067804c2d77f2ef6ef8885
claim-one-reviewed-benbassat-task	Take exactly one repository-native lease	2026-08-24T21:08:52.1348985Z   SOURCE_REVIEW_BRANCH: agent/star-trek-benbassat-source-review-result-v1
claim-one-reviewed-benbassat-task	Take exactly one repository-native lease	2026-08-24T21:08:52.1349486Z   SOURCE_REVIEW_PREFIX: transport/star-trek-benbassat-source-review-v1
claim-one-reviewed-benbassat-task	Take exactly one repository-native lease	2026-08-24T21:08:52.1349947Z   RESULT_BRANCH: agent/star-trek-benbassat-claim-result-v1
claim-one-reviewed-benbassat-task	Take exactly one repository-native lease	2026-08-24T21:08:52.1350360Z   OUT: /tmp/star-trek-benbassat-claim-recovery-v3
claim-one-reviewed-benbassat-task	Take exactly one repository-native lease	2026-08-24T21:08:52.1351048Z   REVIEW_ROOT: /tmp/star-trek-benbassat-claim-recovery-v3/review-package
claim-one-reviewed-benbassat-task	Take exactly one repository-native lease	2026-08-24T21:08:52.1353815Z   GH_TOKEN: ***
claim-one-reviewed-benbassat-task	Take exactly one repository-native lease	2026-08-24T21:08:52.1354258Z ##[endgroup]
claim-one-reviewed-benbassat-task	Take exactly one repository-native lease	2026-08-24T21:08:52.2435310Z 
claim-one-reviewed-benbassat-task	Take exactly one repository-native lease	2026-08-24T21:08:52.2435918Z > undercast@0.1.0 autopilot
claim-one-reviewed-benbassat-task	Take exactly one repository-native lease	2026-08-24T21:08:52.2438053Z > node scripts/autopilot.mjs next --agent luna --scope star-trek --capability-profile text-vision --limit 1 --out .luna/batch.json --prompt .luna/AUTOPILOT-PROMPT.md
claim-one-reviewed-benbassat-task	Take exactly one repository-native lease	2026-08-24T21:08:52.2439234Z 
claim-one-reviewed-benbassat-task	Take exactly one repository-native lease	2026-08-24T21:08:53.5404062Z 
claim-one-reviewed-benbassat-task	Take exactly one repository-native lease	2026-08-24T21:08:53.5406001Z UNDERCAST invariant gate — PASS
claim-one-reviewed-benbassat-task	Take exactly one repository-native lease	2026-08-24T21:08:53.5408109Z   specimens: 1365  sources: 1365  image refs: 2035
claim-one-reviewed-benbassat-task	Take exactly one repository-native lease	2026-08-24T21:08:53.5411276Z   profiles checked (30): schema.specimen, schema.source, schema.archive, schema.census_test, schema.census_manifest, schema.tombstones, schema.entities, schema.species_vocabulary, schema.species, schema.constellations, id.unique, ref.integrity, image.no_in_card_dup, image.crop_policy, image.no_cross_card_dup, sources.consistency, id.lifecycle, url.safety, claims.evidence, projection.consistency, media.consistency, entities.consistency, constellation.integrity, quality.non_regression, census.consistency, species.navigation_integrity, census.observation_freshness, census.ferengi_benchmark, contract.consistency, crawler.discovery
claim-one-reviewed-benbassat-task	Take exactly one repository-native lease	2026-08-24T21:08:53.5414205Z   no invariant violations.
claim-one-reviewed-benbassat-task	Take exactly one repository-native lease	2026-08-24T21:08:53.5414433Z 
claim-one-reviewed-benbassat-task	Take exactly one repository-native lease	2026-08-24T21:08:54.1935737Z PASS — star-trek may claim up to 8 task(s)
claim-one-reviewed-benbassat-task	Take exactly one repository-native lease	2026-08-24T21:08:55.0770620Z media audit star-trek: 956/956 complete (100.0%); verified=683 absent=273 review=0 attention=0
claim-one-reviewed-benbassat-task	Take exactly one repository-native lease	2026-08-24T21:08:55.0772504Z   portrait: 478/478 complete; verified=258 absent=220 review=0 attention=0
claim-one-reviewed-benbassat-task	Take exactly one repository-native lease	2026-08-24T21:08:55.0776590Z   still: 478/478 complete; verified=425 absent=53 review=0 attention=0
claim-one-reviewed-benbassat-task	Take exactly one repository-native lease	2026-08-24T21:08:55.0778227Z PASS — star-trek exact-subject media baseline complete
claim-one-reviewed-benbassat-task	Take exactly one repository-native lease	2026-08-24T21:08:59.4791753Z {
claim-one-reviewed-benbassat-task	Take exactly one repository-native lease	2026-08-24T21:08:59.4792218Z   "version": 1,
claim-one-reviewed-benbassat-task	Take exactly one repository-native lease	2026-08-24T21:08:59.4792875Z   "lease_id": "lease_151ba8f5efac7d922ea2f8c2",
claim-one-reviewed-benbassat-task	Take exactly one repository-native lease	2026-08-24T21:08:59.4793423Z   "agent": "luna",
claim-one-reviewed-benbassat-task	Take exactly one repository-native lease	2026-08-24T21:08:59.4793953Z   "claimed_at": "2026-08-24T21:08:59.273Z",
claim-one-reviewed-benbassat-task	Take exactly one repository-native lease	2026-08-24T21:08:59.4794712Z   "expires_at": "2026-08-24T23:08:59.273Z",
claim-one-reviewed-benbassat-task	Take exactly one repository-native lease	2026-08-24T21:08:59.4795175Z   "readiness": {
claim-one-reviewed-benbassat-task	Take exactly one repository-native lease	2026-08-24T21:08:59.4795682Z     "scope_id": "star-trek",
claim-one-reviewed-benbassat-task	Take exactly one repository-native lease	2026-08-24T21:08:59.4796321Z     "lease_token": "c4caadf9d95dc19ed9a29795bb288fce68ac8580fda6da8eb8847fa5829bcbee",
claim-one-reviewed-benbassat-task	Take exactly one repository-native lease	2026-08-24T21:08:59.4797377Z     "producer_sha256": "f72e3dedb00e8f4487da2b02af02780c73b359fd887c99f350fcaf78dc9db59a",
claim-one-reviewed-benbassat-task	Take exactly one repository-native lease	2026-08-24T21:08:59.4798705Z     "contract_sha256": "95c0ec569361cdebf296035268341dc74669692b9b7ceec77afaac5c48bb6da7",
claim-one-reviewed-benbassat-task	Take exactly one repository-native lease	2026-08-24T21:08:59.4799621Z     "coverage_sha256": "771d393fc293f15da8487a61d4008f5408f99f652219f7dfc4b35f45dae556b5",
claim-one-reviewed-benbassat-task	Take exactly one repository-native lease	2026-08-24T21:08:59.4800416Z     "manifest_sha256": "e5ea03a77e4d7ab62e108e6a9816d421dcf48268323e2fbba0324f5ff18867cf"
claim-one-reviewed-benbassat-task	Take exactly one repository-native lease	2026-08-24T21:08:59.4800978Z   },
claim-one-reviewed-benbassat-task	Take exactly one repository-native lease	2026-08-24T21:08:59.4801518Z   "selection": {
claim-one-reviewed-benbassat-task	Take exactly one repository-native lease	2026-08-24T21:08:59.4801923Z     "strategy": "priority-compatible",
claim-one-reviewed-benbassat-task	Take exactly one repository-native lease	2026-08-24T21:08:59.4802629Z     "profile_id": "text-vision",
claim-one-reviewed-benbassat-task	Take exactly one repository-native lease	2026-08-24T21:08:59.4803290Z     "policy_sha256": "07fcbefca2326ec964a2a8ca3bdb29924976bbe4c906d6ef5cc019a1b1889c19",
claim-one-reviewed-benbassat-task	Take exactly one repository-native lease	2026-08-24T21:08:59.4803925Z     "profile_capabilities": [],
claim-one-reviewed-benbassat-task	Take exactly one repository-native lease	2026-08-24T21:08:59.4804480Z     "requested_task_id": null,
claim-one-reviewed-benbassat-task	Take exactly one repository-native lease	2026-08-24T21:08:59.4805144Z     "basis": "Highest-priority queued tasks compatible with the reviewed capability profile."
claim-one-reviewed-benbassat-task	Take exactly one repository-native lease	2026-08-24T21:08:59.4805773Z   },
claim-one-reviewed-benbassat-task	Take exactly one repository-native lease	2026-08-24T21:08:59.4806104Z   "tasks": [
claim-one-reviewed-benbassat-task	Take exactly one repository-native lease	2026-08-24T21:08:59.4806547Z     {
claim-one-reviewed-benbassat-task	Take exactly one repository-native lease	2026-08-24T21:08:59.4807097Z       "id": "ap_dd7d1c73ed237230cd6e1d0b",
claim-one-reviewed-benbassat-task	Take exactly one repository-native lease	2026-08-24T21:08:59.4807526Z       "scope": "star-trek",
claim-one-reviewed-benbassat-task	Take exactly one repository-native lease	2026-08-24T21:08:59.4808283Z       "franchise": "Star Trek",
claim-one-reviewed-benbassat-task	Take exactly one repository-native lease	2026-08-24T21:08:59.4808720Z       "category": [
claim-one-reviewed-benbassat-task	Take exactly one repository-native lease	2026-08-24T21:08:59.4809122Z         "Individuals"
claim-one-reviewed-benbassat-task	Take exactly one repository-native lease	2026-08-24T21:08:59.4809507Z       ],
claim-one-reviewed-benbassat-task	Take exactly one repository-native lease	2026-08-24T21:08:59.4809902Z       "character": "Benbassat",
claim-one-reviewed-benbassat-task	Take exactly one repository-native lease	2026-08-24T21:08:59.4810379Z       "performer": "Nolan North",
claim-one-reviewed-benbassat-task	Take exactly one repository-native lease	2026-08-24T21:08:59.4810832Z       "performance_modes": [
claim-one-reviewed-benbassat-task	Take exactly one repository-native lease	2026-08-24T21:08:59.4811321Z         "physical-prosthetic"
claim-one-reviewed-benbassat-task	Take exactly one repository-native lease	2026-08-24T21:08:59.4811699Z       ],
claim-one-reviewed-benbassat-task	Take exactly one repository-native lease	2026-08-24T21:08:59.4812048Z       "required_capabilities": [],
claim-one-reviewed-benbassat-task	Take exactly one repository-native lease	2026-08-24T21:08:59.4812629Z       "capability_reasons": [],
claim-one-reviewed-benbassat-task	Take exactly one repository-native lease	2026-08-24T21:08:59.4813019Z       "sources": [
claim-one-reviewed-benbassat-task	Take exactly one repository-native lease	2026-08-24T21:08:59.4813514Z         "https://memory-alpha.fandom.com/wiki/Benbassat"
claim-one-reviewed-benbassat-task	Take exactly one repository-native lease	2026-08-24T21:08:59.4814008Z       ],
claim-one-reviewed-benbassat-task	Take exactly one repository-native lease	2026-08-24T21:08:59.4814375Z       "source_receipts": [
claim-one-reviewed-benbassat-task	Take exactly one repository-native lease	2026-08-24T21:08:59.4814799Z         {
claim-one-reviewed-benbassat-task	Take exactly one repository-native lease	2026-08-24T21:08:59.4815311Z           "source": "https://memory-alpha.fandom.com/wiki/Benbassat",
claim-one-reviewed-benbassat-task	Take exactly one repository-native lease	2026-08-24T21:08:59.4816057Z           "pageid": 289255,
claim-one-reviewed-benbassat-task	Take exactly one repository-native lease	2026-08-24T21:08:59.4816505Z           "revision": 3413441,
claim-one-reviewed-benbassat-task	Take exactly one repository-native lease	2026-08-24T21:08:59.4817046Z           "timestamp": "2026-01-29T01:53:27Z",
claim-one-reviewed-benbassat-task	Take exactly one repository-native lease	2026-08-24T21:08:59.4817716Z           "content_sha256": "2d849a4cd9344a57086628fc1a35d153512e814ec659c1e230ed7006da79b6e1"
claim-one-reviewed-benbassat-task	Take exactly one repository-native lease	2026-08-24T21:08:59.4818477Z         }
claim-one-reviewed-benbassat-task	Take exactly one repository-native lease	2026-08-24T21:08:59.4818949Z       ],
claim-one-reviewed-benbassat-task	Take exactly one repository-native lease	2026-08-24T21:08:59.4819555Z       "source_fingerprint": "78e1384a3a11787064f98516e5759b55b33369d161067804c2d77f2ef6ef8885",
claim-one-reviewed-benbassat-task	Take exactly one repository-native lease	2026-08-24T21:08:59.4820252Z       "performer_on_wall": true,
claim-one-reviewed-benbassat-task	Take exactly one repository-native lease	2026-08-24T21:08:59.4820770Z       "priority": 1330,
claim-one-reviewed-benbassat-task	Take exactly one repository-native lease	2026-08-24T21:08:59.4821374Z       "attempt": 1
claim-one-reviewed-benbassat-task	Take exactly one repository-native lease	2026-08-24T21:08:59.4821771Z     }
claim-one-reviewed-benbassat-task	Take exactly one repository-native lease	2026-08-24T21:08:59.4822120Z   ]
claim-one-reviewed-benbassat-task	Take exactly one repository-native lease	2026-08-24T21:08:59.4822630Z }
claim-one-reviewed-benbassat-task	Commit bounded lease and permanent claim receipt	﻿2026-08-24T21:09:00.7574554Z ##[group]Run set -Eeuo pipefail
claim-one-reviewed-benbassat-task	Commit bounded lease and permanent claim receipt	2026-08-24T21:09:00.7574979Z ^[[36;1mset -Eeuo pipefail^[[0m
claim-one-reviewed-benbassat-task	Commit bounded lease and permanent claim receipt	2026-08-24T21:09:00.7575293Z ^[[36;1mlease_id="$(cat "$OUT/lease-id.txt")"^[[0m
claim-one-reviewed-benbassat-task	Commit bounded lease and permanent claim receipt	2026-08-24T21:09:00.7575738Z ^[[36;1mreview_sha="$(jq -r .review_sha256 "$REVIEW_ROOT/source-review.json")"^[[0m
claim-one-reviewed-benbassat-task	Commit bounded lease and permanent claim receipt	2026-08-24T21:09:00.7576174Z ^[[36;1mnode - "$lease_id" "$review_sha" <<'NODE'^[[0m
claim-one-reviewed-benbassat-task	Commit bounded lease and permanent claim receipt	2026-08-24T21:09:00.7576498Z ^[[36;1mconst fs = require('fs');^[[0m
claim-one-reviewed-benbassat-task	Commit bounded lease and permanent claim receipt	2026-08-24T21:09:00.7576797Z ^[[36;1mconst crypto = require('crypto');^[[0m
claim-one-reviewed-benbassat-task	Commit bounded lease and permanent claim receipt	2026-08-24T21:09:00.7577119Z ^[[36;1mconst leaseId = process.argv[2];^[[0m
claim-one-reviewed-benbassat-task	Commit bounded lease and permanent claim receipt	2026-08-24T21:09:00.7577437Z ^[[36;1mconst reviewSha = process.argv[3];^[[0m
claim-one-reviewed-benbassat-task	Commit bounded lease and permanent claim receipt	2026-08-24T21:09:00.7578167Z ^[[36;1mconst pre = JSON.parse(fs.readFileSync(process.env.OUT + '/pre-claim.json'));^[[0m
claim-one-reviewed-benbassat-task	Commit bounded lease and permanent claim receipt	2026-08-24T21:09:00.7578760Z ^[[36;1mconst post = JSON.parse(fs.readFileSync(process.env.OUT + '/post-claim.json'));^[[0m
claim-one-reviewed-benbassat-task	Commit bounded lease and permanent claim receipt	2026-08-24T21:09:00.7579381Z ^[[36;1mconst rail = JSON.parse(fs.readFileSync(process.env.OUT + '/thesis-next-before.json'));^[[0m
claim-one-reviewed-benbassat-task	Commit bounded lease and permanent claim receipt	2026-08-24T21:09:00.7580103Z ^[[36;1mconst paths = fs.readFileSync(process.env.OUT + '/claim-paths.txt', 'utf8').trim().split(/\n/).filter(Boolean);^[[0m
claim-one-reviewed-benbassat-task	Commit bounded lease and permanent claim receipt	2026-08-24T21:09:00.7580631Z ^[[36;1mconst receipt = {^[[0m
claim-one-reviewed-benbassat-task	Commit bounded lease and permanent claim receipt	2026-08-24T21:09:00.7580891Z ^[[36;1m  version: 3,^[[0m
claim-one-reviewed-benbassat-task	Commit bounded lease and permanent claim receipt	2026-08-24T21:09:00.7581197Z ^[[36;1m  transaction: 'STAR-TREK-BENBASSAT-CLAIM-V1',^[[0m
claim-one-reviewed-benbassat-task	Commit bounded lease and permanent claim receipt	2026-08-24T21:09:00.7581580Z ^[[36;1m  canonical_parent: process.env.EXPECTED_MAIN,^[[0m
claim-one-reviewed-benbassat-task	Commit bounded lease and permanent claim receipt	2026-08-24T21:09:00.7581939Z ^[[36;1m  canonical_tree: process.env.EXPECTED_TREE,^[[0m
claim-one-reviewed-benbassat-task	Commit bounded lease and permanent claim receipt	2026-08-24T21:09:00.7582251Z ^[[36;1m  task: {^[[0m
claim-one-reviewed-benbassat-task	Commit bounded lease and permanent claim receipt	2026-08-24T21:09:00.7582513Z ^[[36;1m    id: post.task.id,^[[0m
claim-one-reviewed-benbassat-task	Commit bounded lease and permanent claim receipt	2026-08-24T21:09:00.7582804Z ^[[36;1m    performer: post.task.performer,^[[0m
claim-one-reviewed-benbassat-task	Commit bounded lease and permanent claim receipt	2026-08-24T21:09:00.7583127Z ^[[36;1m    character: post.task.character,^[[0m
claim-one-reviewed-benbassat-task	Commit bounded lease and permanent claim receipt	2026-08-24T21:09:00.7583476Z ^[[36;1m    source_fingerprint: post.task.source_fingerprint,^[[0m
claim-one-reviewed-benbassat-task	Commit bounded lease and permanent claim receipt	2026-08-24T21:09:00.7583846Z ^[[36;1m    status: post.task.status,^[[0m
claim-one-reviewed-benbassat-task	Commit bounded lease and permanent claim receipt	2026-08-24T21:09:00.7584151Z ^[[36;1m    attempts: post.task.attempts,^[[0m
claim-one-reviewed-benbassat-task	Commit bounded lease and permanent claim receipt	2026-08-24T21:09:00.7584439Z ^[[36;1m  },^[[0m
claim-one-reviewed-benbassat-task	Commit bounded lease and permanent claim receipt	2026-08-24T21:09:00.7584667Z ^[[36;1m  lease: post.task.lease,^[[0m
claim-one-reviewed-benbassat-task	Commit bounded lease and permanent claim receipt	2026-08-24T21:09:00.7584950Z ^[[36;1m  source_review: {^[[0m
claim-one-reviewed-benbassat-task	Commit bounded lease and permanent claim receipt	2026-08-24T21:09:00.7585247Z ^[[36;1m    branch: process.env.SOURCE_REVIEW_BRANCH,^[[0m
claim-one-reviewed-benbassat-task	Commit bounded lease and permanent claim receipt	2026-08-24T21:09:00.7585574Z ^[[36;1m    review_sha256: reviewSha,^[[0m
claim-one-reviewed-benbassat-task	Commit bounded lease and permanent claim receipt	2026-08-24T21:09:00.7585852Z ^[[36;1m    verdict: 'pass',^[[0m
claim-one-reviewed-benbassat-task	Commit bounded lease and permanent claim receipt	2026-08-24T21:09:00.7586136Z ^[[36;1m    adjudicated_kind: 'voice',^[[0m
claim-one-reviewed-benbassat-task	Commit bounded lease and permanent claim receipt	2026-08-24T21:09:00.7586449Z ^[[36;1m    performance_mode: 'voice-only',^[[0m
claim-one-reviewed-benbassat-task	Commit bounded lease and permanent claim receipt	2026-08-24T21:09:00.7586770Z ^[[36;1m    production: 'Star Trek: Picard',^[[0m
claim-one-reviewed-benbassat-task	Commit bounded lease and permanent claim receipt	2026-08-24T21:09:00.7587088Z ^[[36;1m    episode: 'Võx',^[[0m
claim-one-reviewed-benbassat-task	Commit bounded lease and permanent claim receipt	2026-08-24T21:09:00.7587381Z ^[[36;1m    first_aired: '13 April 2023',^[[0m
claim-one-reviewed-benbassat-task	Commit bounded lease and permanent claim receipt	2026-08-24T21:09:00.7587665Z ^[[36;1m  },^[[0m
claim-one-reviewed-benbassat-task	Commit bounded lease and permanent claim receipt	2026-08-24T21:09:00.7588087Z ^[[36;1m  rail: {^[[0m
claim-one-reviewed-benbassat-task	Commit bounded lease and permanent claim receipt	2026-08-24T21:09:00.7588373Z ^[[36;1m    phase: rail.phase,^[[0m
claim-one-reviewed-benbassat-task	Commit bounded lease and permanent claim receipt	2026-08-24T21:09:00.7588667Z ^[[36;1m    task_id: rail.candidate.task_id,^[[0m
claim-one-reviewed-benbassat-task	Commit bounded lease and permanent claim receipt	2026-08-24T21:09:00.7589018Z ^[[36;1m    strategy: post.task.lease.selection?.strategy,^[[0m
claim-one-reviewed-benbassat-task	Commit bounded lease and permanent claim receipt	2026-08-24T21:09:00.7589427Z ^[[36;1m    profile_id: post.task.lease.selection?.profile_id,^[[0m
claim-one-reviewed-benbassat-task	Commit bounded lease and permanent claim receipt	2026-08-24T21:09:00.7589765Z ^[[36;1m  },^[[0m
claim-one-reviewed-benbassat-task	Commit bounded lease and permanent claim receipt	2026-08-24T21:09:00.7590034Z ^[[36;1m  queue: {before: pre.counts, after: post.counts},^[[0m
claim-one-reviewed-benbassat-task	Commit bounded lease and permanent claim receipt	2026-08-24T21:09:00.7590369Z ^[[36;1m  changed_paths: paths,^[[0m
claim-one-reviewed-benbassat-task	Commit bounded lease and permanent claim receipt	2026-08-24T21:09:00.7590638Z ^[[36;1m  boundary: {^[[0m
claim-one-reviewed-benbassat-task	Commit bounded lease and permanent claim receipt	2026-08-24T21:09:00.7590898Z ^[[36;1m    additional_lease_issued: false,^[[0m
claim-one-reviewed-benbassat-task	Commit bounded lease and permanent claim receipt	2026-08-24T21:09:00.7591206Z ^[[36;1m    canonical_mutation: false,^[[0m
claim-one-reviewed-benbassat-task	Commit bounded lease and permanent claim receipt	2026-08-24T21:09:00.7591495Z ^[[36;1m    product_staged: false,^[[0m
claim-one-reviewed-benbassat-task	Commit bounded lease and permanent claim receipt	2026-08-24T21:09:00.7591780Z ^[[36;1m    off_screen_voiceover: true,^[[0m
claim-one-reviewed-benbassat-task	Commit bounded lease and permanent claim receipt	2026-08-24T21:09:00.7592100Z ^[[36;1m    physical_prosthetic_hint_accepted: false,^[[0m
claim-one-reviewed-benbassat-task	Commit bounded lease and permanent claim receipt	2026-08-24T21:09:00.7592462Z ^[[36;1m    physical_performance_attributed: false,^[[0m
claim-one-reviewed-benbassat-task	Commit bounded lease and permanent claim receipt	2026-08-24T21:09:00.7593014Z ^[[36;1m    prosthetic_performance_attributed: false,^[[0m
claim-one-reviewed-benbassat-task	Commit bounded lease and permanent claim receipt	2026-08-24T21:09:00.7593368Z ^[[36;1m    animation_performance_attributed: false,^[[0m
claim-one-reviewed-benbassat-task	Commit bounded lease and permanent claim receipt	2026-08-24T21:09:00.7593880Z ^[[36;1m    maker_attribution: 'unresolved',^[[0m
claim-one-reviewed-benbassat-task	Commit bounded lease and permanent claim receipt	2026-08-24T21:09:00.7594204Z ^[[36;1m    transformation_measured: false,^[[0m
claim-one-reviewed-benbassat-task	Commit bounded lease and permanent claim receipt	2026-08-24T21:09:00.7594490Z ^[[36;1m  },^[[0m
claim-one-reviewed-benbassat-task	Commit bounded lease and permanent claim receipt	2026-08-24T21:09:00.7594697Z ^[[36;1m};^[[0m
claim-one-reviewed-benbassat-task	Commit bounded lease and permanent claim receipt	2026-08-24T21:09:00.7594961Z ^[[36;1mconst stable = (value) => Array.isArray(value)^[[0m
claim-one-reviewed-benbassat-task	Commit bounded lease and permanent claim receipt	2026-08-24T21:09:00.7595294Z ^[[36;1m  ? value.map(stable)^[[0m
claim-one-reviewed-benbassat-task	Commit bounded lease and permanent claim receipt	2026-08-24T21:09:00.7595579Z ^[[36;1m  : value && typeof value === 'object'^[[0m
claim-one-reviewed-benbassat-task	Commit bounded lease and permanent claim receipt	2026-08-24T21:09:00.7596055Z ^[[36;1m    ? Object.fromEntries(Object.keys(value).sort().map((key) => [key, stable(value[key])]))^[[0m
claim-one-reviewed-benbassat-task	Commit bounded lease and permanent claim receipt	2026-08-24T21:09:00.7596508Z ^[[36;1m    : value;^[[0m
claim-one-reviewed-benbassat-task	Commit bounded lease and permanent claim receipt	2026-08-24T21:09:00.7596836Z ^[[36;1mconst body = JSON.stringify(stable(receipt), null, 2) + '\n';^[[0m
claim-one-reviewed-benbassat-task	Commit bounded lease and permanent claim receipt	2026-08-24T21:09:00.7597362Z ^[[36;1mreceipt.receipt_sha256 = crypto.createHash('sha256').update(body).digest('hex');^[[0m
claim-one-reviewed-benbassat-task	Commit bounded lease and permanent claim receipt	2026-08-24T21:09:00.7598219Z ^[[36;1mfs.mkdirSync('data/review/adapter-sdk', {recursive: true});^[[0m
claim-one-reviewed-benbassat-task	Commit bounded lease and permanent claim receipt	2026-08-24T21:09:00.7598901Z ^[[36;1mfs.writeFileSync('data/review/adapter-sdk/star-trek-benbassat-claim.json', JSON.stringify(stable(receipt), null, 2) + '\n');^[[0m
claim-one-reviewed-benbassat-task	Commit bounded lease and permanent claim receipt	2026-08-24T21:09:00.7599724Z ^[[36;1mfs.writeFileSync(process.env.OUT + '/claim-receipt.json', JSON.stringify(stable(receipt), null, 2) + '\n');^[[0m
claim-one-reviewed-benbassat-task	Commit bounded lease and permanent claim receipt	2026-08-24T21:09:00.7600225Z ^[[36;1mNODE^[[0m
claim-one-reviewed-benbassat-task	Commit bounded lease and permanent claim receipt	2026-08-24T21:09:00.7600442Z ^[[36;1mjq -e \^[[0m
claim-one-reviewed-benbassat-task	Commit bounded lease and permanent claim receipt	2026-08-24T21:09:00.7600686Z ^[[36;1m  --arg task "$TASK_ID" \^[[0m
claim-one-reviewed-benbassat-task	Commit bounded lease and permanent claim receipt	2026-08-24T21:09:00.7600972Z ^[[36;1m  --arg lease "$lease_id" \^[[0m
claim-one-reviewed-benbassat-task	Commit bounded lease and permanent claim receipt	2026-08-24T21:09:00.7601301Z ^[[36;1m  '.transaction == "STAR-TREK-BENBASSAT-CLAIM-V1"^[[0m
claim-one-reviewed-benbassat-task	Commit bounded lease and permanent claim receipt	2026-08-24T21:09:00.7601640Z ^[[36;1m   and .task.id == $task^[[0m
claim-one-reviewed-benbassat-task	Commit bounded lease and permanent claim receipt	2026-08-24T21:09:00.7601924Z ^[[36;1m   and .task.status == "leased"^[[0m
claim-one-reviewed-benbassat-task	Commit bounded lease and permanent claim receipt	2026-08-24T21:09:00.7602214Z ^[[36;1m   and .lease.id == $lease^[[0m
claim-one-reviewed-benbassat-task	Commit bounded lease and permanent claim receipt	2026-08-24T21:09:00.7602545Z ^[[36;1m   and .source_review.performance_mode == "voice-only"^[[0m
claim-one-reviewed-benbassat-task	Commit bounded lease and permanent claim receipt	2026-08-24T21:09:00.7602962Z ^[[36;1m   and .source_review.production == "Star Trek: Picard"^[[0m
claim-one-reviewed-benbassat-task	Commit bounded lease and permanent claim receipt	2026-08-24T21:09:00.7603337Z ^[[36;1m   and .source_review.episode == "Võx"^[[0m
claim-one-reviewed-benbassat-task	Commit bounded lease and permanent claim receipt	2026-08-24T21:09:00.7603696Z ^[[36;1m   and .queue.before.in_flight == 0^[[0m
claim-one-reviewed-benbassat-task	Commit bounded lease and permanent claim receipt	2026-08-24T21:09:00.7604014Z ^[[36;1m   and .queue.after.in_flight == 1^[[0m
claim-one-reviewed-benbassat-task	Commit bounded lease and permanent claim receipt	2026-08-24T21:09:00.7604366Z ^[[36;1m   and .boundary.additional_lease_issued == false^[[0m
claim-one-reviewed-benbassat-task	Commit bounded lease and permanent claim receipt	2026-08-24T21:09:00.7604738Z ^[[36;1m   and .boundary.canonical_mutation == false^[[0m
claim-one-reviewed-benbassat-task	Commit bounded lease and permanent claim receipt	2026-08-24T21:09:00.7605092Z ^[[36;1m   and .boundary.product_staged == false' \^[[0m
claim-one-reviewed-benbassat-task	Commit bounded lease and permanent claim receipt	2026-08-24T21:09:00.7605431Z ^[[36;1m  "$OUT/claim-receipt.json" >/dev/null^[[0m
claim-one-reviewed-benbassat-task	Commit bounded lease and permanent claim receipt	2026-08-24T21:09:00.7605733Z ^[[36;1m^[[0m
claim-one-reviewed-benbassat-task	Commit bounded lease and permanent claim receipt	2026-08-24T21:09:00.7605995Z ^[[36;1mgit checkout -b benbassat-claim-product-v3^[[0m
claim-one-reviewed-benbassat-task	Commit bounded lease and permanent claim receipt	2026-08-24T21:09:00.7606628Z ^[[36;1mgit add data/AUTOPILOT.json data/ESTATE-REGISTRY.json data/journal data/review/adapter-sdk/star-trek-benbassat-claim.json^[[0m
claim-one-reviewed-benbassat-task	Commit bounded lease and permanent claim receipt	2026-08-24T21:09:00.7607388Z ^[[36;1mif test -f data/AUTOPILOT-JOURNAL.jsonl; then git add data/AUTOPILOT-JOURNAL.jsonl; fi^[[0m
claim-one-reviewed-benbassat-task	Commit bounded lease and permanent claim receipt	2026-08-24T21:09:00.7608185Z ^[[36;1mgit diff --cached --name-only | LC_ALL=C sort > "$OUT/staged-paths.txt"^[[0m
claim-one-reviewed-benbassat-task	Commit bounded lease and permanent claim receipt	2026-08-24T21:09:00.7608832Z ^[[36;1mtest "$(grep -c '^data/review/adapter-sdk/star-trek-benbassat-claim.json$' "$OUT/staged-paths.txt")" = 1^[[0m
claim-one-reviewed-benbassat-task	Commit bounded lease and permanent claim receipt	2026-08-24T21:09:00.7609436Z ^[[36;1mgit config user.name undercast-benbassat-claim-recovery^[[0m
claim-one-reviewed-benbassat-task	Commit bounded lease and permanent claim receipt	2026-08-24T21:09:00.7609967Z ^[[36;1mgit config user.email undercast-benbassat-claim-recovery@users.noreply.github.com^[[0m
claim-one-reviewed-benbassat-task	Commit bounded lease and permanent claim receipt	2026-08-24T21:09:00.7610474Z ^[[36;1mgit commit -m 'Star Trek: claim Benbassat cycle'^[[0m
claim-one-reviewed-benbassat-task	Commit bounded lease and permanent claim receipt	2026-08-24T21:09:00.7610831Z ^[[36;1mclaim_commit="$(git rev-parse HEAD)"^[[0m
claim-one-reviewed-benbassat-task	Commit bounded lease and permanent claim receipt	2026-08-24T21:09:00.7611185Z ^[[36;1mclaim_tree="$(git show -s --format=%T HEAD)"^[[0m
claim-one-reviewed-benbassat-task	Commit bounded lease and permanent claim receipt	2026-08-24T21:09:00.7611590Z ^[[36;1mtest "$(git show -s --format=%P HEAD)" = "$EXPECTED_MAIN"^[[0m
claim-one-reviewed-benbassat-task	Commit bounded lease and permanent claim receipt	2026-08-24T21:09:00.7612301Z ^[[36;1mjq --arg commit "$claim_commit" --arg tree "$claim_tree" '.claim_commit=$commit | .claim_tree=$tree' "$OUT/claim-receipt.json" > "$OUT/claim-receipt.tmp"^[[0m
claim-one-reviewed-benbassat-task	Commit bounded lease and permanent claim receipt	2026-08-24T21:09:00.7613159Z ^[[36;1mmv "$OUT/claim-receipt.tmp" "$OUT/claim-receipt.json"^[[0m
claim-one-reviewed-benbassat-task	Commit bounded lease and permanent claim receipt	2026-08-24T21:09:00.7613898Z ^[[36;1mfind "$OUT" -type f ! -name manifest.sha256 -print0 | LC_ALL=C sort -z | xargs -0 sha256sum > "$OUT/manifest.sha256"^[[0m
claim-one-reviewed-benbassat-task	Commit bounded lease and permanent claim receipt	2026-08-24T21:09:00.7614532Z ^[[36;1mtest -z "$(git ls-remote --heads origin "refs/heads/${RESULT_BRANCH}")"^[[0m
claim-one-reviewed-benbassat-task	Commit bounded lease and permanent claim receipt	2026-08-24T21:09:00.7614995Z ^[[36;1mgit push origin "HEAD:refs/heads/${RESULT_BRANCH}"^[[0m
claim-one-reviewed-benbassat-task	Commit bounded lease and permanent claim receipt	2026-08-24T21:09:00.7655214Z shell: /usr/bin/bash --noprofile --norc -e -o pipefail {0}
claim-one-reviewed-benbassat-task	Commit bounded lease and permanent claim receipt	2026-08-24T21:09:00.7655583Z env:
claim-one-reviewed-benbassat-task	Commit bounded lease and permanent claim receipt	2026-08-24T21:09:00.7655874Z   EXPECTED_MAIN: ed79424013b92460d16c01cad4e590eca01e6bff
claim-one-reviewed-benbassat-task	Commit bounded lease and permanent claim receipt	2026-08-24T21:09:00.7656260Z   EXPECTED_TREE: 7f9057770c8e622d71ef41b183811fe47fcdd6ed
claim-one-reviewed-benbassat-task	Commit bounded lease and permanent claim receipt	2026-08-24T21:09:00.7656599Z   TASK_ID: ap_dd7d1c73ed237230cd6e1d0b
claim-one-reviewed-benbassat-task	Commit bounded lease and permanent claim receipt	2026-08-24T21:09:00.7656900Z   EXPECTED_PERFORMER: Nolan North
claim-one-reviewed-benbassat-task	Commit bounded lease and permanent claim receipt	2026-08-24T21:09:00.7657184Z   EXPECTED_CHARACTER: Benbassat
claim-one-reviewed-benbassat-task	Commit bounded lease and permanent claim receipt	2026-08-24T21:09:00.7657621Z   EXPECTED_FINGERPRINT: 78e1384a3a11787064f98516e5759b55b33369d161067804c2d77f2ef6ef8885
claim-one-reviewed-benbassat-task	Commit bounded lease and permanent claim receipt	2026-08-24T21:09:00.7658407Z   SOURCE_REVIEW_BRANCH: agent/star-trek-benbassat-source-review-result-v1
claim-one-reviewed-benbassat-task	Commit bounded lease and permanent claim receipt	2026-08-24T21:09:00.7658925Z   SOURCE_REVIEW_PREFIX: transport/star-trek-benbassat-source-review-v1
claim-one-reviewed-benbassat-task	Commit bounded lease and permanent claim receipt	2026-08-24T21:09:00.7659373Z   RESULT_BRANCH: agent/star-trek-benbassat-claim-result-v1
claim-one-reviewed-benbassat-task	Commit bounded lease and permanent claim receipt	2026-08-24T21:09:00.7659761Z   OUT: /tmp/star-trek-benbassat-claim-recovery-v3
claim-one-reviewed-benbassat-task	Commit bounded lease and permanent claim receipt	2026-08-24T21:09:00.7660204Z   REVIEW_ROOT: /tmp/star-trek-benbassat-claim-recovery-v3/review-package
claim-one-reviewed-benbassat-task	Commit bounded lease and permanent claim receipt	2026-08-24T21:09:00.7662763Z   GH_TOKEN: ***
claim-one-reviewed-benbassat-task	Commit bounded lease and permanent claim receipt	2026-08-24T21:09:00.7663011Z ##[endgroup]
claim-one-reviewed-benbassat-task	Commit bounded lease and permanent claim receipt	2026-08-24T21:09:00.8186989Z Switched to a new branch 'benbassat-claim-product-v3'
claim-one-reviewed-benbassat-task	Commit bounded lease and permanent claim receipt	2026-08-24T21:09:01.9410756Z [benbassat-claim-product-v3 0a7e2ed0] Star Trek: claim Benbassat cycle
claim-one-reviewed-benbassat-task	Commit bounded lease and permanent claim receipt	2026-08-24T21:09:01.9411577Z  3 files changed, 104 insertions(+), 4 deletions(-)
claim-one-reviewed-benbassat-task	Commit bounded lease and permanent claim receipt	2026-08-24T21:09:01.9412238Z  create mode 100644 data/review/adapter-sdk/star-trek-benbassat-claim.json
claim-one-reviewed-benbassat-task	Commit bounded lease and permanent claim receipt	2026-08-24T21:09:07.4472506Z remote: 
claim-one-reviewed-benbassat-task	Commit bounded lease and permanent claim receipt	2026-08-24T21:09:07.4473993Z remote: Create a pull request for 'agent/star-trek-benbassat-claim-result-v1' on GitHub by visiting:        
claim-one-reviewed-benbassat-task	Commit bounded lease and permanent claim receipt	2026-08-24T21:09:07.4475670Z remote:      https://github.com/BigBirdReturns/undercast/pull/new/agent/star-trek-benbassat-claim-result-v1        
claim-one-reviewed-benbassat-task	Commit bounded lease and permanent claim receipt	2026-08-24T21:09:07.4476711Z remote: 
claim-one-reviewed-benbassat-task	Commit bounded lease and permanent claim receipt	2026-08-24T21:09:07.4504278Z To https://github.com/BigBirdReturns/undercast
claim-one-reviewed-benbassat-task	Commit bounded lease and permanent claim receipt	2026-08-24T21:09:07.4505073Z  * [new branch]        HEAD -> agent/star-trek-benbassat-claim-result-v1
claim-one-reviewed-benbassat-task	Upload Benbassat claim evidence	﻿2026-08-24T21:09:07.4598587Z Node 20 is being deprecated. This workflow is running with Node 24 by default. If you need to temporarily use Node 20, you can set the ACTIONS_ALLOW_USE_UNSECURE_NODE_VERSION=true environment variable. For more information see: https://github.blog/changelog/2025-09-19-deprecation-of-node-20-on-github-actions-runners/
claim-one-reviewed-benbassat-task	Upload Benbassat claim evidence	2026-08-24T21:09:07.4599797Z ##[group]Run actions/upload-artifact@v4
claim-one-reviewed-benbassat-task	Upload Benbassat claim evidence	2026-08-24T21:09:07.4600105Z with:
claim-one-reviewed-benbassat-task	Upload Benbassat claim evidence	2026-08-24T21:09:07.4600365Z   name: star-trek-benbassat-claim-recovery-v3
claim-one-reviewed-benbassat-task	Upload Benbassat claim evidence	2026-08-24T21:09:07.4600754Z   path: /tmp/star-trek-benbassat-claim-recovery-v3/
claim-one-reviewed-benbassat-task	Upload Benbassat claim evidence	2026-08-24T21:09:07.4601094Z   if-no-files-found: error
claim-one-reviewed-benbassat-task	Upload Benbassat claim evidence	2026-08-24T21:09:07.4601350Z   retention-days: 30
claim-one-reviewed-benbassat-task	Upload Benbassat claim evidence	2026-08-24T21:09:07.4601593Z   compression-level: 6
claim-one-reviewed-benbassat-task	Upload Benbassat claim evidence	2026-08-24T21:09:07.4601836Z   overwrite: false
claim-one-reviewed-benbassat-task	Upload Benbassat claim evidence	2026-08-24T21:09:07.4602082Z   include-hidden-files: false
claim-one-reviewed-benbassat-task	Upload Benbassat claim evidence	2026-08-24T21:09:07.4602340Z env:
claim-one-reviewed-benbassat-task	Upload Benbassat claim evidence	2026-08-24T21:09:07.4602603Z   EXPECTED_MAIN: ed79424013b92460d16c01cad4e590eca01e6bff
claim-one-reviewed-benbassat-task	Upload Benbassat claim evidence	2026-08-24T21:09:07.4602981Z   EXPECTED_TREE: 7f9057770c8e622d71ef41b183811fe47fcdd6ed
claim-one-reviewed-benbassat-task	Upload Benbassat claim evidence	2026-08-24T21:09:07.4603343Z   TASK_ID: ap_dd7d1c73ed237230cd6e1d0b
claim-one-reviewed-benbassat-task	Upload Benbassat claim evidence	2026-08-24T21:09:07.4603636Z   EXPECTED_PERFORMER: Nolan North
claim-one-reviewed-benbassat-task	Upload Benbassat claim evidence	2026-08-24T21:09:07.4603914Z   EXPECTED_CHARACTER: Benbassat
claim-one-reviewed-benbassat-task	Upload Benbassat claim evidence	2026-08-24T21:09:07.4604330Z   EXPECTED_FINGERPRINT: 78e1384a3a11787064f98516e5759b55b33369d161067804c2d77f2ef6ef8885
claim-one-reviewed-benbassat-task	Upload Benbassat claim evidence	2026-08-24T21:09:07.4604905Z   SOURCE_REVIEW_BRANCH: agent/star-trek-benbassat-source-review-result-v1
claim-one-reviewed-benbassat-task	Upload Benbassat claim evidence	2026-08-24T21:09:07.4605646Z   SOURCE_REVIEW_PREFIX: transport/star-trek-benbassat-source-review-v1
claim-one-reviewed-benbassat-task	Upload Benbassat claim evidence	2026-08-24T21:09:07.4606100Z   RESULT_BRANCH: agent/star-trek-benbassat-claim-result-v1
claim-one-reviewed-benbassat-task	Upload Benbassat claim evidence	2026-08-24T21:09:07.4606491Z   OUT: /tmp/star-trek-benbassat-claim-recovery-v3
claim-one-reviewed-benbassat-task	Upload Benbassat claim evidence	2026-08-24T21:09:07.4606925Z   REVIEW_ROOT: /tmp/star-trek-benbassat-claim-recovery-v3/review-package
claim-one-reviewed-benbassat-task	Upload Benbassat claim evidence	2026-08-24T21:09:07.4609722Z   GH_TOKEN: ***
claim-one-reviewed-benbassat-task	Upload Benbassat claim evidence	2026-08-24T21:09:07.4609967Z ##[endgroup]
claim-one-reviewed-benbassat-task	Upload Benbassat claim evidence	2026-08-24T21:09:07.6266474Z (node:3414) [DEP0040] DeprecationWarning: The `punycode` module is deprecated. Please use a userland alternative instead.
claim-one-reviewed-benbassat-task	Upload Benbassat claim evidence	2026-08-24T21:09:07.6267385Z (Use `node --trace-deprecation ...` to show where the warning was created)
claim-one-reviewed-benbassat-task	Upload Benbassat claim evidence	2026-08-24T21:09:07.6474042Z With the provided path, there will be 86 files uploaded
claim-one-reviewed-benbassat-task	Upload Benbassat claim evidence	2026-08-24T21:09:07.6475106Z Artifact name is valid!
claim-one-reviewed-benbassat-task	Upload Benbassat claim evidence	2026-08-24T21:09:07.6475449Z Root directory input is valid!
claim-one-reviewed-benbassat-task	Upload Benbassat claim evidence	2026-08-24T21:09:07.8501127Z Beginning upload of artifact content to blob storage
claim-one-reviewed-benbassat-task	Upload Benbassat claim evidence	2026-08-24T21:09:07.9708460Z (node:3414) [DEP0169] DeprecationWarning: `url.parse()` behavior is not standardized and prone to errors that have security implications. Use the WHATWG URL API instead. CVEs are not issued for `url.parse()` vulnerabilities.
claim-one-reviewed-benbassat-task	Upload Benbassat claim evidence	2026-08-24T21:09:08.0355239Z Uploaded bytes 217179
claim-one-reviewed-benbassat-task	Upload Benbassat claim evidence	2026-08-24T21:09:08.0543150Z Finished uploading artifact content to blob storage!
claim-one-reviewed-benbassat-task	Upload Benbassat claim evidence	2026-08-24T21:09:08.0544336Z SHA256 digest of uploaded artifact zip is 26388b80cbdb02fa45089f80e3b90c5916dfcc9de6653b80f68712fa509a4c48
claim-one-reviewed-benbassat-task	Upload Benbassat claim evidence	2026-08-24T21:09:08.0545877Z Finalizing artifact upload
claim-one-reviewed-benbassat-task	Upload Benbassat claim evidence	2026-08-24T21:09:08.2431401Z Artifact star-trek-benbassat-claim-recovery-v3.zip successfully finalized. Artifact ID 9538632135
claim-one-reviewed-benbassat-task	Upload Benbassat claim evidence	2026-08-24T21:09:08.2432528Z Artifact star-trek-benbassat-claim-recovery-v3 has been successfully uploaded! Final size is 217179 bytes. Artifact ID is 9538632135
claim-one-reviewed-benbassat-task	Upload Benbassat claim evidence	2026-08-24T21:09:08.2439040Z Artifact download URL: https://github.com/BigBirdReturns/undercast/actions/runs/32777656756/artifacts/9538632135
claim-one-reviewed-benbassat-task	Post Run actions/setup-node@v4	﻿2026-08-24T21:09:08.2632522Z Node 20 is being deprecated. This workflow is running with Node 24 by default. If you need to temporarily use Node 20, you can set the ACTIONS_ALLOW_USE_UNSECURE_NODE_VERSION=true environment variable. For more information see: https://github.blog/changelog/2025-09-19-deprecation-of-node-20-on-github-actions-runners/
claim-one-reviewed-benbassat-task	Post Run actions/setup-node@v4	2026-08-24T21:09:08.2633748Z Post job cleanup.
claim-one-reviewed-benbassat-task	Post Run actions/setup-node@v4	2026-08-24T21:09:08.3845284Z (node:3426) [DEP0040] DeprecationWarning: The `punycode` module is deprecated. Please use a userland alternative instead.
claim-one-reviewed-benbassat-task	Post Run actions/setup-node@v4	2026-08-24T21:09:08.3846167Z (Use `node --trace-deprecation ...` to show where the warning was created)
claim-one-reviewed-benbassat-task	Post Run actions/setup-node@v4	2026-08-24T21:09:08.3849220Z Cache hit occurred on the primary key node-cache-Linux-x64-npm-f15ee16cadfb16c2733639dda1f0b58735a8af6e775ef040c2dea200bcc3360b, not saving cache.
claim-one-reviewed-benbassat-task	Post Run actions/checkout@v4	﻿2026-08-24T21:09:08.3984723Z Node 20 is being deprecated. This workflow is running with Node 24 by default. If you need to temporarily use Node 20, you can set the ACTIONS_ALLOW_USE_UNSECURE_NODE_VERSION=true environment variable. For more information see: https://github.blog/changelog/2025-09-19-deprecation-of-node-20-on-github-actions-runners/
claim-one-reviewed-benbassat-task	Post Run actions/checkout@v4	2026-08-24T21:09:08.3985953Z Post job cleanup.
claim-one-reviewed-benbassat-task	Post Run actions/checkout@v4	2026-08-24T21:09:08.4856803Z [command]/usr/bin/git version
claim-one-reviewed-benbassat-task	Post Run actions/checkout@v4	2026-08-24T21:09:08.4900327Z git version 2.55.0
claim-one-reviewed-benbassat-task	Post Run actions/checkout@v4	2026-08-24T21:09:08.4970669Z Temporarily overriding HOME='/home/runner/work/_temp/a0dc4347-39d3-4b1b-8e54-521f386da539' before making global git config changes
claim-one-reviewed-benbassat-task	Post Run actions/checkout@v4	2026-08-24T21:09:08.4972140Z Adding repository directory to the temporary git global config as a safe directory
claim-one-reviewed-benbassat-task	Post Run actions/checkout@v4	2026-08-24T21:09:08.4976119Z [command]/usr/bin/git config --global --add safe.directory /home/runner/work/undercast/undercast
claim-one-reviewed-benbassat-task	Post Run actions/checkout@v4	2026-08-24T21:09:08.5018760Z [command]/usr/bin/git config --local --name-only --get-regexp core\.sshCommand
claim-one-reviewed-benbassat-task	Post Run actions/checkout@v4	2026-08-24T21:09:08.5058040Z [command]/usr/bin/git submodule foreach --recursive sh -c "git config --local --name-only --get-regexp 'core\.sshCommand' && git config --local --unset-all 'core.sshCommand' || :"
claim-one-reviewed-benbassat-task	Post Run actions/checkout@v4	2026-08-24T21:09:08.5330694Z [command]/usr/bin/git config --local --name-only --get-regexp http\.https\:\/\/github\.com\/\.extraheader
claim-one-reviewed-benbassat-task	Post Run actions/checkout@v4	2026-08-24T21:09:08.5358158Z http.https://github.com/.extraheader
claim-one-reviewed-benbassat-task	Post Run actions/checkout@v4	2026-08-24T21:09:08.5378874Z [command]/usr/bin/git config --local --unset-all http.https://github.com/.extraheader
claim-one-reviewed-benbassat-task	Post Run actions/checkout@v4	2026-08-24T21:09:08.5420636Z [command]/usr/bin/git submodule foreach --recursive sh -c "git config --local --name-only --get-regexp 'http\.https\:\/\/github\.com\/\.extraheader' && git config --local --unset-all 'http.https://github.com/.extraheader' || :"
claim-one-reviewed-benbassat-task	Post Run actions/checkout@v4	2026-08-24T21:09:08.5739578Z [command]/usr/bin/git config --local --name-only --get-regexp ^includeIf\.gitdir:
claim-one-reviewed-benbassat-task	Post Run actions/checkout@v4	2026-08-24T21:09:08.5770900Z [command]/usr/bin/git submodule foreach --recursive git config --local --show-origin --name-only --get-regexp remote.origin.url
claim-one-reviewed-benbassat-task	Complete job	﻿2026-08-24T21:09:08.6214378Z Cleaning up orphan processes
claim-one-reviewed-benbassat-task	Complete job	2026-08-24T21:09:08.6527192Z ##[warning]Node.js 20 is deprecated. The following actions target Node.js 20 but are being forced to run on Node.js 24: actions/checkout@v4, actions/setup-node@v4, actions/upload-artifact@v4. For more information see: https://github.blog/changelog/2025-09-19-deprecation-of-node-20-on-github-actions-runners/
