independently-adjudicate-benbassat-performance-mode	Set up job	﻿2026-08-24T19:15:32.0620087Z Current runner version: '2.336.0'
independently-adjudicate-benbassat-performance-mode	Set up job	2026-08-24T19:15:32.0646614Z ##[group]Runner Image Provisioner
independently-adjudicate-benbassat-performance-mode	Set up job	2026-08-24T19:15:32.0647626Z Hosted Compute Agent
independently-adjudicate-benbassat-performance-mode	Set up job	2026-08-24T19:15:32.0648316Z Version: 20260729.566
independently-adjudicate-benbassat-performance-mode	Set up job	2026-08-24T19:15:32.0649050Z Commit: cf7153fe6e25b664e8693c24944bf2b00355d109
independently-adjudicate-benbassat-performance-mode	Set up job	2026-08-24T19:15:32.0649937Z Build Date: 2026-07-29T19:17:02Z
independently-adjudicate-benbassat-performance-mode	Set up job	2026-08-24T19:15:32.0650708Z Worker ID: {452365aa-20d5-4b0a-82f8-d969acda2997}
independently-adjudicate-benbassat-performance-mode	Set up job	2026-08-24T19:15:32.0651518Z Azure Region: westus2
independently-adjudicate-benbassat-performance-mode	Set up job	2026-08-24T19:15:32.0652169Z ##[endgroup]
independently-adjudicate-benbassat-performance-mode	Set up job	2026-08-24T19:15:32.0654073Z ##[group]Operating System
independently-adjudicate-benbassat-performance-mode	Set up job	2026-08-24T19:15:32.0654880Z Ubuntu
independently-adjudicate-benbassat-performance-mode	Set up job	2026-08-24T19:15:32.0655467Z 24.04.4
independently-adjudicate-benbassat-performance-mode	Set up job	2026-08-24T19:15:32.0656028Z LTS
independently-adjudicate-benbassat-performance-mode	Set up job	2026-08-24T19:15:32.0656662Z ##[endgroup]
independently-adjudicate-benbassat-performance-mode	Set up job	2026-08-24T19:15:32.0657308Z ##[group]Runner Image
independently-adjudicate-benbassat-performance-mode	Set up job	2026-08-24T19:15:32.0658055Z Image: ubuntu-24.04
independently-adjudicate-benbassat-performance-mode	Set up job	2026-08-24T19:15:32.0658681Z Version: 20260816.277.1
independently-adjudicate-benbassat-performance-mode	Set up job	2026-08-24T19:15:32.0659806Z Included Software: https://github.com/actions/runner-images/blob/ubuntu24/20260816.277/images/ubuntu/Ubuntu2404-Readme.md
independently-adjudicate-benbassat-performance-mode	Set up job	2026-08-24T19:15:32.0661727Z Image Release: https://github.com/actions/runner-images/releases/tag/ubuntu24%2F20260816.277
independently-adjudicate-benbassat-performance-mode	Set up job	2026-08-24T19:15:32.0662820Z ##[endgroup]
independently-adjudicate-benbassat-performance-mode	Set up job	2026-08-24T19:15:32.0664340Z ##[group]GITHUB_TOKEN Permissions
independently-adjudicate-benbassat-performance-mode	Set up job	2026-08-24T19:15:32.0666388Z Contents: write
independently-adjudicate-benbassat-performance-mode	Set up job	2026-08-24T19:15:32.0667176Z Metadata: read
independently-adjudicate-benbassat-performance-mode	Set up job	2026-08-24T19:15:32.0667779Z ##[endgroup]
independently-adjudicate-benbassat-performance-mode	Set up job	2026-08-24T19:15:32.0669884Z Secret source: Actions
independently-adjudicate-benbassat-performance-mode	Set up job	2026-08-24T19:15:32.0671032Z Prepare workflow directory
independently-adjudicate-benbassat-performance-mode	Set up job	2026-08-24T19:15:32.1193681Z Prepare all required actions
independently-adjudicate-benbassat-performance-mode	Set up job	2026-08-24T19:15:32.1240579Z Getting action download info
independently-adjudicate-benbassat-performance-mode	Set up job	2026-08-24T19:15:32.4719019Z Download action repository 'actions/checkout@v4' (SHA:11d5960a326750d5838078e36cf38b85af677262)
independently-adjudicate-benbassat-performance-mode	Set up job	2026-08-24T19:15:32.5987485Z Download action repository 'actions/setup-node@v4' (SHA:49933ea5288caeca8642d1e84afbd3f7d6820020)
independently-adjudicate-benbassat-performance-mode	Set up job	2026-08-24T19:15:32.7256329Z Download action repository 'actions/upload-artifact@v4' (SHA:ea165f8d65b6e75b540449e92b4886f43607fa02)
independently-adjudicate-benbassat-performance-mode	Set up job	2026-08-24T19:15:32.9308820Z Complete job name: independently-adjudicate-benbassat-performance-mode
independently-adjudicate-benbassat-performance-mode	Run actions/checkout@v4	﻿2026-08-24T19:15:33.0015055Z Node 20 is being deprecated. This workflow is running with Node 24 by default. If you need to temporarily use Node 20, you can set the ACTIONS_ALLOW_USE_UNSECURE_NODE_VERSION=true environment variable. For more information see: https://github.blog/changelog/2025-09-19-deprecation-of-node-20-on-github-actions-runners/
independently-adjudicate-benbassat-performance-mode	Run actions/checkout@v4	2026-08-24T19:15:33.0024233Z ##[group]Run actions/checkout@v4
independently-adjudicate-benbassat-performance-mode	Run actions/checkout@v4	2026-08-24T19:15:33.0024986Z with:
independently-adjudicate-benbassat-performance-mode	Run actions/checkout@v4	2026-08-24T19:15:33.0025423Z   fetch-depth: 0
independently-adjudicate-benbassat-performance-mode	Run actions/checkout@v4	2026-08-24T19:15:33.0025911Z   repository: BigBirdReturns/undercast
independently-adjudicate-benbassat-performance-mode	Run actions/checkout@v4	2026-08-24T19:15:33.0029612Z   token: ***
independently-adjudicate-benbassat-performance-mode	Run actions/checkout@v4	2026-08-24T19:15:33.0030048Z   ssh-strict: true
independently-adjudicate-benbassat-performance-mode	Run actions/checkout@v4	2026-08-24T19:15:33.0030489Z   ssh-user: git
independently-adjudicate-benbassat-performance-mode	Run actions/checkout@v4	2026-08-24T19:15:33.0030939Z   persist-credentials: true
independently-adjudicate-benbassat-performance-mode	Run actions/checkout@v4	2026-08-24T19:15:33.0031439Z   clean: true
independently-adjudicate-benbassat-performance-mode	Run actions/checkout@v4	2026-08-24T19:15:33.0031889Z   sparse-checkout-cone-mode: true
independently-adjudicate-benbassat-performance-mode	Run actions/checkout@v4	2026-08-24T19:15:33.0032418Z   fetch-tags: false
independently-adjudicate-benbassat-performance-mode	Run actions/checkout@v4	2026-08-24T19:15:33.0032866Z   show-progress: true
independently-adjudicate-benbassat-performance-mode	Run actions/checkout@v4	2026-08-24T19:15:33.0033548Z   lfs: false
independently-adjudicate-benbassat-performance-mode	Run actions/checkout@v4	2026-08-24T19:15:33.0033996Z   submodules: false
independently-adjudicate-benbassat-performance-mode	Run actions/checkout@v4	2026-08-24T19:15:33.0034483Z   set-safe-directory: true
independently-adjudicate-benbassat-performance-mode	Run actions/checkout@v4	2026-08-24T19:15:33.0034988Z   allow-unsafe-pr-checkout: false
independently-adjudicate-benbassat-performance-mode	Run actions/checkout@v4	2026-08-24T19:15:33.0035770Z env:
independently-adjudicate-benbassat-performance-mode	Run actions/checkout@v4	2026-08-24T19:15:33.0036278Z   EXPECTED_MAIN: ed79424013b92460d16c01cad4e590eca01e6bff
independently-adjudicate-benbassat-performance-mode	Run actions/checkout@v4	2026-08-24T19:15:33.0037004Z   EXPECTED_TREE: 7f9057770c8e622d71ef41b183811fe47fcdd6ed
independently-adjudicate-benbassat-performance-mode	Run actions/checkout@v4	2026-08-24T19:15:33.0037648Z   TASK_ID: ap_dd7d1c73ed237230cd6e1d0b
independently-adjudicate-benbassat-performance-mode	Run actions/checkout@v4	2026-08-24T19:15:33.0038205Z   EXPECTED_PERFORMER: Nolan North
independently-adjudicate-benbassat-performance-mode	Run actions/checkout@v4	2026-08-24T19:15:33.0038735Z   EXPECTED_CHARACTER: Benbassat
independently-adjudicate-benbassat-performance-mode	Run actions/checkout@v4	2026-08-24T19:15:33.0039516Z   EXPECTED_FINGERPRINT: 78e1384a3a11787064f98516e5759b55b33369d161067804c2d77f2ef6ef8885
independently-adjudicate-benbassat-performance-mode	Run actions/checkout@v4	2026-08-24T19:15:33.0040495Z   SOURCE_RESULT_BRANCH: agent/star-trek-benbassat-source-result-v3
independently-adjudicate-benbassat-performance-mode	Run actions/checkout@v4	2026-08-24T19:15:33.0041305Z   SOURCE_PREFIX: transport/star-trek-benbassat-source-v3
independently-adjudicate-benbassat-performance-mode	Run actions/checkout@v4	2026-08-24T19:15:33.0042113Z   RESULT_BRANCH: agent/star-trek-benbassat-source-review-result-v1
independently-adjudicate-benbassat-performance-mode	Run actions/checkout@v4	2026-08-24T19:15:33.0042869Z   OUT: /tmp/star-trek-benbassat-source-review-v1
independently-adjudicate-benbassat-performance-mode	Run actions/checkout@v4	2026-08-24T19:15:33.0044049Z   SOURCE_ROOT: /tmp/star-trek-benbassat-source-review-v1/source
independently-adjudicate-benbassat-performance-mode	Run actions/checkout@v4	2026-08-24T19:15:33.0047860Z   GH_TOKEN: ***
independently-adjudicate-benbassat-performance-mode	Run actions/checkout@v4	2026-08-24T19:15:33.0048291Z ##[endgroup]
independently-adjudicate-benbassat-performance-mode	Run actions/checkout@v4	2026-08-24T19:15:33.1095622Z Syncing repository: BigBirdReturns/undercast
independently-adjudicate-benbassat-performance-mode	Run actions/checkout@v4	2026-08-24T19:15:33.1097517Z ##[group]Getting Git version info
independently-adjudicate-benbassat-performance-mode	Run actions/checkout@v4	2026-08-24T19:15:33.1098421Z Working directory is '/home/runner/work/undercast/undercast'
independently-adjudicate-benbassat-performance-mode	Run actions/checkout@v4	2026-08-24T19:15:33.1099938Z [command]/usr/bin/git version
independently-adjudicate-benbassat-performance-mode	Run actions/checkout@v4	2026-08-24T19:15:33.1222828Z git version 2.55.0
independently-adjudicate-benbassat-performance-mode	Run actions/checkout@v4	2026-08-24T19:15:33.1280058Z ##[endgroup]
independently-adjudicate-benbassat-performance-mode	Run actions/checkout@v4	2026-08-24T19:15:33.1297260Z Temporarily overriding HOME='/home/runner/work/_temp/29df3ab5-061e-4807-9d06-f2789d16d04c' before making global git config changes
independently-adjudicate-benbassat-performance-mode	Run actions/checkout@v4	2026-08-24T19:15:33.1300081Z Adding repository directory to the temporary git global config as a safe directory
independently-adjudicate-benbassat-performance-mode	Run actions/checkout@v4	2026-08-24T19:15:33.1307120Z [command]/usr/bin/git config --global --add safe.directory /home/runner/work/undercast/undercast
independently-adjudicate-benbassat-performance-mode	Run actions/checkout@v4	2026-08-24T19:15:33.1385588Z Deleting the contents of '/home/runner/work/undercast/undercast'
independently-adjudicate-benbassat-performance-mode	Run actions/checkout@v4	2026-08-24T19:15:33.1388433Z ##[group]Initializing the repository
independently-adjudicate-benbassat-performance-mode	Run actions/checkout@v4	2026-08-24T19:15:33.1394750Z [command]/usr/bin/git init /home/runner/work/undercast/undercast
independently-adjudicate-benbassat-performance-mode	Run actions/checkout@v4	2026-08-24T19:15:33.1536523Z hint: Using 'master' as the name for the initial branch. This default branch name
independently-adjudicate-benbassat-performance-mode	Run actions/checkout@v4	2026-08-24T19:15:33.1538694Z hint: will change to "main" in Git 3.0. To configure the initial branch name
independently-adjudicate-benbassat-performance-mode	Run actions/checkout@v4	2026-08-24T19:15:33.1545918Z hint: to use in all of your new repositories, which will suppress this warning,
independently-adjudicate-benbassat-performance-mode	Run actions/checkout@v4	2026-08-24T19:15:33.1547663Z hint: call:
independently-adjudicate-benbassat-performance-mode	Run actions/checkout@v4	2026-08-24T19:15:33.1548697Z hint:
independently-adjudicate-benbassat-performance-mode	Run actions/checkout@v4	2026-08-24T19:15:33.1549929Z hint: 	git config --global init.defaultBranch <name>
independently-adjudicate-benbassat-performance-mode	Run actions/checkout@v4	2026-08-24T19:15:33.1551321Z hint:
independently-adjudicate-benbassat-performance-mode	Run actions/checkout@v4	2026-08-24T19:15:33.1552562Z hint: Names commonly chosen instead of 'master' are 'main', 'trunk' and
independently-adjudicate-benbassat-performance-mode	Run actions/checkout@v4	2026-08-24T19:15:33.1555045Z hint: 'development'. The just-created branch can be renamed via this command:
independently-adjudicate-benbassat-performance-mode	Run actions/checkout@v4	2026-08-24T19:15:33.1557025Z hint:
independently-adjudicate-benbassat-performance-mode	Run actions/checkout@v4	2026-08-24T19:15:33.1558058Z hint: 	git branch -m <name>
independently-adjudicate-benbassat-performance-mode	Run actions/checkout@v4	2026-08-24T19:15:33.1559445Z hint:
independently-adjudicate-benbassat-performance-mode	Run actions/checkout@v4	2026-08-24T19:15:33.1561321Z hint: Disable this message with "git config set advice.defaultBranchName false"
independently-adjudicate-benbassat-performance-mode	Run actions/checkout@v4	2026-08-24T19:15:33.1563749Z Initialized empty Git repository in /home/runner/work/undercast/undercast/.git/
independently-adjudicate-benbassat-performance-mode	Run actions/checkout@v4	2026-08-24T19:15:33.1567979Z [command]/usr/bin/git remote add origin https://github.com/BigBirdReturns/undercast
independently-adjudicate-benbassat-performance-mode	Run actions/checkout@v4	2026-08-24T19:15:33.1624644Z ##[endgroup]
independently-adjudicate-benbassat-performance-mode	Run actions/checkout@v4	2026-08-24T19:15:33.1626133Z ##[group]Disabling automatic garbage collection
independently-adjudicate-benbassat-performance-mode	Run actions/checkout@v4	2026-08-24T19:15:33.1630434Z [command]/usr/bin/git config --local gc.auto 0
independently-adjudicate-benbassat-performance-mode	Run actions/checkout@v4	2026-08-24T19:15:33.1682282Z ##[endgroup]
independently-adjudicate-benbassat-performance-mode	Run actions/checkout@v4	2026-08-24T19:15:33.1683977Z ##[group]Setting up auth
independently-adjudicate-benbassat-performance-mode	Run actions/checkout@v4	2026-08-24T19:15:33.1692837Z [command]/usr/bin/git config --local --name-only --get-regexp core\.sshCommand
independently-adjudicate-benbassat-performance-mode	Run actions/checkout@v4	2026-08-24T19:15:33.1746358Z [command]/usr/bin/git submodule foreach --recursive sh -c "git config --local --name-only --get-regexp 'core\.sshCommand' && git config --local --unset-all 'core.sshCommand' || :"
independently-adjudicate-benbassat-performance-mode	Run actions/checkout@v4	2026-08-24T19:15:33.2155072Z [command]/usr/bin/git config --local --name-only --get-regexp http\.https\:\/\/github\.com\/\.extraheader
independently-adjudicate-benbassat-performance-mode	Run actions/checkout@v4	2026-08-24T19:15:33.2191740Z [command]/usr/bin/git submodule foreach --recursive sh -c "git config --local --name-only --get-regexp 'http\.https\:\/\/github\.com\/\.extraheader' && git config --local --unset-all 'http.https://github.com/.extraheader' || :"
independently-adjudicate-benbassat-performance-mode	Run actions/checkout@v4	2026-08-24T19:15:33.2417894Z [command]/usr/bin/git config --local --name-only --get-regexp ^includeIf\.gitdir:
independently-adjudicate-benbassat-performance-mode	Run actions/checkout@v4	2026-08-24T19:15:33.2455153Z [command]/usr/bin/git submodule foreach --recursive git config --local --show-origin --name-only --get-regexp remote.origin.url
independently-adjudicate-benbassat-performance-mode	Run actions/checkout@v4	2026-08-24T19:15:33.2681168Z [command]/usr/bin/git config --local http.https://github.com/.extraheader AUTHORIZATION: basic ***
independently-adjudicate-benbassat-performance-mode	Run actions/checkout@v4	2026-08-24T19:15:33.2719770Z ##[endgroup]
independently-adjudicate-benbassat-performance-mode	Run actions/checkout@v4	2026-08-24T19:15:33.2720690Z ##[group]Fetching the repository
independently-adjudicate-benbassat-performance-mode	Run actions/checkout@v4	2026-08-24T19:15:33.2730297Z [command]/usr/bin/git -c protocol.version=2 fetch --prune --no-recurse-submodules origin +refs/heads/*:refs/remotes/origin/* +refs/tags/*:refs/tags/*
independently-adjudicate-benbassat-performance-mode	Run actions/checkout@v4	2026-08-24T19:16:01.6119661Z From https://github.com/BigBirdReturns/undercast
independently-adjudicate-benbassat-performance-mode	Run actions/checkout@v4	2026-08-24T19:16:01.6121321Z  * [new branch]        agent/adapter-sdk-baseline-001 -> origin/agent/adapter-sdk-baseline-001
independently-adjudicate-benbassat-performance-mode	Run actions/checkout@v4	2026-08-24T19:16:01.6122916Z  * [new branch]        agent/anastasia-cycle-trigger-pr-v1 -> origin/agent/anastasia-cycle-trigger-pr-v1
independently-adjudicate-benbassat-performance-mode	Run actions/checkout@v4	2026-08-24T19:16:01.6125082Z  * [new branch]        agent/anastasia-finalizer-recovery-trigger-pr-v1 -> origin/agent/anastasia-finalizer-recovery-trigger-pr-v1
independently-adjudicate-benbassat-performance-mode	Run actions/checkout@v4	2026-08-24T19:16:01.6127877Z  * [new branch]        agent/anastasia-installer-trigger-pr-v1 -> origin/agent/anastasia-installer-trigger-pr-v1
independently-adjudicate-benbassat-performance-mode	Run actions/checkout@v4	2026-08-24T19:16:01.6129441Z  * [new branch]        agent/anastasia-installer-trigger-pr-v2 -> origin/agent/anastasia-installer-trigger-pr-v2
independently-adjudicate-benbassat-performance-mode	Run actions/checkout@v4	2026-08-24T19:16:01.6130966Z  * [new branch]        agent/anastasia-rebind-inspection-result-v1 -> origin/agent/anastasia-rebind-inspection-result-v1
independently-adjudicate-benbassat-performance-mode	Run actions/checkout@v4	2026-08-24T19:16:01.6132450Z  * [new branch]        agent/anastasia-rebind-inspection-v1 -> origin/agent/anastasia-rebind-inspection-v1
independently-adjudicate-benbassat-performance-mode	Run actions/checkout@v4	2026-08-24T19:16:01.6134228Z  * [new branch]        agent/anastasia-terminal-result-v1 -> origin/agent/anastasia-terminal-result-v1
independently-adjudicate-benbassat-performance-mode	Run actions/checkout@v4	2026-08-24T19:16:01.6135525Z  * [new branch]        agent/anastasia-terminalizer-v1 -> origin/agent/anastasia-terminalizer-v1
independently-adjudicate-benbassat-performance-mode	Run actions/checkout@v4	2026-08-24T19:16:01.6136950Z  * [new branch]        agent/anastasia-workflow-blob-trigger-pr-v3 -> origin/agent/anastasia-workflow-blob-trigger-pr-v3
independently-adjudicate-benbassat-performance-mode	Run actions/checkout@v4	2026-08-24T19:16:01.6138683Z  * [new branch]        agent/anastasia-workflow-blob-trigger-pr-v4 -> origin/agent/anastasia-workflow-blob-trigger-pr-v4
independently-adjudicate-benbassat-performance-mode	Run actions/checkout@v4	2026-08-24T19:16:01.6140046Z  * [new branch]        agent/archive-contract-full-history -> origin/agent/archive-contract-full-history
independently-adjudicate-benbassat-performance-mode	Run actions/checkout@v4	2026-08-24T19:16:01.6141367Z  * [new branch]        agent/archive-contract-history-depth -> origin/agent/archive-contract-history-depth
independently-adjudicate-benbassat-performance-mode	Run actions/checkout@v4	2026-08-24T19:16:01.6143093Z  * [new branch]        agent/audit-operational-evidence-publisher-payload-20260806 -> origin/agent/audit-operational-evidence-publisher-payload-20260806
independently-adjudicate-benbassat-performance-mode	Run actions/checkout@v4	2026-08-24T19:16:01.6145317Z  * [new branch]        agent/capability-aware-autopilot -> origin/agent/capability-aware-autopilot
independently-adjudicate-benbassat-performance-mode	Run actions/checkout@v4	2026-08-24T19:16:01.6147045Z  * [new branch]        agent/card-backfill-amortization-build-20260730 -> origin/agent/card-backfill-amortization-build-20260730
independently-adjudicate-benbassat-performance-mode	Run actions/checkout@v4	2026-08-24T19:16:01.6148593Z  * [new branch]        agent/card-backfill-composite-frontier-001 -> origin/agent/card-backfill-composite-frontier-001
independently-adjudicate-benbassat-performance-mode	Run actions/checkout@v4	2026-08-24T19:16:01.6150037Z  * [new branch]        agent/card-backfill-frontier-routing-001 -> origin/agent/card-backfill-frontier-routing-001
independently-adjudicate-benbassat-performance-mode	Run actions/checkout@v4	2026-08-24T19:16:01.6151389Z  * [new branch]        agent/card-backfill-luna-local -> origin/agent/card-backfill-luna-local
independently-adjudicate-benbassat-performance-mode	Run actions/checkout@v4	2026-08-24T19:16:01.6152501Z  * [new branch]        agent/card-backfill-next-002 -> origin/agent/card-backfill-next-002
independently-adjudicate-benbassat-performance-mode	Run actions/checkout@v4	2026-08-24T19:16:01.6153289Z  * [new branch]        agent/card-backfill-next-003 -> origin/agent/card-backfill-next-003
independently-adjudicate-benbassat-performance-mode	Run actions/checkout@v4	2026-08-24T19:16:01.6155208Z  * [new branch]        agent/card-backfill-next-004 -> origin/agent/card-backfill-next-004
independently-adjudicate-benbassat-performance-mode	Run actions/checkout@v4	2026-08-24T19:16:01.6155960Z  * [new branch]        agent/card-backfill-next-005 -> origin/agent/card-backfill-next-005
independently-adjudicate-benbassat-performance-mode	Run actions/checkout@v4	2026-08-24T19:16:01.6156900Z  * [new branch]        agent/card-backfill-next-006 -> origin/agent/card-backfill-next-006
independently-adjudicate-benbassat-performance-mode	Run actions/checkout@v4	2026-08-24T19:16:01.6158077Z  * [new branch]        agent/card-backfill-next-007 -> origin/agent/card-backfill-next-007
independently-adjudicate-benbassat-performance-mode	Run actions/checkout@v4	2026-08-24T19:16:01.6158764Z  * [new branch]        agent/card-backfill-next-008 -> origin/agent/card-backfill-next-008
independently-adjudicate-benbassat-performance-mode	Run actions/checkout@v4	2026-08-24T19:16:01.6159389Z  * [new branch]        agent/card-backfill-next-009 -> origin/agent/card-backfill-next-009
independently-adjudicate-benbassat-performance-mode	Run actions/checkout@v4	2026-08-24T19:16:01.6160058Z  * [new branch]        agent/card-backfill-next-010 -> origin/agent/card-backfill-next-010
independently-adjudicate-benbassat-performance-mode	Run actions/checkout@v4	2026-08-24T19:16:01.6160793Z  * [new branch]        agent/card-backfill-next-011 -> origin/agent/card-backfill-next-011
independently-adjudicate-benbassat-performance-mode	Run actions/checkout@v4	2026-08-24T19:16:01.6161476Z  * [new branch]        agent/card-backfill-next-012 -> origin/agent/card-backfill-next-012
independently-adjudicate-benbassat-performance-mode	Run actions/checkout@v4	2026-08-24T19:16:01.6162407Z  * [new branch]        agent/card-backfill-next-013 -> origin/agent/card-backfill-next-013
independently-adjudicate-benbassat-performance-mode	Run actions/checkout@v4	2026-08-24T19:16:01.6163081Z  * [new branch]        agent/card-backfill-next-014 -> origin/agent/card-backfill-next-014
independently-adjudicate-benbassat-performance-mode	Run actions/checkout@v4	2026-08-24T19:16:01.6163972Z  * [new branch]        agent/card-backfill-next-015 -> origin/agent/card-backfill-next-015
independently-adjudicate-benbassat-performance-mode	Run actions/checkout@v4	2026-08-24T19:16:01.6164630Z  * [new branch]        agent/card-backfill-next-016 -> origin/agent/card-backfill-next-016
independently-adjudicate-benbassat-performance-mode	Run actions/checkout@v4	2026-08-24T19:16:01.6165390Z  * [new branch]        agent/card-backfill-next-017 -> origin/agent/card-backfill-next-017
independently-adjudicate-benbassat-performance-mode	Run actions/checkout@v4	2026-08-24T19:16:01.6166603Z  * [new branch]        agent/card-backfill-next-018 -> origin/agent/card-backfill-next-018
independently-adjudicate-benbassat-performance-mode	Run actions/checkout@v4	2026-08-24T19:16:01.6167993Z  * [new branch]        agent/card-backfill-next-019 -> origin/agent/card-backfill-next-019
independently-adjudicate-benbassat-performance-mode	Run actions/checkout@v4	2026-08-24T19:16:01.6169243Z  * [new branch]        agent/card-backfill-next-020 -> origin/agent/card-backfill-next-020
independently-adjudicate-benbassat-performance-mode	Run actions/checkout@v4	2026-08-24T19:16:01.6170334Z  * [new branch]        agent/card-backfill-next-021 -> origin/agent/card-backfill-next-021
independently-adjudicate-benbassat-performance-mode	Run actions/checkout@v4	2026-08-24T19:16:01.6171400Z  * [new branch]        agent/card-backfill-next-022 -> origin/agent/card-backfill-next-022
independently-adjudicate-benbassat-performance-mode	Run actions/checkout@v4	2026-08-24T19:16:01.6172441Z  * [new branch]        agent/card-backfill-next-023 -> origin/agent/card-backfill-next-023
independently-adjudicate-benbassat-performance-mode	Run actions/checkout@v4	2026-08-24T19:16:01.6173753Z  * [new branch]        agent/card-backfill-next-024 -> origin/agent/card-backfill-next-024
independently-adjudicate-benbassat-performance-mode	Run actions/checkout@v4	2026-08-24T19:16:01.6174840Z  * [new branch]        agent/card-backfill-next-025 -> origin/agent/card-backfill-next-025
independently-adjudicate-benbassat-performance-mode	Run actions/checkout@v4	2026-08-24T19:16:01.6175968Z  * [new branch]        agent/card-backfill-next-026 -> origin/agent/card-backfill-next-026
independently-adjudicate-benbassat-performance-mode	Run actions/checkout@v4	2026-08-24T19:16:01.6177152Z  * [new branch]        agent/card-backfill-next-027 -> origin/agent/card-backfill-next-027
independently-adjudicate-benbassat-performance-mode	Run actions/checkout@v4	2026-08-24T19:16:01.6178202Z  * [new branch]        agent/card-backfill-next-028 -> origin/agent/card-backfill-next-028
independently-adjudicate-benbassat-performance-mode	Run actions/checkout@v4	2026-08-24T19:16:01.6178830Z  * [new branch]        agent/card-backfill-next-029 -> origin/agent/card-backfill-next-029
independently-adjudicate-benbassat-performance-mode	Run actions/checkout@v4	2026-08-24T19:16:01.6179471Z  * [new branch]        agent/card-backfill-next-030 -> origin/agent/card-backfill-next-030
independently-adjudicate-benbassat-performance-mode	Run actions/checkout@v4	2026-08-24T19:16:01.6180326Z  * [new branch]        agent/card-backfill-next-031 -> origin/agent/card-backfill-next-031
independently-adjudicate-benbassat-performance-mode	Run actions/checkout@v4	2026-08-24T19:16:01.6180937Z  * [new branch]        agent/card-backfill-next-032 -> origin/agent/card-backfill-next-032
independently-adjudicate-benbassat-performance-mode	Run actions/checkout@v4	2026-08-24T19:16:01.6181542Z  * [new branch]        agent/card-backfill-next-033 -> origin/agent/card-backfill-next-033
independently-adjudicate-benbassat-performance-mode	Run actions/checkout@v4	2026-08-24T19:16:01.6182138Z  * [new branch]        agent/card-backfill-next-034 -> origin/agent/card-backfill-next-034
independently-adjudicate-benbassat-performance-mode	Run actions/checkout@v4	2026-08-24T19:16:01.6182732Z  * [new branch]        agent/card-backfill-next-035 -> origin/agent/card-backfill-next-035
independently-adjudicate-benbassat-performance-mode	Run actions/checkout@v4	2026-08-24T19:16:01.6183577Z  * [new branch]        agent/card-backfill-next-036 -> origin/agent/card-backfill-next-036
independently-adjudicate-benbassat-performance-mode	Run actions/checkout@v4	2026-08-24T19:16:01.6184358Z  * [new branch]        agent/card-backfill-next-037 -> origin/agent/card-backfill-next-037
independently-adjudicate-benbassat-performance-mode	Run actions/checkout@v4	2026-08-24T19:16:01.6184990Z  * [new branch]        agent/card-backfill-next-038 -> origin/agent/card-backfill-next-038
independently-adjudicate-benbassat-performance-mode	Run actions/checkout@v4	2026-08-24T19:16:01.6185629Z  * [new branch]        agent/card-backfill-next-039 -> origin/agent/card-backfill-next-039
independently-adjudicate-benbassat-performance-mode	Run actions/checkout@v4	2026-08-24T19:16:01.6186475Z  * [new branch]        agent/card-backfill-next-040 -> origin/agent/card-backfill-next-040
independently-adjudicate-benbassat-performance-mode	Run actions/checkout@v4	2026-08-24T19:16:01.6187898Z  * [new branch]        agent/card-backfill-next-040-render-staging -> origin/agent/card-backfill-next-040-render-staging
independently-adjudicate-benbassat-performance-mode	Run actions/checkout@v4	2026-08-24T19:16:01.6189156Z  * [new branch]        agent/card-backfill-next-040-retry-staging -> origin/agent/card-backfill-next-040-retry-staging
independently-adjudicate-benbassat-performance-mode	Run actions/checkout@v4	2026-08-24T19:16:01.6189922Z  * [new branch]        agent/card-backfill-next-041 -> origin/agent/card-backfill-next-041
independently-adjudicate-benbassat-performance-mode	Run actions/checkout@v4	2026-08-24T19:16:01.6190563Z  * [new branch]        agent/card-backfill-source-v3 -> origin/agent/card-backfill-source-v3
independently-adjudicate-benbassat-performance-mode	Run actions/checkout@v4	2026-08-24T19:16:01.6191205Z  * [new branch]        agent/card-backfill-uc-007  -> origin/agent/card-backfill-uc-007
independently-adjudicate-benbassat-performance-mode	Run actions/checkout@v4	2026-08-24T19:16:01.6191970Z  * [new branch]        agent/ci-publisher-custody-frontier-1-20260805 -> origin/agent/ci-publisher-custody-frontier-1-20260805
independently-adjudicate-benbassat-performance-mode	Run actions/checkout@v4	2026-08-24T19:16:01.6193102Z  * [new branch]        agent/ci-publisher-custody-phase2-20260805 -> origin/agent/ci-publisher-custody-phase2-20260805
independently-adjudicate-benbassat-performance-mode	Run actions/checkout@v4	2026-08-24T19:16:01.6194529Z  * [new branch]        agent/ci-publisher-custody-phase2-squash-base-v2-20260805 -> origin/agent/ci-publisher-custody-phase2-squash-base-v2-20260805
independently-adjudicate-benbassat-performance-mode	Run actions/checkout@v4	2026-08-24T19:16:01.6195574Z  * [new branch]        agent/ci-publisher-custody-squash-base-20260805 -> origin/agent/ci-publisher-custody-squash-base-20260805
independently-adjudicate-benbassat-performance-mode	Run actions/checkout@v4	2026-08-24T19:16:01.6196644Z  * [new branch]        agent/clifford-number-hr-accountability-burden-recovery-11-12 -> origin/agent/clifford-number-hr-accountability-burden-recovery-11-12
independently-adjudicate-benbassat-performance-mode	Run actions/checkout@v4	2026-08-24T19:16:01.6197808Z  * [new branch]        agent/clifford-number-hr-accountability-consequence-wave-11 -> origin/agent/clifford-number-hr-accountability-consequence-wave-11
independently-adjudicate-benbassat-performance-mode	Run actions/checkout@v4	2026-08-24T19:16:01.6198933Z  * [new branch]        agent/clifford-number-hr-budget-authority-recourse-wave-14 -> origin/agent/clifford-number-hr-budget-authority-recourse-wave-14
independently-adjudicate-benbassat-performance-mode	Run actions/checkout@v4	2026-08-24T19:16:01.6200001Z  * [new branch]        agent/clifford-number-hr-burden-allocation-wave-12 -> origin/agent/clifford-number-hr-burden-allocation-wave-12
independently-adjudicate-benbassat-performance-mode	Run actions/checkout@v4	2026-08-24T19:16:01.6201011Z  * [new branch]        agent/clifford-number-hr-counterpower-effects-wave-05 -> origin/agent/clifford-number-hr-counterpower-effects-wave-05
independently-adjudicate-benbassat-performance-mode	Run actions/checkout@v4	2026-08-24T19:16:01.6202048Z  * [new branch]        agent/clifford-number-hr-counterpower-effects-wave-06 -> origin/agent/clifford-number-hr-counterpower-effects-wave-06
independently-adjudicate-benbassat-performance-mode	Run actions/checkout@v4	2026-08-24T19:16:01.6203121Z  * [new branch]        agent/clifford-number-hr-counterpower-intervention-wave-05 -> origin/agent/clifford-number-hr-counterpower-intervention-wave-05
independently-adjudicate-benbassat-performance-mode	Run actions/checkout@v4	2026-08-24T19:16:01.6204499Z  * [new branch]        agent/clifford-number-hr-deployment-census-wave-04 -> origin/agent/clifford-number-hr-deployment-census-wave-04
independently-adjudicate-benbassat-performance-mode	Run actions/checkout@v4	2026-08-24T19:16:01.6274494Z  * [new branch]        agent/clifford-number-hr-deployment-wave-04 -> origin/agent/clifford-number-hr-deployment-wave-04
independently-adjudicate-benbassat-performance-mode	Run actions/checkout@v4	2026-08-24T19:16:01.6276831Z  * [new branch]        agent/clifford-number-hr-disciplinary-ai-cases-wave-03 -> origin/agent/clifford-number-hr-disciplinary-ai-cases-wave-03
independently-adjudicate-benbassat-performance-mode	Run actions/checkout@v4	2026-08-24T19:16:01.6278726Z  * [new branch]        agent/clifford-number-hr-disciplinary-ai-wave-02 -> origin/agent/clifford-number-hr-disciplinary-ai-wave-02
independently-adjudicate-benbassat-performance-mode	Run actions/checkout@v4	2026-08-24T19:16:01.6280602Z  * [new branch]        agent/clifford-number-hr-disciplinary-harm-sentinels-wave-08 -> origin/agent/clifford-number-hr-disciplinary-harm-sentinels-wave-08
independently-adjudicate-benbassat-performance-mode	Run actions/checkout@v4	2026-08-24T19:16:01.6282576Z  * [new branch]        agent/clifford-number-hr-disciplinary-wave-01 -> origin/agent/clifford-number-hr-disciplinary-wave-01
independently-adjudicate-benbassat-performance-mode	Run actions/checkout@v4	2026-08-24T19:16:01.6284917Z  * [new branch]        agent/clifford-number-hr-dissonance-counterpower-wave-04 -> origin/agent/clifford-number-hr-dissonance-counterpower-wave-04
independently-adjudicate-benbassat-performance-mode	Run actions/checkout@v4	2026-08-24T19:16:01.6286948Z  * [new branch]        agent/clifford-number-hr-governance-wave-03 -> origin/agent/clifford-number-hr-governance-wave-03
independently-adjudicate-benbassat-performance-mode	Run actions/checkout@v4	2026-08-24T19:16:01.6288954Z  * [new branch]        agent/clifford-number-hr-implementation-verification-wave-07 -> origin/agent/clifford-number-hr-implementation-verification-wave-07
independently-adjudicate-benbassat-performance-mode	Run actions/checkout@v4	2026-08-24T19:16:01.6291093Z  * [new branch]        agent/clifford-number-hr-indemnity-cost-transfer-wave-13 -> origin/agent/clifford-number-hr-indemnity-cost-transfer-wave-13
independently-adjudicate-benbassat-performance-mode	Run actions/checkout@v4	2026-08-24T19:16:01.6292974Z  * [new branch]        agent/clifford-number-hr-learning-audit-wave-07 -> origin/agent/clifford-number-hr-learning-audit-wave-07
independently-adjudicate-benbassat-performance-mode	Run actions/checkout@v4	2026-08-24T19:16:01.6295652Z  * [new branch]        agent/clifford-number-hr-recurrence-reopen-wave-10 -> origin/agent/clifford-number-hr-recurrence-reopen-wave-10
independently-adjudicate-benbassat-performance-mode	Run actions/checkout@v4	2026-08-24T19:16:01.6297267Z  * [new branch]        agent/clifford-number-hr-response-prevention-wave-09 -> origin/agent/clifford-number-hr-response-prevention-wave-09
independently-adjudicate-benbassat-performance-mode	Run actions/checkout@v4	2026-08-24T19:16:01.6298278Z  * [new branch]        agent/clifford-number-hr-selection-wave-01 -> origin/agent/clifford-number-hr-selection-wave-01
independently-adjudicate-benbassat-performance-mode	Run actions/checkout@v4	2026-08-24T19:16:01.6299479Z  * [new branch]        agent/clifford-number-hr-source-adjudication-wave-02 -> origin/agent/clifford-number-hr-source-adjudication-wave-02
independently-adjudicate-benbassat-performance-mode	Run actions/checkout@v4	2026-08-24T19:16:01.6300359Z  * [new branch]        agent/collection-only-candidate -> origin/agent/collection-only-candidate
independently-adjudicate-benbassat-performance-mode	Run actions/checkout@v4	2026-08-24T19:16:01.6301041Z  * [new branch]        agent/collection-only-operations -> origin/agent/collection-only-operations
independently-adjudicate-benbassat-performance-mode	Run actions/checkout@v4	2026-08-24T19:16:01.6301785Z  * [new branch]        agent/collection-only-operations-p2 -> origin/agent/collection-only-operations-p2
independently-adjudicate-benbassat-performance-mode	Run actions/checkout@v4	2026-08-24T19:16:01.6302554Z  * [new branch]        agent/corpus-next-after-media-closure -> origin/agent/corpus-next-after-media-closure
independently-adjudicate-benbassat-performance-mode	Run actions/checkout@v4	2026-08-24T19:16:01.6303255Z  * [new branch]        agent/corpus-operations-mode -> origin/agent/corpus-operations-mode
independently-adjudicate-benbassat-performance-mode	Run actions/checkout@v4	2026-08-24T19:16:01.6304331Z  * [new branch]        agent/cycle004-still-transport-inspection -> origin/agent/cycle004-still-transport-inspection
independently-adjudicate-benbassat-performance-mode	Run actions/checkout@v4	2026-08-24T19:16:01.6305181Z  * [new branch]        agent/dispatch-clean-preservation-235227a -> origin/agent/dispatch-clean-preservation-235227a
independently-adjudicate-benbassat-performance-mode	Run actions/checkout@v4	2026-08-24T19:16:01.6306062Z  * [new branch]        agent/dispatch-preserve-7054b6-v2 -> origin/agent/dispatch-preserve-7054b6-v2
independently-adjudicate-benbassat-performance-mode	Run actions/checkout@v4	2026-08-24T19:16:01.6306865Z  * [new branch]        agent/doctor-who-activation-001 -> origin/agent/doctor-who-activation-001
independently-adjudicate-benbassat-performance-mode	Run actions/checkout@v4	2026-08-24T19:16:01.6307624Z  * [new branch]        agent/doctor-who-activation-preflight-001 -> origin/agent/doctor-who-activation-preflight-001
independently-adjudicate-benbassat-performance-mode	Run actions/checkout@v4	2026-08-24T19:16:01.6308407Z  * [new branch]        agent/doctor-who-certification-001 -> origin/agent/doctor-who-certification-001
independently-adjudicate-benbassat-performance-mode	Run actions/checkout@v4	2026-08-24T19:16:01.6309168Z  * [new branch]        agent/doctor-who-certified-paused-001 -> origin/agent/doctor-who-certified-paused-001
independently-adjudicate-benbassat-performance-mode	Run actions/checkout@v4	2026-08-24T19:16:01.6309932Z  * [new branch]        agent/doctor-who-correction-drill-001 -> origin/agent/doctor-who-correction-drill-001
independently-adjudicate-benbassat-performance-mode	Run actions/checkout@v4	2026-08-24T19:16:01.6310813Z  * [new branch]        agent/doctor-who-correction-drill-001-replay-6cb5d1 -> origin/agent/doctor-who-correction-drill-001-replay-6cb5d1
independently-adjudicate-benbassat-performance-mode	Run actions/checkout@v4	2026-08-24T19:16:01.6311964Z  * [new branch]        agent/doctor-who-correction-drill-001-replay-6ea135 -> origin/agent/doctor-who-correction-drill-001-replay-6ea135
independently-adjudicate-benbassat-performance-mode	Run actions/checkout@v4	2026-08-24T19:16:01.6312968Z  * [new branch]        agent/doctor-who-correction-drill-future-safe-repair -> origin/agent/doctor-who-correction-drill-future-safe-repair
independently-adjudicate-benbassat-performance-mode	Run actions/checkout@v4	2026-08-24T19:16:01.6314296Z  * [new branch]        agent/doctor-who-correction-drill-scope-custody -> origin/agent/doctor-who-correction-drill-scope-custody
independently-adjudicate-benbassat-performance-mode	Run actions/checkout@v4	2026-08-24T19:16:01.6315129Z  * [new branch]        agent/doctor-who-cycle-002-claim -> origin/agent/doctor-who-cycle-002-claim
independently-adjudicate-benbassat-performance-mode	Run actions/checkout@v4	2026-08-24T19:16:01.6315829Z  * [new branch]        agent/doctor-who-cycle-002-current -> origin/agent/doctor-who-cycle-002-current
independently-adjudicate-benbassat-performance-mode	Run actions/checkout@v4	2026-08-24T19:16:01.6316518Z  * [new branch]        agent/doctor-who-cycle-002-gredd -> origin/agent/doctor-who-cycle-002-gredd
independently-adjudicate-benbassat-performance-mode	Run actions/checkout@v4	2026-08-24T19:16:01.6317263Z  * [new branch]        agent/doctor-who-cycle-002-gredd-current -> origin/agent/doctor-who-cycle-002-gredd-current
independently-adjudicate-benbassat-performance-mode	Run actions/checkout@v4	2026-08-24T19:16:01.6318177Z  * [new branch]        agent/doctor-who-cycle-003-annette-portrait-review -> origin/agent/doctor-who-cycle-003-annette-portrait-review
independently-adjudicate-benbassat-performance-mode	Run actions/checkout@v4	2026-08-24T19:16:01.6319090Z  * [new branch]        agent/doctor-who-cycle-003-current-extract -> origin/agent/doctor-who-cycle-003-current-extract
independently-adjudicate-benbassat-performance-mode	Run actions/checkout@v4	2026-08-24T19:16:01.6319954Z  * [new branch]        agent/doctor-who-cycle-003-current-extract-v2 -> origin/agent/doctor-who-cycle-003-current-extract-v2
independently-adjudicate-benbassat-performance-mode	Run actions/checkout@v4	2026-08-24T19:16:01.6320782Z  * [new branch]        agent/doctor-who-cycle-003-full-source -> origin/agent/doctor-who-cycle-003-full-source
independently-adjudicate-benbassat-performance-mode	Run actions/checkout@v4	2026-08-24T19:16:01.6321585Z  * [new branch]        agent/doctor-who-cycle-003-jask-completion -> origin/agent/doctor-who-cycle-003-jask-completion
independently-adjudicate-benbassat-performance-mode	Run actions/checkout@v4	2026-08-24T19:16:01.6322420Z  * [new branch]        agent/doctor-who-cycle-003-jask-portrait -> origin/agent/doctor-who-cycle-003-jask-portrait
independently-adjudicate-benbassat-performance-mode	Run actions/checkout@v4	2026-08-24T19:16:01.6323496Z  * [new branch]        agent/doctor-who-cycle-003-margaret-media-review -> origin/agent/doctor-who-cycle-003-margaret-media-review
independently-adjudicate-benbassat-performance-mode	Run actions/checkout@v4	2026-08-24T19:16:01.6324684Z  * [new branch]        agent/doctor-who-cycle-003-margaret-publication -> origin/agent/doctor-who-cycle-003-margaret-publication
independently-adjudicate-benbassat-performance-mode	Run actions/checkout@v4	2026-08-24T19:16:01.6325689Z  * [new branch]        agent/doctor-who-cycle-003-materializer-recovery -> origin/agent/doctor-who-cycle-003-materializer-recovery
independently-adjudicate-benbassat-performance-mode	Run actions/checkout@v4	2026-08-24T19:16:01.6326792Z  * [new branch]        agent/doctor-who-cycle-003-merge-guardian -> origin/agent/doctor-who-cycle-003-merge-guardian
independently-adjudicate-benbassat-performance-mode	Run actions/checkout@v4	2026-08-24T19:16:01.6327619Z  * [new branch]        agent/doctor-who-cycle-004-full-source -> origin/agent/doctor-who-cycle-004-full-source
independently-adjudicate-benbassat-performance-mode	Run actions/checkout@v4	2026-08-24T19:16:01.6328492Z  * [new branch]        agent/doctor-who-cycle-004-jask-audio-completion -> origin/agent/doctor-who-cycle-004-jask-audio-completion
independently-adjudicate-benbassat-performance-mode	Run actions/checkout@v4	2026-08-24T19:16:01.6329535Z  * [new branch]        agent/doctor-who-cycle-004-jask-audio-portrait -> origin/agent/doctor-who-cycle-004-jask-audio-portrait
independently-adjudicate-benbassat-performance-mode	Run actions/checkout@v4	2026-08-24T19:16:01.6330712Z  * [new branch]        agent/doctor-who-cycle-004-jask-still-correction -> origin/agent/doctor-who-cycle-004-jask-still-correction
independently-adjudicate-benbassat-performance-mode	Run actions/checkout@v4	2026-08-24T19:16:01.6331659Z  * [new branch]        agent/doctor-who-cycle-004-media-preflight -> origin/agent/doctor-who-cycle-004-media-preflight
independently-adjudicate-benbassat-performance-mode	Run actions/checkout@v4	2026-08-24T19:16:01.6332635Z  * [new branch]        agent/doctor-who-cycle-004-preflight -> origin/agent/doctor-who-cycle-004-preflight
independently-adjudicate-benbassat-performance-mode	Run actions/checkout@v4	2026-08-24T19:16:01.6333765Z  * [new branch]        agent/doctor-who-cycle-004-still-correction-source -> origin/agent/doctor-who-cycle-004-still-correction-source
independently-adjudicate-benbassat-performance-mode	Run actions/checkout@v4	2026-08-24T19:16:01.6334725Z  * [new branch]        agent/doctor-who-cycle-004-still-verification -> origin/agent/doctor-who-cycle-004-still-verification
independently-adjudicate-benbassat-performance-mode	Run actions/checkout@v4	2026-08-24T19:16:01.6335672Z  * [new branch]        agent/doctor-who-cycle-005-carrier-source-export-v4 -> origin/agent/doctor-who-cycle-005-carrier-source-export-v4
independently-adjudicate-benbassat-performance-mode	Run actions/checkout@v4	2026-08-24T19:16:01.6336604Z  * [new branch]        agent/doctor-who-cycle-005-kaarsh-completion -> origin/agent/doctor-who-cycle-005-kaarsh-completion
independently-adjudicate-benbassat-performance-mode	Run actions/checkout@v4	2026-08-24T19:16:01.6337934Z  * [new branch]        agent/doctor-who-cycle-005-kaarsh-still-reattestation -> origin/agent/doctor-who-cycle-005-kaarsh-still-reattestation
independently-adjudicate-benbassat-performance-mode	Run actions/checkout@v4	2026-08-24T19:16:01.6339220Z  * [new branch]        agent/doctor-who-cycle-005-kaarsh-still-verification -> origin/agent/doctor-who-cycle-005-kaarsh-still-verification
independently-adjudicate-benbassat-performance-mode	Run actions/checkout@v4	2026-08-24T19:16:01.6340107Z  * [new branch]        agent/doctor-who-cycle-005-preflight -> origin/agent/doctor-who-cycle-005-preflight
independently-adjudicate-benbassat-performance-mode	Run actions/checkout@v4	2026-08-24T19:16:01.6340951Z  * [new branch]        agent/doctor-who-cycle-006-autopilot-history-fix -> origin/agent/doctor-who-cycle-006-autopilot-history-fix
independently-adjudicate-benbassat-performance-mode	Run actions/checkout@v4	2026-08-24T19:16:01.6341978Z  * [new branch]        agent/doctor-who-cycle-006-autopilot-history-qualification -> origin/agent/doctor-who-cycle-006-autopilot-history-qualification
independently-adjudicate-benbassat-performance-mode	Run actions/checkout@v4	2026-08-24T19:16:01.6343032Z  * [new branch]        agent/doctor-who-cycle-006-carrier-source-export-v3 -> origin/agent/doctor-who-cycle-006-carrier-source-export-v3
independently-adjudicate-benbassat-performance-mode	Run actions/checkout@v4	2026-08-24T19:16:01.6344392Z  * [new branch]        agent/doctor-who-cycle-006-chronology-composability -> origin/agent/doctor-who-cycle-006-chronology-composability
independently-adjudicate-benbassat-performance-mode	Run actions/checkout@v4	2026-08-24T19:16:01.6345645Z  * [new branch]        agent/doctor-who-cycle-006-chronology-composability-current-main -> origin/agent/doctor-who-cycle-006-chronology-composability-current-main
independently-adjudicate-benbassat-performance-mode	Run actions/checkout@v4	2026-08-24T19:16:01.6346879Z  * [new branch]        agent/doctor-who-cycle-006-chronology-composability-materializer -> origin/agent/doctor-who-cycle-006-chronology-composability-materializer
independently-adjudicate-benbassat-performance-mode	Run actions/checkout@v4	2026-08-24T19:16:01.6348138Z  * [new branch]        agent/doctor-who-cycle-006-chronology-composability-qualification -> origin/agent/doctor-who-cycle-006-chronology-composability-qualification
independently-adjudicate-benbassat-performance-mode	Run actions/checkout@v4	2026-08-24T19:16:01.6349412Z  * [new branch]        agent/doctor-who-cycle-006-chronology-composability-qualification-v2 -> origin/agent/doctor-who-cycle-006-chronology-composability-qualification-v2
independently-adjudicate-benbassat-performance-mode	Run actions/checkout@v4	2026-08-24T19:16:01.6350713Z  * [new branch]        agent/doctor-who-cycle-006-chronology-composability-qualification-v3 -> origin/agent/doctor-who-cycle-006-chronology-composability-qualification-v3
independently-adjudicate-benbassat-performance-mode	Run actions/checkout@v4	2026-08-24T19:16:01.6352146Z  * [new branch]        agent/doctor-who-cycle-006-chronology-composable-source-export -> origin/agent/doctor-who-cycle-006-chronology-composable-source-export
independently-adjudicate-benbassat-performance-mode	Run actions/checkout@v4	2026-08-24T19:16:01.6353217Z  * [new branch]        agent/doctor-who-cycle-006-chronology-correction -> origin/agent/doctor-who-cycle-006-chronology-correction
independently-adjudicate-benbassat-performance-mode	Run actions/checkout@v4	2026-08-24T19:16:01.6354595Z  * [new branch]        agent/doctor-who-cycle-006-chronology-correction-materializer -> origin/agent/doctor-who-cycle-006-chronology-correction-materializer
independently-adjudicate-benbassat-performance-mode	Run actions/checkout@v4	2026-08-24T19:16:01.6355646Z  * [new branch]        agent/doctor-who-cycle-006-clean-main-rebind-v3 -> origin/agent/doctor-who-cycle-006-clean-main-rebind-v3
independently-adjudicate-benbassat-performance-mode	Run actions/checkout@v4	2026-08-24T19:16:01.6356549Z  * [new branch]        agent/doctor-who-cycle-006-clean-main-rebind-v4 -> origin/agent/doctor-who-cycle-006-clean-main-rebind-v4
independently-adjudicate-benbassat-performance-mode	Run actions/checkout@v4	2026-08-24T19:16:01.6357444Z  * [new branch]        agent/doctor-who-cycle-006-clean-main-rebind-v5 -> origin/agent/doctor-who-cycle-006-clean-main-rebind-v5
independently-adjudicate-benbassat-performance-mode	Run actions/checkout@v4	2026-08-24T19:16:01.6358353Z  * [new branch]        agent/doctor-who-cycle-006-clean-main-rebind-v6 -> origin/agent/doctor-who-cycle-006-clean-main-rebind-v6
independently-adjudicate-benbassat-performance-mode	Run actions/checkout@v4	2026-08-24T19:16:01.6359250Z  * [new branch]        agent/doctor-who-cycle-006-current-main-rebind -> origin/agent/doctor-who-cycle-006-current-main-rebind
independently-adjudicate-benbassat-performance-mode	Run actions/checkout@v4	2026-08-24T19:16:01.6360177Z  * [new branch]        agent/doctor-who-cycle-006-current-main-rebind-v2 -> origin/agent/doctor-who-cycle-006-current-main-rebind-v2
independently-adjudicate-benbassat-performance-mode	Run actions/checkout@v4	2026-08-24T19:16:01.6361086Z  * [new branch]        agent/doctor-who-cycle-006-kayste-completion -> origin/agent/doctor-who-cycle-006-kayste-completion
independently-adjudicate-benbassat-performance-mode	Run actions/checkout@v4	2026-08-24T19:16:01.6361978Z  * [new branch]        agent/doctor-who-cycle-006-kayste-completion-v2 -> origin/agent/doctor-who-cycle-006-kayste-completion-v2
independently-adjudicate-benbassat-performance-mode	Run actions/checkout@v4	2026-08-24T19:16:01.6362893Z  * [new branch]        agent/doctor-who-cycle-006-kayste-completion-v3 -> origin/agent/doctor-who-cycle-006-kayste-completion-v3
independently-adjudicate-benbassat-performance-mode	Run actions/checkout@v4	2026-08-24T19:16:01.6364407Z  * [new branch]        agent/doctor-who-cycle-006-kayste-completion-v4 -> origin/agent/doctor-who-cycle-006-kayste-completion-v4
independently-adjudicate-benbassat-performance-mode	Run actions/checkout@v4	2026-08-24T19:16:01.6365509Z  * [new branch]        agent/doctor-who-cycle-006-kayste-completion-v5 -> origin/agent/doctor-who-cycle-006-kayste-completion-v5
independently-adjudicate-benbassat-performance-mode	Run actions/checkout@v4	2026-08-24T19:16:01.6366422Z  * [new branch]        agent/doctor-who-cycle-006-kayste-completion-v6 -> origin/agent/doctor-who-cycle-006-kayste-completion-v6
independently-adjudicate-benbassat-performance-mode	Run actions/checkout@v4	2026-08-24T19:16:01.6367453Z  * [new branch]        agent/doctor-who-cycle-006-kayste-media-preflight -> origin/agent/doctor-who-cycle-006-kayste-media-preflight
independently-adjudicate-benbassat-performance-mode	Run actions/checkout@v4	2026-08-24T19:16:01.6368353Z  * [new branch]        agent/doctor-who-cycle-006-merge-guardian -> origin/agent/doctor-who-cycle-006-merge-guardian
independently-adjudicate-benbassat-performance-mode	Run actions/checkout@v4	2026-08-24T19:16:01.6369297Z  * [new branch]        agent/doctor-who-cycle-006-postfailure-status -> origin/agent/doctor-who-cycle-006-postfailure-status
independently-adjudicate-benbassat-performance-mode	Run actions/checkout@v4	2026-08-24T19:16:01.6370131Z  * [new branch]        agent/doctor-who-cycle-006-preflight -> origin/agent/doctor-who-cycle-006-preflight
independently-adjudicate-benbassat-performance-mode	Run actions/checkout@v4	2026-08-24T19:16:01.6370929Z  * [new branch]        agent/doctor-who-cycle-006-writer-builder -> origin/agent/doctor-who-cycle-006-writer-builder
independently-adjudicate-benbassat-performance-mode	Run actions/checkout@v4	2026-08-24T19:16:01.6371859Z  * [new branch]        agent/doctor-who-cycle-006-writer-source-publication -> origin/agent/doctor-who-cycle-006-writer-source-publication
independently-adjudicate-benbassat-performance-mode	Run actions/checkout@v4	2026-08-24T19:16:01.6373063Z  * [new branch]        agent/doctor-who-cycle-006-writer-source-recovery -> origin/agent/doctor-who-cycle-006-writer-source-recovery
independently-adjudicate-benbassat-performance-mode	Run actions/checkout@v4	2026-08-24T19:16:01.6374554Z  * [new branch]        agent/doctor-who-cycle-007-canonical-proof-v4 -> origin/agent/doctor-who-cycle-007-canonical-proof-v4
independently-adjudicate-benbassat-performance-mode	Run actions/checkout@v4	2026-08-24T19:16:01.6375582Z  * [new branch]        agent/doctor-who-cycle-007-current-main-source-export -> origin/agent/doctor-who-cycle-007-current-main-source-export
independently-adjudicate-benbassat-performance-mode	Run actions/checkout@v4	2026-08-24T19:16:01.6376646Z  * [new branch]        agent/doctor-who-cycle-007-current-main-source-export-v2 -> origin/agent/doctor-who-cycle-007-current-main-source-export-v2
independently-adjudicate-benbassat-performance-mode	Run actions/checkout@v4	2026-08-24T19:16:01.6378453Z  * [new branch]        agent/doctor-who-cycle-007-current-main-source-export-v2-lean -> origin/agent/doctor-who-cycle-007-current-main-source-export-v2-lean
independently-adjudicate-benbassat-performance-mode	Run actions/checkout@v4	2026-08-24T19:16:01.6379726Z  * [new branch]        agent/doctor-who-cycle-007-current-main-source-export-v3 -> origin/agent/doctor-who-cycle-007-current-main-source-export-v3
independently-adjudicate-benbassat-performance-mode	Run actions/checkout@v4	2026-08-24T19:16:01.6380824Z  * [new branch]        agent/doctor-who-cycle-007-current-main-source-snapshot-v2 -> origin/agent/doctor-who-cycle-007-current-main-source-snapshot-v2
independently-adjudicate-benbassat-performance-mode	Run actions/checkout@v4	2026-08-24T19:16:01.6381878Z  * [new branch]        agent/doctor-who-cycle-007-kragar-media-preflight -> origin/agent/doctor-who-cycle-007-kragar-media-preflight
independently-adjudicate-benbassat-performance-mode	Run actions/checkout@v4	2026-08-24T19:16:01.6382860Z  * [new branch]        agent/doctor-who-cycle-007-kragar-media-prepublish -> origin/agent/doctor-who-cycle-007-kragar-media-prepublish
independently-adjudicate-benbassat-performance-mode	Run actions/checkout@v4	2026-08-24T19:16:01.6384178Z  * [new branch]        agent/doctor-who-cycle-007-kragar-media-prepublish-v2 -> origin/agent/doctor-who-cycle-007-kragar-media-prepublish-v2
independently-adjudicate-benbassat-performance-mode	Run actions/checkout@v4	2026-08-24T19:16:01.6385307Z  * [new branch]        agent/doctor-who-cycle-007-kragar-media-review-final -> origin/agent/doctor-who-cycle-007-kragar-media-review-final
independently-adjudicate-benbassat-performance-mode	Run actions/checkout@v4	2026-08-24T19:16:01.6386418Z  * [new branch]        agent/doctor-who-cycle-007-kragar-media-review-v2 -> origin/agent/doctor-who-cycle-007-kragar-media-review-v2
independently-adjudicate-benbassat-performance-mode	Run actions/checkout@v4	2026-08-24T19:16:01.6387352Z  * [new branch]        agent/doctor-who-cycle-007-kragar-media-review-v3 -> origin/agent/doctor-who-cycle-007-kragar-media-review-v3
independently-adjudicate-benbassat-performance-mode	Run actions/checkout@v4	2026-08-24T19:16:01.6388281Z  * [new branch]        agent/doctor-who-cycle-007-kragar-media-terminal -> origin/agent/doctor-who-cycle-007-kragar-media-terminal
independently-adjudicate-benbassat-performance-mode	Run actions/checkout@v4	2026-08-24T19:16:01.6389194Z  * [new branch]        agent/doctor-who-cycle-007-kragar-product-v14 -> origin/agent/doctor-who-cycle-007-kragar-product-v14
independently-adjudicate-benbassat-performance-mode	Run actions/checkout@v4	2026-08-24T19:16:01.6390226Z  * [new branch]        agent/doctor-who-cycle-007-post-composability-source-snapshot -> origin/agent/doctor-who-cycle-007-post-composability-source-snapshot
independently-adjudicate-benbassat-performance-mode	Run actions/checkout@v4	2026-08-24T19:16:01.6391279Z  * [new branch]        agent/doctor-who-cycle-007-post-merge-proof-v1 -> origin/agent/doctor-who-cycle-007-post-merge-proof-v1
independently-adjudicate-benbassat-performance-mode	Run actions/checkout@v4	2026-08-24T19:16:01.6392340Z  * [new branch]        agent/doctor-who-cycle-007-post-merge-proof-v2 -> origin/agent/doctor-who-cycle-007-post-merge-proof-v2
independently-adjudicate-benbassat-performance-mode	Run actions/checkout@v4	2026-08-24T19:16:01.6393226Z  * [new branch]        agent/doctor-who-cycle-007-post-merge-proof-v3 -> origin/agent/doctor-who-cycle-007-post-merge-proof-v3
independently-adjudicate-benbassat-performance-mode	Run actions/checkout@v4	2026-08-24T19:16:01.6394192Z  * [new branch]        agent/doctor-who-cycle-007-preflight -> origin/agent/doctor-who-cycle-007-preflight
independently-adjudicate-benbassat-performance-mode	Run actions/checkout@v4	2026-08-24T19:16:01.6395063Z  * [new branch]        agent/doctor-who-cycle-007-qualifier-v10 -> origin/agent/doctor-who-cycle-007-qualifier-v10
independently-adjudicate-benbassat-performance-mode	Run actions/checkout@v4	2026-08-24T19:16:01.6396527Z  * [new branch]        agent/doctor-who-cycle-007-qualifier-v10r -> origin/agent/doctor-who-cycle-007-qualifier-v10r
independently-adjudicate-benbassat-performance-mode	Run actions/checkout@v4	2026-08-24T19:16:01.6397799Z  * [new branch]        agent/doctor-who-cycle-007-qualifier-v8 -> origin/agent/doctor-who-cycle-007-qualifier-v8
independently-adjudicate-benbassat-performance-mode	Run actions/checkout@v4	2026-08-24T19:16:01.6398636Z  * [new branch]        agent/doctor-who-cycle-007-qualifier-v9 -> origin/agent/doctor-who-cycle-007-qualifier-v9
independently-adjudicate-benbassat-performance-mode	Run actions/checkout@v4	2026-08-24T19:16:01.6399416Z  * [new branch]        agent/doctor-who-cycle-007-selection -> origin/agent/doctor-who-cycle-007-selection
independently-adjudicate-benbassat-performance-mode	Run actions/checkout@v4	2026-08-24T19:16:01.6400216Z  * [new branch]        agent/doctor-who-cycle-007-source-snapshot -> origin/agent/doctor-who-cycle-007-source-snapshot
independently-adjudicate-benbassat-performance-mode	Run actions/checkout@v4	2026-08-24T19:16:01.6401076Z  * [new branch]        agent/doctor-who-cycle-007-source-snapshot-v2 -> origin/agent/doctor-who-cycle-007-source-snapshot-v2
independently-adjudicate-benbassat-performance-mode	Run actions/checkout@v4	2026-08-24T19:16:01.6402061Z  * [new branch]        agent/doctor-who-cycle-007-terminal-current-main-proof-v4 -> origin/agent/doctor-who-cycle-007-terminal-current-main-proof-v4
independently-adjudicate-benbassat-performance-mode	Run actions/checkout@v4	2026-08-24T19:16:01.6403113Z  * [new branch]        agent/doctor-who-cycle-007-transport-comment-census -> origin/agent/doctor-who-cycle-007-transport-comment-census
independently-adjudicate-benbassat-performance-mode	Run actions/checkout@v4	2026-08-24T19:16:01.6404583Z  * [new branch]        agent/doctor-who-cycle-007-trusted-publisher-v10-denominator-repair -> origin/agent/doctor-who-cycle-007-trusted-publisher-v10-denominator-repair
independently-adjudicate-benbassat-performance-mode	Run actions/checkout@v4	2026-08-24T19:16:01.6406010Z  * [new branch]        agent/doctor-who-cycle-007-trusted-publisher-v10-installer -> origin/agent/doctor-who-cycle-007-trusted-publisher-v10-installer
independently-adjudicate-benbassat-performance-mode	Run actions/checkout@v4	2026-08-24T19:16:01.6407188Z  * [new branch]        agent/doctor-who-cycle-007-trusted-publisher-v10-installer-008f -> origin/agent/doctor-who-cycle-007-trusted-publisher-v10-installer-008f
independently-adjudicate-benbassat-performance-mode	Run actions/checkout@v4	2026-08-24T19:16:01.6408518Z  * [new branch]        agent/doctor-who-cycle-007-v11-finalization -> origin/agent/doctor-who-cycle-007-v11-finalization
independently-adjudicate-benbassat-performance-mode	Run actions/checkout@v4	2026-08-24T19:16:01.6409403Z  * [new branch]        agent/doctor-who-cycle-007-v12-finalization -> origin/agent/doctor-who-cycle-007-v12-finalization
independently-adjudicate-benbassat-performance-mode	Run actions/checkout@v4	2026-08-24T19:16:01.6410233Z  * [new branch]        agent/doctor-who-cycle-007-v13-finalization -> origin/agent/doctor-who-cycle-007-v13-finalization
independently-adjudicate-benbassat-performance-mode	Run actions/checkout@v4	2026-08-24T19:16:01.6411051Z  * [new branch]        agent/doctor-who-cycle-007-v14-finalization -> origin/agent/doctor-who-cycle-007-v14-finalization
independently-adjudicate-benbassat-performance-mode	Run actions/checkout@v4	2026-08-24T19:16:01.6412053Z  * [new branch]        agent/doctor-who-cycle-007-v14-finalization-copy-do-not-use -> origin/agent/doctor-who-cycle-007-v14-finalization-copy-do-not-use
independently-adjudicate-benbassat-performance-mode	Run actions/checkout@v4	2026-08-24T19:16:01.6413723Z  * [new branch]        agent/doctor-who-cycle-007-v14-publisher -> origin/agent/doctor-who-cycle-007-v14-publisher
independently-adjudicate-benbassat-performance-mode	Run actions/checkout@v4	2026-08-24T19:16:01.6414738Z  * [new branch]        agent/doctor-who-cycle-007-v14-publisher-observer -> origin/agent/doctor-who-cycle-007-v14-publisher-observer
independently-adjudicate-benbassat-performance-mode	Run actions/checkout@v4	2026-08-24T19:16:01.6415744Z  * [new branch]        agent/doctor-who-cycle-007-v15-product-qualification -> origin/agent/doctor-who-cycle-007-v15-product-qualification
independently-adjudicate-benbassat-performance-mode	Run actions/checkout@v4	2026-08-24T19:16:01.6416774Z  * [new branch]        agent/doctor-who-cycle-007-v15-product-qualification-v2 -> origin/agent/doctor-who-cycle-007-v15-product-qualification-v2
independently-adjudicate-benbassat-performance-mode	Run actions/checkout@v4	2026-08-24T19:16:01.6417714Z  * [new branch]        agent/doctor-who-cycle-007-v8-finalizer-v1 -> origin/agent/doctor-who-cycle-007-v8-finalizer-v1
independently-adjudicate-benbassat-performance-mode	Run actions/checkout@v4	2026-08-24T19:16:01.6418616Z  * [new branch]        agent/doctor-who-cycle-007-v8-finalizer-v1-repair -> origin/agent/doctor-who-cycle-007-v8-finalizer-v1-repair
independently-adjudicate-benbassat-performance-mode	Run actions/checkout@v4	2026-08-24T19:16:01.6419719Z  * [new branch]        agent/doctor-who-cycle-007-v8-finalizer-v2 -> origin/agent/doctor-who-cycle-007-v8-finalizer-v2
independently-adjudicate-benbassat-performance-mode	Run actions/checkout@v4	2026-08-24T19:16:01.6420744Z  * [new branch]        agent/doctor-who-cycle-007-v8-finalizer-v3 -> origin/agent/doctor-who-cycle-007-v8-finalizer-v3
independently-adjudicate-benbassat-performance-mode	Run actions/checkout@v4	2026-08-24T19:16:01.6421634Z  * [new branch]        agent/doctor-who-cycle-007-v8-independent-review -> origin/agent/doctor-who-cycle-007-v8-independent-review
independently-adjudicate-benbassat-performance-mode	Run actions/checkout@v4	2026-08-24T19:16:01.6422592Z  * [new branch]        agent/doctor-who-cycle-007-v8-independent-review-v2 -> origin/agent/doctor-who-cycle-007-v8-independent-review-v2
independently-adjudicate-benbassat-performance-mode	Run actions/checkout@v4	2026-08-24T19:16:01.6423931Z  * [new branch]        agent/doctor-who-cycle-007-v8-independent-review-v3-probe -> origin/agent/doctor-who-cycle-007-v8-independent-review-v3-probe
independently-adjudicate-benbassat-performance-mode	Run actions/checkout@v4	2026-08-24T19:16:01.6425056Z  * [new branch]        agent/doctor-who-cycle-007-v8-independent-review-v4-probe -> origin/agent/doctor-who-cycle-007-v8-independent-review-v4-probe
independently-adjudicate-benbassat-performance-mode	Run actions/checkout@v4	2026-08-24T19:16:01.6426098Z  * [new branch]        agent/doctor-who-cycle-007-v8-independent-review-v5 -> origin/agent/doctor-who-cycle-007-v8-independent-review-v5
independently-adjudicate-benbassat-performance-mode	Run actions/checkout@v4	2026-08-24T19:16:01.6427006Z  * [new branch]        agent/doctor-who-cycle-007-v8-materializer -> origin/agent/doctor-who-cycle-007-v8-materializer
independently-adjudicate-benbassat-performance-mode	Run actions/checkout@v4	2026-08-24T19:16:01.6427871Z  * [new branch]        agent/doctor-who-cycle-007-v8-merge-guardian-v1 -> origin/agent/doctor-who-cycle-007-v8-merge-guardian-v1
independently-adjudicate-benbassat-performance-mode	Run actions/checkout@v4	2026-08-24T19:16:01.6428769Z  * [new branch]        agent/doctor-who-cycle-007-v8-merge-guardian-v2 -> origin/agent/doctor-who-cycle-007-v8-merge-guardian-v2
independently-adjudicate-benbassat-performance-mode	Run actions/checkout@v4	2026-08-24T19:16:01.6429661Z  * [new branch]        agent/doctor-who-cycle-007-v8-merge-guardian-v3 -> origin/agent/doctor-who-cycle-007-v8-merge-guardian-v3
independently-adjudicate-benbassat-performance-mode	Run actions/checkout@v4	2026-08-24T19:16:01.6430595Z  * [new branch]        agent/doctor-who-cycle-007-v8-product-qualifier-v1 -> origin/agent/doctor-who-cycle-007-v8-product-qualifier-v1
independently-adjudicate-benbassat-performance-mode	Run actions/checkout@v4	2026-08-24T19:16:01.6431705Z  * [new branch]        agent/doctor-who-cycle-007-v8-product-qualifier-v2 -> origin/agent/doctor-who-cycle-007-v8-product-qualifier-v2
independently-adjudicate-benbassat-performance-mode	Run actions/checkout@v4	2026-08-24T19:16:01.6433093Z  * [new branch]        agent/doctor-who-cycle-007-v8-product-qualifier-v3 -> origin/agent/doctor-who-cycle-007-v8-product-qualifier-v3
independently-adjudicate-benbassat-performance-mode	Run actions/checkout@v4	2026-08-24T19:16:01.6435068Z  * [new branch]        agent/doctor-who-cycle-007-v8-terminal-guardian-v4 -> origin/agent/doctor-who-cycle-007-v8-terminal-guardian-v4
independently-adjudicate-benbassat-performance-mode	Run actions/checkout@v4	2026-08-24T19:16:01.6436881Z  * [new branch]        agent/doctor-who-cycle-007-writer-builder-squash-temp -> origin/agent/doctor-who-cycle-007-writer-builder-squash-temp
independently-adjudicate-benbassat-performance-mode	Run actions/checkout@v4	2026-08-24T19:16:01.6438240Z  * [new branch]        agent/doctor-who-cycle-007-writer-builder-squash-temp-v2 -> origin/agent/doctor-who-cycle-007-writer-builder-squash-temp-v2
independently-adjudicate-benbassat-performance-mode	Run actions/checkout@v4	2026-08-24T19:16:01.6439273Z  * [new branch]        agent/doctor-who-cycle-007-writer-builder-v1 -> origin/agent/doctor-who-cycle-007-writer-builder-v1
independently-adjudicate-benbassat-performance-mode	Run actions/checkout@v4	2026-08-24T19:16:01.6440152Z  * [new branch]        agent/doctor-who-cycle-007-writer-builder-v2 -> origin/agent/doctor-who-cycle-007-writer-builder-v2
independently-adjudicate-benbassat-performance-mode	Run actions/checkout@v4	2026-08-24T19:16:01.6441010Z  * [new branch]        agent/doctor-who-cycle-007-writer-builder-v3 -> origin/agent/doctor-who-cycle-007-writer-builder-v3
independently-adjudicate-benbassat-performance-mode	Run actions/checkout@v4	2026-08-24T19:16:01.6442257Z  * [new branch]        agent/doctor-who-cycle-007-writer-builder-v4-squash-temp -> origin/agent/doctor-who-cycle-007-writer-builder-v4-squash-temp
independently-adjudicate-benbassat-performance-mode	Run actions/checkout@v4	2026-08-24T19:16:01.6443973Z  * [new branch]        agent/doctor-who-cycle-007-writer-builder-v4-squash-temp-v2 -> origin/agent/doctor-who-cycle-007-writer-builder-v4-squash-temp-v2
independently-adjudicate-benbassat-performance-mode	Run actions/checkout@v4	2026-08-24T19:16:01.6445330Z  * [new branch]        agent/doctor-who-cycle-007-writer-builder-v6-rebuild -> origin/agent/doctor-who-cycle-007-writer-builder-v6-rebuild
independently-adjudicate-benbassat-performance-mode	Run actions/checkout@v4	2026-08-24T19:16:01.6446439Z  * [new branch]        agent/doctor-who-cycle-007-writer-builder-v7 -> origin/agent/doctor-who-cycle-007-writer-builder-v7
independently-adjudicate-benbassat-performance-mode	Run actions/checkout@v4	2026-08-24T19:16:01.6447560Z  * [new branch]        agent/doctor-who-cycle-007-writer-builder-v9 -> origin/agent/doctor-who-cycle-007-writer-builder-v9
independently-adjudicate-benbassat-performance-mode	Run actions/checkout@v4	2026-08-24T19:16:01.6449078Z  * [new branch]        agent/doctor-who-cycle-008-composability-current-main-v1 -> origin/agent/doctor-who-cycle-008-composability-current-main-v1
independently-adjudicate-benbassat-performance-mode	Run actions/checkout@v4	2026-08-24T19:16:01.6450406Z  * [new branch]        agent/doctor-who-cycle-008-composability-for-cycle-009 -> origin/agent/doctor-who-cycle-008-composability-for-cycle-009
independently-adjudicate-benbassat-performance-mode	Run actions/checkout@v4	2026-08-24T19:16:01.6451517Z  * [new branch]        agent/doctor-who-cycle-008-composability-v2 -> origin/agent/doctor-who-cycle-008-composability-v2
independently-adjudicate-benbassat-performance-mode	Run actions/checkout@v4	2026-08-24T19:16:01.6452700Z  * [new branch]        agent/doctor-who-cycle-008-composability-v3-materializer-v1 -> origin/agent/doctor-who-cycle-008-composability-v3-materializer-v1
independently-adjudicate-benbassat-performance-mode	Run actions/checkout@v4	2026-08-24T19:16:01.6454321Z  * [new branch]        agent/doctor-who-cycle-008-composability-v3-product -> origin/agent/doctor-who-cycle-008-composability-v3-product
independently-adjudicate-benbassat-performance-mode	Run actions/checkout@v4	2026-08-24T19:16:01.6455575Z  * [new branch]        agent/doctor-who-cycle-008-composability-v3-qualifier -> origin/agent/doctor-who-cycle-008-composability-v3-qualifier
independently-adjudicate-benbassat-performance-mode	Run actions/checkout@v4	2026-08-24T19:16:01.6456865Z  * [new branch]        agent/doctor-who-cycle-008-current-main-source-export -> origin/agent/doctor-who-cycle-008-current-main-source-export
independently-adjudicate-benbassat-performance-mode	Run actions/checkout@v4	2026-08-24T19:16:01.6458155Z  * [new branch]        agent/doctor-who-cycle-008-current-main-source-export-v2 -> origin/agent/doctor-who-cycle-008-current-main-source-export-v2
independently-adjudicate-benbassat-performance-mode	Run actions/checkout@v4	2026-08-24T19:16:01.6459534Z  * [new branch]        agent/doctor-who-cycle-008-cycle007-finalization-delta-recovery -> origin/agent/doctor-who-cycle-008-cycle007-finalization-delta-recovery
independently-adjudicate-benbassat-performance-mode	Run actions/checkout@v4	2026-08-24T19:16:01.6460992Z  * [new branch]        agent/doctor-who-cycle-008-cycle007-finalization-delta-recovery-v2 -> origin/agent/doctor-who-cycle-008-cycle007-finalization-delta-recovery-v2
independently-adjudicate-benbassat-performance-mode	Run actions/checkout@v4	2026-08-24T19:16:01.6462218Z  * [new branch]        agent/doctor-who-cycle-008-preflight -> origin/agent/doctor-who-cycle-008-preflight
independently-adjudicate-benbassat-performance-mode	Run actions/checkout@v4	2026-08-24T19:16:01.6463210Z  * [new branch]        agent/doctor-who-cycle-008-preflight-v2 -> origin/agent/doctor-who-cycle-008-preflight-v2
independently-adjudicate-benbassat-performance-mode	Run actions/checkout@v4	2026-08-24T19:16:01.6465043Z  * [new branch]        agent/doctor-who-cycle-008-preflight-v3 -> origin/agent/doctor-who-cycle-008-preflight-v3
independently-adjudicate-benbassat-performance-mode	Run actions/checkout@v4	2026-08-24T19:16:01.6466833Z  * [new branch]        agent/doctor-who-cycle-009-megnus-jaka-postmerge-settler-v1 -> origin/agent/doctor-who-cycle-009-megnus-jaka-postmerge-settler-v1
independently-adjudicate-benbassat-performance-mode	Run actions/checkout@v4	2026-08-24T19:16:01.6468367Z  * [new branch]        agent/doctor-who-cycle-009-megnus-jaka-postmerge-v2 -> origin/agent/doctor-who-cycle-009-megnus-jaka-postmerge-v2
independently-adjudicate-benbassat-performance-mode	Run actions/checkout@v4	2026-08-24T19:16:01.6469431Z  * [new branch]        agent/doctor-who-cycle-010-frontier-v1 -> origin/agent/doctor-who-cycle-010-frontier-v1
independently-adjudicate-benbassat-performance-mode	Run actions/checkout@v4	2026-08-24T19:16:01.6470563Z  * [new branch]        agent/doctor-who-cycle-010-merx-candidate-current-main-v4 -> origin/agent/doctor-who-cycle-010-merx-candidate-current-main-v4
independently-adjudicate-benbassat-performance-mode	Run actions/checkout@v4	2026-08-24T19:16:01.6471808Z  * [new branch]        agent/doctor-who-cycle-010-merx-candidate-review-v1 -> origin/agent/doctor-who-cycle-010-merx-candidate-review-v1
independently-adjudicate-benbassat-performance-mode	Run actions/checkout@v4	2026-08-24T19:16:01.6472948Z  * [new branch]        agent/doctor-who-cycle-010-merx-candidate-v1 -> origin/agent/doctor-who-cycle-010-merx-candidate-v1
independently-adjudicate-benbassat-performance-mode	Run actions/checkout@v4	2026-08-24T19:16:01.6474144Z  * [new branch]        agent/doctor-who-cycle-010-merx-candidate-v2 -> origin/agent/doctor-who-cycle-010-merx-candidate-v2
independently-adjudicate-benbassat-performance-mode	Run actions/checkout@v4	2026-08-24T19:16:01.6475287Z  * [new branch]        agent/doctor-who-cycle-010-merx-candidate-v3 -> origin/agent/doctor-who-cycle-010-merx-candidate-v3
independently-adjudicate-benbassat-performance-mode	Run actions/checkout@v4	2026-08-24T19:16:01.6476507Z  * [new branch]        agent/doctor-who-cycle-010-merx-candidate-v4-current-main -> origin/agent/doctor-who-cycle-010-merx-candidate-v4-current-main
independently-adjudicate-benbassat-performance-mode	Run actions/checkout@v4	2026-08-24T19:16:01.6477776Z  * [new branch]        agent/doctor-who-cycle-010-merx-candidate-v4-rebound -> origin/agent/doctor-who-cycle-010-merx-candidate-v4-rebound
independently-adjudicate-benbassat-performance-mode	Run actions/checkout@v4	2026-08-24T19:16:01.6478915Z  * [new branch]        agent/doctor-who-cycle-010-merx-evidence-v1 -> origin/agent/doctor-who-cycle-010-merx-evidence-v1
independently-adjudicate-benbassat-performance-mode	Run actions/checkout@v4	2026-08-24T19:16:01.6479985Z  * [new branch]        agent/doctor-who-cycle-010-merx-evidence-v2 -> origin/agent/doctor-who-cycle-010-merx-evidence-v2
independently-adjudicate-benbassat-performance-mode	Run actions/checkout@v4	2026-08-24T19:16:01.6481262Z  * [new branch]        agent/doctor-who-cycle-010-merx-evidence-v3 -> origin/agent/doctor-who-cycle-010-merx-evidence-v3
independently-adjudicate-benbassat-performance-mode	Run actions/checkout@v4	2026-08-24T19:16:01.6482300Z  * [new branch]        agent/doctor-who-cycle-010-merx-evidence-v4 -> origin/agent/doctor-who-cycle-010-merx-evidence-v4
independently-adjudicate-benbassat-performance-mode	Run actions/checkout@v4	2026-08-24T19:16:01.6483664Z  * [new branch]        agent/doctor-who-cycle-010-merx-final-product-current-main-v1 -> origin/agent/doctor-who-cycle-010-merx-final-product-current-main-v1
independently-adjudicate-benbassat-performance-mode	Run actions/checkout@v4	2026-08-24T19:16:01.6484964Z  * [new branch]        agent/doctor-who-cycle-010-merx-final-product-v1 -> origin/agent/doctor-who-cycle-010-merx-final-product-v1
independently-adjudicate-benbassat-performance-mode	Run actions/checkout@v4	2026-08-24T19:16:01.6486138Z  * [new branch]        agent/doctor-who-cycle-010-merx-final-product-v2 -> origin/agent/doctor-who-cycle-010-merx-final-product-v2
independently-adjudicate-benbassat-performance-mode	Run actions/checkout@v4	2026-08-24T19:16:01.6487319Z  * [new branch]        agent/doctor-who-cycle-010-merx-final-product-v3 -> origin/agent/doctor-who-cycle-010-merx-final-product-v3
independently-adjudicate-benbassat-performance-mode	Run actions/checkout@v4	2026-08-24T19:16:01.6488496Z  * [new branch]        agent/doctor-who-cycle-010-merx-final-product-v4 -> origin/agent/doctor-who-cycle-010-merx-final-product-v4
independently-adjudicate-benbassat-performance-mode	Run actions/checkout@v4	2026-08-24T19:16:01.6489776Z  * [new branch]        agent/doctor-who-cycle-010-merx-final-review-current-main-v1 -> origin/agent/doctor-who-cycle-010-merx-final-review-current-main-v1
independently-adjudicate-benbassat-performance-mode	Run actions/checkout@v4	2026-08-24T19:16:01.6491028Z  * [new branch]        agent/doctor-who-cycle-010-merx-final-review-v1 -> origin/agent/doctor-who-cycle-010-merx-final-review-v1
independently-adjudicate-benbassat-performance-mode	Run actions/checkout@v4	2026-08-24T19:16:01.6492148Z  * [new branch]        agent/doctor-who-cycle-010-merx-final-review-v2 -> origin/agent/doctor-who-cycle-010-merx-final-review-v2
independently-adjudicate-benbassat-performance-mode	Run actions/checkout@v4	2026-08-24T19:16:01.6493260Z  * [new branch]        agent/doctor-who-cycle-010-merx-final-review-v3 -> origin/agent/doctor-who-cycle-010-merx-final-review-v3
independently-adjudicate-benbassat-performance-mode	Run actions/checkout@v4	2026-08-24T19:16:01.6494530Z  * [new branch]        agent/doctor-who-cycle-010-merx-final-review-v4 -> origin/agent/doctor-who-cycle-010-merx-final-review-v4
independently-adjudicate-benbassat-performance-mode	Run actions/checkout@v4	2026-08-24T19:16:01.6495863Z  * [new branch]        agent/doctor-who-cycle-010-merx-media-review-v1 -> origin/agent/doctor-who-cycle-010-merx-media-review-v1
independently-adjudicate-benbassat-performance-mode	Run actions/checkout@v4	2026-08-24T19:16:01.6497072Z  * [new branch]        agent/doctor-who-cycle-010-merx-merger-current-main-v1 -> origin/agent/doctor-who-cycle-010-merx-merger-current-main-v1
independently-adjudicate-benbassat-performance-mode	Run actions/checkout@v4	2026-08-24T19:16:01.6498247Z  * [new branch]        agent/doctor-who-cycle-010-merx-postmerge-v1 -> origin/agent/doctor-who-cycle-010-merx-postmerge-v1
independently-adjudicate-benbassat-performance-mode	Run actions/checkout@v4	2026-08-24T19:16:01.6499431Z  * [new branch]        agent/doctor-who-cycle-010-merx-publisher-current-main-v1 -> origin/agent/doctor-who-cycle-010-merx-publisher-current-main-v1
independently-adjudicate-benbassat-performance-mode	Run actions/checkout@v4	2026-08-24T19:16:01.6500798Z  * [new branch]        agent/doctor-who-cycle-010-merx-reviewed-product-current-main-v1 -> origin/agent/doctor-who-cycle-010-merx-reviewed-product-current-main-v1
independently-adjudicate-benbassat-performance-mode	Run actions/checkout@v4	2026-08-24T19:16:01.6502017Z  * [new branch]        agent/doctor-who-cycle-010-preflight-v1 -> origin/agent/doctor-who-cycle-010-preflight-v1
independently-adjudicate-benbassat-performance-mode	Run actions/checkout@v4	2026-08-24T19:16:01.6503019Z  * [new branch]        agent/doctor-who-cycle-010-preflight-v2 -> origin/agent/doctor-who-cycle-010-preflight-v2
independently-adjudicate-benbassat-performance-mode	Run actions/checkout@v4	2026-08-24T19:16:01.6504298Z  * [new branch]        agent/doctor-who-cycle-011-preflight-v1 -> origin/agent/doctor-who-cycle-011-preflight-v1
independently-adjudicate-benbassat-performance-mode	Run actions/checkout@v4	2026-08-24T19:16:01.6505413Z  * [new branch]        agent/doctor-who-cycle-011-retire-direct-publisher-v1 -> origin/agent/doctor-who-cycle-011-retire-direct-publisher-v1
independently-adjudicate-benbassat-performance-mode	Run actions/checkout@v4	2026-08-24T19:16:01.6506574Z  * [new branch]        agent/doctor-who-cycle-012-senstarg-candidate-v1 -> origin/agent/doctor-who-cycle-012-senstarg-candidate-v1
independently-adjudicate-benbassat-performance-mode	Run actions/checkout@v4	2026-08-24T19:16:01.6507590Z  * [new branch]        agent/doctor-who-cycle-012-senstarg-review-v1 -> origin/agent/doctor-who-cycle-012-senstarg-review-v1
independently-adjudicate-benbassat-performance-mode	Run actions/checkout@v4	2026-08-24T19:16:01.6508574Z  * [new branch]        agent/doctor-who-cycle-013-shallo-candidate-v1 -> origin/agent/doctor-who-cycle-013-shallo-candidate-v1
independently-adjudicate-benbassat-performance-mode	Run actions/checkout@v4	2026-08-24T19:16:01.6509619Z  * [new branch]        agent/doctor-who-cycle-014-shrok-candidate-v1 -> origin/agent/doctor-who-cycle-014-shrok-candidate-v1
independently-adjudicate-benbassat-performance-mode	Run actions/checkout@v4	2026-08-24T19:16:01.6510645Z  * [new branch]        agent/doctor-who-global-cycle-receipt -> origin/agent/doctor-who-global-cycle-receipt
independently-adjudicate-benbassat-performance-mode	Run actions/checkout@v4	2026-08-24T19:16:01.6511639Z  * [new branch]        agent/doctor-who-gredd-cycle-002-publication -> origin/agent/doctor-who-gredd-cycle-002-publication
independently-adjudicate-benbassat-performance-mode	Run actions/checkout@v4	2026-08-24T19:16:01.6512615Z  * [new branch]        agent/doctor-who-journal-retirement-presence-custody -> origin/agent/doctor-who-journal-retirement-presence-custody
independently-adjudicate-benbassat-performance-mode	Run actions/checkout@v4	2026-08-24T19:16:01.6513918Z  * [new branch]        agent/doctor-who-lifecycle-scope-and-terminal-custody -> origin/agent/doctor-who-lifecycle-scope-and-terminal-custody
independently-adjudicate-benbassat-performance-mode	Run actions/checkout@v4	2026-08-24T19:16:01.6514964Z  * [new branch]        agent/doctor-who-lifecycle-task-id-first-custody -> origin/agent/doctor-who-lifecycle-task-id-first-custody
independently-adjudicate-benbassat-performance-mode	Run actions/checkout@v4	2026-08-24T19:16:01.6516159Z  * [new branch]        agent/doctor-who-lifecycle-task-id-first-custody-v2 -> origin/agent/doctor-who-lifecycle-task-id-first-custody-v2
independently-adjudicate-benbassat-performance-mode	Run actions/checkout@v4	2026-08-24T19:16:01.6517197Z  * [new branch]        agent/doctor-who-lifecycle-task-id-first-custody-v3 -> origin/agent/doctor-who-lifecycle-task-id-first-custody-v3
independently-adjudicate-benbassat-performance-mode	Run actions/checkout@v4	2026-08-24T19:16:01.6518118Z  * [new branch]        agent/doctor-who-pilot-activation-current -> origin/agent/doctor-who-pilot-activation-current
independently-adjudicate-benbassat-performance-mode	Run actions/checkout@v4	2026-08-24T19:16:01.6518970Z  * [new branch]        agent/doctor-who-pilot-claim-event-custody -> origin/agent/doctor-who-pilot-claim-event-custody
independently-adjudicate-benbassat-performance-mode	Run actions/checkout@v4	2026-08-24T19:16:01.6519737Z  * [new branch]        agent/doctor-who-pilot-cycle-001 -> origin/agent/doctor-who-pilot-cycle-001
independently-adjudicate-benbassat-performance-mode	Run actions/checkout@v4	2026-08-24T19:16:01.6520485Z  * [new branch]        agent/doctor-who-pilot-cycle-001-current -> origin/agent/doctor-who-pilot-cycle-001-current
independently-adjudicate-benbassat-performance-mode	Run actions/checkout@v4	2026-08-24T19:16:01.6521327Z  * [new branch]        agent/doctor-who-pilot-cycle-journal-custody -> origin/agent/doctor-who-pilot-cycle-journal-custody
independently-adjudicate-benbassat-performance-mode	Run actions/checkout@v4	2026-08-24T19:16:01.6522182Z  * [new branch]        agent/doctor-who-pilot-cycle-review-hotfix -> origin/agent/doctor-who-pilot-cycle-review-hotfix
independently-adjudicate-benbassat-performance-mode	Run actions/checkout@v4	2026-08-24T19:16:01.6523507Z  * [new branch]        agent/doctor-who-regeneration-001 -> origin/agent/doctor-who-regeneration-001
independently-adjudicate-benbassat-performance-mode	Run actions/checkout@v4	2026-08-24T19:16:01.6524371Z  * [new branch]        agent/doctor-who-retained-retired-task-custody -> origin/agent/doctor-who-retained-retired-task-custody
independently-adjudicate-benbassat-performance-mode	Run actions/checkout@v4	2026-08-24T19:16:01.6525271Z  * [new branch]        agent/doctor-who-scope-bound-cycle-receipt -> origin/agent/doctor-who-scope-bound-cycle-receipt
independently-adjudicate-benbassat-performance-mode	Run actions/checkout@v4	2026-08-24T19:16:01.6526093Z  * [new branch]        agent/doctor-who-semantic-adapter-001 -> origin/agent/doctor-who-semantic-adapter-001
independently-adjudicate-benbassat-performance-mode	Run actions/checkout@v4	2026-08-24T19:16:01.6526896Z  * [new branch]        agent/doctor-who-source-preservation-001 -> origin/agent/doctor-who-source-preservation-001
independently-adjudicate-benbassat-performance-mode	Run actions/checkout@v4	2026-08-24T19:16:01.6527658Z  * [new branch]        agent/enwright-cycle-schema-probe -> origin/agent/enwright-cycle-schema-probe
independently-adjudicate-benbassat-performance-mode	Run actions/checkout@v4	2026-08-24T19:16:01.6528397Z  * [new branch]        agent/enwright-media-candidate-probe -> origin/agent/enwright-media-candidate-probe
independently-adjudicate-benbassat-performance-mode	Run actions/checkout@v4	2026-08-24T19:16:01.6529103Z  * [new branch]        agent/estate-consolidation-001 -> origin/agent/estate-consolidation-001
independently-adjudicate-benbassat-performance-mode	Run actions/checkout@v4	2026-08-24T19:16:01.6529777Z  * [new branch]        agent/estate-debt-collection-001 -> origin/agent/estate-debt-collection-001
independently-adjudicate-benbassat-performance-mode	Run actions/checkout@v4	2026-08-24T19:16:01.6530464Z  * [new branch]        agent/estate-release-finalize-001 -> origin/agent/estate-release-finalize-001
independently-adjudicate-benbassat-performance-mode	Run actions/checkout@v4	2026-08-24T19:16:01.6531176Z  * [new branch]        agent/export-current-main-result-v1 -> origin/agent/export-current-main-result-v1
independently-adjudicate-benbassat-performance-mode	Run actions/checkout@v4	2026-08-24T19:16:01.6531899Z  * [new branch]        agent/export-current-main-result-v2 -> origin/agent/export-current-main-result-v2
independently-adjudicate-benbassat-performance-mode	Run actions/checkout@v4	2026-08-24T19:16:01.6532568Z  * [new branch]        agent/export-current-main-v1 -> origin/agent/export-current-main-v1
independently-adjudicate-benbassat-performance-mode	Run actions/checkout@v4	2026-08-24T19:16:01.6533190Z  * [new branch]        agent/export-current-main-v2 -> origin/agent/export-current-main-v2
independently-adjudicate-benbassat-performance-mode	Run actions/checkout@v4	2026-08-24T19:16:01.6534073Z  * [new branch]        agent/extract-maryl-helper-by-sha-result-v2 -> origin/agent/extract-maryl-helper-by-sha-result-v2
independently-adjudicate-benbassat-performance-mode	Run actions/checkout@v4	2026-08-24T19:16:01.6534880Z  * [new branch]        agent/extract-maryl-helper-by-sha-v2 -> origin/agent/extract-maryl-helper-by-sha-v2
independently-adjudicate-benbassat-performance-mode	Run actions/checkout@v4	2026-08-24T19:16:01.6535807Z  * [new branch]        agent/extract-maryl-helper-for-queen-v1 -> origin/agent/extract-maryl-helper-for-queen-v1
independently-adjudicate-benbassat-performance-mode	Run actions/checkout@v4	2026-08-24T19:16:01.6536832Z  * [new branch]        agent/extract-maryl-status-result-v1 -> origin/agent/extract-maryl-status-result-v1
independently-adjudicate-benbassat-performance-mode	Run actions/checkout@v4	2026-08-24T19:16:01.6537536Z  * [new branch]        agent/extract-maryl-status-v1 -> origin/agent/extract-maryl-status-v1
independently-adjudicate-benbassat-performance-mode	Run actions/checkout@v4	2026-08-24T19:16:01.6538319Z  * [new branch]        agent/extract-white-rabbit-controller-result-v1 -> origin/agent/extract-white-rabbit-controller-result-v1
independently-adjudicate-benbassat-performance-mode	Run actions/checkout@v4	2026-08-24T19:16:01.6539195Z  * [new branch]        agent/extract-white-rabbit-controller-v1 -> origin/agent/extract-white-rabbit-controller-v1
independently-adjudicate-benbassat-performance-mode	Run actions/checkout@v4	2026-08-24T19:16:01.6539961Z  * [new branch]        agent/ferengi-media-enrichment-001 -> origin/agent/ferengi-media-enrichment-001
independently-adjudicate-benbassat-performance-mode	Run actions/checkout@v4	2026-08-24T19:16:01.6540731Z  * [new branch]        agent/finalize-clean-preservation-7054b6 -> origin/agent/finalize-clean-preservation-7054b6
independently-adjudicate-benbassat-performance-mode	Run actions/checkout@v4	2026-08-24T19:16:01.6541541Z  * [new branch]        agent/finalize-forced-preserve-7054b6 -> origin/agent/finalize-forced-preserve-7054b6
independently-adjudicate-benbassat-performance-mode	Run actions/checkout@v4	2026-08-24T19:16:01.6542248Z  * [new branch]        agent/fix-ferengi-role-filter -> origin/agent/fix-ferengi-role-filter
independently-adjudicate-benbassat-performance-mode	Run actions/checkout@v4	2026-08-24T19:16:01.6542961Z  * [new branch]        agent/full-site-integrity-design-sweep -> origin/agent/full-site-integrity-design-sweep
independently-adjudicate-benbassat-performance-mode	Run actions/checkout@v4	2026-08-24T19:16:01.6544044Z  * [new branch]        agent/gredd-cycle-002-final-evidence -> origin/agent/gredd-cycle-002-final-evidence
independently-adjudicate-benbassat-performance-mode	Run actions/checkout@v4	2026-08-24T19:16:01.6544829Z  * [new branch]        agent/gredd-cycle-002-recovery-bootstrap -> origin/agent/gredd-cycle-002-recovery-bootstrap
independently-adjudicate-benbassat-performance-mode	Run actions/checkout@v4	2026-08-24T19:16:01.6545592Z  * [new branch]        agent/gredd-cycle-002-recovery-rearm -> origin/agent/gredd-cycle-002-recovery-rearm
independently-adjudicate-benbassat-performance-mode	Run actions/checkout@v4	2026-08-24T19:16:01.6546300Z  * [new branch]        agent/homepage-purpose-and-theme -> origin/agent/homepage-purpose-and-theme
independently-adjudicate-benbassat-performance-mode	Run actions/checkout@v4	2026-08-24T19:16:01.6547085Z  * [new branch]        agent/inspect-anastasia-candidate-result-v1 -> origin/agent/inspect-anastasia-candidate-result-v1
independently-adjudicate-benbassat-performance-mode	Run actions/checkout@v4	2026-08-24T19:16:01.6548058Z  * [new branch]        agent/inspect-anastasia-candidate-v1 -> origin/agent/inspect-anastasia-candidate-v1
independently-adjudicate-benbassat-performance-mode	Run actions/checkout@v4	2026-08-24T19:16:01.6548842Z  * [new branch]        agent/inspect-anastasia-install-result-v1 -> origin/agent/inspect-anastasia-install-result-v1
independently-adjudicate-benbassat-performance-mode	Run actions/checkout@v4	2026-08-24T19:16:01.6549618Z  * [new branch]        agent/inspect-anastasia-install-v1 -> origin/agent/inspect-anastasia-install-v1
independently-adjudicate-benbassat-performance-mode	Run actions/checkout@v4	2026-08-24T19:16:01.6550392Z  * [new branch]        agent/inspect-anastasia-runs-all-result-v1 -> origin/agent/inspect-anastasia-runs-all-result-v1
independently-adjudicate-benbassat-performance-mode	Run actions/checkout@v4	2026-08-24T19:16:01.6551177Z  * [new branch]        agent/inspect-anastasia-runs-all-v1 -> origin/agent/inspect-anastasia-runs-all-v1
independently-adjudicate-benbassat-performance-mode	Run actions/checkout@v4	2026-08-24T19:16:01.6551948Z  * [new branch]        agent/inspect-star-trek-current-result-v1 -> origin/agent/inspect-star-trek-current-result-v1
independently-adjudicate-benbassat-performance-mode	Run actions/checkout@v4	2026-08-24T19:16:01.6552707Z  * [new branch]        agent/inspect-star-trek-current-v1 -> origin/agent/inspect-star-trek-current-v1
independently-adjudicate-benbassat-performance-mode	Run actions/checkout@v4	2026-08-24T19:16:01.6553710Z  * [new branch]        agent/inspect-star-trek-rail-v5 -> origin/agent/inspect-star-trek-rail-v5
independently-adjudicate-benbassat-performance-mode	Run actions/checkout@v4	2026-08-24T19:16:01.6554490Z  * [new branch]        agent/inspect-star-trek-rail-v5-result -> origin/agent/inspect-star-trek-rail-v5-result
independently-adjudicate-benbassat-performance-mode	Run actions/checkout@v4	2026-08-24T19:16:01.6555294Z  * [new branch]        agent/inspect-star-trek-rail-v5-snapshot -> origin/agent/inspect-star-trek-rail-v5-snapshot
independently-adjudicate-benbassat-performance-mode	Run actions/checkout@v4	2026-08-24T19:16:01.6556160Z  * [new branch]        agent/inspect-star-trek-rail-v5-snapshot-result -> origin/agent/inspect-star-trek-rail-v5-snapshot-result
independently-adjudicate-benbassat-performance-mode	Run actions/checkout@v4	2026-08-24T19:16:01.6556955Z  * [new branch]        agent/inspect-star-trek-sync-v6 -> origin/agent/inspect-star-trek-sync-v6
independently-adjudicate-benbassat-performance-mode	Run actions/checkout@v4	2026-08-24T19:16:01.6557670Z  * [new branch]        agent/inspect-star-trek-sync-v6-result -> origin/agent/inspect-star-trek-sync-v6-result
independently-adjudicate-benbassat-performance-mode	Run actions/checkout@v4	2026-08-24T19:16:01.6558457Z  * [new branch]        agent/inspect-star-trek-sync-v6-snapshot -> origin/agent/inspect-star-trek-sync-v6-snapshot
independently-adjudicate-benbassat-performance-mode	Run actions/checkout@v4	2026-08-24T19:16:01.6559324Z  * [new branch]        agent/inspect-star-trek-sync-v6-snapshot-result -> origin/agent/inspect-star-trek-sync-v6-snapshot-result
independently-adjudicate-benbassat-performance-mode	Run actions/checkout@v4	2026-08-24T19:16:01.6560328Z  * [new branch]        agent/locate-finalizer-forced-7054b6 -> origin/agent/locate-finalizer-forced-7054b6
independently-adjudicate-benbassat-performance-mode	Run actions/checkout@v4	2026-08-24T19:16:01.6561088Z  * [new branch]        agent/locate-preserve-dispatch-7054b6 -> origin/agent/locate-preserve-dispatch-7054b6
independently-adjudicate-benbassat-performance-mode	Run actions/checkout@v4	2026-08-24T19:16:01.6561834Z  * [new branch]        agent/locate-terminal-closure-7f6140 -> origin/agent/locate-terminal-closure-7f6140
independently-adjudicate-benbassat-performance-mode	Run actions/checkout@v4	2026-08-24T19:16:01.6562917Z  * [new branch]        agent/media-audit-scope-order-repair -> origin/agent/media-audit-scope-order-repair
independently-adjudicate-benbassat-performance-mode	Run actions/checkout@v4	2026-08-24T19:16:01.6563847Z  * [new branch]        agent/no-user-physical-dependency -> origin/agent/no-user-physical-dependency
independently-adjudicate-benbassat-performance-mode	Run actions/checkout@v4	2026-08-24T19:16:01.6564611Z  * [new branch]        agent/observe-anastasia-cycle-result-v1 -> origin/agent/observe-anastasia-cycle-result-v1
independently-adjudicate-benbassat-performance-mode	Run actions/checkout@v4	2026-08-24T19:16:01.6565371Z  * [new branch]        agent/observe-anastasia-cycle-v1 -> origin/agent/observe-anastasia-cycle-v1
independently-adjudicate-benbassat-performance-mode	Run actions/checkout@v4	2026-08-24T19:16:01.6566139Z  * [new branch]        agent/observe-anastasia-recovery-result-v2 -> origin/agent/observe-anastasia-recovery-result-v2
independently-adjudicate-benbassat-performance-mode	Run actions/checkout@v4	2026-08-24T19:16:01.6566926Z  * [new branch]        agent/observe-anastasia-recovery-v2 -> origin/agent/observe-anastasia-recovery-v2
independently-adjudicate-benbassat-performance-mode	Run actions/checkout@v4	2026-08-24T19:16:01.6567766Z  * [new branch]        agent/observe-cycle-011-rastel-cleanup-current-v1 -> origin/agent/observe-cycle-011-rastel-cleanup-current-v1
independently-adjudicate-benbassat-performance-mode	Run actions/checkout@v4	2026-08-24T19:16:01.6568717Z  * [new branch]        agent/observe-cycle-completed-failure-32546924511 -> origin/agent/observe-cycle-completed-failure-32546924511
independently-adjudicate-benbassat-performance-mode	Run actions/checkout@v4	2026-08-24T19:16:01.6569519Z  * [new branch]        agent/observe-cycle-v3-current -> origin/agent/observe-cycle-v3-current
independently-adjudicate-benbassat-performance-mode	Run actions/checkout@v4	2026-08-24T19:16:01.6570334Z  * [new branch]        agent/observe-dispatch-clean-preservation-235227a -> origin/agent/observe-dispatch-clean-preservation-235227a
independently-adjudicate-benbassat-performance-mode	Run actions/checkout@v4	2026-08-24T19:16:01.6571213Z  * [new branch]        agent/observe-finalize-forced-7054b6 -> origin/agent/observe-finalize-forced-7054b6
independently-adjudicate-benbassat-performance-mode	Run actions/checkout@v4	2026-08-24T19:16:01.6572110Z  * [new branch]        agent/observe-gredd-recovery-63fadd -> origin/agent/observe-gredd-recovery-63fadd
independently-adjudicate-benbassat-performance-mode	Run actions/checkout@v4	2026-08-24T19:16:01.6572831Z  * [new branch]        agent/observe-no-golden-cage-d81e33 -> origin/agent/observe-no-golden-cage-d81e33
independently-adjudicate-benbassat-performance-mode	Run actions/checkout@v4	2026-08-24T19:16:01.6573712Z  * [new branch]        agent/observe-operational-main-25f637 -> origin/agent/observe-operational-main-25f637
independently-adjudicate-benbassat-performance-mode	Run actions/checkout@v4	2026-08-24T19:16:01.6574415Z  * [new branch]        agent/observe-preserve-7054b6 -> origin/agent/observe-preserve-7054b6
independently-adjudicate-benbassat-performance-mode	Run actions/checkout@v4	2026-08-24T19:16:01.6575127Z  * [new branch]        agent/observe-preserve-dispatch-7054b6 -> origin/agent/observe-preserve-dispatch-7054b6
independently-adjudicate-benbassat-performance-mode	Run actions/checkout@v4	2026-08-24T19:16:01.6575883Z  * [new branch]        agent/observe-queen-media-v1 -> origin/agent/observe-queen-media-v1
independently-adjudicate-benbassat-performance-mode	Run actions/checkout@v4	2026-08-24T19:16:01.6576551Z  * [new branch]        agent/observe-queen-media-v1-result -> origin/agent/observe-queen-media-v1-result
independently-adjudicate-benbassat-performance-mode	Run actions/checkout@v4	2026-08-24T19:16:01.6577315Z  * [new branch]        agent/observe-star-trek-cycle-result-v1 -> origin/agent/observe-star-trek-cycle-result-v1
independently-adjudicate-benbassat-performance-mode	Run actions/checkout@v4	2026-08-24T19:16:01.6578133Z  * [new branch]        agent/observe-star-trek-cycle-snapshot-v1 -> origin/agent/observe-star-trek-cycle-snapshot-v1
independently-adjudicate-benbassat-performance-mode	Run actions/checkout@v4	2026-08-24T19:16:01.6578884Z  * [new branch]        agent/observe-star-trek-cycle-v1 -> origin/agent/observe-star-trek-cycle-v1
independently-adjudicate-benbassat-performance-mode	Run actions/checkout@v4	2026-08-24T19:16:01.6579553Z  * [new branch]        agent/observe-star-trek-cycle-v3 -> origin/agent/observe-star-trek-cycle-v3
independently-adjudicate-benbassat-performance-mode	Run actions/checkout@v4	2026-08-24T19:16:01.6580280Z  * [new branch]        agent/observe-star-trek-cycle-v3-result -> origin/agent/observe-star-trek-cycle-v3-result
independently-adjudicate-benbassat-performance-mode	Run actions/checkout@v4	2026-08-24T19:16:01.6581086Z  * [new branch]        agent/observe-star-trek-cycle-v3-snapshot -> origin/agent/observe-star-trek-cycle-v3-snapshot
independently-adjudicate-benbassat-performance-mode	Run actions/checkout@v4	2026-08-24T19:16:01.6581965Z  * [new branch]        agent/observe-star-trek-cycle-v3-snapshot-result -> origin/agent/observe-star-trek-cycle-v3-snapshot-result
independently-adjudicate-benbassat-performance-mode	Run actions/checkout@v4	2026-08-24T19:16:01.6582777Z  * [new branch]        agent/observe-star-trek-cycle-v4 -> origin/agent/observe-star-trek-cycle-v4
independently-adjudicate-benbassat-performance-mode	Run actions/checkout@v4	2026-08-24T19:16:01.6583926Z  * [new branch]        agent/observe-star-trek-cycle-v4-result -> origin/agent/observe-star-trek-cycle-v4-result
independently-adjudicate-benbassat-performance-mode	Run actions/checkout@v4	2026-08-24T19:16:01.6584743Z  * [new branch]        agent/observe-star-trek-cycle-v4-snapshot -> origin/agent/observe-star-trek-cycle-v4-snapshot
independently-adjudicate-benbassat-performance-mode	Run actions/checkout@v4	2026-08-24T19:16:01.6585626Z  * [new branch]        agent/observe-star-trek-cycle-v4-snapshot-result -> origin/agent/observe-star-trek-cycle-v4-snapshot-result
independently-adjudicate-benbassat-performance-mode	Run actions/checkout@v4	2026-08-24T19:16:01.6586481Z  * [new branch]        agent/observe-terminal-closure-7f6140 -> origin/agent/observe-terminal-closure-7f6140
independently-adjudicate-benbassat-performance-mode	Run actions/checkout@v4	2026-08-24T19:16:01.6587222Z  * [new branch]        agent/observe-ux-nav-review-release -> origin/agent/observe-ux-nav-review-release
independently-adjudicate-benbassat-performance-mode	Run actions/checkout@v4	2026-08-24T19:16:01.6588055Z  * [new branch]        agent/operational-evidence-publisher-v3-20260806 -> origin/agent/operational-evidence-publisher-v3-20260806
independently-adjudicate-benbassat-performance-mode	Run actions/checkout@v4	2026-08-24T19:16:01.6588987Z  * [new branch]        agent/operational-evidence-review-base-37d681f -> origin/agent/operational-evidence-review-base-37d681f
independently-adjudicate-benbassat-performance-mode	Run actions/checkout@v4	2026-08-24T19:16:01.6590043Z  * [new branch]        agent/operational-evidence-second-desk-direct-publisher-v12 -> origin/agent/operational-evidence-second-desk-direct-publisher-v12
independently-adjudicate-benbassat-performance-mode	Run actions/checkout@v4	2026-08-24T19:16:01.6591176Z  * [new branch]        agent/operational-evidence-second-desk-publisher-20260806 -> origin/agent/operational-evidence-second-desk-publisher-20260806
independently-adjudicate-benbassat-performance-mode	Run actions/checkout@v4	2026-08-24T19:16:01.6592325Z  * [new branch]        agent/operational-evidence-second-desk-publisher-v10-trigger -> origin/agent/operational-evidence-second-desk-publisher-v10-trigger
independently-adjudicate-benbassat-performance-mode	Run actions/checkout@v4	2026-08-24T19:16:01.6593829Z  * [new branch]        agent/operational-evidence-second-desk-publisher-v11-pr-target -> origin/agent/operational-evidence-second-desk-publisher-v11-pr-target
independently-adjudicate-benbassat-performance-mode	Run actions/checkout@v4	2026-08-24T19:16:01.6595079Z  * [new branch]        agent/operational-evidence-second-desk-publisher-v6-wrapper -> origin/agent/operational-evidence-second-desk-publisher-v6-wrapper
independently-adjudicate-benbassat-performance-mode	Run actions/checkout@v4	2026-08-24T19:16:01.6596413Z  * [new branch]        agent/operational-evidence-second-desk-publisher-v7-wrapper -> origin/agent/operational-evidence-second-desk-publisher-v7-wrapper
independently-adjudicate-benbassat-performance-mode	Run actions/checkout@v4	2026-08-24T19:16:01.6597572Z  * [new branch]        agent/operational-evidence-second-desk-publisher-v9-wrapper -> origin/agent/operational-evidence-second-desk-publisher-v9-wrapper
independently-adjudicate-benbassat-performance-mode	Run actions/checkout@v4	2026-08-24T19:16:01.6598686Z  * [new branch]        agent/operational-evidence-second-desk-refresh-20260806 -> origin/agent/operational-evidence-second-desk-refresh-20260806
independently-adjudicate-benbassat-performance-mode	Run actions/checkout@v4	2026-08-24T19:16:01.6599714Z  * [new branch]        agent/operational-evidence-second-desk-v11-event -> origin/agent/operational-evidence-second-desk-v11-event
independently-adjudicate-benbassat-performance-mode	Run actions/checkout@v4	2026-08-24T19:16:01.6600708Z  * [new branch]        agent/operational-evidence-v11-direct-product-staging -> origin/agent/operational-evidence-v11-direct-product-staging
independently-adjudicate-benbassat-performance-mode	Run actions/checkout@v4	2026-08-24T19:16:01.6601768Z  * [new branch]        agent/operational-evidence-workflow-run-igniter-20260806 -> origin/agent/operational-evidence-workflow-run-igniter-20260806
independently-adjudicate-benbassat-performance-mode	Run actions/checkout@v4	2026-08-24T19:16:01.6602672Z  * [new branch]        agent/operational-metric-baselines -> origin/agent/operational-metric-baselines
independently-adjudicate-benbassat-performance-mode	Run actions/checkout@v4	2026-08-24T19:16:01.6603592Z  * [new branch]        agent/operational-metric-ledger-custody -> origin/agent/operational-metric-ledger-custody
independently-adjudicate-benbassat-performance-mode	Run actions/checkout@v4	2026-08-24T19:16:01.6604404Z  * [new branch]        agent/operational-metrics-custody-002 -> origin/agent/operational-metrics-custody-002
independently-adjudicate-benbassat-performance-mode	Run actions/checkout@v4	2026-08-24T19:16:01.6605174Z  * [new branch]        agent/operational-metrics-receipt-003 -> origin/agent/operational-metrics-receipt-003
independently-adjudicate-benbassat-performance-mode	Run actions/checkout@v4	2026-08-24T19:16:01.6605909Z  * [new branch]        agent/operational-reliability-001 -> origin/agent/operational-reliability-001
independently-adjudicate-benbassat-performance-mode	Run actions/checkout@v4	2026-08-24T19:16:01.6606717Z  * [new branch]        agent/operational-reliability-binary-recovery -> origin/agent/operational-reliability-binary-recovery
independently-adjudicate-benbassat-performance-mode	Run actions/checkout@v4	2026-08-24T19:16:01.6607620Z  * [new branch]        agent/operational-reliability-drill-receipts -> origin/agent/operational-reliability-drill-receipts
independently-adjudicate-benbassat-performance-mode	Run actions/checkout@v4	2026-08-24T19:16:01.6608516Z  * [new branch]        agent/operational-reliability-evidence-ledger -> origin/agent/operational-reliability-evidence-ledger
independently-adjudicate-benbassat-performance-mode	Run actions/checkout@v4	2026-08-24T19:16:01.6609585Z  * [new branch]        agent/operational-reliability-evidence-ledger-v2 -> origin/agent/operational-reliability-evidence-ledger-v2
independently-adjudicate-benbassat-performance-mode	Run actions/checkout@v4	2026-08-24T19:16:01.6610531Z  * [new branch]        agent/operational-reliability-lockfile-trigger -> origin/agent/operational-reliability-lockfile-trigger
independently-adjudicate-benbassat-performance-mode	Run actions/checkout@v4	2026-08-24T19:16:01.6611440Z  * [new branch]        agent/operational-reliability-main-proof -> origin/agent/operational-reliability-main-proof
independently-adjudicate-benbassat-performance-mode	Run actions/checkout@v4	2026-08-24T19:16:01.6612277Z  * [new branch]        agent/operational-reliability-metrics-001 -> origin/agent/operational-reliability-metrics-001
independently-adjudicate-benbassat-performance-mode	Run actions/checkout@v4	2026-08-24T19:16:01.6613143Z  * [new branch]        agent/operational-reliability-no-golden-cage -> origin/agent/operational-reliability-no-golden-cage
independently-adjudicate-benbassat-performance-mode	Run actions/checkout@v4	2026-08-24T19:16:01.6614069Z  * [new branch]        agent/post-merge-enwright-proof -> origin/agent/post-merge-enwright-proof
independently-adjudicate-benbassat-performance-mode	Run actions/checkout@v4	2026-08-24T19:16:01.6615101Z  * [new branch]        agent/probe-anastasia-recovery-now-result-v2 -> origin/agent/probe-anastasia-recovery-now-result-v2
independently-adjudicate-benbassat-performance-mode	Run actions/checkout@v4	2026-08-24T19:16:01.6615870Z  * [new branch]        agent/probe-cycle-v3-head   -> origin/agent/probe-cycle-v3-head
independently-adjudicate-benbassat-performance-mode	Run actions/checkout@v4	2026-08-24T19:16:01.6616535Z  * [new branch]        agent/public-trust-corrections-001 -> origin/agent/public-trust-corrections-001
independently-adjudicate-benbassat-performance-mode	Run actions/checkout@v4	2026-08-24T19:16:01.6617355Z  * [new branch]        agent/public-trust-corrections-mainline-001 -> origin/agent/public-trust-corrections-mainline-001
independently-adjudicate-benbassat-performance-mode	Run actions/checkout@v4	2026-08-24T19:16:01.6618132Z  * [new branch]        agent/publisher-custody-or-guard -> origin/agent/publisher-custody-or-guard
independently-adjudicate-benbassat-performance-mode	Run actions/checkout@v4	2026-08-24T19:16:01.6618809Z  * [new branch]        agent/qualify-ux02a-current-main -> origin/agent/qualify-ux02a-current-main
independently-adjudicate-benbassat-performance-mode	Run actions/checkout@v4	2026-08-24T19:16:01.6619586Z  * [new branch]        agent/queen-cycle-status-snapshot-result-v1 -> origin/agent/queen-cycle-status-snapshot-result-v1
independently-adjudicate-benbassat-performance-mode	Run actions/checkout@v4	2026-08-24T19:16:01.6620399Z  * [new branch]        agent/queen-cycle-status-snapshot-v1 -> origin/agent/queen-cycle-status-snapshot-v1
independently-adjudicate-benbassat-performance-mode	Run actions/checkout@v4	2026-08-24T19:16:01.6621370Z  * [new branch]        agent/queen-helper-align-result-v1 -> origin/agent/queen-helper-align-result-v1
independently-adjudicate-benbassat-performance-mode	Run actions/checkout@v4	2026-08-24T19:16:01.6622034Z  * [new branch]        agent/queen-helper-align-v1 -> origin/agent/queen-helper-align-v1
independently-adjudicate-benbassat-performance-mode	Run actions/checkout@v4	2026-08-24T19:16:01.6622765Z  * [new branch]        agent/queen-helper-current-prefix-result-v1 -> origin/agent/queen-helper-current-prefix-result-v1
independently-adjudicate-benbassat-performance-mode	Run actions/checkout@v4	2026-08-24T19:16:01.6623888Z  * [new branch]        agent/queen-helper-current-prefix-v1 -> origin/agent/queen-helper-current-prefix-v1
independently-adjudicate-benbassat-performance-mode	Run actions/checkout@v4	2026-08-24T19:16:01.6624664Z  * [new branch]        agent/queen-helper-recover-result-v2 -> origin/agent/queen-helper-recover-result-v2
independently-adjudicate-benbassat-performance-mode	Run actions/checkout@v4	2026-08-24T19:16:01.6625351Z  * [new branch]        agent/queen-helper-recover-v2 -> origin/agent/queen-helper-recover-v2
independently-adjudicate-benbassat-performance-mode	Run actions/checkout@v4	2026-08-24T19:16:01.6626108Z  * [new branch]        agent/queen-helper-status-snapshot-result-v1 -> origin/agent/queen-helper-status-snapshot-result-v1
independently-adjudicate-benbassat-performance-mode	Run actions/checkout@v4	2026-08-24T19:16:01.6626940Z  * [new branch]        agent/queen-helper-status-snapshot-v1 -> origin/agent/queen-helper-status-snapshot-v1
independently-adjudicate-benbassat-performance-mode	Run actions/checkout@v4	2026-08-24T19:16:01.6627642Z  * [new branch]        agent/queen-helper-verify-v1 -> origin/agent/queen-helper-verify-v1
independently-adjudicate-benbassat-performance-mode	Run actions/checkout@v4	2026-08-24T19:16:01.6628338Z  * [new branch]        agent/queen-source-run-index-result-v1 -> origin/agent/queen-source-run-index-result-v1
independently-adjudicate-benbassat-performance-mode	Run actions/checkout@v4	2026-08-24T19:16:01.6629051Z  * [new branch]        agent/queen-source-run-index-v1 -> origin/agent/queen-source-run-index-v1
independently-adjudicate-benbassat-performance-mode	Run actions/checkout@v4	2026-08-24T19:16:01.6629681Z  * [new branch]        agent/rd-wave03-blob-probe  -> origin/agent/rd-wave03-blob-probe
independently-adjudicate-benbassat-performance-mode	Run actions/checkout@v4	2026-08-24T19:16:01.6630324Z  * [new branch]        agent/read-collection-publish-log -> origin/agent/read-collection-publish-log
independently-adjudicate-benbassat-performance-mode	Run actions/checkout@v4	2026-08-24T19:16:01.6630995Z  * [new branch]        agent/recover-queen-helper-v4 -> origin/agent/recover-queen-helper-v4
independently-adjudicate-benbassat-performance-mode	Run actions/checkout@v4	2026-08-24T19:16:01.6631672Z  * [new branch]        agent/register-ux-nav-noscript-fix -> origin/agent/register-ux-nav-noscript-fix
independently-adjudicate-benbassat-performance-mode	Run actions/checkout@v4	2026-08-24T19:16:01.6632431Z  * [new branch]        agent/register-ux-nav-readonly-release -> origin/agent/register-ux-nav-readonly-release
independently-adjudicate-benbassat-performance-mode	Run actions/checkout@v4	2026-08-24T19:16:01.6633579Z  * [new branch]        agent/residual-denominator-wave-01 -> origin/agent/residual-denominator-wave-01
independently-adjudicate-benbassat-performance-mode	Run actions/checkout@v4	2026-08-24T19:16:01.6634571Z  * [new branch]        agent/residual-denominator-wave-01-hardening-stage -> origin/agent/residual-denominator-wave-01-hardening-stage
independently-adjudicate-benbassat-performance-mode	Run actions/checkout@v4	2026-08-24T19:16:01.6635541Z  * [new branch]        agent/restore-collection-steady-state-after-ux -> origin/agent/restore-collection-steady-state-after-ux
independently-adjudicate-benbassat-performance-mode	Run actions/checkout@v4	2026-08-24T19:16:01.6636450Z  * [new branch]        agent/retire-doctor-who-cycle-007-v10-payloads -> origin/agent/retire-doctor-who-cycle-007-v10-payloads
independently-adjudicate-benbassat-performance-mode	Run actions/checkout@v4	2026-08-24T19:16:01.6637363Z  * [new branch]        agent/retire-doctor-who-cycle-007-v10-publisher -> origin/agent/retire-doctor-who-cycle-007-v10-publisher
independently-adjudicate-benbassat-performance-mode	Run actions/checkout@v4	2026-08-24T19:16:01.6638277Z  * [new branch]        agent/retire-doctor-who-cycle-007-v14-publisher -> origin/agent/retire-doctor-who-cycle-007-v14-publisher
independently-adjudicate-benbassat-performance-mode	Run actions/checkout@v4	2026-08-24T19:16:01.6639178Z  * [new branch]        agent/retire-estate-preservation-transport -> origin/agent/retire-estate-preservation-transport
independently-adjudicate-benbassat-performance-mode	Run actions/checkout@v4	2026-08-24T19:16:01.6640099Z  * [new branch]        agent/retire-stale-dec0016-trigger-after-cycle005 -> origin/agent/retire-stale-dec0016-trigger-after-cycle005
independently-adjudicate-benbassat-performance-mode	Run actions/checkout@v4	2026-08-24T19:16:01.6640998Z  * [new branch]        agent/retire-synthetic-cycle-009-cadence-v1 -> origin/agent/retire-synthetic-cycle-009-cadence-v1
independently-adjudicate-benbassat-performance-mode	Run actions/checkout@v4	2026-08-24T19:16:01.6641834Z  * [new branch]        agent/retire-unconsumed-wave03-review-fix -> origin/agent/retire-unconsumed-wave03-review-fix
independently-adjudicate-benbassat-performance-mode	Run actions/checkout@v4	2026-08-24T19:16:01.6642690Z  * [new branch]        agent/retire-unstarted-wave03-hosted-executor -> origin/agent/retire-unstarted-wave03-hosted-executor
independently-adjudicate-benbassat-performance-mode	Run actions/checkout@v4	2026-08-24T19:16:01.6643577Z  * [new branch]        agent/rolling-gold-waterline -> origin/agent/rolling-gold-waterline
independently-adjudicate-benbassat-performance-mode	Run actions/checkout@v4	2026-08-24T19:16:01.6644305Z  * [new branch]        agent/scope-local-certification-fixture -> origin/agent/scope-local-certification-fixture
independently-adjudicate-benbassat-performance-mode	Run actions/checkout@v4	2026-08-24T19:16:01.6645159Z  * [new branch]        agent/site-gold-map-001     -> origin/agent/site-gold-map-001
independently-adjudicate-benbassat-performance-mode	Run actions/checkout@v4	2026-08-24T19:16:01.6645725Z  * [new branch]        agent/site-gold-map-002     -> origin/agent/site-gold-map-002
independently-adjudicate-benbassat-performance-mode	Run actions/checkout@v4	2026-08-24T19:16:01.6646414Z  * [new branch]        agent/sitewide-truth-maintenance-handoff -> origin/agent/sitewide-truth-maintenance-handoff
independently-adjudicate-benbassat-performance-mode	Run actions/checkout@v4	2026-08-24T19:16:01.6647101Z  * [new branch]        agent/snapshot-cycle-v3     -> origin/agent/snapshot-cycle-v3
independently-adjudicate-benbassat-performance-mode	Run actions/checkout@v4	2026-08-24T19:16:01.6647707Z  * [new branch]        agent/snapshot-cycle-v3-result -> origin/agent/snapshot-cycle-v3-result
independently-adjudicate-benbassat-performance-mode	Run actions/checkout@v4	2026-08-24T19:16:01.6648314Z  * [new branch]        agent/snapshot-cycle-v4     -> origin/agent/snapshot-cycle-v4
independently-adjudicate-benbassat-performance-mode	Run actions/checkout@v4	2026-08-24T19:16:01.6648956Z  * [new branch]        agent/snapshot-cycle-v4-live-result -> origin/agent/snapshot-cycle-v4-live-result
independently-adjudicate-benbassat-performance-mode	Run actions/checkout@v4	2026-08-24T19:16:01.6649598Z  * [new branch]        agent/snapshot-cycle-v5     -> origin/agent/snapshot-cycle-v5
independently-adjudicate-benbassat-performance-mode	Run actions/checkout@v4	2026-08-24T19:16:01.6650240Z  * [new branch]        agent/snapshot-cycle-v5-live-result -> origin/agent/snapshot-cycle-v5-live-result
independently-adjudicate-benbassat-performance-mode	Run actions/checkout@v4	2026-08-24T19:16:01.6651139Z  * [new branch]        agent/ssc-rd-wave03-admission-review-finalizer-20260805 -> origin/agent/ssc-rd-wave03-admission-review-finalizer-20260805
independently-adjudicate-benbassat-performance-mode	Run actions/checkout@v4	2026-08-24T19:16:01.6652206Z  * [new branch]        agent/ssc-rd-wave03-admission-review-product-20260805 -> origin/agent/ssc-rd-wave03-admission-review-product-20260805
independently-adjudicate-benbassat-performance-mode	Run actions/checkout@v4	2026-08-24T19:16:01.6653137Z  * [new branch]        agent/ssc-rd-wave03-atomic-product-repair -> origin/agent/ssc-rd-wave03-atomic-product-repair
independently-adjudicate-benbassat-performance-mode	Run actions/checkout@v4	2026-08-24T19:16:01.6653994Z  * [new branch]        agent/ssc-rd-wave03-carrier -> origin/agent/ssc-rd-wave03-carrier
independently-adjudicate-benbassat-performance-mode	Run actions/checkout@v4	2026-08-24T19:16:01.6654695Z  * [new branch]        agent/ssc-rd-wave03-controller-observer -> origin/agent/ssc-rd-wave03-controller-observer
independently-adjudicate-benbassat-performance-mode	Run actions/checkout@v4	2026-08-24T19:16:01.6655499Z  * [new branch]        agent/ssc-rd-wave03-controller-v2-cleanup -> origin/agent/ssc-rd-wave03-controller-v2-cleanup
independently-adjudicate-benbassat-performance-mode	Run actions/checkout@v4	2026-08-24T19:16:01.6656444Z  * [new branch]        agent/ssc-rd-wave03-exact-capture-api-finalizer-20260805 -> origin/agent/ssc-rd-wave03-exact-capture-api-finalizer-20260805
independently-adjudicate-benbassat-performance-mode	Run actions/checkout@v4	2026-08-24T19:16:01.6657688Z  * [new branch]        agent/ssc-rd-wave03-exact-capture-api-finalizer-base-20260805 -> origin/agent/ssc-rd-wave03-exact-capture-api-finalizer-base-20260805
independently-adjudicate-benbassat-performance-mode	Run actions/checkout@v4	2026-08-24T19:16:01.6658823Z  * [new branch]        agent/ssc-rd-wave03-exact-capture-api-finalizer-v2-20260805 -> origin/agent/ssc-rd-wave03-exact-capture-api-finalizer-v2-20260805
independently-adjudicate-benbassat-performance-mode	Run actions/checkout@v4	2026-08-24T19:16:01.6659948Z  * [new branch]        agent/ssc-rd-wave03-exact-capture-api-finalizer-v3-20260805 -> origin/agent/ssc-rd-wave03-exact-capture-api-finalizer-v3-20260805
independently-adjudicate-benbassat-performance-mode	Run actions/checkout@v4	2026-08-24T19:16:01.6661052Z  * [new branch]        agent/ssc-rd-wave03-exact-capture-api-finalizer-v4-20260805 -> origin/agent/ssc-rd-wave03-exact-capture-api-finalizer-v4-20260805
independently-adjudicate-benbassat-performance-mode	Run actions/checkout@v4	2026-08-24T19:16:01.6662156Z  * [new branch]        agent/ssc-rd-wave03-exact-capture-api-publisher-v1-20260805 -> origin/agent/ssc-rd-wave03-exact-capture-api-publisher-v1-20260805
independently-adjudicate-benbassat-performance-mode	Run actions/checkout@v4	2026-08-24T19:16:01.6663176Z  * [new branch]        agent/ssc-rd-wave03-exact-capture-base-20260805 -> origin/agent/ssc-rd-wave03-exact-capture-base-20260805
independently-adjudicate-benbassat-performance-mode	Run actions/checkout@v4	2026-08-24T19:16:01.6664451Z  * [new branch]        agent/ssc-rd-wave03-exact-capture-blob-export-20260805 -> origin/agent/ssc-rd-wave03-exact-capture-blob-export-20260805
independently-adjudicate-benbassat-performance-mode	Run actions/checkout@v4	2026-08-24T19:16:01.6665542Z  * [new branch]        agent/ssc-rd-wave03-exact-capture-drift-resolver-20260805 -> origin/agent/ssc-rd-wave03-exact-capture-drift-resolver-20260805
independently-adjudicate-benbassat-performance-mode	Run actions/checkout@v4	2026-08-24T19:16:01.6666589Z  * [new branch]        agent/ssc-rd-wave03-exact-capture-finalizer-20260805 -> origin/agent/ssc-rd-wave03-exact-capture-finalizer-20260805
independently-adjudicate-benbassat-performance-mode	Run actions/checkout@v4	2026-08-24T19:16:01.6667631Z  * [new branch]        agent/ssc-rd-wave03-exact-capture-finalizer-base-20260805 -> origin/agent/ssc-rd-wave03-exact-capture-finalizer-base-20260805
independently-adjudicate-benbassat-performance-mode	Run actions/checkout@v4	2026-08-24T19:16:01.6668690Z  * [new branch]        agent/ssc-rd-wave03-exact-capture-finalizer-v2-20260805 -> origin/agent/ssc-rd-wave03-exact-capture-finalizer-v2-20260805
independently-adjudicate-benbassat-performance-mode	Run actions/checkout@v4	2026-08-24T19:16:01.6669946Z  * [new branch]        agent/ssc-rd-wave03-exact-capture-finalizer-v2-base-20260805 -> origin/agent/ssc-rd-wave03-exact-capture-finalizer-v2-base-20260805
independently-adjudicate-benbassat-performance-mode	Run actions/checkout@v4	2026-08-24T19:16:01.6671030Z  * [new branch]        agent/ssc-rd-wave03-exact-capture-finalizer-v3-20260805 -> origin/agent/ssc-rd-wave03-exact-capture-finalizer-v3-20260805
independently-adjudicate-benbassat-performance-mode	Run actions/checkout@v4	2026-08-24T19:16:01.6672120Z  * [new branch]        agent/ssc-rd-wave03-exact-capture-finalizer-v3-base-20260805 -> origin/agent/ssc-rd-wave03-exact-capture-finalizer-v3-base-20260805
independently-adjudicate-benbassat-performance-mode	Run actions/checkout@v4	2026-08-24T19:16:01.6673200Z  * [new branch]        agent/ssc-rd-wave03-exact-capture-finalizer-v4-20260805 -> origin/agent/ssc-rd-wave03-exact-capture-finalizer-v4-20260805
independently-adjudicate-benbassat-performance-mode	Run actions/checkout@v4	2026-08-24T19:16:01.6674626Z  * [new branch]        agent/ssc-rd-wave03-exact-capture-finalizer-v4-base-20260805 -> origin/agent/ssc-rd-wave03-exact-capture-finalizer-v4-base-20260805
independently-adjudicate-benbassat-performance-mode	Run actions/checkout@v4	2026-08-24T19:16:01.6675798Z  * [new branch]        agent/ssc-rd-wave03-exact-capture-materializer-v2-20260805 -> origin/agent/ssc-rd-wave03-exact-capture-materializer-v2-20260805
independently-adjudicate-benbassat-performance-mode	Run actions/checkout@v4	2026-08-24T19:16:01.6676914Z  * [new branch]        agent/ssc-rd-wave03-exact-capture-materializer-v3-20260805 -> origin/agent/ssc-rd-wave03-exact-capture-materializer-v3-20260805
independently-adjudicate-benbassat-performance-mode	Run actions/checkout@v4	2026-08-24T19:16:01.6678017Z  * [new branch]        agent/ssc-rd-wave03-exact-capture-materializer-v4-20260805 -> origin/agent/ssc-rd-wave03-exact-capture-materializer-v4-20260805
independently-adjudicate-benbassat-performance-mode	Run actions/checkout@v4	2026-08-24T19:16:01.6679102Z  * [new branch]        agent/ssc-rd-wave03-exact-capture-materializer-v5-20260805 -> origin/agent/ssc-rd-wave03-exact-capture-materializer-v5-20260805
independently-adjudicate-benbassat-performance-mode	Run actions/checkout@v4	2026-08-24T19:16:01.6680191Z  * [new branch]        agent/ssc-rd-wave03-exact-capture-materializer-v6-20260805 -> origin/agent/ssc-rd-wave03-exact-capture-materializer-v6-20260805
independently-adjudicate-benbassat-performance-mode	Run actions/checkout@v4	2026-08-24T19:16:01.6681223Z  * [new branch]        agent/ssc-rd-wave03-exact-capture-product-20260805 -> origin/agent/ssc-rd-wave03-exact-capture-product-20260805
independently-adjudicate-benbassat-performance-mode	Run actions/checkout@v4	2026-08-24T19:16:01.6682213Z  * [new branch]        agent/ssc-rd-wave03-exact-capture-settlement-20260805 -> origin/agent/ssc-rd-wave03-exact-capture-settlement-20260805
independently-adjudicate-benbassat-performance-mode	Run actions/checkout@v4	2026-08-24T19:16:01.6683657Z  * [new branch]        agent/ssc-rd-wave03-exact-capture-settlement-base-20260805 -> origin/agent/ssc-rd-wave03-exact-capture-settlement-base-20260805
independently-adjudicate-benbassat-performance-mode	Run actions/checkout@v4	2026-08-24T19:16:01.6684871Z  * [new branch]        agent/ssc-rd-wave03-exact-capture-settlement-v2-20260805 -> origin/agent/ssc-rd-wave03-exact-capture-settlement-v2-20260805
independently-adjudicate-benbassat-performance-mode	Run actions/checkout@v4	2026-08-24T19:16:01.6685988Z  * [new branch]        agent/ssc-rd-wave03-exact-capture-settlement-v2-base-20260805 -> origin/agent/ssc-rd-wave03-exact-capture-settlement-v2-base-20260805
independently-adjudicate-benbassat-performance-mode	Run actions/checkout@v4	2026-08-24T19:16:01.6687092Z  * [new branch]        agent/ssc-rd-wave03-exact-capture-supervisor-v2-20260805 -> origin/agent/ssc-rd-wave03-exact-capture-supervisor-v2-20260805
independently-adjudicate-benbassat-performance-mode	Run actions/checkout@v4	2026-08-24T19:16:01.6688195Z  * [new branch]        agent/ssc-rd-wave03-exact-capture-supervisor-v2-base-20260805 -> origin/agent/ssc-rd-wave03-exact-capture-supervisor-v2-base-20260805
independently-adjudicate-benbassat-performance-mode	Run actions/checkout@v4	2026-08-24T19:16:01.6689303Z  * [new branch]        agent/ssc-rd-wave03-exact-capture-supervisor-v3-20260805 -> origin/agent/ssc-rd-wave03-exact-capture-supervisor-v3-20260805
independently-adjudicate-benbassat-performance-mode	Run actions/checkout@v4	2026-08-24T19:16:01.6690418Z  * [new branch]        agent/ssc-rd-wave03-exact-capture-supervisor-v3-base-20260805 -> origin/agent/ssc-rd-wave03-exact-capture-supervisor-v3-base-20260805
independently-adjudicate-benbassat-performance-mode	Run actions/checkout@v4	2026-08-24T19:16:01.6691568Z  * [new branch]        agent/ssc-rd-wave03-exact-capture-terminal-finalizer-20260805 -> origin/agent/ssc-rd-wave03-exact-capture-terminal-finalizer-20260805
independently-adjudicate-benbassat-performance-mode	Run actions/checkout@v4	2026-08-24T19:16:01.6692776Z  * [new branch]        agent/ssc-rd-wave03-exact-capture-terminal-finalizer-base-20260805 -> origin/agent/ssc-rd-wave03-exact-capture-terminal-finalizer-base-20260805
independently-adjudicate-benbassat-performance-mode	Run actions/checkout@v4	2026-08-24T19:16:01.6694137Z  * [new branch]        agent/ssc-rd-wave03-exact-capture-terminal-supervisor-20260805 -> origin/agent/ssc-rd-wave03-exact-capture-terminal-supervisor-20260805
independently-adjudicate-benbassat-performance-mode	Run actions/checkout@v4	2026-08-24T19:16:01.6695368Z  * [new branch]        agent/ssc-rd-wave03-exact-capture-terminal-supervisor-base-20260805 -> origin/agent/ssc-rd-wave03-exact-capture-terminal-supervisor-base-20260805
independently-adjudicate-benbassat-performance-mode	Run actions/checkout@v4	2026-08-24T19:16:01.6696549Z  * [new branch]        agent/ssc-rd-wave03-executor-observer -> origin/agent/ssc-rd-wave03-executor-observer
independently-adjudicate-benbassat-performance-mode	Run actions/checkout@v4	2026-08-24T19:16:01.6697352Z  * [new branch]        agent/ssc-rd-wave03-failure-source-export -> origin/agent/ssc-rd-wave03-failure-source-export
independently-adjudicate-benbassat-performance-mode	Run actions/checkout@v4	2026-08-24T19:16:01.6698233Z  * [new branch]        agent/ssc-rd-wave03-final-integration-base-v2 -> origin/agent/ssc-rd-wave03-final-integration-base-v2
independently-adjudicate-benbassat-performance-mode	Run actions/checkout@v4	2026-08-24T19:16:01.6699111Z  * [new branch]        agent/ssc-rd-wave03-final-integration-base-v3 -> origin/agent/ssc-rd-wave03-final-integration-base-v3
independently-adjudicate-benbassat-performance-mode	Run actions/checkout@v4	2026-08-24T19:16:01.6700333Z  * [new branch]        agent/ssc-rd-wave03-final-integration-v1 -> origin/agent/ssc-rd-wave03-final-integration-v1
independently-adjudicate-benbassat-performance-mode	Run actions/checkout@v4	2026-08-24T19:16:01.6701862Z  * [new branch]        agent/ssc-rd-wave03-final-integration-v2 -> origin/agent/ssc-rd-wave03-final-integration-v2
independently-adjudicate-benbassat-performance-mode	Run actions/checkout@v4	2026-08-24T19:16:01.6703654Z  * [new branch]        agent/ssc-rd-wave03-final-integration-v3 -> origin/agent/ssc-rd-wave03-final-integration-v3
independently-adjudicate-benbassat-performance-mode	Run actions/checkout@v4	2026-08-24T19:16:01.6704602Z  * [new branch]        agent/ssc-rd-wave03-hosted-executor -> origin/agent/ssc-rd-wave03-hosted-executor
independently-adjudicate-benbassat-performance-mode	Run actions/checkout@v4	2026-08-24T19:16:01.6705372Z  * [new branch]        agent/ssc-rd-wave03-hosted-executor-v2 -> origin/agent/ssc-rd-wave03-hosted-executor-v2
independently-adjudicate-benbassat-performance-mode	Run actions/checkout@v4	2026-08-24T19:16:01.6706161Z  * [new branch]        agent/ssc-rd-wave03-pr-qualification-v1 -> origin/agent/ssc-rd-wave03-pr-qualification-v1
independently-adjudicate-benbassat-performance-mode	Run actions/checkout@v4	2026-08-24T19:16:01.6706938Z  * [new branch]        agent/ssc-rd-wave03-pr-qualification-v2 -> origin/agent/ssc-rd-wave03-pr-qualification-v2
independently-adjudicate-benbassat-performance-mode	Run actions/checkout@v4	2026-08-24T19:16:01.6707711Z  * [new branch]        agent/ssc-rd-wave03-qualification-lint -> origin/agent/ssc-rd-wave03-qualification-lint
independently-adjudicate-benbassat-performance-mode	Run actions/checkout@v4	2026-08-24T19:16:01.6708598Z  * [new branch]        agent/ssc-rd-wave03-successor-route-capture-20260805 -> origin/agent/ssc-rd-wave03-successor-route-capture-20260805
independently-adjudicate-benbassat-performance-mode	Run actions/checkout@v4	2026-08-24T19:16:01.6709639Z  * [new branch]        agent/ssc-rd-wave03-successor-route-capture-v2-20260805 -> origin/agent/ssc-rd-wave03-successor-route-capture-v2-20260805
independently-adjudicate-benbassat-performance-mode	Run actions/checkout@v4	2026-08-24T19:16:01.6710913Z  * [new branch]        agent/ssc-rd-wave03-successor-route-census-product-20260805 -> origin/agent/ssc-rd-wave03-successor-route-census-product-20260805
independently-adjudicate-benbassat-performance-mode	Run actions/checkout@v4	2026-08-24T19:16:01.6712027Z  * [new branch]        agent/ssc-rd-wave03-successor-route-materializer-20260805 -> origin/agent/ssc-rd-wave03-successor-route-materializer-20260805
independently-adjudicate-benbassat-performance-mode	Run actions/checkout@v4	2026-08-24T19:16:01.6713084Z  * [new branch]        agent/ssc-rd-wave03-successor-route-observer-20260805 -> origin/agent/ssc-rd-wave03-successor-route-observer-20260805
independently-adjudicate-benbassat-performance-mode	Run actions/checkout@v4	2026-08-24T19:16:01.6714209Z  * [new branch]        agent/ssc-rd-wave03-v2-review-fix -> origin/agent/ssc-rd-wave03-v2-review-fix
independently-adjudicate-benbassat-performance-mode	Run actions/checkout@v4	2026-08-24T19:16:01.6714989Z  * [new branch]        agent/ssc-rd-wave03-v2-review-fix-register -> origin/agent/ssc-rd-wave03-v2-review-fix-register
independently-adjudicate-benbassat-performance-mode	Run actions/checkout@v4	2026-08-24T19:16:01.6716097Z  * [new branch]        agent/ssc-rd-wave03-v2-review-fix-trigger -> origin/agent/ssc-rd-wave03-v2-review-fix-trigger
independently-adjudicate-benbassat-performance-mode	Run actions/checkout@v4	2026-08-24T19:16:01.6717264Z  * [new branch]        agent/ssc-rd-wave03-xcap-contract-materializer -> origin/agent/ssc-rd-wave03-xcap-contract-materializer
independently-adjudicate-benbassat-performance-mode	Run actions/checkout@v4	2026-08-24T19:16:01.6718048Z  * [new branch]        agent/ssc-rd01-wave03-intake -> origin/agent/ssc-rd01-wave03-intake
independently-adjudicate-benbassat-performance-mode	Run actions/checkout@v4	2026-08-24T19:16:01.6718685Z  * [new branch]        agent/ssc-rd01-wave03-intake-v2 -> origin/agent/ssc-rd01-wave03-intake-v2
independently-adjudicate-benbassat-performance-mode	Run actions/checkout@v4	2026-08-24T19:16:01.6719383Z  * [new branch]        agent/ssc-rd01-wave03-repair-staging -> origin/agent/ssc-rd01-wave03-repair-staging
independently-adjudicate-benbassat-performance-mode	Run actions/checkout@v4	2026-08-24T19:16:01.6720058Z  * [new branch]        agent/ssc-rd02-wave03-intake -> origin/agent/ssc-rd02-wave03-intake
independently-adjudicate-benbassat-performance-mode	Run actions/checkout@v4	2026-08-24T19:16:01.6720682Z  * [new branch]        agent/ssc-rd02-wave03-intake-v2 -> origin/agent/ssc-rd02-wave03-intake-v2
independently-adjudicate-benbassat-performance-mode	Run actions/checkout@v4	2026-08-24T19:16:01.6721372Z  * [new branch]        agent/ssc-rd02-wave03-repair-staging -> origin/agent/ssc-rd02-wave03-repair-staging
independently-adjudicate-benbassat-performance-mode	Run actions/checkout@v4	2026-08-24T19:16:01.6722042Z  * [new branch]        agent/ssc-rd03-wave03-intake -> origin/agent/ssc-rd03-wave03-intake
independently-adjudicate-benbassat-performance-mode	Run actions/checkout@v4	2026-08-24T19:16:01.6722835Z  * [new branch]        agent/ssc-rd03-wave03-intake-v2 -> origin/agent/ssc-rd03-wave03-intake-v2
independently-adjudicate-benbassat-performance-mode	Run actions/checkout@v4	2026-08-24T19:16:01.6723915Z  * [new branch]        agent/ssc-rd03-wave03-repair-staging -> origin/agent/ssc-rd03-wave03-repair-staging
independently-adjudicate-benbassat-performance-mode	Run actions/checkout@v4	2026-08-24T19:16:01.6724644Z  * [new branch]        agent/ssc-rd04-wave03-intake -> origin/agent/ssc-rd04-wave03-intake
independently-adjudicate-benbassat-performance-mode	Run actions/checkout@v4	2026-08-24T19:16:01.6725273Z  * [new branch]        agent/ssc-rd04-wave03-intake-v2 -> origin/agent/ssc-rd04-wave03-intake-v2
independently-adjudicate-benbassat-performance-mode	Run actions/checkout@v4	2026-08-24T19:16:01.6725959Z  * [new branch]        agent/ssc-rd04-wave03-repair-staging -> origin/agent/ssc-rd04-wave03-repair-staging
independently-adjudicate-benbassat-performance-mode	Run actions/checkout@v4	2026-08-24T19:16:01.6726631Z  * [new branch]        agent/ssc-rd05-wave03-intake -> origin/agent/ssc-rd05-wave03-intake
independently-adjudicate-benbassat-performance-mode	Run actions/checkout@v4	2026-08-24T19:16:01.6727260Z  * [new branch]        agent/ssc-rd05-wave03-intake-v2 -> origin/agent/ssc-rd05-wave03-intake-v2
independently-adjudicate-benbassat-performance-mode	Run actions/checkout@v4	2026-08-24T19:16:01.6727941Z  * [new branch]        agent/ssc-rd05-wave03-repair-staging -> origin/agent/ssc-rd05-wave03-repair-staging
independently-adjudicate-benbassat-performance-mode	Run actions/checkout@v4	2026-08-24T19:16:01.6728620Z  * [new branch]        agent/ssc-rd06-wave03-intake -> origin/agent/ssc-rd06-wave03-intake
independently-adjudicate-benbassat-performance-mode	Run actions/checkout@v4	2026-08-24T19:16:01.6729245Z  * [new branch]        agent/ssc-rd06-wave03-intake-v2 -> origin/agent/ssc-rd06-wave03-intake-v2
independently-adjudicate-benbassat-performance-mode	Run actions/checkout@v4	2026-08-24T19:16:01.6729946Z  * [new branch]        agent/ssc-rd06-wave03-repair-staging -> origin/agent/ssc-rd06-wave03-repair-staging
independently-adjudicate-benbassat-performance-mode	Run actions/checkout@v4	2026-08-24T19:16:01.6730745Z  * [new branch]        agent/star-trek-alice-candidate-rebased-v1 -> origin/agent/star-trek-alice-candidate-rebased-v1
independently-adjudicate-benbassat-performance-mode	Run actions/checkout@v4	2026-08-24T19:16:01.6731531Z  * [new branch]        agent/star-trek-alice-candidate-v1 -> origin/agent/star-trek-alice-candidate-v1
independently-adjudicate-benbassat-performance-mode	Run actions/checkout@v4	2026-08-24T19:16:01.6732269Z  * [new branch]        agent/star-trek-alice-claim-result-v1 -> origin/agent/star-trek-alice-claim-result-v1
independently-adjudicate-benbassat-performance-mode	Run actions/checkout@v4	2026-08-24T19:16:01.6732964Z  * [new branch]        agent/star-trek-alice-claim-v1 -> origin/agent/star-trek-alice-claim-v1
independently-adjudicate-benbassat-performance-mode	Run actions/checkout@v4	2026-08-24T19:16:01.6734051Z  * [new branch]        agent/star-trek-alice-finalizer-live-probe-result-v1 -> origin/agent/star-trek-alice-finalizer-live-probe-result-v1
independently-adjudicate-benbassat-performance-mode	Run actions/checkout@v4	2026-08-24T19:16:01.6735240Z  * [new branch]        agent/star-trek-alice-finalizer-live-probe-result-v2 -> origin/agent/star-trek-alice-finalizer-live-probe-result-v2
independently-adjudicate-benbassat-performance-mode	Run actions/checkout@v4	2026-08-24T19:16:01.6736238Z  * [new branch]        agent/star-trek-alice-finalizer-live-probe-result-v3 -> origin/agent/star-trek-alice-finalizer-live-probe-result-v3
independently-adjudicate-benbassat-performance-mode	Run actions/checkout@v4	2026-08-24T19:16:01.6737187Z  * [new branch]        agent/star-trek-alice-finalizer-live-probe-v1 -> origin/agent/star-trek-alice-finalizer-live-probe-v1
independently-adjudicate-benbassat-performance-mode	Run actions/checkout@v4	2026-08-24T19:16:01.6738067Z  * [new branch]        agent/star-trek-alice-finalizer-live-probe-v2 -> origin/agent/star-trek-alice-finalizer-live-probe-v2
independently-adjudicate-benbassat-performance-mode	Run actions/checkout@v4	2026-08-24T19:16:01.6738994Z  * [new branch]        agent/star-trek-alice-finalizer-observer-result-v1 -> origin/agent/star-trek-alice-finalizer-observer-result-v1
independently-adjudicate-benbassat-performance-mode	Run actions/checkout@v4	2026-08-24T19:16:01.6739973Z  * [new branch]        agent/star-trek-alice-finalizer-observer-result-v2 -> origin/agent/star-trek-alice-finalizer-observer-result-v2
independently-adjudicate-benbassat-performance-mode	Run actions/checkout@v4	2026-08-24T19:16:01.6740942Z  * [new branch]        agent/star-trek-alice-finalizer-observer-result-v3 -> origin/agent/star-trek-alice-finalizer-observer-result-v3
independently-adjudicate-benbassat-performance-mode	Run actions/checkout@v4	2026-08-24T19:16:01.6741896Z  * [new branch]        agent/star-trek-alice-finalizer-observer-result-v4 -> origin/agent/star-trek-alice-finalizer-observer-result-v4
independently-adjudicate-benbassat-performance-mode	Run actions/checkout@v4	2026-08-24T19:16:01.6742858Z  * [new branch]        agent/star-trek-alice-finalizer-observer-result-v5 -> origin/agent/star-trek-alice-finalizer-observer-result-v5
independently-adjudicate-benbassat-performance-mode	Run actions/checkout@v4	2026-08-24T19:16:01.6744071Z  * [new branch]        agent/star-trek-alice-finalizer-observer-result-v6 -> origin/agent/star-trek-alice-finalizer-observer-result-v6
independently-adjudicate-benbassat-performance-mode	Run actions/checkout@v4	2026-08-24T19:16:01.6745047Z  * [new branch]        agent/star-trek-alice-finalizer-observer-result-v7 -> origin/agent/star-trek-alice-finalizer-observer-result-v7
independently-adjudicate-benbassat-performance-mode	Run actions/checkout@v4	2026-08-24T19:16:01.6745959Z  * [new branch]        agent/star-trek-alice-finalizer-observer-v1 -> origin/agent/star-trek-alice-finalizer-observer-v1
independently-adjudicate-benbassat-performance-mode	Run actions/checkout@v4	2026-08-24T19:16:01.6746947Z  * [new branch]        agent/star-trek-alice-finalizer-result-v1 -> origin/agent/star-trek-alice-finalizer-result-v1
independently-adjudicate-benbassat-performance-mode	Run actions/checkout@v4	2026-08-24T19:16:01.6747914Z  * [new branch]        agent/star-trek-alice-finalizer-source-recovery-result-v1 -> origin/agent/star-trek-alice-finalizer-source-recovery-result-v1
independently-adjudicate-benbassat-performance-mode	Run actions/checkout@v4	2026-08-24T19:16:01.6748833Z  * [new branch]        agent/star-trek-alice-finalizer-v1 -> origin/agent/star-trek-alice-finalizer-v1
independently-adjudicate-benbassat-performance-mode	Run actions/checkout@v4	2026-08-24T19:16:01.6749567Z  * [new branch]        agent/star-trek-alice-media-result-v1 -> origin/agent/star-trek-alice-media-result-v1
independently-adjudicate-benbassat-performance-mode	Run actions/checkout@v4	2026-08-24T19:16:01.6750274Z  * [new branch]        agent/star-trek-alice-media-v1 -> origin/agent/star-trek-alice-media-v1
independently-adjudicate-benbassat-performance-mode	Run actions/checkout@v4	2026-08-24T19:16:01.6751173Z  * [new branch]        agent/star-trek-alice-pages-terminalizer-observer-result-v1 -> origin/agent/star-trek-alice-pages-terminalizer-observer-result-v1
independently-adjudicate-benbassat-performance-mode	Run actions/checkout@v4	2026-08-24T19:16:01.6752257Z  * [new branch]        agent/star-trek-alice-pages-terminalizer-observer-v1 -> origin/agent/star-trek-alice-pages-terminalizer-observer-v1
independently-adjudicate-benbassat-performance-mode	Run actions/checkout@v4	2026-08-24T19:16:01.6753202Z  * [new branch]        agent/star-trek-alice-pages-terminalizer-v1 -> origin/agent/star-trek-alice-pages-terminalizer-v1
independently-adjudicate-benbassat-performance-mode	Run actions/checkout@v4	2026-08-24T19:16:01.6754120Z  * [new branch]        agent/star-trek-alice-publish-v1 -> origin/agent/star-trek-alice-publish-v1
independently-adjudicate-benbassat-performance-mode	Run actions/checkout@v4	2026-08-24T19:16:01.6754904Z  * [new branch]        agent/star-trek-alice-qualification-result-v1 -> origin/agent/star-trek-alice-qualification-result-v1
independently-adjudicate-benbassat-performance-mode	Run actions/checkout@v4	2026-08-24T19:16:01.6755815Z  * [new branch]        agent/star-trek-alice-qualification-result-v3 -> origin/agent/star-trek-alice-qualification-result-v3
independently-adjudicate-benbassat-performance-mode	Run actions/checkout@v4	2026-08-24T19:16:01.6756654Z  * [new branch]        agent/star-trek-alice-qualification-v1 -> origin/agent/star-trek-alice-qualification-v1
independently-adjudicate-benbassat-performance-mode	Run actions/checkout@v4	2026-08-24T19:16:01.6757435Z  * [new branch]        agent/star-trek-alice-qualification-v2 -> origin/agent/star-trek-alice-qualification-v2
independently-adjudicate-benbassat-performance-mode	Run actions/checkout@v4	2026-08-24T19:16:01.6758201Z  * [new branch]        agent/star-trek-alice-qualification-v3 -> origin/agent/star-trek-alice-qualification-v3
independently-adjudicate-benbassat-performance-mode	Run actions/checkout@v4	2026-08-24T19:16:01.6759069Z  * [new branch]        agent/star-trek-alice-review-v1 -> origin/agent/star-trek-alice-review-v1
independently-adjudicate-benbassat-performance-mode	Run actions/checkout@v4	2026-08-24T19:16:01.6759863Z  * [new branch]        agent/star-trek-alice-stage-observer-result-v1 -> origin/agent/star-trek-alice-stage-observer-result-v1
independently-adjudicate-benbassat-performance-mode	Run actions/checkout@v4	2026-08-24T19:16:01.6760770Z  * [new branch]        agent/star-trek-alice-stage-observer-result-v4 -> origin/agent/star-trek-alice-stage-observer-result-v4
independently-adjudicate-benbassat-performance-mode	Run actions/checkout@v4	2026-08-24T19:16:01.6761617Z  * [new branch]        agent/star-trek-alice-stage-observer-v1 -> origin/agent/star-trek-alice-stage-observer-v1
independently-adjudicate-benbassat-performance-mode	Run actions/checkout@v4	2026-08-24T19:16:01.6762401Z  * [new branch]        agent/star-trek-alice-stage-observer-v2 -> origin/agent/star-trek-alice-stage-observer-v2
independently-adjudicate-benbassat-performance-mode	Run actions/checkout@v4	2026-08-24T19:16:01.6763178Z  * [new branch]        agent/star-trek-alice-stage-observer-v3 -> origin/agent/star-trek-alice-stage-observer-v3
independently-adjudicate-benbassat-performance-mode	Run actions/checkout@v4	2026-08-24T19:16:01.6764192Z  * [new branch]        agent/star-trek-alice-stage-observer-v4 -> origin/agent/star-trek-alice-stage-observer-v4
independently-adjudicate-benbassat-performance-mode	Run actions/checkout@v4	2026-08-24T19:16:01.6764988Z  * [new branch]        agent/star-trek-alice-stage-repair-v2 -> origin/agent/star-trek-alice-stage-repair-v2
independently-adjudicate-benbassat-performance-mode	Run actions/checkout@v4	2026-08-24T19:16:01.6765750Z  * [new branch]        agent/star-trek-alice-stage-result-v1 -> origin/agent/star-trek-alice-stage-result-v1
independently-adjudicate-benbassat-performance-mode	Run actions/checkout@v4	2026-08-24T19:16:01.6766447Z  * [new branch]        agent/star-trek-alice-stage-v1 -> origin/agent/star-trek-alice-stage-v1
independently-adjudicate-benbassat-performance-mode	Run actions/checkout@v4	2026-08-24T19:16:01.6767225Z  * [new branch]        agent/star-trek-anastasia-candidate-rebased-v1 -> origin/agent/star-trek-anastasia-candidate-rebased-v1
independently-adjudicate-benbassat-performance-mode	Run actions/checkout@v4	2026-08-24T19:16:01.6768063Z  * [new branch]        agent/star-trek-anastasia-candidate-v1 -> origin/agent/star-trek-anastasia-candidate-v1
independently-adjudicate-benbassat-performance-mode	Run actions/checkout@v4	2026-08-24T19:16:01.6768867Z  * [new branch]        agent/star-trek-anastasia-cycle-trigger-v1 -> origin/agent/star-trek-anastasia-cycle-trigger-v1
independently-adjudicate-benbassat-performance-mode	Run actions/checkout@v4	2026-08-24T19:16:01.6769645Z  * [new branch]        agent/star-trek-anastasia-cycle-v1 -> origin/agent/star-trek-anastasia-cycle-v1
independently-adjudicate-benbassat-performance-mode	Run actions/checkout@v4	2026-08-24T19:16:01.6770642Z  * [new branch]        agent/star-trek-anastasia-ds9-diagnostic-20260823-v1 -> origin/agent/star-trek-anastasia-ds9-diagnostic-20260823-v1
independently-adjudicate-benbassat-performance-mode	Run actions/checkout@v4	2026-08-24T19:16:01.6771707Z  * [new branch]        agent/star-trek-anastasia-ds9-diagnostic-result-20260823-v1 -> origin/agent/star-trek-anastasia-ds9-diagnostic-result-20260823-v1
independently-adjudicate-benbassat-performance-mode	Run actions/checkout@v4	2026-08-24T19:16:01.6772739Z  * [new branch]        agent/star-trek-anastasia-ds9-observer-20260823-v1 -> origin/agent/star-trek-anastasia-ds9-observer-20260823-v1
independently-adjudicate-benbassat-performance-mode	Run actions/checkout@v4	2026-08-24T19:16:01.6773898Z  * [new branch]        agent/star-trek-anastasia-ds9-observer-result-20260823-v1 -> origin/agent/star-trek-anastasia-ds9-observer-result-20260823-v1
independently-adjudicate-benbassat-performance-mode	Run actions/checkout@v4	2026-08-24T19:16:01.6774874Z  * [new branch]        agent/star-trek-anastasia-finalizer-only-v3 -> origin/agent/star-trek-anastasia-finalizer-only-v3
independently-adjudicate-benbassat-performance-mode	Run actions/checkout@v4	2026-08-24T19:16:01.6775799Z  * [new branch]        agent/star-trek-anastasia-finalizer-recovery-v2 -> origin/agent/star-trek-anastasia-finalizer-recovery-v2
independently-adjudicate-benbassat-performance-mode	Run actions/checkout@v4	2026-08-24T19:16:01.6776725Z  * [new branch]        agent/star-trek-anastasia-finalizer-recovery-v3 -> origin/agent/star-trek-anastasia-finalizer-recovery-v3
independently-adjudicate-benbassat-performance-mode	Run actions/checkout@v4	2026-08-24T19:16:01.6777599Z  * [new branch]        agent/star-trek-anastasia-media-result-v1 -> origin/agent/star-trek-anastasia-media-result-v1
independently-adjudicate-benbassat-performance-mode	Run actions/checkout@v4	2026-08-24T19:16:01.6778366Z  * [new branch]        agent/star-trek-anastasia-media-v1 -> origin/agent/star-trek-anastasia-media-v1
independently-adjudicate-benbassat-performance-mode	Run actions/checkout@v4	2026-08-24T19:16:01.6779153Z  * [new branch]        agent/star-trek-anastasia-recovery-result-v3 -> origin/agent/star-trek-anastasia-recovery-result-v3
independently-adjudicate-benbassat-performance-mode	Run actions/checkout@v4	2026-08-24T19:16:01.6780043Z  * [new branch]        agent/star-trek-benbassat-boundary-observer-v1 -> origin/agent/star-trek-benbassat-boundary-observer-v1
independently-adjudicate-benbassat-performance-mode	Run actions/checkout@v4	2026-08-24T19:16:01.6780952Z  * [new branch]        agent/star-trek-benbassat-boundary-observer-v2 -> origin/agent/star-trek-benbassat-boundary-observer-v2
independently-adjudicate-benbassat-performance-mode	Run actions/checkout@v4	2026-08-24T19:16:01.6781937Z  * [new branch]        agent/star-trek-benbassat-candidate-diagnosis-result-v1 -> origin/agent/star-trek-benbassat-candidate-diagnosis-result-v1
independently-adjudicate-benbassat-performance-mode	Run actions/checkout@v4	2026-08-24T19:16:01.6783132Z  * [new branch]        agent/star-trek-benbassat-candidate-observer-result-v1 -> origin/agent/star-trek-benbassat-candidate-observer-result-v1
independently-adjudicate-benbassat-performance-mode	Run actions/checkout@v4	2026-08-24T19:16:01.6784376Z  * [new branch]        agent/star-trek-benbassat-candidate-observer-v1 -> origin/agent/star-trek-benbassat-candidate-observer-v1
independently-adjudicate-benbassat-performance-mode	Run actions/checkout@v4	2026-08-24T19:16:01.6785239Z  * [new branch]        agent/star-trek-benbassat-candidate-v1 -> origin/agent/star-trek-benbassat-candidate-v1
independently-adjudicate-benbassat-performance-mode	Run actions/checkout@v4	2026-08-24T19:16:01.6786216Z  * [new branch]        agent/star-trek-benbassat-claim-recovery-diagnostic-result-v2 -> origin/agent/star-trek-benbassat-claim-recovery-diagnostic-result-v2
independently-adjudicate-benbassat-performance-mode	Run actions/checkout@v4	2026-08-24T19:16:01.6787333Z  * [new branch]        agent/star-trek-benbassat-claim-recovery-diagnostic-v2 -> origin/agent/star-trek-benbassat-claim-recovery-diagnostic-v2
independently-adjudicate-benbassat-performance-mode	Run actions/checkout@v4	2026-08-24T19:16:01.6788418Z  * [new branch]        agent/star-trek-benbassat-claim-recovery-monitor-result-v1 -> origin/agent/star-trek-benbassat-claim-recovery-monitor-result-v1
independently-adjudicate-benbassat-performance-mode	Run actions/checkout@v4	2026-08-24T19:16:01.6789477Z  * [new branch]        agent/star-trek-benbassat-claim-recovery-monitor-v1 -> origin/agent/star-trek-benbassat-claim-recovery-monitor-v1
independently-adjudicate-benbassat-performance-mode	Run actions/checkout@v4	2026-08-24T19:16:01.6790488Z  * [new branch]        agent/star-trek-benbassat-claim-recovery-observer-v1 -> origin/agent/star-trek-benbassat-claim-recovery-observer-v1
independently-adjudicate-benbassat-performance-mode	Run actions/checkout@v4	2026-08-24T19:16:01.6791348Z  * [new branch]        agent/star-trek-benbassat-claim-v1 -> origin/agent/star-trek-benbassat-claim-v1
independently-adjudicate-benbassat-performance-mode	Run actions/checkout@v4	2026-08-24T19:16:01.6792148Z  * [new branch]        agent/star-trek-benbassat-finalizer-status-v1 -> origin/agent/star-trek-benbassat-finalizer-status-v1
independently-adjudicate-benbassat-performance-mode	Run actions/checkout@v4	2026-08-24T19:16:01.6792979Z  * [new branch]        agent/star-trek-benbassat-finalizer-v1 -> origin/agent/star-trek-benbassat-finalizer-v1
independently-adjudicate-benbassat-performance-mode	Run actions/checkout@v4	2026-08-24T19:16:01.6793960Z  * [new branch]        agent/star-trek-benbassat-independent-review-v1 -> origin/agent/star-trek-benbassat-independent-review-v1
independently-adjudicate-benbassat-performance-mode	Run actions/checkout@v4	2026-08-24T19:16:01.6794776Z  * [new branch]        agent/star-trek-benbassat-media-v1 -> origin/agent/star-trek-benbassat-media-v1
independently-adjudicate-benbassat-performance-mode	Run actions/checkout@v4	2026-08-24T19:16:01.6795770Z  * [new branch]        agent/star-trek-benbassat-preproduct-settlement-v1 -> origin/agent/star-trek-benbassat-preproduct-settlement-v1
independently-adjudicate-benbassat-performance-mode	Run actions/checkout@v4	2026-08-24T19:16:01.6796781Z  * [new branch]        agent/star-trek-benbassat-public-settlement-result-v1 -> origin/agent/star-trek-benbassat-public-settlement-result-v1
independently-adjudicate-benbassat-performance-mode	Run actions/checkout@v4	2026-08-24T19:16:01.6797751Z  * [new branch]        agent/star-trek-benbassat-public-settlement-v1 -> origin/agent/star-trek-benbassat-public-settlement-v1
independently-adjudicate-benbassat-performance-mode	Run actions/checkout@v4	2026-08-24T19:16:01.6798672Z  * [new branch]        agent/star-trek-benbassat-run-observer-result-v1 -> origin/agent/star-trek-benbassat-run-observer-result-v1
independently-adjudicate-benbassat-performance-mode	Run actions/checkout@v4	2026-08-24T19:16:01.6799552Z  * [new branch]        agent/star-trek-benbassat-run-observer-v1 -> origin/agent/star-trek-benbassat-run-observer-v1
independently-adjudicate-benbassat-performance-mode	Run actions/checkout@v4	2026-08-24T19:16:01.6800388Z  * [new branch]        agent/star-trek-benbassat-source-result-v3 -> origin/agent/star-trek-benbassat-source-result-v3
independently-adjudicate-benbassat-performance-mode	Run actions/checkout@v4	2026-08-24T19:16:01.6801219Z  * [new branch]        agent/star-trek-benbassat-source-review-v1 -> origin/agent/star-trek-benbassat-source-review-v1
independently-adjudicate-benbassat-performance-mode	Run actions/checkout@v4	2026-08-24T19:16:01.6802013Z  * [new branch]        agent/star-trek-benbassat-source-v3 -> origin/agent/star-trek-benbassat-source-v3
independently-adjudicate-benbassat-performance-mode	Run actions/checkout@v4	2026-08-24T19:16:01.6802894Z  * [new branch]        agent/star-trek-benbassat-terminal-observer-result-v1 -> origin/agent/star-trek-benbassat-terminal-observer-result-v1
independently-adjudicate-benbassat-performance-mode	Run actions/checkout@v4	2026-08-24T19:16:01.6804121Z  * [new branch]        agent/star-trek-benbassat-terminal-observer-v1 -> origin/agent/star-trek-benbassat-terminal-observer-v1
independently-adjudicate-benbassat-performance-mode	Run actions/checkout@v4	2026-08-24T19:16:01.6804929Z  * [new branch]        agent/star-trek-cadmar-cleanup-v1 -> origin/agent/star-trek-cadmar-cleanup-v1
independently-adjudicate-benbassat-performance-mode	Run actions/checkout@v4	2026-08-24T19:16:01.6805673Z  * [new branch]        agent/star-trek-cadmar-cycle-locator-v2 -> origin/agent/star-trek-cadmar-cycle-locator-v2
independently-adjudicate-benbassat-performance-mode	Run actions/checkout@v4	2026-08-24T19:16:01.6806461Z  * [new branch]        agent/star-trek-cadmar-cycle-locator-v3 -> origin/agent/star-trek-cadmar-cycle-locator-v3
independently-adjudicate-benbassat-performance-mode	Run actions/checkout@v4	2026-08-24T19:16:01.6807228Z  * [new branch]        agent/star-trek-cadmar-media-prep-v1 -> origin/agent/star-trek-cadmar-media-prep-v1
independently-adjudicate-benbassat-performance-mode	Run actions/checkout@v4	2026-08-24T19:16:01.6808152Z  * [new branch]        agent/star-trek-cadmar-media-product-v1 -> origin/agent/star-trek-cadmar-media-product-v1
independently-adjudicate-benbassat-performance-mode	Run actions/checkout@v4	2026-08-24T19:16:01.6808932Z  * [new branch]        agent/star-trek-cadmar-media-scout-v1 -> origin/agent/star-trek-cadmar-media-scout-v1
independently-adjudicate-benbassat-performance-mode	Run actions/checkout@v4	2026-08-24T19:16:01.6809715Z  * [new branch]        agent/star-trek-cadmar-media-scout-v2 -> origin/agent/star-trek-cadmar-media-scout-v2
independently-adjudicate-benbassat-performance-mode	Run actions/checkout@v4	2026-08-24T19:16:01.6810425Z  * [new branch]        agent/star-trek-cadmar-media-v1 -> origin/agent/star-trek-cadmar-media-v1
independently-adjudicate-benbassat-performance-mode	Run actions/checkout@v4	2026-08-24T19:16:01.6811153Z  * [new branch]        agent/star-trek-cadmar-monitor-result-v1 -> origin/agent/star-trek-cadmar-monitor-result-v1
independently-adjudicate-benbassat-performance-mode	Run actions/checkout@v4	2026-08-24T19:16:01.6811900Z  * [new branch]        agent/star-trek-cadmar-monitor-v1 -> origin/agent/star-trek-cadmar-monitor-v1
independently-adjudicate-benbassat-performance-mode	Run actions/checkout@v4	2026-08-24T19:16:01.6812759Z  * [new branch]        agent/star-trek-cadmar-program-diagnostic-locator-v1 -> origin/agent/star-trek-cadmar-program-diagnostic-locator-v1
independently-adjudicate-benbassat-performance-mode	Run actions/checkout@v4	2026-08-24T19:16:01.6814016Z  * [new branch]        agent/star-trek-cadmar-program-diagnostic-v1 -> origin/agent/star-trek-cadmar-program-diagnostic-v1
independently-adjudicate-benbassat-performance-mode	Run actions/checkout@v4	2026-08-24T19:16:01.6814925Z  * [new branch]        agent/star-trek-cadmar-program-recovery-v1 -> origin/agent/star-trek-cadmar-program-recovery-v1
independently-adjudicate-benbassat-performance-mode	Run actions/checkout@v4	2026-08-24T19:16:01.6815773Z  * [new branch]        agent/star-trek-cadmar-program-recovery-v2 -> origin/agent/star-trek-cadmar-program-recovery-v2
independently-adjudicate-benbassat-performance-mode	Run actions/checkout@v4	2026-08-24T19:16:01.6816584Z  * [new branch]        agent/star-trek-cadmar-source-probe-v1 -> origin/agent/star-trek-cadmar-source-probe-v1
independently-adjudicate-benbassat-performance-mode	Run actions/checkout@v4	2026-08-24T19:16:01.6817372Z  * [new branch]        agent/star-trek-cadmar-terminalizer-v1 -> origin/agent/star-trek-cadmar-terminalizer-v1
independently-adjudicate-benbassat-performance-mode	Run actions/checkout@v4	2026-08-24T19:16:01.6818230Z  * [new branch]        agent/star-trek-continuation-terminal-result-v1 -> origin/agent/star-trek-continuation-terminal-result-v1
independently-adjudicate-benbassat-performance-mode	Run actions/checkout@v4	2026-08-24T19:16:01.6819099Z  * [new branch]        agent/star-trek-continuation-terminal-v2 -> origin/agent/star-trek-continuation-terminal-v2
independently-adjudicate-benbassat-performance-mode	Run actions/checkout@v4	2026-08-24T19:16:01.6820161Z  * [new branch]        agent/star-trek-continuation-terminal-v3 -> origin/agent/star-trek-continuation-terminal-v3
independently-adjudicate-benbassat-performance-mode	Run actions/checkout@v4	2026-08-24T19:16:01.6820966Z  * [new branch]        agent/star-trek-continuation-terminal-v4 -> origin/agent/star-trek-continuation-terminal-v4
independently-adjudicate-benbassat-performance-mode	Run actions/checkout@v4	2026-08-24T19:16:01.6821807Z  * [new branch]        agent/star-trek-continuation-terminalizer-v2 -> origin/agent/star-trek-continuation-terminalizer-v2
independently-adjudicate-benbassat-performance-mode	Run actions/checkout@v4	2026-08-24T19:16:01.6822685Z  * [new branch]        agent/star-trek-continuation-workflow-lint-v1 -> origin/agent/star-trek-continuation-workflow-lint-v1
independently-adjudicate-benbassat-performance-mode	Run actions/checkout@v4	2026-08-24T19:16:01.6823754Z  * [new branch]        agent/star-trek-curzon-media-prep-v1 -> origin/agent/star-trek-curzon-media-prep-v1
independently-adjudicate-benbassat-performance-mode	Run actions/checkout@v4	2026-08-24T19:16:01.6824561Z  * [new branch]        agent/star-trek-cycle-recovery-result-v1 -> origin/agent/star-trek-cycle-recovery-result-v1
independently-adjudicate-benbassat-performance-mode	Run actions/checkout@v4	2026-08-24T19:16:01.6825342Z  * [new branch]        agent/star-trek-cycle-retry-result-v1 -> origin/agent/star-trek-cycle-retry-result-v1
independently-adjudicate-benbassat-performance-mode	Run actions/checkout@v4	2026-08-24T19:16:01.6826181Z  * [new branch]        agent/star-trek-cycle-terminal-diagnostic-v1 -> origin/agent/star-trek-cycle-terminal-diagnostic-v1
independently-adjudicate-benbassat-performance-mode	Run actions/checkout@v4	2026-08-24T19:16:01.6827075Z  * [new branch]        agent/star-trek-doohan-rail-custodian-result-v2 -> origin/agent/star-trek-doohan-rail-custodian-result-v2
independently-adjudicate-benbassat-performance-mode	Run actions/checkout@v4	2026-08-24T19:16:01.6827934Z  * [new branch]        agent/star-trek-doohan-rail-custodian-v2 -> origin/agent/star-trek-doohan-rail-custodian-v2
independently-adjudicate-benbassat-performance-mode	Run actions/checkout@v4	2026-08-24T19:16:01.6828700Z  * [new branch]        agent/star-trek-enwright-completion -> origin/agent/star-trek-enwright-completion
independently-adjudicate-benbassat-performance-mode	Run actions/checkout@v4	2026-08-24T19:16:01.6829374Z  * [new branch]        agent/star-trek-ferengi-gold -> origin/agent/star-trek-ferengi-gold
independently-adjudicate-benbassat-performance-mode	Run actions/checkout@v4	2026-08-24T19:16:01.6830013Z  * [new branch]        agent/star-trek-gold-completion -> origin/agent/star-trek-gold-completion
independently-adjudicate-benbassat-performance-mode	Run actions/checkout@v4	2026-08-24T19:16:01.6830654Z  * [new branch]        agent/star-trek-gold-operator -> origin/agent/star-trek-gold-operator
independently-adjudicate-benbassat-performance-mode	Run actions/checkout@v4	2026-08-24T19:16:01.6831506Z  * [new branch]        agent/star-trek-kukulkan-custody-diagnostic-result-v1 -> origin/agent/star-trek-kukulkan-custody-diagnostic-result-v1
independently-adjudicate-benbassat-performance-mode	Run actions/checkout@v4	2026-08-24T19:16:01.6832696Z  * [new branch]        agent/star-trek-kukulkan-execution-custody-result-v1 -> origin/agent/star-trek-kukulkan-execution-custody-result-v1
independently-adjudicate-benbassat-performance-mode	Run actions/checkout@v4	2026-08-24T19:16:01.6833831Z  * [new branch]        agent/star-trek-kzinti-controller-text-export-v1 -> origin/agent/star-trek-kzinti-controller-text-export-v1
independently-adjudicate-benbassat-performance-mode	Run actions/checkout@v4	2026-08-24T19:16:01.6834781Z  * [new branch]        agent/star-trek-kzinti-controller-text-result-v1 -> origin/agent/star-trek-kzinti-controller-text-result-v1
independently-adjudicate-benbassat-performance-mode	Run actions/checkout@v4	2026-08-24T19:16:01.6835757Z  * [new branch]        agent/star-trek-lwaxana-rejection-terminal-result-v1 -> origin/agent/star-trek-lwaxana-rejection-terminal-result-v1
independently-adjudicate-benbassat-performance-mode	Run actions/checkout@v4	2026-08-24T19:16:01.6836655Z  * [new branch]        agent/star-trek-media-debt-closure-002 -> origin/agent/star-trek-media-debt-closure-002
independently-adjudicate-benbassat-performance-mode	Run actions/checkout@v4	2026-08-24T19:16:01.6837440Z  * [new branch]        agent/star-trek-media-debt-closure-003 -> origin/agent/star-trek-media-debt-closure-003
independently-adjudicate-benbassat-performance-mode	Run actions/checkout@v4	2026-08-24T19:16:01.6838266Z  * [new branch]        agent/star-trek-next-boundary-inspector-v1 -> origin/agent/star-trek-next-boundary-inspector-v1
independently-adjudicate-benbassat-performance-mode	Run actions/checkout@v4	2026-08-24T19:16:01.6839086Z  * [new branch]        agent/star-trek-next-boundary-result-v1 -> origin/agent/star-trek-next-boundary-result-v1
independently-adjudicate-benbassat-performance-mode	Run actions/checkout@v4	2026-08-24T19:16:01.6839880Z  * [new branch]        agent/star-trek-next-bounded-cycle-claim -> origin/agent/star-trek-next-bounded-cycle-claim
independently-adjudicate-benbassat-performance-mode	Run actions/checkout@v4	2026-08-24T19:16:01.6840618Z  * [new branch]        agent/star-trek-population-001 -> origin/agent/star-trek-population-001
independently-adjudicate-benbassat-performance-mode	Run actions/checkout@v4	2026-08-24T19:16:01.6841264Z  * [new branch]        agent/star-trek-population-002 -> origin/agent/star-trek-population-002
independently-adjudicate-benbassat-performance-mode	Run actions/checkout@v4	2026-08-24T19:16:01.6841981Z  * [new branch]        agent/star-trek-post-benbassat-next-v1 -> origin/agent/star-trek-post-benbassat-next-v1
independently-adjudicate-benbassat-performance-mode	Run actions/checkout@v4	2026-08-24T19:16:01.6842797Z  * [new branch]        agent/star-trek-post-kzinti-continuation-v1 -> origin/agent/star-trek-post-kzinti-continuation-v1
independently-adjudicate-benbassat-performance-mode	Run actions/checkout@v4	2026-08-24T19:16:01.6844048Z  * [new branch]        agent/star-trek-post-kzinti-continuation-v2 -> origin/agent/star-trek-post-kzinti-continuation-v2
independently-adjudicate-benbassat-performance-mode	Run actions/checkout@v4	2026-08-24T19:16:01.6844926Z  * [new branch]        agent/star-trek-post-kzinti-doohan-probe-v1 -> origin/agent/star-trek-post-kzinti-doohan-probe-v1
independently-adjudicate-benbassat-performance-mode	Run actions/checkout@v4	2026-08-24T19:16:01.6845839Z  * [new branch]        agent/star-trek-post-lorot-continuation-result-v1 -> origin/agent/star-trek-post-lorot-continuation-result-v1
independently-adjudicate-benbassat-performance-mode	Run actions/checkout@v4	2026-08-24T19:16:01.6846797Z  * [new branch]        agent/star-trek-post-lorot-terminalizer-status-v1 -> origin/agent/star-trek-post-lorot-terminalizer-status-v1
independently-adjudicate-benbassat-performance-mode	Run actions/checkout@v4	2026-08-24T19:16:01.6847884Z  * [new branch]        agent/star-trek-post-lwaxana-rejection-continuation-result-v1 -> origin/agent/star-trek-post-lwaxana-rejection-continuation-result-v1
independently-adjudicate-benbassat-performance-mode	Run actions/checkout@v4	2026-08-24T19:16:01.6848854Z  * [new branch]        agent/star-trek-queen-hearts-cycle-v1 -> origin/agent/star-trek-queen-hearts-cycle-v1
independently-adjudicate-benbassat-performance-mode	Run actions/checkout@v4	2026-08-24T19:16:01.6849676Z  * [new branch]        agent/star-trek-queen-hearts-media-result-v1 -> origin/agent/star-trek-queen-hearts-media-result-v1
independently-adjudicate-benbassat-performance-mode	Run actions/checkout@v4	2026-08-24T19:16:01.6850497Z  * [new branch]        agent/star-trek-queen-hearts-media-v1 -> origin/agent/star-trek-queen-hearts-media-v1
independently-adjudicate-benbassat-performance-mode	Run actions/checkout@v4	2026-08-24T19:16:01.6851260Z  * [new branch]        agent/star-trek-queen-hearts-source-v1 -> origin/agent/star-trek-queen-hearts-source-v1
independently-adjudicate-benbassat-performance-mode	Run actions/checkout@v4	2026-08-24T19:16:01.6852042Z  * [new branch]        agent/star-trek-queen-hearts-source-v10 -> origin/agent/star-trek-queen-hearts-source-v10
independently-adjudicate-benbassat-performance-mode	Run actions/checkout@v4	2026-08-24T19:16:01.6852830Z  * [new branch]        agent/star-trek-queen-hearts-source-v11 -> origin/agent/star-trek-queen-hearts-source-v11
independently-adjudicate-benbassat-performance-mode	Run actions/checkout@v4	2026-08-24T19:16:01.6853744Z  * [new branch]        agent/star-trek-queen-hearts-source-v12 -> origin/agent/star-trek-queen-hearts-source-v12
independently-adjudicate-benbassat-performance-mode	Run actions/checkout@v4	2026-08-24T19:16:01.6854532Z  * [new branch]        agent/star-trek-queen-hearts-source-v13 -> origin/agent/star-trek-queen-hearts-source-v13
independently-adjudicate-benbassat-performance-mode	Run actions/checkout@v4	2026-08-24T19:16:01.6855305Z  * [new branch]        agent/star-trek-queen-hearts-source-v14 -> origin/agent/star-trek-queen-hearts-source-v14
independently-adjudicate-benbassat-performance-mode	Run actions/checkout@v4	2026-08-24T19:16:01.6856260Z  * [new branch]        agent/star-trek-queen-hearts-source-v15 -> origin/agent/star-trek-queen-hearts-source-v15
independently-adjudicate-benbassat-performance-mode	Run actions/checkout@v4	2026-08-24T19:16:01.6857035Z  * [new branch]        agent/star-trek-queen-hearts-source-v2 -> origin/agent/star-trek-queen-hearts-source-v2
independently-adjudicate-benbassat-performance-mode	Run actions/checkout@v4	2026-08-24T19:16:01.6857806Z  * [new branch]        agent/star-trek-queen-hearts-source-v3 -> origin/agent/star-trek-queen-hearts-source-v3
independently-adjudicate-benbassat-performance-mode	Run actions/checkout@v4	2026-08-24T19:16:01.6858611Z  * [new branch]        agent/star-trek-queen-hearts-source-v4 -> origin/agent/star-trek-queen-hearts-source-v4
independently-adjudicate-benbassat-performance-mode	Run actions/checkout@v4	2026-08-24T19:16:01.6859374Z  * [new branch]        agent/star-trek-queen-hearts-source-v5 -> origin/agent/star-trek-queen-hearts-source-v5
independently-adjudicate-benbassat-performance-mode	Run actions/checkout@v4	2026-08-24T19:16:01.6860144Z  * [new branch]        agent/star-trek-queen-hearts-source-v6 -> origin/agent/star-trek-queen-hearts-source-v6
independently-adjudicate-benbassat-performance-mode	Run actions/checkout@v4	2026-08-24T19:16:01.6860906Z  * [new branch]        agent/star-trek-queen-hearts-source-v7 -> origin/agent/star-trek-queen-hearts-source-v7
independently-adjudicate-benbassat-performance-mode	Run actions/checkout@v4	2026-08-24T19:16:01.6861673Z  * [new branch]        agent/star-trek-queen-hearts-source-v8 -> origin/agent/star-trek-queen-hearts-source-v8
independently-adjudicate-benbassat-performance-mode	Run actions/checkout@v4	2026-08-24T19:16:01.6862441Z  * [new branch]        agent/star-trek-queen-hearts-source-v9 -> origin/agent/star-trek-queen-hearts-source-v9
independently-adjudicate-benbassat-performance-mode	Run actions/checkout@v4	2026-08-24T19:16:01.6863511Z  * [new branch]        agent/star-trek-queen-of-hearts-source-media-v1 -> origin/agent/star-trek-queen-of-hearts-source-media-v1
independently-adjudicate-benbassat-performance-mode	Run actions/checkout@v4	2026-08-24T19:16:01.6864613Z  * [new branch]        agent/star-trek-rolling-continuation-v1 -> origin/agent/star-trek-rolling-continuation-v1
independently-adjudicate-benbassat-performance-mode	Run actions/checkout@v4	2026-08-24T19:16:01.6865465Z  * [new branch]        agent/star-trek-rolling-terminal-result-v1 -> origin/agent/star-trek-rolling-terminal-result-v1
independently-adjudicate-benbassat-performance-mode	Run actions/checkout@v4	2026-08-24T19:16:01.6866246Z  * [new branch]        agent/supervise-star-trek-cycle-v1 -> origin/agent/supervise-star-trek-cycle-v1
independently-adjudicate-benbassat-performance-mode	Run actions/checkout@v4	2026-08-24T19:16:01.6866961Z  * [new branch]        agent/thesis-continuation-rails-v1 -> origin/agent/thesis-continuation-rails-v1
independently-adjudicate-benbassat-performance-mode	Run actions/checkout@v4	2026-08-24T19:16:01.6867750Z  * [new branch]        agent/trek-cycle-001        -> origin/agent/trek-cycle-001
independently-adjudicate-benbassat-performance-mode	Run actions/checkout@v4	2026-08-24T19:16:01.6868336Z  * [new branch]        agent/trek-cycle-001-success -> origin/agent/trek-cycle-001-success
independently-adjudicate-benbassat-performance-mode	Run actions/checkout@v4	2026-08-24T19:16:01.6869005Z  * [new branch]        agent/trek-media-baseline-closure -> origin/agent/trek-media-baseline-closure
independently-adjudicate-benbassat-performance-mode	Run actions/checkout@v4	2026-08-24T19:16:01.6869697Z  * [new branch]        agent/trigger-ux-02-dec0016-launch -> origin/agent/trigger-ux-02-dec0016-launch
independently-adjudicate-benbassat-performance-mode	Run actions/checkout@v4	2026-08-24T19:16:01.6870392Z  * [new branch]        agent/ux-01-context-compatibility -> origin/agent/ux-01-context-compatibility
independently-adjudicate-benbassat-performance-mode	Run actions/checkout@v4	2026-08-24T19:16:01.6871024Z  * [new branch]        agent/ux-01-source-extract  -> origin/agent/ux-01-source-extract
independently-adjudicate-benbassat-performance-mode	Run actions/checkout@v4	2026-08-24T19:16:01.6871662Z  * [new branch]        agent/ux-02-dec0016-carrier-stage-2 -> origin/agent/ux-02-dec0016-carrier-stage-2
independently-adjudicate-benbassat-performance-mode	Run actions/checkout@v4	2026-08-24T19:16:01.6872360Z  * [new branch]        agent/ux-02-dec0016-checkout-export -> origin/agent/ux-02-dec0016-checkout-export
independently-adjudicate-benbassat-performance-mode	Run actions/checkout@v4	2026-08-24T19:16:01.6872990Z  * [new branch]        agent/ux-02-dec0016-compose -> origin/agent/ux-02-dec0016-compose
independently-adjudicate-benbassat-performance-mode	Run actions/checkout@v4	2026-08-24T19:16:01.6873738Z  * [new branch]        agent/ux-02-dec0016-execute -> origin/agent/ux-02-dec0016-execute
independently-adjudicate-benbassat-performance-mode	Run actions/checkout@v4	2026-08-24T19:16:01.6874407Z  * [new branch]        agent/ux-02-dec0016-final-materializer -> origin/agent/ux-02-dec0016-final-materializer
independently-adjudicate-benbassat-performance-mode	Run actions/checkout@v4	2026-08-24T19:16:01.6875094Z  * [new branch]        agent/ux-02-dec0016-kick-main -> origin/agent/ux-02-dec0016-kick-main
independently-adjudicate-benbassat-performance-mode	Run actions/checkout@v4	2026-08-24T19:16:01.6875812Z  * [new branch]        agent/ux-02-dec0016-launcher-cleanup -> origin/agent/ux-02-dec0016-launcher-cleanup
independently-adjudicate-benbassat-performance-mode	Run actions/checkout@v4	2026-08-24T19:16:01.6876507Z  * [new branch]        agent/ux-02-dec0016-launcher-main -> origin/agent/ux-02-dec0016-launcher-main
independently-adjudicate-benbassat-performance-mode	Run actions/checkout@v4	2026-08-24T19:16:01.6877167Z  * [new branch]        agent/ux-02-dec0016-merge-sha-fix -> origin/agent/ux-02-dec0016-merge-sha-fix
independently-adjudicate-benbassat-performance-mode	Run actions/checkout@v4	2026-08-24T19:16:01.6877822Z  * [new branch]        agent/ux-02-dec0016-policy-inline -> origin/agent/ux-02-dec0016-policy-inline
independently-adjudicate-benbassat-performance-mode	Run actions/checkout@v4	2026-08-24T19:16:01.6878489Z  * [new branch]        agent/ux-02-dec0016-policy-writer -> origin/agent/ux-02-dec0016-policy-writer
independently-adjudicate-benbassat-performance-mode	Run actions/checkout@v4	2026-08-24T19:16:01.6879338Z  * [new branch]        agent/ux-02-dec0016-pr-launcher-config -> origin/agent/ux-02-dec0016-pr-launcher-config
independently-adjudicate-benbassat-performance-mode	Run actions/checkout@v4	2026-08-24T19:16:01.6880017Z  * [new branch]        agent/ux-02-dec0016-pr-target -> origin/agent/ux-02-dec0016-pr-target
independently-adjudicate-benbassat-performance-mode	Run actions/checkout@v4	2026-08-24T19:16:01.6880642Z  * [new branch]        agent/ux-02-dec0016-pr305-guard -> origin/agent/ux-02-dec0016-pr305-guard
independently-adjudicate-benbassat-performance-mode	Run actions/checkout@v4	2026-08-24T19:16:01.6881349Z  * [new branch]        agent/ux-02-dec0016-precheckout-receipt -> origin/agent/ux-02-dec0016-precheckout-receipt
independently-adjudicate-benbassat-performance-mode	Run actions/checkout@v4	2026-08-24T19:16:01.6882060Z  * [new branch]        agent/ux-02-dec0016-push-receipt -> origin/agent/ux-02-dec0016-push-receipt
independently-adjudicate-benbassat-performance-mode	Run actions/checkout@v4	2026-08-24T19:16:01.6882685Z  * [new branch]        agent/ux-02-dec0016-receipts -> origin/agent/ux-02-dec0016-receipts
independently-adjudicate-benbassat-performance-mode	Run actions/checkout@v4	2026-08-24T19:16:01.6883494Z  * [new branch]        agent/ux-02-dec0016-registered-route -> origin/agent/ux-02-dec0016-registered-route
independently-adjudicate-benbassat-performance-mode	Run actions/checkout@v4	2026-08-24T19:16:01.6884192Z  * [new branch]        agent/ux-02-dec0016-runid-guard -> origin/agent/ux-02-dec0016-runid-guard
independently-adjudicate-benbassat-performance-mode	Run actions/checkout@v4	2026-08-24T19:16:01.6884830Z  * [new branch]        agent/ux-02-dec0016-workflow-run -> origin/agent/ux-02-dec0016-workflow-run
independently-adjudicate-benbassat-performance-mode	Run actions/checkout@v4	2026-08-24T19:16:01.6885469Z  * [new branch]        agent/ux-02-dec0016-writer-body -> origin/agent/ux-02-dec0016-writer-body
independently-adjudicate-benbassat-performance-mode	Run actions/checkout@v4	2026-08-24T19:16:01.6886113Z  * [new branch]        agent/ux-02-decision-receipt-fix -> origin/agent/ux-02-decision-receipt-fix
independently-adjudicate-benbassat-performance-mode	Run actions/checkout@v4	2026-08-24T19:16:01.6886890Z  * [new branch]        agent/ux-02-navigation-continuity-dec0015-v2 -> origin/agent/ux-02-navigation-continuity-dec0015-v2
independently-adjudicate-benbassat-performance-mode	Run actions/checkout@v4	2026-08-24T19:16:01.6887638Z  * [new branch]        agent/ux-02-navigation-parity -> origin/agent/ux-02-navigation-parity
independently-adjudicate-benbassat-performance-mode	Run actions/checkout@v4	2026-08-24T19:16:01.6888297Z  * [new branch]        agent/ux-02-qualified-product-4fe -> origin/agent/ux-02-qualified-product-4fe
independently-adjudicate-benbassat-performance-mode	Run actions/checkout@v4	2026-08-24T19:16:01.6888997Z  * [new branch]        agent/ux-02-qualified-source-export -> origin/agent/ux-02-qualified-source-export
independently-adjudicate-benbassat-performance-mode	Run actions/checkout@v4	2026-08-24T19:16:01.6889839Z  * [new branch]        agent/ux-02-semantic-script-export -> origin/agent/ux-02-semantic-script-export
independently-adjudicate-benbassat-performance-mode	Run actions/checkout@v4	2026-08-24T19:16:01.6890482Z  * [new branch]        agent/ux-02-visual-recovery -> origin/agent/ux-02-visual-recovery
independently-adjudicate-benbassat-performance-mode	Run actions/checkout@v4	2026-08-24T19:16:01.6891119Z  * [new branch]        agent/ux-02a-archive-materializer -> origin/agent/ux-02a-archive-materializer
independently-adjudicate-benbassat-performance-mode	Run actions/checkout@v4	2026-08-24T19:16:01.6891803Z  * [new branch]        agent/ux-02a-current-main-product -> origin/agent/ux-02a-current-main-product
independently-adjudicate-benbassat-performance-mode	Run actions/checkout@v4	2026-08-24T19:16:01.6892450Z  * [new branch]        agent/ux-02a-review-carrier-v2 -> origin/agent/ux-02a-review-carrier-v2
independently-adjudicate-benbassat-performance-mode	Run actions/checkout@v4	2026-08-24T19:16:01.6909872Z  * [new branch]        agent/ux-02a-script-runner  -> origin/agent/ux-02a-script-runner
independently-adjudicate-benbassat-performance-mode	Run actions/checkout@v4	2026-08-24T19:16:01.6910720Z  * [new branch]        agent/ux-03-mobile-density  -> origin/agent/ux-03-mobile-density
independently-adjudicate-benbassat-performance-mode	Run actions/checkout@v4	2026-08-24T19:16:01.6911353Z  * [new branch]        agent/ux-03-post-merge-proof -> origin/agent/ux-03-post-merge-proof
independently-adjudicate-benbassat-performance-mode	Run actions/checkout@v4	2026-08-24T19:16:01.6911991Z  * [new branch]        agent/ux-04-makers-discovery -> origin/agent/ux-04-makers-discovery
independently-adjudicate-benbassat-performance-mode	Run actions/checkout@v4	2026-08-24T19:16:01.6912649Z  * [new branch]        agent/ux-nav-materializer-export -> origin/agent/ux-nav-materializer-export
independently-adjudicate-benbassat-performance-mode	Run actions/checkout@v4	2026-08-24T19:16:01.6913532Z  * [new branch]        agent/ux-nav-noscript-export -> origin/agent/ux-nav-noscript-export
independently-adjudicate-benbassat-performance-mode	Run actions/checkout@v4	2026-08-24T19:16:01.6914224Z  * [new branch]        agent/ux-nav-noscript-fix-carrier -> origin/agent/ux-nav-noscript-fix-carrier
independently-adjudicate-benbassat-performance-mode	Run actions/checkout@v4	2026-08-24T19:16:01.6914910Z  * [new branch]        agent/ux-nav-review-release-v2 -> origin/agent/ux-nav-review-release-v2
independently-adjudicate-benbassat-performance-mode	Run actions/checkout@v4	2026-08-24T19:16:01.6915572Z  * [new branch]        agent/ux02a-carrier-sync-trigger -> origin/agent/ux02a-carrier-sync-trigger
independently-adjudicate-benbassat-performance-mode	Run actions/checkout@v4	2026-08-24T19:16:01.6916275Z  * [new branch]        agent/ux02a-carrier-sync-trigger-v2 -> origin/agent/ux02a-carrier-sync-trigger-v2
independently-adjudicate-benbassat-performance-mode	Run actions/checkout@v4	2026-08-24T19:16:01.6916988Z  * [new branch]        agent/ux02a-contract-repair-export -> origin/agent/ux02a-contract-repair-export
independently-adjudicate-benbassat-performance-mode	Run actions/checkout@v4	2026-08-24T19:16:01.6917690Z  * [new branch]        agent/ux02a-current-main-export -> origin/agent/ux02a-current-main-export
independently-adjudicate-benbassat-performance-mode	Run actions/checkout@v4	2026-08-24T19:16:01.6918569Z  * [new branch]        agent/ux02a-current-main-trigger -> origin/agent/ux02a-current-main-trigger
independently-adjudicate-benbassat-performance-mode	Run actions/checkout@v4	2026-08-24T19:16:01.6919243Z  * [new branch]        agent/ux02a-main-push-installer -> origin/agent/ux02a-main-push-installer
independently-adjudicate-benbassat-performance-mode	Run actions/checkout@v4	2026-08-24T19:16:01.6919878Z  * [new branch]        agent/ux02a-policy-export   -> origin/agent/ux02a-policy-export
independently-adjudicate-benbassat-performance-mode	Run actions/checkout@v4	2026-08-24T19:16:01.6920474Z  * [new branch]        agent/ux02a-push-trigger-2  -> origin/agent/ux02a-push-trigger-2
independently-adjudicate-benbassat-performance-mode	Run actions/checkout@v4	2026-08-24T19:16:01.6921264Z  * [new branch]        agent/verify-doctor-who-legacy-ref-neutralization -> origin/agent/verify-doctor-who-legacy-ref-neutralization
independently-adjudicate-benbassat-performance-mode	Run actions/checkout@v4	2026-08-24T19:16:01.6922578Z  * [new branch]        agent/verify-doctor-who-legacy-ref-neutralization-v2 -> origin/agent/verify-doctor-who-legacy-ref-neutralization-v2
independently-adjudicate-benbassat-performance-mode	Run actions/checkout@v4	2026-08-24T19:16:01.6923845Z  * [new branch]        agent/verify-terminal-closure-7f6140 -> origin/agent/verify-terminal-closure-7f6140
independently-adjudicate-benbassat-performance-mode	Run actions/checkout@v4	2026-08-24T19:16:01.6924613Z  * [new branch]        chore/reconcile-waterline-handoff -> origin/chore/reconcile-waterline-handoff
independently-adjudicate-benbassat-performance-mode	Run actions/checkout@v4	2026-08-24T19:16:01.6925197Z  * [new branch]        main                        -> origin/main
independently-adjudicate-benbassat-performance-mode	Run actions/checkout@v4	2026-08-24T19:16:01.6925914Z  * [new branch]        observer/cycle012-senstarg-candidate-transition-v1 -> origin/observer/cycle012-senstarg-candidate-transition-v1
independently-adjudicate-benbassat-performance-mode	Run actions/checkout@v4	2026-08-24T19:16:01.6926851Z  * [new branch]        observer/cycle012-senstarg-review-transition-v1 -> origin/observer/cycle012-senstarg-review-transition-v1
independently-adjudicate-benbassat-performance-mode	Run actions/checkout@v4	2026-08-24T19:16:01.6927751Z  * [new branch]        probe-doctor-who-cycle-015-finalize-20260812 -> origin/probe-doctor-who-cycle-015-finalize-20260812
independently-adjudicate-benbassat-performance-mode	Run actions/checkout@v4	2026-08-24T19:16:01.6928611Z  * [new branch]        probe-doctor-who-next-candidate-20260812 -> origin/probe-doctor-who-next-candidate-20260812
independently-adjudicate-benbassat-performance-mode	Run actions/checkout@v4	2026-08-24T19:16:01.6929413Z  * [new branch]        probe-pages-cycle-015-deploy-20260812 -> origin/probe-pages-cycle-015-deploy-20260812
independently-adjudicate-benbassat-performance-mode	Run actions/checkout@v4	2026-08-24T19:16:01.6930307Z  * [new branch]        probe-release-tool-do-not-use -> origin/probe-release-tool-do-not-use
independently-adjudicate-benbassat-performance-mode	Run actions/checkout@v4	2026-08-24T19:16:01.6931048Z  * [new branch]        repair/cycle012-senstarg-candidate-env -> origin/repair/cycle012-senstarg-candidate-env
independently-adjudicate-benbassat-performance-mode	Run actions/checkout@v4	2026-08-24T19:16:01.6931796Z  * [new tag]           archive/agent/dec0010-site-tokens-spark -> archive/agent/dec0010-site-tokens-spark
independently-adjudicate-benbassat-performance-mode	Run actions/checkout@v4	2026-08-24T19:16:01.6932536Z  * [new tag]           archive/agent/dec0011-cross-platform-gate -> archive/agent/dec0011-cross-platform-gate
independently-adjudicate-benbassat-performance-mode	Run actions/checkout@v4	2026-08-24T19:16:01.6933238Z  * [new tag]           archive/agent/ds9-decision-authoring -> archive/agent/ds9-decision-authoring
independently-adjudicate-benbassat-performance-mode	Run actions/checkout@v4	2026-08-24T19:16:01.6934082Z  * [new tag]           archive/agent/five-year-operating-system -> archive/agent/five-year-operating-system
independently-adjudicate-benbassat-performance-mode	Run actions/checkout@v4	2026-08-24T19:16:01.6934730Z  * [new tag]           archive/agent/luna-autopilot -> archive/agent/luna-autopilot
independently-adjudicate-benbassat-performance-mode	Run actions/checkout@v4	2026-08-24T19:16:01.6935321Z  * [new tag]           archive/agent/pr55-semantic-review -> archive/agent/pr55-semantic-review
independently-adjudicate-benbassat-performance-mode	Run actions/checkout@v4	2026-08-24T19:16:01.6935970Z  * [new tag]           archive/agent/preservation-rescue -> archive/agent/preservation-rescue
independently-adjudicate-benbassat-performance-mode	Run actions/checkout@v4	2026-08-24T19:16:01.6936611Z  * [new tag]           archive/agent/star-trek-media-audit -> archive/agent/star-trek-media-audit
independently-adjudicate-benbassat-performance-mode	Run actions/checkout@v4	2026-08-24T19:16:01.6937280Z  * [new tag]           archive/agent/trek-exact-subject-audit -> archive/agent/trek-exact-subject-audit
independently-adjudicate-benbassat-performance-mode	Run actions/checkout@v4	2026-08-24T19:16:01.6937989Z  * [new tag]           archive/agent/trusted-foundation-receipt -> archive/agent/trusted-foundation-receipt
independently-adjudicate-benbassat-performance-mode	Run actions/checkout@v4	2026-08-24T19:16:01.6938742Z  * [new tag]           archive/chore/remove-promotion-scaffolding -> archive/chore/remove-promotion-scaffolding
independently-adjudicate-benbassat-performance-mode	Run actions/checkout@v4	2026-08-24T19:16:01.6939484Z  * [new tag]           archive/claude/coding-session-1u1llu -> archive/claude/coding-session-1u1llu
independently-adjudicate-benbassat-performance-mode	Run actions/checkout@v4	2026-08-24T19:16:01.6940122Z  * [new tag]           archive/claude/decision-tooling -> archive/claude/decision-tooling
independently-adjudicate-benbassat-performance-mode	Run actions/checkout@v4	2026-08-24T19:16:01.6940685Z  * [new tag]           archive/claude/ds9-census   -> archive/claude/ds9-census
independently-adjudicate-benbassat-performance-mode	Run actions/checkout@v4	2026-08-24T19:16:01.6941226Z  * [new tag]           archive/claude/ds9-eligibility -> archive/claude/ds9-eligibility
independently-adjudicate-benbassat-performance-mode	Run actions/checkout@v4	2026-08-24T19:16:01.6941973Z  * [new tag]           archive/claude/ds9-maker-attribution -> archive/claude/ds9-maker-attribution
independently-adjudicate-benbassat-performance-mode	Run actions/checkout@v4	2026-08-24T19:16:01.6942608Z  * [new tag]           archive/claude/final-task-2vmzpr -> archive/claude/final-task-2vmzpr
independently-adjudicate-benbassat-performance-mode	Run actions/checkout@v4	2026-08-24T19:16:01.6943236Z  * [new tag]           archive/claude/fix-projection-drift -> archive/claude/fix-projection-drift
independently-adjudicate-benbassat-performance-mode	Run actions/checkout@v4	2026-08-24T19:16:01.6944326Z  * [new tag]           archive/claude/full-canon-census -> archive/claude/full-canon-census
independently-adjudicate-benbassat-performance-mode	Run actions/checkout@v4	2026-08-24T19:16:01.6944943Z  * [new tag]           archive/claude/homepage-flip -> archive/claude/homepage-flip
independently-adjudicate-benbassat-performance-mode	Run actions/checkout@v4	2026-08-24T19:16:01.6945563Z  * [new tag]           archive/claude/product-constitution -> archive/claude/product-constitution
independently-adjudicate-benbassat-performance-mode	Run actions/checkout@v4	2026-08-24T19:16:01.6946246Z  * [new tag]           archive/claude/retire-comparison-seam -> archive/claude/retire-comparison-seam
independently-adjudicate-benbassat-performance-mode	Run actions/checkout@v4	2026-08-24T19:16:01.6946900Z  * [new tag]           archive/claude/work-review-ex7ape -> archive/claude/work-review-ex7ape
independently-adjudicate-benbassat-performance-mode	Run actions/checkout@v4	2026-08-24T19:16:01.6947543Z  * [new tag]           archive/codex/a11y-durable-records -> archive/codex/a11y-durable-records
independently-adjudicate-benbassat-performance-mode	Run actions/checkout@v4	2026-08-24T19:16:01.6948136Z  * [new tag]           archive/codex/archive-contract -> archive/codex/archive-contract
independently-adjudicate-benbassat-performance-mode	Run actions/checkout@v4	2026-08-24T19:16:01.6948729Z  * [new tag]           archive/codex/constellation-graph -> archive/codex/constellation-graph
independently-adjudicate-benbassat-performance-mode	Run actions/checkout@v4	2026-08-24T19:16:01.6949435Z  * [new tag]           archive/codex/constellations-contextual-nav -> archive/codex/constellations-contextual-nav
independently-adjudicate-benbassat-performance-mode	Run actions/checkout@v4	2026-08-24T19:16:01.6950205Z  * [new tag]           archive/codex/enforce-real-image-policy -> archive/codex/enforce-real-image-policy
independently-adjudicate-benbassat-performance-mode	Run actions/checkout@v4	2026-08-24T19:16:01.6950897Z  * [new tag]           archive/codex/ferengi-completeness -> archive/codex/ferengi-completeness
independently-adjudicate-benbassat-performance-mode	Run actions/checkout@v4	2026-08-24T19:16:01.6951530Z  * [new tag]           archive/codex/fix-comparison-wipe -> archive/codex/fix-comparison-wipe
independently-adjudicate-benbassat-performance-mode	Run actions/checkout@v4	2026-08-24T19:16:01.6952123Z  * [new tag]           archive/codex/franchise-census -> archive/codex/franchise-census
independently-adjudicate-benbassat-performance-mode	Run actions/checkout@v4	2026-08-24T19:16:01.6952924Z  * [new tag]           archive/codex/full-rendered-site-audit -> archive/codex/full-rendered-site-audit
independently-adjudicate-benbassat-performance-mode	Run actions/checkout@v4	2026-08-24T19:16:01.6953734Z  * [new tag]           archive/codex/image-focus-pass -> archive/codex/image-focus-pass
independently-adjudicate-benbassat-performance-mode	Run actions/checkout@v4	2026-08-24T19:16:01.6954341Z  * [new tag]           archive/codex/morn-face-alignment -> archive/codex/morn-face-alignment
independently-adjudicate-benbassat-performance-mode	Run actions/checkout@v4	2026-08-24T19:16:01.6955070Z  * [new tag]           archive/codex/photos-changelings-placeholders -> archive/codex/photos-changelings-placeholders
independently-adjudicate-benbassat-performance-mode	Run actions/checkout@v4	2026-08-24T19:16:01.6955837Z  * [new tag]           archive/codex/polish-seams-correctness -> archive/codex/polish-seams-correctness
independently-adjudicate-benbassat-performance-mode	Run actions/checkout@v4	2026-08-24T19:16:01.6956470Z  * [new tag]           archive/codex/recognition-wipe -> archive/codex/recognition-wipe
independently-adjudicate-benbassat-performance-mode	Run actions/checkout@v4	2026-08-24T19:16:01.6957027Z  * [new tag]           archive/codex/roster-quality -> archive/codex/roster-quality
independently-adjudicate-benbassat-performance-mode	Run actions/checkout@v4	2026-08-24T19:16:01.6957556Z  * [new tag]           archive/codex/site-cohesion -> archive/codex/site-cohesion
independently-adjudicate-benbassat-performance-mode	Run actions/checkout@v4	2026-08-24T19:16:01.6958233Z  * [new tag]           archive/codex/species-navigation-visual-audit -> archive/codex/species-navigation-visual-audit
independently-adjudicate-benbassat-performance-mode	Run actions/checkout@v4	2026-08-24T19:16:01.6958856Z  * [new tag]           media-0001                  -> media-0001
independently-adjudicate-benbassat-performance-mode	Run actions/checkout@v4	2026-08-24T19:16:01.6959272Z  * [new tag]           media-0002                  -> media-0002
independently-adjudicate-benbassat-performance-mode	Run actions/checkout@v4	2026-08-24T19:16:01.6959674Z  * [new tag]           media-0003                  -> media-0003
independently-adjudicate-benbassat-performance-mode	Run actions/checkout@v4	2026-08-24T19:16:01.6960192Z  * [new tag]           preservation-20260721-3bbec746c478 -> preservation-20260721-3bbec746c478
independently-adjudicate-benbassat-performance-mode	Run actions/checkout@v4	2026-08-24T19:16:01.6960837Z  * [new tag]           preservation-20260721-8f2983cf8939 -> preservation-20260721-8f2983cf8939
independently-adjudicate-benbassat-performance-mode	Run actions/checkout@v4	2026-08-24T19:16:01.6961457Z  * [new tag]           preservation-20260721-b093da64e587 -> preservation-20260721-b093da64e587
independently-adjudicate-benbassat-performance-mode	Run actions/checkout@v4	2026-08-24T19:16:01.6962080Z  * [new tag]           preservation-20260721-ee99b91913c6 -> preservation-20260721-ee99b91913c6
independently-adjudicate-benbassat-performance-mode	Run actions/checkout@v4	2026-08-24T19:16:01.6962699Z  * [new tag]           preservation-20260801-7054b6e620ee -> preservation-20260801-7054b6e620ee
independently-adjudicate-benbassat-performance-mode	Run actions/checkout@v4	2026-08-24T19:16:01.6963592Z  * [new tag]           preservation-20260801-788af7e3ad7f -> preservation-20260801-788af7e3ad7f
independently-adjudicate-benbassat-performance-mode	Run actions/checkout@v4	2026-08-24T19:16:01.6964226Z  * [new tag]           preservation-20260801-9c5e814821eb -> preservation-20260801-9c5e814821eb
independently-adjudicate-benbassat-performance-mode	Run actions/checkout@v4	2026-08-24T19:16:01.6964848Z  * [new tag]           preservation-20260801-d723f84bc17a -> preservation-20260801-d723f84bc17a
independently-adjudicate-benbassat-performance-mode	Run actions/checkout@v4	2026-08-24T19:16:01.6965504Z  * [new tag]           preservation-doctor-who-169391a8bf64 -> preservation-doctor-who-169391a8bf64
independently-adjudicate-benbassat-performance-mode	Run actions/checkout@v4	2026-08-24T19:16:01.6966987Z [command]/usr/bin/git branch --list --remote origin/agent/star-trek-benbassat-source-review-v1
independently-adjudicate-benbassat-performance-mode	Run actions/checkout@v4	2026-08-24T19:16:01.6967550Z   origin/agent/star-trek-benbassat-source-review-v1
independently-adjudicate-benbassat-performance-mode	Run actions/checkout@v4	2026-08-24T19:16:01.6968454Z [command]/usr/bin/git rev-parse refs/remotes/origin/agent/star-trek-benbassat-source-review-v1
independently-adjudicate-benbassat-performance-mode	Run actions/checkout@v4	2026-08-24T19:16:01.6968989Z 1ddfde3f7cfbc09662f0f956273cd7c070acf643
independently-adjudicate-benbassat-performance-mode	Run actions/checkout@v4	2026-08-24T19:16:01.6969818Z ##[endgroup]
independently-adjudicate-benbassat-performance-mode	Run actions/checkout@v4	2026-08-24T19:16:01.6970273Z ##[group]Determining the checkout info
independently-adjudicate-benbassat-performance-mode	Run actions/checkout@v4	2026-08-24T19:16:01.6970755Z ##[endgroup]
independently-adjudicate-benbassat-performance-mode	Run actions/checkout@v4	2026-08-24T19:16:01.6971039Z [command]/usr/bin/git sparse-checkout disable
independently-adjudicate-benbassat-performance-mode	Run actions/checkout@v4	2026-08-24T19:16:01.6971868Z [command]/usr/bin/git config --local --unset-all extensions.worktreeConfig
independently-adjudicate-benbassat-performance-mode	Run actions/checkout@v4	2026-08-24T19:16:01.6972807Z ##[group]Checking out the ref
independently-adjudicate-benbassat-performance-mode	Run actions/checkout@v4	2026-08-24T19:16:01.6973711Z [command]/usr/bin/git checkout --progress --force -B agent/star-trek-benbassat-source-review-v1 refs/remotes/origin/agent/star-trek-benbassat-source-review-v1
independently-adjudicate-benbassat-performance-mode	Run actions/checkout@v4	2026-08-24T19:16:02.6495031Z Updating files:  50% (2230/4378)
independently-adjudicate-benbassat-performance-mode	Run actions/checkout@v4	2026-08-24T19:16:02.6616735Z Updating files:  51% (2233/4378)
independently-adjudicate-benbassat-performance-mode	Run actions/checkout@v4	2026-08-24T19:16:02.6688469Z Updating files:  52% (2277/4378)
independently-adjudicate-benbassat-performance-mode	Run actions/checkout@v4	2026-08-24T19:16:02.6793990Z Updating files:  53% (2321/4378)
independently-adjudicate-benbassat-performance-mode	Run actions/checkout@v4	2026-08-24T19:16:02.6883952Z Updating files:  54% (2365/4378)
independently-adjudicate-benbassat-performance-mode	Run actions/checkout@v4	2026-08-24T19:16:02.6940361Z Updating files:  55% (2408/4378)
independently-adjudicate-benbassat-performance-mode	Run actions/checkout@v4	2026-08-24T19:16:02.7070563Z Updating files:  56% (2452/4378)
independently-adjudicate-benbassat-performance-mode	Run actions/checkout@v4	2026-08-24T19:16:02.7161034Z Updating files:  57% (2496/4378)
independently-adjudicate-benbassat-performance-mode	Run actions/checkout@v4	2026-08-24T19:16:02.7242257Z Updating files:  58% (2540/4378)
independently-adjudicate-benbassat-performance-mode	Run actions/checkout@v4	2026-08-24T19:16:02.7339897Z Updating files:  59% (2584/4378)
independently-adjudicate-benbassat-performance-mode	Run actions/checkout@v4	2026-08-24T19:16:02.7474661Z Updating files:  60% (2627/4378)
independently-adjudicate-benbassat-performance-mode	Run actions/checkout@v4	2026-08-24T19:16:02.7557617Z Updating files:  61% (2671/4378)
independently-adjudicate-benbassat-performance-mode	Run actions/checkout@v4	2026-08-24T19:16:02.7688099Z Updating files:  62% (2715/4378)
independently-adjudicate-benbassat-performance-mode	Run actions/checkout@v4	2026-08-24T19:16:02.7750327Z Updating files:  63% (2759/4378)
independently-adjudicate-benbassat-performance-mode	Run actions/checkout@v4	2026-08-24T19:16:02.7836129Z Updating files:  64% (2802/4378)
independently-adjudicate-benbassat-performance-mode	Run actions/checkout@v4	2026-08-24T19:16:02.7915859Z Updating files:  65% (2846/4378)
independently-adjudicate-benbassat-performance-mode	Run actions/checkout@v4	2026-08-24T19:16:02.8010368Z Updating files:  66% (2890/4378)
independently-adjudicate-benbassat-performance-mode	Run actions/checkout@v4	2026-08-24T19:16:02.8095863Z Updating files:  67% (2934/4378)
independently-adjudicate-benbassat-performance-mode	Run actions/checkout@v4	2026-08-24T19:16:02.8157203Z Updating files:  68% (2978/4378)
independently-adjudicate-benbassat-performance-mode	Run actions/checkout@v4	2026-08-24T19:16:02.8229055Z Updating files:  69% (3021/4378)
independently-adjudicate-benbassat-performance-mode	Run actions/checkout@v4	2026-08-24T19:16:02.8290123Z Updating files:  70% (3065/4378)
independently-adjudicate-benbassat-performance-mode	Run actions/checkout@v4	2026-08-24T19:16:02.8365670Z Updating files:  71% (3109/4378)
independently-adjudicate-benbassat-performance-mode	Run actions/checkout@v4	2026-08-24T19:16:02.8422425Z Updating files:  72% (3153/4378)
independently-adjudicate-benbassat-performance-mode	Run actions/checkout@v4	2026-08-24T19:16:02.8480069Z Updating files:  73% (3196/4378)
independently-adjudicate-benbassat-performance-mode	Run actions/checkout@v4	2026-08-24T19:16:02.8551814Z Updating files:  74% (3240/4378)
independently-adjudicate-benbassat-performance-mode	Run actions/checkout@v4	2026-08-24T19:16:02.8613219Z Updating files:  75% (3284/4378)
independently-adjudicate-benbassat-performance-mode	Run actions/checkout@v4	2026-08-24T19:16:02.8695671Z Updating files:  76% (3328/4378)
independently-adjudicate-benbassat-performance-mode	Run actions/checkout@v4	2026-08-24T19:16:02.8758738Z Updating files:  77% (3372/4378)
independently-adjudicate-benbassat-performance-mode	Run actions/checkout@v4	2026-08-24T19:16:02.8830178Z Updating files:  78% (3415/4378)
independently-adjudicate-benbassat-performance-mode	Run actions/checkout@v4	2026-08-24T19:16:02.8901389Z Updating files:  79% (3459/4378)
independently-adjudicate-benbassat-performance-mode	Run actions/checkout@v4	2026-08-24T19:16:02.8977740Z Updating files:  80% (3503/4378)
independently-adjudicate-benbassat-performance-mode	Run actions/checkout@v4	2026-08-24T19:16:02.9034877Z Updating files:  81% (3547/4378)
independently-adjudicate-benbassat-performance-mode	Run actions/checkout@v4	2026-08-24T19:16:02.9102524Z Updating files:  82% (3590/4378)
independently-adjudicate-benbassat-performance-mode	Run actions/checkout@v4	2026-08-24T19:16:02.9173862Z Updating files:  83% (3634/4378)
independently-adjudicate-benbassat-performance-mode	Run actions/checkout@v4	2026-08-24T19:16:02.9228799Z Updating files:  84% (3678/4378)
independently-adjudicate-benbassat-performance-mode	Run actions/checkout@v4	2026-08-24T19:16:02.9306660Z Updating files:  85% (3722/4378)
independently-adjudicate-benbassat-performance-mode	Run actions/checkout@v4	2026-08-24T19:16:02.9373164Z Updating files:  86% (3766/4378)
independently-adjudicate-benbassat-performance-mode	Run actions/checkout@v4	2026-08-24T19:16:02.9426070Z Updating files:  87% (3809/4378)
independently-adjudicate-benbassat-performance-mode	Run actions/checkout@v4	2026-08-24T19:16:02.9542591Z Updating files:  88% (3853/4378)
independently-adjudicate-benbassat-performance-mode	Run actions/checkout@v4	2026-08-24T19:16:02.9595727Z Updating files:  89% (3897/4378)
independently-adjudicate-benbassat-performance-mode	Run actions/checkout@v4	2026-08-24T19:16:02.9658817Z Updating files:  90% (3941/4378)
independently-adjudicate-benbassat-performance-mode	Run actions/checkout@v4	2026-08-24T19:16:02.9711025Z Updating files:  91% (3984/4378)
independently-adjudicate-benbassat-performance-mode	Run actions/checkout@v4	2026-08-24T19:16:02.9766909Z Updating files:  92% (4028/4378)
independently-adjudicate-benbassat-performance-mode	Run actions/checkout@v4	2026-08-24T19:16:02.9815362Z Updating files:  93% (4072/4378)
independently-adjudicate-benbassat-performance-mode	Run actions/checkout@v4	2026-08-24T19:16:02.9854208Z Updating files:  94% (4116/4378)
independently-adjudicate-benbassat-performance-mode	Run actions/checkout@v4	2026-08-24T19:16:02.9897027Z Updating files:  95% (4160/4378)
independently-adjudicate-benbassat-performance-mode	Run actions/checkout@v4	2026-08-24T19:16:02.9933945Z Updating files:  96% (4203/4378)
independently-adjudicate-benbassat-performance-mode	Run actions/checkout@v4	2026-08-24T19:16:02.9967243Z Updating files:  97% (4247/4378)
independently-adjudicate-benbassat-performance-mode	Run actions/checkout@v4	2026-08-24T19:16:03.0000022Z Updating files:  98% (4291/4378)
independently-adjudicate-benbassat-performance-mode	Run actions/checkout@v4	2026-08-24T19:16:03.0146355Z Updating files:  99% (4335/4378)
independently-adjudicate-benbassat-performance-mode	Run actions/checkout@v4	2026-08-24T19:16:03.0146808Z Updating files: 100% (4378/4378)
independently-adjudicate-benbassat-performance-mode	Run actions/checkout@v4	2026-08-24T19:16:03.0147157Z Updating files: 100% (4378/4378), done.
independently-adjudicate-benbassat-performance-mode	Run actions/checkout@v4	2026-08-24T19:16:03.0197083Z Switched to a new branch 'agent/star-trek-benbassat-source-review-v1'
independently-adjudicate-benbassat-performance-mode	Run actions/checkout@v4	2026-08-24T19:16:03.0200701Z branch 'agent/star-trek-benbassat-source-review-v1' set up to track 'origin/agent/star-trek-benbassat-source-review-v1'.
independently-adjudicate-benbassat-performance-mode	Run actions/checkout@v4	2026-08-24T19:16:03.0294530Z ##[endgroup]
independently-adjudicate-benbassat-performance-mode	Run actions/checkout@v4	2026-08-24T19:16:03.0346631Z [command]/usr/bin/git log -1 --format=%H
independently-adjudicate-benbassat-performance-mode	Run actions/checkout@v4	2026-08-24T19:16:03.0379130Z 1ddfde3f7cfbc09662f0f956273cd7c070acf643
independently-adjudicate-benbassat-performance-mode	Run actions/setup-node@v4	﻿2026-08-24T19:16:03.0632629Z Node 20 is being deprecated. This workflow is running with Node 24 by default. If you need to temporarily use Node 20, you can set the ACTIONS_ALLOW_USE_UNSECURE_NODE_VERSION=true environment variable. For more information see: https://github.blog/changelog/2025-09-19-deprecation-of-node-20-on-github-actions-runners/
independently-adjudicate-benbassat-performance-mode	Run actions/setup-node@v4	2026-08-24T19:16:03.0634763Z ##[group]Run actions/setup-node@v4
independently-adjudicate-benbassat-performance-mode	Run actions/setup-node@v4	2026-08-24T19:16:03.0635022Z with:
independently-adjudicate-benbassat-performance-mode	Run actions/setup-node@v4	2026-08-24T19:16:03.0635230Z   node-version: 24
independently-adjudicate-benbassat-performance-mode	Run actions/setup-node@v4	2026-08-24T19:16:03.0635435Z   cache: npm
independently-adjudicate-benbassat-performance-mode	Run actions/setup-node@v4	2026-08-24T19:16:03.0635628Z   always-auth: false
independently-adjudicate-benbassat-performance-mode	Run actions/setup-node@v4	2026-08-24T19:16:03.0635846Z   check-latest: false
independently-adjudicate-benbassat-performance-mode	Run actions/setup-node@v4	2026-08-24T19:16:03.0638198Z   token: ***
independently-adjudicate-benbassat-performance-mode	Run actions/setup-node@v4	2026-08-24T19:16:03.0638397Z env:
independently-adjudicate-benbassat-performance-mode	Run actions/setup-node@v4	2026-08-24T19:16:03.0638647Z   EXPECTED_MAIN: ed79424013b92460d16c01cad4e590eca01e6bff
independently-adjudicate-benbassat-performance-mode	Run actions/setup-node@v4	2026-08-24T19:16:03.0639045Z   EXPECTED_TREE: 7f9057770c8e622d71ef41b183811fe47fcdd6ed
independently-adjudicate-benbassat-performance-mode	Run actions/setup-node@v4	2026-08-24T19:16:03.0639378Z   TASK_ID: ap_dd7d1c73ed237230cd6e1d0b
independently-adjudicate-benbassat-performance-mode	Run actions/setup-node@v4	2026-08-24T19:16:03.0639855Z   EXPECTED_PERFORMER: Nolan North
independently-adjudicate-benbassat-performance-mode	Run actions/setup-node@v4	2026-08-24T19:16:03.0640124Z   EXPECTED_CHARACTER: Benbassat
independently-adjudicate-benbassat-performance-mode	Run actions/setup-node@v4	2026-08-24T19:16:03.0640553Z   EXPECTED_FINGERPRINT: 78e1384a3a11787064f98516e5759b55b33369d161067804c2d77f2ef6ef8885
independently-adjudicate-benbassat-performance-mode	Run actions/setup-node@v4	2026-08-24T19:16:03.0641075Z   SOURCE_RESULT_BRANCH: agent/star-trek-benbassat-source-result-v3
independently-adjudicate-benbassat-performance-mode	Run actions/setup-node@v4	2026-08-24T19:16:03.0641495Z   SOURCE_PREFIX: transport/star-trek-benbassat-source-v3
independently-adjudicate-benbassat-performance-mode	Run actions/setup-node@v4	2026-08-24T19:16:03.0641906Z   RESULT_BRANCH: agent/star-trek-benbassat-source-review-result-v1
independently-adjudicate-benbassat-performance-mode	Run actions/setup-node@v4	2026-08-24T19:16:03.0642303Z   OUT: /tmp/star-trek-benbassat-source-review-v1
independently-adjudicate-benbassat-performance-mode	Run actions/setup-node@v4	2026-08-24T19:16:03.0642689Z   SOURCE_ROOT: /tmp/star-trek-benbassat-source-review-v1/source
independently-adjudicate-benbassat-performance-mode	Run actions/setup-node@v4	2026-08-24T19:16:03.0645362Z   GH_TOKEN: ***
independently-adjudicate-benbassat-performance-mode	Run actions/setup-node@v4	2026-08-24T19:16:03.0645571Z ##[endgroup]
independently-adjudicate-benbassat-performance-mode	Run actions/setup-node@v4	2026-08-24T19:16:03.2082681Z Found in cache @ /opt/hostedtoolcache/node/24.19.0/x64
independently-adjudicate-benbassat-performance-mode	Run actions/setup-node@v4	2026-08-24T19:16:03.2087969Z (node:2202) [DEP0040] DeprecationWarning: The `punycode` module is deprecated. Please use a userland alternative instead.
independently-adjudicate-benbassat-performance-mode	Run actions/setup-node@v4	2026-08-24T19:16:03.2088891Z (Use `node --trace-deprecation ...` to show where the warning was created)
independently-adjudicate-benbassat-performance-mode	Run actions/setup-node@v4	2026-08-24T19:16:03.2091076Z ##[group]Environment details
independently-adjudicate-benbassat-performance-mode	Run actions/setup-node@v4	2026-08-24T19:16:05.9425895Z node: v24.19.0
independently-adjudicate-benbassat-performance-mode	Run actions/setup-node@v4	2026-08-24T19:16:05.9426801Z npm: 11.17.0
independently-adjudicate-benbassat-performance-mode	Run actions/setup-node@v4	2026-08-24T19:16:05.9427204Z yarn: 1.22.22
independently-adjudicate-benbassat-performance-mode	Run actions/setup-node@v4	2026-08-24T19:16:05.9428924Z ##[endgroup]
independently-adjudicate-benbassat-performance-mode	Run actions/setup-node@v4	2026-08-24T19:16:05.9495296Z [command]/opt/hostedtoolcache/node/24.19.0/x64/bin/npm config get cache
independently-adjudicate-benbassat-performance-mode	Run actions/setup-node@v4	2026-08-24T19:16:06.2163373Z /home/runner/.npm
independently-adjudicate-benbassat-performance-mode	Run actions/setup-node@v4	2026-08-24T19:16:06.4828088Z Cache hit for: node-cache-Linux-x64-npm-f15ee16cadfb16c2733639dda1f0b58735a8af6e775ef040c2dea200bcc3360b
independently-adjudicate-benbassat-performance-mode	Run actions/setup-node@v4	2026-08-24T19:16:06.4937828Z (node:2202) [DEP0169] DeprecationWarning: `url.parse()` behavior is not standardized and prone to errors that have security implications. Use the WHATWG URL API instead. CVEs are not issued for `url.parse()` vulnerabilities.
independently-adjudicate-benbassat-performance-mode	Run actions/setup-node@v4	2026-08-24T19:16:07.7782337Z Received 0 of 3853891 (0.0%), 0.0 MBs/sec
independently-adjudicate-benbassat-performance-mode	Run actions/setup-node@v4	2026-08-24T19:16:07.7811051Z Received 3853891 of 3853891 (100.0%), 3.7 MBs/sec
independently-adjudicate-benbassat-performance-mode	Run actions/setup-node@v4	2026-08-24T19:16:07.7811847Z Cache Size: ~4 MB (3853891 B)
independently-adjudicate-benbassat-performance-mode	Run actions/setup-node@v4	2026-08-24T19:16:07.7841126Z [command]/usr/bin/tar -xf /home/runner/work/_temp/68461ba7-f9da-4187-9621-93aa5e50bbbb/cache.tzst -P -C /home/runner/work/undercast/undercast --use-compress-program unzstd
independently-adjudicate-benbassat-performance-mode	Run actions/setup-node@v4	2026-08-24T19:16:07.7967585Z Cache restored successfully
independently-adjudicate-benbassat-performance-mode	Run actions/setup-node@v4	2026-08-24T19:16:07.7973009Z Cache restored from key: node-cache-Linux-x64-npm-f15ee16cadfb16c2733639dda1f0b58735a8af6e775ef040c2dea200bcc3360b
independently-adjudicate-benbassat-performance-mode	Verify source receipt, exact task, and canonical custody	﻿2026-08-24T19:16:07.8115005Z ##[group]Run set -Eeuo pipefail
independently-adjudicate-benbassat-performance-mode	Verify source receipt, exact task, and canonical custody	2026-08-24T19:16:07.8115455Z ^[[36;1mset -Eeuo pipefail^[[0m
independently-adjudicate-benbassat-performance-mode	Verify source receipt, exact task, and canonical custody	2026-08-24T19:16:07.8115745Z ^[[36;1mrm -rf "$OUT"^[[0m
independently-adjudicate-benbassat-performance-mode	Verify source receipt, exact task, and canonical custody	2026-08-24T19:16:07.8116011Z ^[[36;1mmkdir -p "$SOURCE_ROOT"^[[0m
independently-adjudicate-benbassat-performance-mode	Verify source receipt, exact task, and canonical custody	2026-08-24T19:16:07.8116426Z ^[[36;1mtest -z "$(git ls-remote --heads origin "refs/heads/${RESULT_BRANCH}")"^[[0m
independently-adjudicate-benbassat-performance-mode	Verify source receipt, exact task, and canonical custody	2026-08-24T19:16:07.8116931Z ^[[36;1mgit fetch --no-tags origin main "$SOURCE_RESULT_BRANCH"^[[0m
independently-adjudicate-benbassat-performance-mode	Verify source receipt, exact task, and canonical custody	2026-08-24T19:16:07.8117416Z ^[[36;1mtest "$(git rev-parse refs/remotes/origin/main)" = "$EXPECTED_MAIN"^[[0m
independently-adjudicate-benbassat-performance-mode	Verify source receipt, exact task, and canonical custody	2026-08-24T19:16:07.8117942Z ^[[36;1mtest "$(git show -s --format=%T "$EXPECTED_MAIN")" = "$EXPECTED_TREE"^[[0m
independently-adjudicate-benbassat-performance-mode	Verify source receipt, exact task, and canonical custody	2026-08-24T19:16:07.8118426Z ^[[36;1msource_ref="refs/remotes/origin/${SOURCE_RESULT_BRANCH}"^[[0m
independently-adjudicate-benbassat-performance-mode	Verify source receipt, exact task, and canonical custody	2026-08-24T19:16:07.8118888Z ^[[36;1mgit archive "$source_ref" "$SOURCE_PREFIX" | tar -x -C "$OUT"^[[0m
independently-adjudicate-benbassat-performance-mode	Verify source receipt, exact task, and canonical custody	2026-08-24T19:16:07.8119307Z ^[[36;1mcp -a "$OUT/$SOURCE_PREFIX"/. "$SOURCE_ROOT"/^[[0m
independently-adjudicate-benbassat-performance-mode	Verify source receipt, exact task, and canonical custody	2026-08-24T19:16:07.8119663Z ^[[36;1mwhile read -r digest original_path; do^[[0m
independently-adjudicate-benbassat-performance-mode	Verify source receipt, exact task, and canonical custody	2026-08-24T19:16:07.8120072Z ^[[36;1m  file="$SOURCE_ROOT/$(basename "$original_path")"^[[0m
independently-adjudicate-benbassat-performance-mode	Verify source receipt, exact task, and canonical custody	2026-08-24T19:16:07.8120411Z ^[[36;1m  test -f "$file"^[[0m
independently-adjudicate-benbassat-performance-mode	Verify source receipt, exact task, and canonical custody	2026-08-24T19:16:07.8120739Z ^[[36;1m  test "$(sha256sum "$file" | awk '{print $1}')" = "$digest"^[[0m
independently-adjudicate-benbassat-performance-mode	Verify source receipt, exact task, and canonical custody	2026-08-24T19:16:07.8121134Z ^[[36;1mdone < "$SOURCE_ROOT/manifest.sha256"^[[0m
independently-adjudicate-benbassat-performance-mode	Verify source receipt, exact task, and canonical custody	2026-08-24T19:16:07.8121433Z ^[[36;1mjq -e \^[[0m
independently-adjudicate-benbassat-performance-mode	Verify source receipt, exact task, and canonical custody	2026-08-24T19:16:07.8121677Z ^[[36;1m  --arg parent "$EXPECTED_MAIN" \^[[0m
independently-adjudicate-benbassat-performance-mode	Verify source receipt, exact task, and canonical custody	2026-08-24T19:16:07.8121991Z ^[[36;1m  --arg tree "$EXPECTED_TREE" \^[[0m
independently-adjudicate-benbassat-performance-mode	Verify source receipt, exact task, and canonical custody	2026-08-24T19:16:07.8122283Z ^[[36;1m  --arg task "$TASK_ID" \^[[0m
independently-adjudicate-benbassat-performance-mode	Verify source receipt, exact task, and canonical custody	2026-08-24T19:16:07.8122771Z ^[[36;1m  --arg performer "$EXPECTED_PERFORMER" \^[[0m
independently-adjudicate-benbassat-performance-mode	Verify source receipt, exact task, and canonical custody	2026-08-24T19:16:07.8123117Z ^[[36;1m  --arg character "$EXPECTED_CHARACTER" \^[[0m
independently-adjudicate-benbassat-performance-mode	Verify source receipt, exact task, and canonical custody	2026-08-24T19:16:07.8123771Z ^[[36;1m  --arg fp "$EXPECTED_FINGERPRINT" \^[[0m
independently-adjudicate-benbassat-performance-mode	Verify source receipt, exact task, and canonical custody	2026-08-24T19:16:07.8124184Z ^[[36;1m  '.transaction == "STAR-TREK-BENBASSAT-SOURCE-PROBE-V3"^[[0m
independently-adjudicate-benbassat-performance-mode	Verify source receipt, exact task, and canonical custody	2026-08-24T19:16:07.8124664Z ^[[36;1m   and .status == "source-frozen-pending-performance-mode-review"^[[0m
independently-adjudicate-benbassat-performance-mode	Verify source receipt, exact task, and canonical custody	2026-08-24T19:16:07.8125100Z ^[[36;1m   and .canonical_parent == $parent^[[0m
independently-adjudicate-benbassat-performance-mode	Verify source receipt, exact task, and canonical custody	2026-08-24T19:16:07.8125420Z ^[[36;1m   and .canonical_tree == $tree^[[0m
independently-adjudicate-benbassat-performance-mode	Verify source receipt, exact task, and canonical custody	2026-08-24T19:16:07.8125714Z ^[[36;1m   and .task.id == $task^[[0m
independently-adjudicate-benbassat-performance-mode	Verify source receipt, exact task, and canonical custody	2026-08-24T19:16:07.8126015Z ^[[36;1m   and .task.performer == $performer^[[0m
independently-adjudicate-benbassat-performance-mode	Verify source receipt, exact task, and canonical custody	2026-08-24T19:16:07.8126341Z ^[[36;1m   and .task.character == $character^[[0m
independently-adjudicate-benbassat-performance-mode	Verify source receipt, exact task, and canonical custody	2026-08-24T19:16:07.8126666Z ^[[36;1m   and .task.source_fingerprint == $fp^[[0m
independently-adjudicate-benbassat-performance-mode	Verify source receipt, exact task, and canonical custody	2026-08-24T19:16:07.8126988Z ^[[36;1m   and .task.status == "queued"^[[0m
independently-adjudicate-benbassat-performance-mode	Verify source receipt, exact task, and canonical custody	2026-08-24T19:16:07.8127283Z ^[[36;1m   and .task.attempts == 0^[[0m
independently-adjudicate-benbassat-performance-mode	Verify source receipt, exact task, and canonical custody	2026-08-24T19:16:07.8127589Z ^[[36;1m   and .canonical_mutation == false^[[0m
independently-adjudicate-benbassat-performance-mode	Verify source receipt, exact task, and canonical custody	2026-08-24T19:16:07.8127897Z ^[[36;1m   and .lease_taken == false' \^[[0m
independently-adjudicate-benbassat-performance-mode	Verify source receipt, exact task, and canonical custody	2026-08-24T19:16:07.8128221Z ^[[36;1m  "$SOURCE_ROOT/source-probe.json" >/dev/null^[[0m
independently-adjudicate-benbassat-performance-mode	Verify source receipt, exact task, and canonical custody	2026-08-24T19:16:07.8128547Z ^[[36;1mpython3 - <<'PY'^[[0m
independently-adjudicate-benbassat-performance-mode	Verify source receipt, exact task, and canonical custody	2026-08-24T19:16:07.8128808Z ^[[36;1mfrom pathlib import Path^[[0m
independently-adjudicate-benbassat-performance-mode	Verify source receipt, exact task, and canonical custody	2026-08-24T19:16:07.8129089Z ^[[36;1mimport hashlib^[[0m
independently-adjudicate-benbassat-performance-mode	Verify source receipt, exact task, and canonical custody	2026-08-24T19:16:07.8129326Z ^[[36;1mimport json^[[0m
independently-adjudicate-benbassat-performance-mode	Verify source receipt, exact task, and canonical custody	2026-08-24T19:16:07.8129556Z ^[[36;1mimport os^[[0m
independently-adjudicate-benbassat-performance-mode	Verify source receipt, exact task, and canonical custody	2026-08-24T19:16:07.8129770Z ^[[36;1m^[[0m
independently-adjudicate-benbassat-performance-mode	Verify source receipt, exact task, and canonical custody	2026-08-24T19:16:07.8130010Z ^[[36;1mroot = Path(os.environ['SOURCE_ROOT'])^[[0m
independently-adjudicate-benbassat-performance-mode	Verify source receipt, exact task, and canonical custody	2026-08-24T19:16:07.8130418Z ^[[36;1mreceipt = json.loads((root / 'source-probe.json').read_text())^[[0m
independently-adjudicate-benbassat-performance-mode	Verify source receipt, exact task, and canonical custody	2026-08-24T19:16:07.8130846Z ^[[36;1mexpected = receipt['receipt_sha256']^[[0m
independently-adjudicate-benbassat-performance-mode	Verify source receipt, exact task, and canonical custody	2026-08-24T19:16:07.8131160Z ^[[36;1mbody = dict(receipt)^[[0m
independently-adjudicate-benbassat-performance-mode	Verify source receipt, exact task, and canonical custody	2026-08-24T19:16:07.8131432Z ^[[36;1mbody.pop('receipt_sha256', None)^[[0m
independently-adjudicate-benbassat-performance-mode	Verify source receipt, exact task, and canonical custody	2026-08-24T19:16:07.8131735Z ^[[36;1mbody.pop('artifact', None)^[[0m
independently-adjudicate-benbassat-performance-mode	Verify source receipt, exact task, and canonical custody	2026-08-24T19:16:07.8132043Z ^[[36;1m^[[0m
independently-adjudicate-benbassat-performance-mode	Verify source receipt, exact task, and canonical custody	2026-08-24T19:16:07.8132259Z ^[[36;1mdef stable(value):^[[0m
independently-adjudicate-benbassat-performance-mode	Verify source receipt, exact task, and canonical custody	2026-08-24T19:16:07.8132529Z ^[[36;1m    if isinstance(value, dict):^[[0m
independently-adjudicate-benbassat-performance-mode	Verify source receipt, exact task, and canonical custody	2026-08-24T19:16:07.8132900Z ^[[36;1m        return {key: stable(value[key]) for key in sorted(value)}^[[0m
independently-adjudicate-benbassat-performance-mode	Verify source receipt, exact task, and canonical custody	2026-08-24T19:16:07.8133285Z ^[[36;1m    if isinstance(value, list):^[[0m
independently-adjudicate-benbassat-performance-mode	Verify source receipt, exact task, and canonical custody	2026-08-24T19:16:07.8133902Z ^[[36;1m        return [stable(item) for item in value]^[[0m
independently-adjudicate-benbassat-performance-mode	Verify source receipt, exact task, and canonical custody	2026-08-24T19:16:07.8134553Z ^[[36;1m    return value^[[0m
independently-adjudicate-benbassat-performance-mode	Verify source receipt, exact task, and canonical custody	2026-08-24T19:16:07.8134792Z ^[[36;1m^[[0m
independently-adjudicate-benbassat-performance-mode	Verify source receipt, exact task, and canonical custody	2026-08-24T19:16:07.8135156Z ^[[36;1mencoded = (json.dumps(stable(body), indent=2, ensure_ascii=False) + '\n').encode()^[[0m
independently-adjudicate-benbassat-performance-mode	Verify source receipt, exact task, and canonical custody	2026-08-24T19:16:07.8135644Z ^[[36;1mactual = hashlib.sha256(encoded).hexdigest()^[[0m
independently-adjudicate-benbassat-performance-mode	Verify source receipt, exact task, and canonical custody	2026-08-24T19:16:07.8135969Z ^[[36;1mif actual != expected:^[[0m
independently-adjudicate-benbassat-performance-mode	Verify source receipt, exact task, and canonical custody	2026-08-24T19:16:07.8136387Z ^[[36;1m    raise SystemExit(f'source receipt identity mismatch: {actual} != {expected}')^[[0m
independently-adjudicate-benbassat-performance-mode	Verify source receipt, exact task, and canonical custody	2026-08-24T19:16:07.8136812Z ^[[36;1mPY^[[0m
independently-adjudicate-benbassat-performance-mode	Verify source receipt, exact task, and canonical custody	2026-08-24T19:16:07.8137062Z ^[[36;1mgit checkout --detach "$EXPECTED_MAIN"^[[0m
independently-adjudicate-benbassat-performance-mode	Verify source receipt, exact task, and canonical custody	2026-08-24T19:16:07.8137389Z ^[[36;1mnpm ci --ignore-scripts^[[0m
independently-adjudicate-benbassat-performance-mode	Verify source receipt, exact task, and canonical custody	2026-08-24T19:16:07.8137785Z ^[[36;1mnode scripts/thesis-rails.mjs validate > "$OUT/thesis-validate.log"^[[0m
independently-adjudicate-benbassat-performance-mode	Verify source receipt, exact task, and canonical custody	2026-08-24T19:16:07.8138306Z ^[[36;1mnode scripts/thesis-rails.mjs next --json > "$OUT/thesis-next.json"^[[0m
independently-adjudicate-benbassat-performance-mode	Verify source receipt, exact task, and canonical custody	2026-08-24T19:16:07.8138706Z ^[[36;1mjq -e \^[[0m
independently-adjudicate-benbassat-performance-mode	Verify source receipt, exact task, and canonical custody	2026-08-24T19:16:07.8138943Z ^[[36;1m  --arg task "$TASK_ID" \^[[0m
independently-adjudicate-benbassat-performance-mode	Verify source receipt, exact task, and canonical custody	2026-08-24T19:16:07.8139256Z ^[[36;1m  --arg performer "$EXPECTED_PERFORMER" \^[[0m
independently-adjudicate-benbassat-performance-mode	Verify source receipt, exact task, and canonical custody	2026-08-24T19:16:07.8139606Z ^[[36;1m  --arg character "$EXPECTED_CHARACTER" \^[[0m
independently-adjudicate-benbassat-performance-mode	Verify source receipt, exact task, and canonical custody	2026-08-24T19:16:07.8139947Z ^[[36;1m  --arg fp "$EXPECTED_FINGERPRINT" \^[[0m
independently-adjudicate-benbassat-performance-mode	Verify source receipt, exact task, and canonical custody	2026-08-24T19:16:07.8140266Z ^[[36;1m  '.phase == "ready-for-one-cycle"^[[0m
independently-adjudicate-benbassat-performance-mode	Verify source receipt, exact task, and canonical custody	2026-08-24T19:16:07.8140580Z ^[[36;1m   and .candidate.task_id == $task^[[0m
independently-adjudicate-benbassat-performance-mode	Verify source receipt, exact task, and canonical custody	2026-08-24T19:16:07.8140899Z ^[[36;1m   and .candidate.performer == $performer^[[0m
independently-adjudicate-benbassat-performance-mode	Verify source receipt, exact task, and canonical custody	2026-08-24T19:16:07.8141244Z ^[[36;1m   and .candidate.character == $character^[[0m
independently-adjudicate-benbassat-performance-mode	Verify source receipt, exact task, and canonical custody	2026-08-24T19:16:07.8141718Z ^[[36;1m   and .candidate.source_fingerprint == $fp' \^[[0m
independently-adjudicate-benbassat-performance-mode	Verify source receipt, exact task, and canonical custody	2026-08-24T19:16:07.8142071Z ^[[36;1m  "$OUT/thesis-next.json" >/dev/null^[[0m
independently-adjudicate-benbassat-performance-mode	Verify source receipt, exact task, and canonical custody	2026-08-24T19:16:07.8142510Z ^[[36;1mgh api "/repos/${GITHUB_REPOSITORY}/branches/main" > "$OUT/main-before.json"^[[0m
independently-adjudicate-benbassat-performance-mode	Verify source receipt, exact task, and canonical custody	2026-08-24T19:16:07.8143052Z ^[[36;1mtest "$(jq -r .commit.sha "$OUT/main-before.json")" = "$EXPECTED_MAIN"^[[0m
independently-adjudicate-benbassat-performance-mode	Verify source receipt, exact task, and canonical custody	2026-08-24T19:16:07.8193670Z shell: /usr/bin/bash --noprofile --norc -e -o pipefail {0}
independently-adjudicate-benbassat-performance-mode	Verify source receipt, exact task, and canonical custody	2026-08-24T19:16:07.8194067Z env:
independently-adjudicate-benbassat-performance-mode	Verify source receipt, exact task, and canonical custody	2026-08-24T19:16:07.8194355Z   EXPECTED_MAIN: ed79424013b92460d16c01cad4e590eca01e6bff
independently-adjudicate-benbassat-performance-mode	Verify source receipt, exact task, and canonical custody	2026-08-24T19:16:07.8194752Z   EXPECTED_TREE: 7f9057770c8e622d71ef41b183811fe47fcdd6ed
independently-adjudicate-benbassat-performance-mode	Verify source receipt, exact task, and canonical custody	2026-08-24T19:16:07.8195104Z   TASK_ID: ap_dd7d1c73ed237230cd6e1d0b
independently-adjudicate-benbassat-performance-mode	Verify source receipt, exact task, and canonical custody	2026-08-24T19:16:07.8195408Z   EXPECTED_PERFORMER: Nolan North
independently-adjudicate-benbassat-performance-mode	Verify source receipt, exact task, and canonical custody	2026-08-24T19:16:07.8195691Z   EXPECTED_CHARACTER: Benbassat
independently-adjudicate-benbassat-performance-mode	Verify source receipt, exact task, and canonical custody	2026-08-24T19:16:07.8196109Z   EXPECTED_FINGERPRINT: 78e1384a3a11787064f98516e5759b55b33369d161067804c2d77f2ef6ef8885
independently-adjudicate-benbassat-performance-mode	Verify source receipt, exact task, and canonical custody	2026-08-24T19:16:07.8196679Z   SOURCE_RESULT_BRANCH: agent/star-trek-benbassat-source-result-v3
independently-adjudicate-benbassat-performance-mode	Verify source receipt, exact task, and canonical custody	2026-08-24T19:16:07.8197135Z   SOURCE_PREFIX: transport/star-trek-benbassat-source-v3
independently-adjudicate-benbassat-performance-mode	Verify source receipt, exact task, and canonical custody	2026-08-24T19:16:07.8197566Z   RESULT_BRANCH: agent/star-trek-benbassat-source-review-result-v1
independently-adjudicate-benbassat-performance-mode	Verify source receipt, exact task, and canonical custody	2026-08-24T19:16:07.8197992Z   OUT: /tmp/star-trek-benbassat-source-review-v1
independently-adjudicate-benbassat-performance-mode	Verify source receipt, exact task, and canonical custody	2026-08-24T19:16:07.8198394Z   SOURCE_ROOT: /tmp/star-trek-benbassat-source-review-v1/source
independently-adjudicate-benbassat-performance-mode	Verify source receipt, exact task, and canonical custody	2026-08-24T19:16:07.8200962Z   GH_TOKEN: ***
independently-adjudicate-benbassat-performance-mode	Verify source receipt, exact task, and canonical custody	2026-08-24T19:16:07.8201189Z ##[endgroup]
independently-adjudicate-benbassat-performance-mode	Verify source receipt, exact task, and canonical custody	2026-08-24T19:16:08.3139741Z From https://github.com/BigBirdReturns/undercast
independently-adjudicate-benbassat-performance-mode	Verify source receipt, exact task, and canonical custody	2026-08-24T19:16:08.3140911Z  * branch              main       -> FETCH_HEAD
independently-adjudicate-benbassat-performance-mode	Verify source receipt, exact task, and canonical custody	2026-08-24T19:16:08.3141988Z  * branch              agent/star-trek-benbassat-source-result-v3 -> FETCH_HEAD
independently-adjudicate-benbassat-performance-mode	Verify source receipt, exact task, and canonical custody	2026-08-24T19:16:08.4233874Z HEAD is now at ed794240 Star Trek: publish Alice (character) cycle
independently-adjudicate-benbassat-performance-mode	Verify source receipt, exact task, and canonical custody	2026-08-24T19:16:10.1407884Z 
independently-adjudicate-benbassat-performance-mode	Verify source receipt, exact task, and canonical custody	2026-08-24T19:16:10.1408970Z added 4 packages, and audited 5 packages in 2s
independently-adjudicate-benbassat-performance-mode	Verify source receipt, exact task, and canonical custody	2026-08-24T19:16:10.1409476Z 
independently-adjudicate-benbassat-performance-mode	Verify source receipt, exact task, and canonical custody	2026-08-24T19:16:10.1409790Z 1 package is looking for funding
independently-adjudicate-benbassat-performance-mode	Verify source receipt, exact task, and canonical custody	2026-08-24T19:16:10.1410407Z   run `npm fund` for details
independently-adjudicate-benbassat-performance-mode	Verify source receipt, exact task, and canonical custody	2026-08-24T19:16:10.1422029Z 
independently-adjudicate-benbassat-performance-mode	Verify source receipt, exact task, and canonical custody	2026-08-24T19:16:10.1422447Z found 0 vulnerabilities
independently-adjudicate-benbassat-performance-mode	Freeze the production-medium source and issue independent review	﻿2026-08-24T19:16:12.5876376Z ##[group]Run set -Eeuo pipefail
independently-adjudicate-benbassat-performance-mode	Freeze the production-medium source and issue independent review	2026-08-24T19:16:12.5877084Z ^[[36;1mset -Eeuo pipefail^[[0m
independently-adjudicate-benbassat-performance-mode	Freeze the production-medium source and issue independent review	2026-08-24T19:16:12.5877348Z ^[[36;1mpython3 - <<'PY'^[[0m
independently-adjudicate-benbassat-performance-mode	Freeze the production-medium source and issue independent review	2026-08-24T19:16:12.5877624Z ^[[36;1mfrom datetime import datetime, timezone^[[0m
independently-adjudicate-benbassat-performance-mode	Freeze the production-medium source and issue independent review	2026-08-24T19:16:12.5877950Z ^[[36;1mfrom pathlib import Path^[[0m
independently-adjudicate-benbassat-performance-mode	Freeze the production-medium source and issue independent review	2026-08-24T19:16:12.5878243Z ^[[36;1mfrom urllib.parse import urlencode^[[0m
independently-adjudicate-benbassat-performance-mode	Freeze the production-medium source and issue independent review	2026-08-24T19:16:12.5878578Z ^[[36;1mfrom urllib.request import Request, urlopen^[[0m
independently-adjudicate-benbassat-performance-mode	Freeze the production-medium source and issue independent review	2026-08-24T19:16:12.5878888Z ^[[36;1mimport hashlib^[[0m
independently-adjudicate-benbassat-performance-mode	Freeze the production-medium source and issue independent review	2026-08-24T19:16:12.5879117Z ^[[36;1mimport json^[[0m
independently-adjudicate-benbassat-performance-mode	Freeze the production-medium source and issue independent review	2026-08-24T19:16:12.5879336Z ^[[36;1mimport os^[[0m
independently-adjudicate-benbassat-performance-mode	Freeze the production-medium source and issue independent review	2026-08-24T19:16:12.5879543Z ^[[36;1mimport re^[[0m
independently-adjudicate-benbassat-performance-mode	Freeze the production-medium source and issue independent review	2026-08-24T19:16:12.5879742Z ^[[36;1m^[[0m
independently-adjudicate-benbassat-performance-mode	Freeze the production-medium source and issue independent review	2026-08-24T19:16:12.5879949Z ^[[36;1mout = Path(os.environ['OUT'])^[[0m
independently-adjudicate-benbassat-performance-mode	Freeze the production-medium source and issue independent review	2026-08-24T19:16:12.5880296Z ^[[36;1msource_root = Path(os.environ['SOURCE_ROOT'])^[[0m
independently-adjudicate-benbassat-performance-mode	Freeze the production-medium source and issue independent review	2026-08-24T19:16:12.5880775Z ^[[36;1msource_receipt = json.loads((source_root / 'source-probe.json').read_text())^[[0m
independently-adjudicate-benbassat-performance-mode	Freeze the production-medium source and issue independent review	2026-08-24T19:16:12.5881323Z ^[[36;1mbenbassat_text = (source_root / 'frozen-source.wikitext').read_text()^[[0m
independently-adjudicate-benbassat-performance-mode	Freeze the production-medium source and issue independent review	2026-08-24T19:16:12.5881877Z ^[[36;1mlower = benbassat_text.lower()^[[0m
independently-adjudicate-benbassat-performance-mode	Freeze the production-medium source and issue independent review	2026-08-24T19:16:12.5882233Z ^[[36;1m^[[0m
independently-adjudicate-benbassat-performance-mode	Freeze the production-medium source and issue independent review	2026-08-24T19:16:12.5892697Z ^[[36;1mif os.environ['EXPECTED_PERFORMER'].lower() not in lower:^[[0m
independently-adjudicate-benbassat-performance-mode	Freeze the production-medium source and issue independent review	2026-08-24T19:16:12.5893292Z ^[[36;1m    raise SystemExit('Nolan North is absent from the frozen Benbassat source')^[[0m
independently-adjudicate-benbassat-performance-mode	Freeze the production-medium source and issue independent review	2026-08-24T19:16:12.5894033Z ^[[36;1mbenbassat_medium_markers = [^[[0m
independently-adjudicate-benbassat-performance-mode	Freeze the production-medium source and issue independent review	2026-08-24T19:16:12.5894340Z ^[[36;1m    pattern for pattern in (^[[0m
independently-adjudicate-benbassat-performance-mode	Freeze the production-medium source and issue independent review	2026-08-24T19:16:12.5894629Z ^[[36;1m        r'star trek:\s*prodigy',^[[0m
independently-adjudicate-benbassat-performance-mode	Freeze the production-medium source and issue independent review	2026-08-24T19:16:12.5894907Z ^[[36;1m        r'\{\{\s*pro\b',^[[0m
independently-adjudicate-benbassat-performance-mode	Freeze the production-medium source and issue independent review	2026-08-24T19:16:12.5895156Z ^[[36;1m        r'\[\[\s*pro\b',^[[0m
independently-adjudicate-benbassat-performance-mode	Freeze the production-medium source and issue independent review	2026-08-24T19:16:12.5895419Z ^[[36;1m        r'\bpro characters\b',^[[0m
independently-adjudicate-benbassat-performance-mode	Freeze the production-medium source and issue independent review	2026-08-24T19:16:12.5895698Z ^[[36;1m        r'\bprodigy\b',^[[0m
independently-adjudicate-benbassat-performance-mode	Freeze the production-medium source and issue independent review	2026-08-24T19:16:12.5896199Z ^[[36;1m    ) if re.search(pattern, lower, flags=re.I)^[[0m
independently-adjudicate-benbassat-performance-mode	Freeze the production-medium source and issue independent review	2026-08-24T19:16:12.5896510Z ^[[36;1m]^[[0m
independently-adjudicate-benbassat-performance-mode	Freeze the production-medium source and issue independent review	2026-08-24T19:16:12.5896732Z ^[[36;1mif not benbassat_medium_markers:^[[0m
independently-adjudicate-benbassat-performance-mode	Freeze the production-medium source and issue independent review	2026-08-24T19:16:12.5897226Z ^[[36;1m    raise SystemExit('The frozen Benbassat source does not bind the role to Star Trek: Prodigy')^[[0m
independently-adjudicate-benbassat-performance-mode	Freeze the production-medium source and issue independent review	2026-08-24T19:16:12.5897699Z ^[[36;1m^[[0m
independently-adjudicate-benbassat-performance-mode	Freeze the production-medium source and issue independent review	2026-08-24T19:16:12.5897910Z ^[[36;1mmedium_title = 'Star Trek: Prodigy'^[[0m
independently-adjudicate-benbassat-performance-mode	Freeze the production-medium source and issue independent review	2026-08-24T19:16:12.5898198Z ^[[36;1mquery = {^[[0m
independently-adjudicate-benbassat-performance-mode	Freeze the production-medium source and issue independent review	2026-08-24T19:16:12.5898416Z ^[[36;1m    'action': 'query',^[[0m
independently-adjudicate-benbassat-performance-mode	Freeze the production-medium source and issue independent review	2026-08-24T19:16:12.5898674Z ^[[36;1m    'prop': 'revisions',^[[0m
independently-adjudicate-benbassat-performance-mode	Freeze the production-medium source and issue independent review	2026-08-24T19:16:12.5898933Z ^[[36;1m    'titles': medium_title,^[[0m
independently-adjudicate-benbassat-performance-mode	Freeze the production-medium source and issue independent review	2026-08-24T19:16:12.5899227Z ^[[36;1m    'rvprop': 'ids|timestamp|content',^[[0m
independently-adjudicate-benbassat-performance-mode	Freeze the production-medium source and issue independent review	2026-08-24T19:16:12.5899522Z ^[[36;1m    'rvslots': 'main',^[[0m
independently-adjudicate-benbassat-performance-mode	Freeze the production-medium source and issue independent review	2026-08-24T19:16:12.5899783Z ^[[36;1m    'format': 'json',^[[0m
independently-adjudicate-benbassat-performance-mode	Freeze the production-medium source and issue independent review	2026-08-24T19:16:12.5900034Z ^[[36;1m    'formatversion': '2',^[[0m
independently-adjudicate-benbassat-performance-mode	Freeze the production-medium source and issue independent review	2026-08-24T19:16:12.5900295Z ^[[36;1m}^[[0m
independently-adjudicate-benbassat-performance-mode	Freeze the production-medium source and issue independent review	2026-08-24T19:16:12.5900641Z ^[[36;1mapi_url = 'https://memory-alpha.fandom.com/api.php?' + urlencode(query)^[[0m
independently-adjudicate-benbassat-performance-mode	Freeze the production-medium source and issue independent review	2026-08-24T19:16:12.5901084Z ^[[36;1mrequest = Request(api_url, headers={^[[0m
independently-adjudicate-benbassat-performance-mode	Freeze the production-medium source and issue independent review	2026-08-24T19:16:12.5901462Z ^[[36;1m    'User-Agent': 'UNDERCAST-Benbassat-Source-Review/1.0',^[[0m
independently-adjudicate-benbassat-performance-mode	Freeze the production-medium source and issue independent review	2026-08-24T19:16:12.5901838Z ^[[36;1m    'Accept': 'application/json',^[[0m
independently-adjudicate-benbassat-performance-mode	Freeze the production-medium source and issue independent review	2026-08-24T19:16:12.5902108Z ^[[36;1m})^[[0m
independently-adjudicate-benbassat-performance-mode	Freeze the production-medium source and issue independent review	2026-08-24T19:16:12.5902358Z ^[[36;1mwith urlopen(request, timeout=90) as response:^[[0m
independently-adjudicate-benbassat-performance-mode	Freeze the production-medium source and issue independent review	2026-08-24T19:16:12.5902687Z ^[[36;1m    api = json.load(response)^[[0m
independently-adjudicate-benbassat-performance-mode	Freeze the production-medium source and issue independent review	2026-08-24T19:16:12.5903008Z ^[[36;1mpages = api.get('query', {}).get('pages', [])^[[0m
independently-adjudicate-benbassat-performance-mode	Freeze the production-medium source and issue independent review	2026-08-24T19:16:12.5903607Z ^[[36;1mif len(pages) != 1 or pages[0].get('missing'):^[[0m
independently-adjudicate-benbassat-performance-mode	Freeze the production-medium source and issue independent review	2026-08-24T19:16:12.5904045Z ^[[36;1m    raise SystemExit('Star Trek: Prodigy medium source is missing')^[[0m
independently-adjudicate-benbassat-performance-mode	Freeze the production-medium source and issue independent review	2026-08-24T19:16:12.5904438Z ^[[36;1mpage = pages[0]^[[0m
independently-adjudicate-benbassat-performance-mode	Freeze the production-medium source and issue independent review	2026-08-24T19:16:12.5904711Z ^[[36;1mrevisions = page.get('revisions') or []^[[0m
independently-adjudicate-benbassat-performance-mode	Freeze the production-medium source and issue independent review	2026-08-24T19:16:12.5905018Z ^[[36;1mif len(revisions) != 1:^[[0m
independently-adjudicate-benbassat-performance-mode	Freeze the production-medium source and issue independent review	2026-08-24T19:16:12.5905415Z ^[[36;1m    raise SystemExit('Star Trek: Prodigy medium revision cardinality drifted')^[[0m
independently-adjudicate-benbassat-performance-mode	Freeze the production-medium source and issue independent review	2026-08-24T19:16:12.5905843Z ^[[36;1mrevision = revisions[0]^[[0m
independently-adjudicate-benbassat-performance-mode	Freeze the production-medium source and issue independent review	2026-08-24T19:16:12.5906336Z ^[[36;1mmedium_text = revision['slots']['main']['content']^[[0m
independently-adjudicate-benbassat-performance-mode	Freeze the production-medium source and issue independent review	2026-08-24T19:16:12.5906786Z ^[[36;1mif not re.search(r'\banimated\b|\banimation\b', medium_text, flags=re.I):^[[0m
independently-adjudicate-benbassat-performance-mode	Freeze the production-medium source and issue independent review	2026-08-24T19:16:12.5907355Z ^[[36;1m    raise SystemExit('The frozen Star Trek: Prodigy source does not establish animation')^[[0m
independently-adjudicate-benbassat-performance-mode	Freeze the production-medium source and issue independent review	2026-08-24T19:16:12.5907803Z ^[[36;1m^[[0m
independently-adjudicate-benbassat-performance-mode	Freeze the production-medium source and issue independent review	2026-08-24T19:16:12.5908001Z ^[[36;1mbenbassat_lines = []^[[0m
independently-adjudicate-benbassat-performance-mode	Freeze the production-medium source and issue independent review	2026-08-24T19:16:12.5908348Z ^[[36;1mfor number, line in enumerate(benbassat_text.splitlines(), 1):^[[0m
independently-adjudicate-benbassat-performance-mode	Freeze the production-medium source and issue independent review	2026-08-24T19:16:12.5908727Z ^[[36;1m    lowered = line.lower()^[[0m
independently-adjudicate-benbassat-performance-mode	Freeze the production-medium source and issue independent review	2026-08-24T19:16:12.5909209Z ^[[36;1m    if any(token in lowered for token in ('nolan north', 'prodigy', '{{pro', 'actor', 'voice', 'benbassat')):^[[0m
independently-adjudicate-benbassat-performance-mode	Freeze the production-medium source and issue independent review	2026-08-24T19:16:12.5909791Z ^[[36;1m        benbassat_lines.append({'line': number, 'text': line})^[[0m
independently-adjudicate-benbassat-performance-mode	Freeze the production-medium source and issue independent review	2026-08-24T19:16:12.5910150Z ^[[36;1mmedium_lines = []^[[0m
independently-adjudicate-benbassat-performance-mode	Freeze the production-medium source and issue independent review	2026-08-24T19:16:12.5910476Z ^[[36;1mfor number, line in enumerate(medium_text.splitlines(), 1):^[[0m
independently-adjudicate-benbassat-performance-mode	Freeze the production-medium source and issue independent review	2026-08-24T19:16:12.5910930Z ^[[36;1m    if 'animat' in line.lower() or 'prodigy' in line.lower():^[[0m
independently-adjudicate-benbassat-performance-mode	Freeze the production-medium source and issue independent review	2026-08-24T19:16:12.5911350Z ^[[36;1m        medium_lines.append({'line': number, 'text': line})^[[0m
independently-adjudicate-benbassat-performance-mode	Freeze the production-medium source and issue independent review	2026-08-24T19:16:12.5911674Z ^[[36;1m^[[0m
independently-adjudicate-benbassat-performance-mode	Freeze the production-medium source and issue independent review	2026-08-24T19:16:12.5911860Z ^[[36;1mreview = {^[[0m
independently-adjudicate-benbassat-performance-mode	Freeze the production-medium source and issue independent review	2026-08-24T19:16:12.5912081Z ^[[36;1m    'version': 1,^[[0m
independently-adjudicate-benbassat-performance-mode	Freeze the production-medium source and issue independent review	2026-08-24T19:16:12.5912405Z ^[[36;1m    'transaction': 'STAR-TREK-BENBASSAT-SOURCE-REVIEW-V1',^[[0m
independently-adjudicate-benbassat-performance-mode	Freeze the production-medium source and issue independent review	2026-08-24T19:16:12.5912980Z ^[[36;1m    'reviewed_at': datetime.now(timezone.utc).replace(microsecond=0).isoformat().replace('+00:00', 'Z'),^[[0m
independently-adjudicate-benbassat-performance-mode	Freeze the production-medium source and issue independent review	2026-08-24T19:16:12.5913860Z ^[[36;1m    'reviewer': 'chatgpt-benbassat-source-second-desk',^[[0m
independently-adjudicate-benbassat-performance-mode	Freeze the production-medium source and issue independent review	2026-08-24T19:16:12.5914231Z ^[[36;1m    'reviewed_role': 'second-desk',^[[0m
independently-adjudicate-benbassat-performance-mode	Freeze the production-medium source and issue independent review	2026-08-24T19:16:12.5914526Z ^[[36;1m    'verdict': 'pass',^[[0m
independently-adjudicate-benbassat-performance-mode	Freeze the production-medium source and issue independent review	2026-08-24T19:16:12.5914995Z ^[[36;1m    'canonical_parent': os.environ['EXPECTED_MAIN'],^[[0m
independently-adjudicate-benbassat-performance-mode	Freeze the production-medium source and issue independent review	2026-08-24T19:16:12.5915379Z ^[[36;1m    'canonical_tree': os.environ['EXPECTED_TREE'],^[[0m
independently-adjudicate-benbassat-performance-mode	Freeze the production-medium source and issue independent review	2026-08-24T19:16:12.5915692Z ^[[36;1m    'task': {^[[0m
independently-adjudicate-benbassat-performance-mode	Freeze the production-medium source and issue independent review	2026-08-24T19:16:12.5915936Z ^[[36;1m        'id': os.environ['TASK_ID'],^[[0m
independently-adjudicate-benbassat-performance-mode	Freeze the production-medium source and issue independent review	2026-08-24T19:16:12.5916273Z ^[[36;1m        'performer': os.environ['EXPECTED_PERFORMER'],^[[0m
independently-adjudicate-benbassat-performance-mode	Freeze the production-medium source and issue independent review	2026-08-24T19:16:12.5916661Z ^[[36;1m        'character': os.environ['EXPECTED_CHARACTER'],^[[0m
independently-adjudicate-benbassat-performance-mode	Freeze the production-medium source and issue independent review	2026-08-24T19:16:12.5917071Z ^[[36;1m        'source_fingerprint': os.environ['EXPECTED_FINGERPRINT'],^[[0m
independently-adjudicate-benbassat-performance-mode	Freeze the production-medium source and issue independent review	2026-08-24T19:16:12.5917443Z ^[[36;1m        'status': 'queued',^[[0m
independently-adjudicate-benbassat-performance-mode	Freeze the production-medium source and issue independent review	2026-08-24T19:16:12.5917701Z ^[[36;1m        'attempts': 0,^[[0m
independently-adjudicate-benbassat-performance-mode	Freeze the production-medium source and issue independent review	2026-08-24T19:16:12.5917941Z ^[[36;1m    },^[[0m
independently-adjudicate-benbassat-performance-mode	Freeze the production-medium source and issue independent review	2026-08-24T19:16:12.5918152Z ^[[36;1m    'source_probe': {^[[0m
independently-adjudicate-benbassat-performance-mode	Freeze the production-medium source and issue independent review	2026-08-24T19:16:12.5918452Z ^[[36;1m        'transaction': source_receipt['transaction'],^[[0m
independently-adjudicate-benbassat-performance-mode	Freeze the production-medium source and issue independent review	2026-08-24T19:16:12.5918838Z ^[[36;1m        'receipt_sha256': source_receipt['receipt_sha256'],^[[0m
independently-adjudicate-benbassat-performance-mode	Freeze the production-medium source and issue independent review	2026-08-24T19:16:12.5919229Z ^[[36;1m        'source': source_receipt['task']['source'],^[[0m
independently-adjudicate-benbassat-performance-mode	Freeze the production-medium source and issue independent review	2026-08-24T19:16:12.5919618Z ^[[36;1m        'pageid': source_receipt['source_revision']['pageid'],^[[0m
independently-adjudicate-benbassat-performance-mode	Freeze the production-medium source and issue independent review	2026-08-24T19:16:12.5920056Z ^[[36;1m        'revision': source_receipt['source_revision']['revision'],^[[0m
independently-adjudicate-benbassat-performance-mode	Freeze the production-medium source and issue independent review	2026-08-24T19:16:12.5920519Z ^[[36;1m        'timestamp': source_receipt['source_revision']['timestamp'],^[[0m
independently-adjudicate-benbassat-performance-mode	Freeze the production-medium source and issue independent review	2026-08-24T19:16:12.5921008Z ^[[36;1m        'content_sha256': source_receipt['source_revision']['content_sha256'],^[[0m
independently-adjudicate-benbassat-performance-mode	Freeze the production-medium source and issue independent review	2026-08-24T19:16:12.5921398Z ^[[36;1m    },^[[0m
independently-adjudicate-benbassat-performance-mode	Freeze the production-medium source and issue independent review	2026-08-24T19:16:12.5921607Z ^[[36;1m    'medium_source': {^[[0m
independently-adjudicate-benbassat-performance-mode	Freeze the production-medium source and issue independent review	2026-08-24T19:16:12.5921989Z ^[[36;1m        'source': 'https://memory-alpha.fandom.com/wiki/Star_Trek:_Prodigy',^[[0m
independently-adjudicate-benbassat-performance-mode	Freeze the production-medium source and issue independent review	2026-08-24T19:16:12.5922412Z ^[[36;1m        'pageid': page['pageid'],^[[0m
independently-adjudicate-benbassat-performance-mode	Freeze the production-medium source and issue independent review	2026-08-24T19:16:12.5922720Z ^[[36;1m        'revision': revision['revid'],^[[0m
independently-adjudicate-benbassat-performance-mode	Freeze the production-medium source and issue independent review	2026-08-24T19:16:12.5923051Z ^[[36;1m        'timestamp': revision['timestamp'],^[[0m
independently-adjudicate-benbassat-performance-mode	Freeze the production-medium source and issue independent review	2026-08-24T19:16:12.5923712Z ^[[36;1m        'content_sha256': hashlib.sha256(medium_text.encode()).hexdigest(),^[[0m
independently-adjudicate-benbassat-performance-mode	Freeze the production-medium source and issue independent review	2026-08-24T19:16:12.5924106Z ^[[36;1m    },^[[0m
independently-adjudicate-benbassat-performance-mode	Freeze the production-medium source and issue independent review	2026-08-24T19:16:12.5924447Z ^[[36;1m    'adjudication': {^[[0m
independently-adjudicate-benbassat-performance-mode	Freeze the production-medium source and issue independent review	2026-08-24T19:16:12.5924845Z ^[[36;1m        'queued_mode_hint': source_receipt['task'].get('performance_modes') or [],^[[0m
independently-adjudicate-benbassat-performance-mode	Freeze the production-medium source and issue independent review	2026-08-24T19:16:12.5925308Z ^[[36;1m        'performance_mode': 'voice-animation',^[[0m
independently-adjudicate-benbassat-performance-mode	Freeze the production-medium source and issue independent review	2026-08-24T19:16:12.5925664Z ^[[36;1m        'physical_prosthetic_hint_accepted': False,^[[0m
independently-adjudicate-benbassat-performance-mode	Freeze the production-medium source and issue independent review	2026-08-24T19:16:12.5926775Z ^[[36;1m        'basis': 'The frozen role source binds Nolan North to Benbassat in Star Trek: Prodigy, and the separately frozen production source identifies Prodigy as animated. The actor credit therefore supports voice performance, not a photographed body or prosthetic performance.',^[[0m
independently-adjudicate-benbassat-performance-mode	Freeze the production-medium source and issue independent review	2026-08-24T19:16:12.5927893Z ^[[36;1m        'physical_performance_attributed': False,^[[0m
independently-adjudicate-benbassat-performance-mode	Freeze the production-medium source and issue independent review	2026-08-24T19:16:12.5928255Z ^[[36;1m        'prosthetic_performance_attributed': False,^[[0m
independently-adjudicate-benbassat-performance-mode	Freeze the production-medium source and issue independent review	2026-08-24T19:16:12.5928601Z ^[[36;1m        'voice_distance_measured': False,^[[0m
independently-adjudicate-benbassat-performance-mode	Freeze the production-medium source and issue independent review	2026-08-24T19:16:12.5928926Z ^[[36;1m        'transformation_measured': False,^[[0m
independently-adjudicate-benbassat-performance-mode	Freeze the production-medium source and issue independent review	2026-08-24T19:16:12.5929242Z ^[[36;1m        'maker_attribution': 'unresolved',^[[0m
independently-adjudicate-benbassat-performance-mode	Freeze the production-medium source and issue independent review	2026-08-24T19:16:12.5929562Z ^[[36;1m        'makeup_attribution': 'unresolved',^[[0m
independently-adjudicate-benbassat-performance-mode	Freeze the production-medium source and issue independent review	2026-08-24T19:16:12.5929881Z ^[[36;1m        'costume_attribution': 'unresolved',^[[0m
independently-adjudicate-benbassat-performance-mode	Freeze the production-medium source and issue independent review	2026-08-24T19:16:12.5930232Z ^[[36;1m        'character_design_attribution': 'unresolved',^[[0m
independently-adjudicate-benbassat-performance-mode	Freeze the production-medium source and issue independent review	2026-08-24T19:16:12.5930595Z ^[[36;1m        'animation_labor_attribution': 'unresolved',^[[0m
independently-adjudicate-benbassat-performance-mode	Freeze the production-medium source and issue independent review	2026-08-24T19:16:12.5930956Z ^[[36;1m        'voice_direction_attribution': 'unresolved',^[[0m
independently-adjudicate-benbassat-performance-mode	Freeze the production-medium source and issue independent review	2026-08-24T19:16:12.5931316Z ^[[36;1m        'vocal_processing_attribution': 'unresolved',^[[0m
independently-adjudicate-benbassat-performance-mode	Freeze the production-medium source and issue independent review	2026-08-24T19:16:12.5931660Z ^[[36;1m        'sound_attribution': 'unresolved',^[[0m
independently-adjudicate-benbassat-performance-mode	Freeze the production-medium source and issue independent review	2026-08-24T19:16:12.5931980Z ^[[36;1m        'editing_attribution': 'unresolved',^[[0m
independently-adjudicate-benbassat-performance-mode	Freeze the production-medium source and issue independent review	2026-08-24T19:16:12.5932317Z ^[[36;1m        'production_shop_attribution': 'unresolved',^[[0m
independently-adjudicate-benbassat-performance-mode	Freeze the production-medium source and issue independent review	2026-08-24T19:16:12.5932738Z ^[[36;1m    },^[[0m
independently-adjudicate-benbassat-performance-mode	Freeze the production-medium source and issue independent review	2026-08-24T19:16:12.5932953Z ^[[36;1m    'evidence_excerpt': {^[[0m
independently-adjudicate-benbassat-performance-mode	Freeze the production-medium source and issue independent review	2026-08-24T19:16:12.5933236Z ^[[36;1m        'benbassat': benbassat_lines,^[[0m
independently-adjudicate-benbassat-performance-mode	Freeze the production-medium source and issue independent review	2026-08-24T19:16:12.5933804Z ^[[36;1m        'production_medium': medium_lines,^[[0m
independently-adjudicate-benbassat-performance-mode	Freeze the production-medium source and issue independent review	2026-08-24T19:16:12.5934085Z ^[[36;1m    },^[[0m
independently-adjudicate-benbassat-performance-mode	Freeze the production-medium source and issue independent review	2026-08-24T19:16:12.5934293Z ^[[36;1m    'boundary': {^[[0m
independently-adjudicate-benbassat-performance-mode	Freeze the production-medium source and issue independent review	2026-08-24T19:16:12.5934559Z ^[[36;1m        'canonical_mutation': False,^[[0m
independently-adjudicate-benbassat-performance-mode	Freeze the production-medium source and issue independent review	2026-08-24T19:16:12.5934849Z ^[[36;1m        'lease_taken': False,^[[0m
independently-adjudicate-benbassat-performance-mode	Freeze the production-medium source and issue independent review	2026-08-24T19:16:12.5935125Z ^[[36;1m        'product_staged': False,^[[0m
independently-adjudicate-benbassat-performance-mode	Freeze the production-medium source and issue independent review	2026-08-24T19:16:12.5935431Z ^[[36;1m        'cross_facet_substitution': False,^[[0m
independently-adjudicate-benbassat-performance-mode	Freeze the production-medium source and issue independent review	2026-08-24T19:16:12.5935740Z ^[[36;1m        'outside_human_dependency': False,^[[0m
independently-adjudicate-benbassat-performance-mode	Freeze the production-medium source and issue independent review	2026-08-24T19:16:12.5936017Z ^[[36;1m    },^[[0m
independently-adjudicate-benbassat-performance-mode	Freeze the production-medium source and issue independent review	2026-08-24T19:16:12.5936211Z ^[[36;1m}^[[0m
independently-adjudicate-benbassat-performance-mode	Freeze the production-medium source and issue independent review	2026-08-24T19:16:12.5936404Z ^[[36;1m^[[0m
independently-adjudicate-benbassat-performance-mode	Freeze the production-medium source and issue independent review	2026-08-24T19:16:12.5936597Z ^[[36;1mdef stable(value):^[[0m
independently-adjudicate-benbassat-performance-mode	Freeze the production-medium source and issue independent review	2026-08-24T19:16:12.5936849Z ^[[36;1m    if isinstance(value, dict):^[[0m
independently-adjudicate-benbassat-performance-mode	Freeze the production-medium source and issue independent review	2026-08-24T19:16:12.5937206Z ^[[36;1m        return {key: stable(value[key]) for key in sorted(value)}^[[0m
independently-adjudicate-benbassat-performance-mode	Freeze the production-medium source and issue independent review	2026-08-24T19:16:12.5937581Z ^[[36;1m    if isinstance(value, list):^[[0m
independently-adjudicate-benbassat-performance-mode	Freeze the production-medium source and issue independent review	2026-08-24T19:16:12.5937898Z ^[[36;1m        return [stable(item) for item in value]^[[0m
independently-adjudicate-benbassat-performance-mode	Freeze the production-medium source and issue independent review	2026-08-24T19:16:12.5938203Z ^[[36;1m    return value^[[0m
independently-adjudicate-benbassat-performance-mode	Freeze the production-medium source and issue independent review	2026-08-24T19:16:12.5938421Z ^[[36;1m^[[0m
independently-adjudicate-benbassat-performance-mode	Freeze the production-medium source and issue independent review	2026-08-24T19:16:12.5938729Z ^[[36;1mbody = json.dumps(stable(review), indent=2, ensure_ascii=False) + '\n'^[[0m
independently-adjudicate-benbassat-performance-mode	Freeze the production-medium source and issue independent review	2026-08-24T19:16:12.5939225Z ^[[36;1mreview['review_sha256'] = hashlib.sha256(body.encode()).hexdigest()^[[0m
independently-adjudicate-benbassat-performance-mode	Freeze the production-medium source and issue independent review	2026-08-24T19:16:12.5939826Z ^[[36;1m(out / 'source-review.json').write_text(json.dumps(stable(review), indent=2, ensure_ascii=False) + '\n')^[[0m
independently-adjudicate-benbassat-performance-mode	Freeze the production-medium source and issue independent review	2026-08-24T19:16:12.5940414Z ^[[36;1m(out / 'prodigy-source.wikitext').write_text(medium_text)^[[0m
independently-adjudicate-benbassat-performance-mode	Freeze the production-medium source and issue independent review	2026-08-24T19:16:12.5940959Z ^[[36;1m(out / 'prodigy-source-api.json').write_text(json.dumps(api, indent=2, ensure_ascii=False) + '\n')^[[0m
independently-adjudicate-benbassat-performance-mode	Freeze the production-medium source and issue independent review	2026-08-24T19:16:12.5941715Z ^[[36;1m(out / 'benbassat-evidence-lines.json').write_text(json.dumps(benbassat_lines, indent=2, ensure_ascii=False) + '\n')^[[0m
independently-adjudicate-benbassat-performance-mode	Freeze the production-medium source and issue independent review	2026-08-24T19:16:12.5942511Z ^[[36;1m(out / 'prodigy-evidence-lines.json').write_text(json.dumps(medium_lines, indent=2, ensure_ascii=False) + '\n')^[[0m
independently-adjudicate-benbassat-performance-mode	Freeze the production-medium source and issue independent review	2026-08-24T19:16:12.5943153Z ^[[36;1mPY^[[0m
independently-adjudicate-benbassat-performance-mode	Freeze the production-medium source and issue independent review	2026-08-24T19:16:12.5943554Z ^[[36;1mjq -e \^[[0m
independently-adjudicate-benbassat-performance-mode	Freeze the production-medium source and issue independent review	2026-08-24T19:16:12.5943782Z ^[[36;1m  --arg task "$TASK_ID" \^[[0m
independently-adjudicate-benbassat-performance-mode	Freeze the production-medium source and issue independent review	2026-08-24T19:16:12.5944080Z ^[[36;1m  --arg performer "$EXPECTED_PERFORMER" \^[[0m
independently-adjudicate-benbassat-performance-mode	Freeze the production-medium source and issue independent review	2026-08-24T19:16:12.5944419Z ^[[36;1m  --arg character "$EXPECTED_CHARACTER" \^[[0m
independently-adjudicate-benbassat-performance-mode	Freeze the production-medium source and issue independent review	2026-08-24T19:16:12.5944736Z ^[[36;1m  --arg fp "$EXPECTED_FINGERPRINT" \^[[0m
independently-adjudicate-benbassat-performance-mode	Freeze the production-medium source and issue independent review	2026-08-24T19:16:12.5945108Z ^[[36;1m  '.transaction == "STAR-TREK-BENBASSAT-SOURCE-REVIEW-V1"^[[0m
independently-adjudicate-benbassat-performance-mode	Freeze the production-medium source and issue independent review	2026-08-24T19:16:12.5945470Z ^[[36;1m   and .verdict == "pass"^[[0m
independently-adjudicate-benbassat-performance-mode	Freeze the production-medium source and issue independent review	2026-08-24T19:16:12.5945734Z ^[[36;1m   and .task.id == $task^[[0m
independently-adjudicate-benbassat-performance-mode	Freeze the production-medium source and issue independent review	2026-08-24T19:16:12.5946011Z ^[[36;1m   and .task.performer == $performer^[[0m
independently-adjudicate-benbassat-performance-mode	Freeze the production-medium source and issue independent review	2026-08-24T19:16:12.5946332Z ^[[36;1m   and .task.character == $character^[[0m
independently-adjudicate-benbassat-performance-mode	Freeze the production-medium source and issue independent review	2026-08-24T19:16:12.5946641Z ^[[36;1m   and .task.source_fingerprint == $fp^[[0m
independently-adjudicate-benbassat-performance-mode	Freeze the production-medium source and issue independent review	2026-08-24T19:16:12.5947028Z ^[[36;1m   and .adjudication.performance_mode == "voice-animation"^[[0m
independently-adjudicate-benbassat-performance-mode	Freeze the production-medium source and issue independent review	2026-08-24T19:16:12.5947486Z ^[[36;1m   and .adjudication.physical_prosthetic_hint_accepted == false^[[0m
independently-adjudicate-benbassat-performance-mode	Freeze the production-medium source and issue independent review	2026-08-24T19:16:12.5947947Z ^[[36;1m   and .adjudication.physical_performance_attributed == false^[[0m
independently-adjudicate-benbassat-performance-mode	Freeze the production-medium source and issue independent review	2026-08-24T19:16:12.5948405Z ^[[36;1m   and .adjudication.prosthetic_performance_attributed == false^[[0m
independently-adjudicate-benbassat-performance-mode	Freeze the production-medium source and issue independent review	2026-08-24T19:16:12.5948866Z ^[[36;1m   and .adjudication.maker_attribution == "unresolved"^[[0m
independently-adjudicate-benbassat-performance-mode	Freeze the production-medium source and issue independent review	2026-08-24T19:16:12.5949243Z ^[[36;1m   and .boundary.canonical_mutation == false^[[0m
independently-adjudicate-benbassat-performance-mode	Freeze the production-medium source and issue independent review	2026-08-24T19:16:12.5949571Z ^[[36;1m   and .boundary.lease_taken == false^[[0m
independently-adjudicate-benbassat-performance-mode	Freeze the production-medium source and issue independent review	2026-08-24T19:16:12.5949900Z ^[[36;1m   and .boundary.product_staged == false' \^[[0m
independently-adjudicate-benbassat-performance-mode	Freeze the production-medium source and issue independent review	2026-08-24T19:16:12.5950222Z ^[[36;1m  "$OUT/source-review.json" >/dev/null^[[0m
independently-adjudicate-benbassat-performance-mode	Freeze the production-medium source and issue independent review	2026-08-24T19:16:12.5950635Z ^[[36;1mgh api "/repos/${GITHUB_REPOSITORY}/branches/main" > "$OUT/main-after.json"^[[0m
independently-adjudicate-benbassat-performance-mode	Freeze the production-medium source and issue independent review	2026-08-24T19:16:12.5951304Z ^[[36;1mtest "$(jq -r .commit.sha "$OUT/main-after.json")" = "$EXPECTED_MAIN"^[[0m
independently-adjudicate-benbassat-performance-mode	Freeze the production-medium source and issue independent review	2026-08-24T19:16:12.5951782Z ^[[36;1mcp "$SOURCE_ROOT/source-probe.json" "$OUT/source-probe.json"^[[0m
independently-adjudicate-benbassat-performance-mode	Freeze the production-medium source and issue independent review	2026-08-24T19:16:12.5952274Z ^[[36;1mcp "$SOURCE_ROOT/frozen-source.wikitext" "$OUT/benbassat-source.wikitext"^[[0m
independently-adjudicate-benbassat-performance-mode	Freeze the production-medium source and issue independent review	2026-08-24T19:16:12.5952811Z ^[[36;1mcp "$SOURCE_ROOT/frozen-source-api.json" "$OUT/benbassat-source-api.json"^[[0m
independently-adjudicate-benbassat-performance-mode	Freeze the production-medium source and issue independent review	2026-08-24T19:16:12.5953785Z ^[[36;1mfind "$OUT" -type f ! -name manifest.sha256 -print0 | LC_ALL=C sort -z | xargs -0 sha256sum > "$OUT/manifest.sha256"^[[0m
independently-adjudicate-benbassat-performance-mode	Freeze the production-medium source and issue independent review	2026-08-24T19:16:12.5992202Z shell: /usr/bin/bash --noprofile --norc -e -o pipefail {0}
independently-adjudicate-benbassat-performance-mode	Freeze the production-medium source and issue independent review	2026-08-24T19:16:12.5992565Z env:
independently-adjudicate-benbassat-performance-mode	Freeze the production-medium source and issue independent review	2026-08-24T19:16:12.5992827Z   EXPECTED_MAIN: ed79424013b92460d16c01cad4e590eca01e6bff
independently-adjudicate-benbassat-performance-mode	Freeze the production-medium source and issue independent review	2026-08-24T19:16:12.5993217Z   EXPECTED_TREE: 7f9057770c8e622d71ef41b183811fe47fcdd6ed
independently-adjudicate-benbassat-performance-mode	Freeze the production-medium source and issue independent review	2026-08-24T19:16:12.5993865Z   TASK_ID: ap_dd7d1c73ed237230cd6e1d0b
independently-adjudicate-benbassat-performance-mode	Freeze the production-medium source and issue independent review	2026-08-24T19:16:12.5994161Z   EXPECTED_PERFORMER: Nolan North
independently-adjudicate-benbassat-performance-mode	Freeze the production-medium source and issue independent review	2026-08-24T19:16:12.5994431Z   EXPECTED_CHARACTER: Benbassat
independently-adjudicate-benbassat-performance-mode	Freeze the production-medium source and issue independent review	2026-08-24T19:16:12.5994842Z   EXPECTED_FINGERPRINT: 78e1384a3a11787064f98516e5759b55b33369d161067804c2d77f2ef6ef8885
independently-adjudicate-benbassat-performance-mode	Freeze the production-medium source and issue independent review	2026-08-24T19:16:12.5995401Z   SOURCE_RESULT_BRANCH: agent/star-trek-benbassat-source-result-v3
independently-adjudicate-benbassat-performance-mode	Freeze the production-medium source and issue independent review	2026-08-24T19:16:12.5995827Z   SOURCE_PREFIX: transport/star-trek-benbassat-source-v3
independently-adjudicate-benbassat-performance-mode	Freeze the production-medium source and issue independent review	2026-08-24T19:16:12.5996240Z   RESULT_BRANCH: agent/star-trek-benbassat-source-review-result-v1
independently-adjudicate-benbassat-performance-mode	Freeze the production-medium source and issue independent review	2026-08-24T19:16:12.5996649Z   OUT: /tmp/star-trek-benbassat-source-review-v1
independently-adjudicate-benbassat-performance-mode	Freeze the production-medium source and issue independent review	2026-08-24T19:16:12.5997035Z   SOURCE_ROOT: /tmp/star-trek-benbassat-source-review-v1/source
independently-adjudicate-benbassat-performance-mode	Freeze the production-medium source and issue independent review	2026-08-24T19:16:12.5999533Z   GH_TOKEN: ***
independently-adjudicate-benbassat-performance-mode	Freeze the production-medium source and issue independent review	2026-08-24T19:16:12.5999749Z ##[endgroup]
independently-adjudicate-benbassat-performance-mode	Freeze the production-medium source and issue independent review	2026-08-24T19:16:12.6518075Z The frozen Benbassat source does not bind the role to Star Trek: Prodigy
independently-adjudicate-benbassat-performance-mode	Freeze the production-medium source and issue independent review	2026-08-24T19:16:12.6591280Z ##[error]Process completed with exit code 1.
independently-adjudicate-benbassat-performance-mode	Post Run actions/checkout@v4	﻿2026-08-24T19:16:12.6746734Z Node 20 is being deprecated. This workflow is running with Node 24 by default. If you need to temporarily use Node 20, you can set the ACTIONS_ALLOW_USE_UNSECURE_NODE_VERSION=true environment variable. For more information see: https://github.blog/changelog/2025-09-19-deprecation-of-node-20-on-github-actions-runners/
independently-adjudicate-benbassat-performance-mode	Post Run actions/checkout@v4	2026-08-24T19:16:12.6748009Z Post job cleanup.
independently-adjudicate-benbassat-performance-mode	Post Run actions/checkout@v4	2026-08-24T19:16:12.7591042Z [command]/usr/bin/git version
independently-adjudicate-benbassat-performance-mode	Post Run actions/checkout@v4	2026-08-24T19:16:12.7634853Z git version 2.55.0
independently-adjudicate-benbassat-performance-mode	Post Run actions/checkout@v4	2026-08-24T19:16:12.7678875Z Temporarily overriding HOME='/home/runner/work/_temp/e65252c6-c656-4715-8628-53162dfb87bb' before making global git config changes
independently-adjudicate-benbassat-performance-mode	Post Run actions/checkout@v4	2026-08-24T19:16:12.7680382Z Adding repository directory to the temporary git global config as a safe directory
independently-adjudicate-benbassat-performance-mode	Post Run actions/checkout@v4	2026-08-24T19:16:12.7686237Z [command]/usr/bin/git config --global --add safe.directory /home/runner/work/undercast/undercast
independently-adjudicate-benbassat-performance-mode	Post Run actions/checkout@v4	2026-08-24T19:16:12.7744506Z [command]/usr/bin/git config --local --name-only --get-regexp core\.sshCommand
independently-adjudicate-benbassat-performance-mode	Post Run actions/checkout@v4	2026-08-24T19:16:12.7791276Z [command]/usr/bin/git submodule foreach --recursive sh -c "git config --local --name-only --get-regexp 'core\.sshCommand' && git config --local --unset-all 'core.sshCommand' || :"
independently-adjudicate-benbassat-performance-mode	Post Run actions/checkout@v4	2026-08-24T19:16:12.8106060Z [command]/usr/bin/git config --local --name-only --get-regexp http\.https\:\/\/github\.com\/\.extraheader
independently-adjudicate-benbassat-performance-mode	Post Run actions/checkout@v4	2026-08-24T19:16:12.8135201Z http.https://github.com/.extraheader
independently-adjudicate-benbassat-performance-mode	Post Run actions/checkout@v4	2026-08-24T19:16:12.8147522Z [command]/usr/bin/git config --local --unset-all http.https://github.com/.extraheader
independently-adjudicate-benbassat-performance-mode	Post Run actions/checkout@v4	2026-08-24T19:16:12.8197209Z [command]/usr/bin/git submodule foreach --recursive sh -c "git config --local --name-only --get-regexp 'http\.https\:\/\/github\.com\/\.extraheader' && git config --local --unset-all 'http.https://github.com/.extraheader' || :"
independently-adjudicate-benbassat-performance-mode	Post Run actions/checkout@v4	2026-08-24T19:16:12.8565194Z [command]/usr/bin/git config --local --name-only --get-regexp ^includeIf\.gitdir:
independently-adjudicate-benbassat-performance-mode	Post Run actions/checkout@v4	2026-08-24T19:16:12.8627074Z [command]/usr/bin/git submodule foreach --recursive git config --local --show-origin --name-only --get-regexp remote.origin.url
independently-adjudicate-benbassat-performance-mode	Complete job	﻿2026-08-24T19:16:12.9050892Z Cleaning up orphan processes
independently-adjudicate-benbassat-performance-mode	Complete job	2026-08-24T19:16:12.9340224Z ##[warning]Node.js 20 is deprecated. The following actions target Node.js 20 but are being forced to run on Node.js 24: actions/checkout@v4, actions/setup-node@v4. For more information see: https://github.blog/changelog/2025-09-19-deprecation-of-node-20-on-github-actions-runners/
