finalize-publish-and-deploy-recovered-anastasia-cycle	Finalize, refresh adapter baseline, publish, and deploy	﻿2026-08-23T08:02:02.6202271Z ##[group]Run $RECOVERY_CONTROLLER finalize
finalize-publish-and-deploy-recovered-anastasia-cycle	Finalize, refresh adapter baseline, publish, and deploy	2026-08-23T08:02:02.6202674Z ^[[36;1m$RECOVERY_CONTROLLER finalize^[[0m
finalize-publish-and-deploy-recovered-anastasia-cycle	Finalize, refresh adapter baseline, publish, and deploy	2026-08-23T08:02:02.6239706Z shell: /usr/bin/bash --noprofile --norc -e -o pipefail {0}
finalize-publish-and-deploy-recovered-anastasia-cycle	Finalize, refresh adapter baseline, publish, and deploy	2026-08-23T08:02:02.6240079Z env:
finalize-publish-and-deploy-recovered-anastasia-cycle	Finalize, refresh adapter baseline, publish, and deploy	2026-08-23T08:02:02.6240351Z   CURRENT_MAIN: 933415b505d1c6e40c7e4bd44bf132c61a5ea32d
finalize-publish-and-deploy-recovered-anastasia-cycle	Finalize, refresh adapter baseline, publish, and deploy	2026-08-23T08:02:02.6240765Z   CURRENT_TREE: 651edbcfb9efd3b6d9189f8903afa1a8d88677d4
finalize-publish-and-deploy-recovered-anastasia-cycle	Finalize, refresh adapter baseline, publish, and deploy	2026-08-23T08:02:02.6241152Z   QUEEN_PARENT: 97956ce415d565d968cc5f66067142183ec28a1f
finalize-publish-and-deploy-recovered-anastasia-cycle	Finalize, refresh adapter baseline, publish, and deploy	2026-08-23T08:02:02.6241542Z   QUEEN_TREE: ff8adadb6dd36ab84a21336bdd30ce3cb17b5335
finalize-publish-and-deploy-recovered-anastasia-cycle	Finalize, refresh adapter baseline, publish, and deploy	2026-08-23T08:02:02.6241924Z   OLD_CANDIDATE: 9330681b10c681ff08c2889be18b47671ff47401
finalize-publish-and-deploy-recovered-anastasia-cycle	Finalize, refresh adapter baseline, publish, and deploy	2026-08-23T08:02:02.6242318Z   OLD_CANDIDATE_TREE: a7f952e76600a148e99fe44fa694bb98ef1ea67b
finalize-publish-and-deploy-recovered-anastasia-cycle	Finalize, refresh adapter baseline, publish, and deploy	2026-08-23T08:02:02.6242686Z   CANDIDATE_PATH_COUNT: 44
finalize-publish-and-deploy-recovered-anastasia-cycle	Finalize, refresh adapter baseline, publish, and deploy	2026-08-23T08:02:02.6243134Z   CANDIDATE_PATH_LEDGER_SHA256: 6374da8128b6d0047fa9e197760eb2976fe915cc6968b320b83bce0dd31e1b31
finalize-publish-and-deploy-recovered-anastasia-cycle	Finalize, refresh adapter baseline, publish, and deploy	2026-08-23T08:02:02.6243910Z   ORIGINAL_RUN: 32619140152
finalize-publish-and-deploy-recovered-anastasia-cycle	Finalize, refresh adapter baseline, publish, and deploy	2026-08-23T08:02:02.6244186Z   ORIGINAL_STAGE_ARTIFACT: 9487851739
finalize-publish-and-deploy-recovered-anastasia-cycle	Finalize, refresh adapter baseline, publish, and deploy	2026-08-23T08:02:02.6244666Z   ORIGINAL_STAGE_DIGEST: 19046c8b4f9ef68d71628816184276e7f69fc98179ab9da9f635fd84efc2798e
finalize-publish-and-deploy-recovered-anastasia-cycle	Finalize, refresh adapter baseline, publish, and deploy	2026-08-23T08:02:02.6245130Z   ORIGINAL_REVIEW_ARTIFACT: 9487860916
finalize-publish-and-deploy-recovered-anastasia-cycle	Finalize, refresh adapter baseline, publish, and deploy	2026-08-23T08:02:02.6245559Z   ORIGINAL_REVIEW_DIGEST: 6712542cd1d77718c564663b0fd5d16b0f81654c3115c83dc0338c7cbc02b532
finalize-publish-and-deploy-recovered-anastasia-cycle	Finalize, refresh adapter baseline, publish, and deploy	2026-08-23T08:02:02.6246172Z   ORIGINAL_REVIEW_SHA256: a981414aa4d8066d6bc6fdedae402a01a96bf1ee8a3476c2189e359d88d229d5
finalize-publish-and-deploy-recovered-anastasia-cycle	Finalize, refresh adapter baseline, publish, and deploy	2026-08-23T08:02:02.6246649Z   ORIGINAL_FINALIZATION_ARTIFACT: 9487877149
finalize-publish-and-deploy-recovered-anastasia-cycle	Finalize, refresh adapter baseline, publish, and deploy	2026-08-23T08:02:02.6247143Z   ORIGINAL_FINALIZATION_DIGEST: fb7c90e325e2eba7b5bf96babc53ab71524be7e96a4a136cabb36ae68dbadbb6
finalize-publish-and-deploy-recovered-anastasia-cycle	Finalize, refresh adapter baseline, publish, and deploy	2026-08-23T08:02:02.6247755Z   CONTROLLER_SOURCE_BRANCH: agent/anastasia-rebind-inspection-result-v1
finalize-publish-and-deploy-recovered-anastasia-cycle	Finalize, refresh adapter baseline, publish, and deploy	2026-08-23T08:02:02.6248354Z   CONTROLLER_SOURCE_PATH: transport/anastasia-rebind-inspection-v1/anastasia-controller.mjs
finalize-publish-and-deploy-recovered-anastasia-cycle	Finalize, refresh adapter baseline, publish, and deploy	2026-08-23T08:02:02.6248986Z   CONTROLLER_SHA256: 2eaaa9de01ab5b529df6cf17183c72ad099fef1837177d5d5411365c1cf5f76d
finalize-publish-and-deploy-recovered-anastasia-cycle	Finalize, refresh adapter baseline, publish, and deploy	2026-08-23T08:02:02.6249593Z   REBASED_CANDIDATE_BRANCH: agent/star-trek-anastasia-candidate-rebased-v1
finalize-publish-and-deploy-recovered-anastasia-cycle	Finalize, refresh adapter baseline, publish, and deploy	2026-08-23T08:02:02.6250088Z   OLD_CANDIDATE_BRANCH: agent/star-trek-anastasia-candidate-v1
finalize-publish-and-deploy-recovered-anastasia-cycle	Finalize, refresh adapter baseline, publish, and deploy	2026-08-23T08:02:02.6250491Z   OLD_CYCLE_BRANCH: agent/star-trek-anastasia-cycle-v1
finalize-publish-and-deploy-recovered-anastasia-cycle	Finalize, refresh adapter baseline, publish, and deploy	2026-08-23T08:02:02.6250919Z   RECOVERY_BRANCH: agent/star-trek-anastasia-finalizer-recovery-v2
finalize-publish-and-deploy-recovered-anastasia-cycle	Finalize, refresh adapter baseline, publish, and deploy	2026-08-23T08:02:02.6251377Z   RESULT_BRANCH: agent/star-trek-anastasia-recovery-result-v2
finalize-publish-and-deploy-recovered-anastasia-cycle	Finalize, refresh adapter baseline, publish, and deploy	2026-08-23T08:02:02.6251739Z   TASK_ID: ap_82712ddec2c606e4c7d1a152
finalize-publish-and-deploy-recovered-anastasia-cycle	Finalize, refresh adapter baseline, publish, and deploy	2026-08-23T08:02:02.6252177Z   SOURCE_FINGERPRINT: 8c45968f68d0b1afab3be38b612d0cee8a3c0ed1ae424cbc3ff51993aac39060
finalize-publish-and-deploy-recovered-anastasia-cycle	Finalize, refresh adapter baseline, publish, and deploy	2026-08-23T08:02:02.6252698Z   MEDIA_CANONICAL_PARENT: 97956ce415d565d968cc5f66067142183ec28a1f
finalize-publish-and-deploy-recovered-anastasia-cycle	Finalize, refresh adapter baseline, publish, and deploy	2026-08-23T08:02:02.6253065Z   MEDIA_RUN: 32609675555
finalize-publish-and-deploy-recovered-anastasia-cycle	Finalize, refresh adapter baseline, publish, and deploy	2026-08-23T08:02:02.6253342Z   MEDIA_HEAD: fd0c91d94128182423857d0be506f7a49bf934cd
finalize-publish-and-deploy-recovered-anastasia-cycle	Finalize, refresh adapter baseline, publish, and deploy	2026-08-23T08:02:02.6253897Z   MEDIA_ARTIFACT: 9485147987
finalize-publish-and-deploy-recovered-anastasia-cycle	Finalize, refresh adapter baseline, publish, and deploy	2026-08-23T08:02:02.6254282Z   MEDIA_DIGEST: c7e507c8e791204c96fa5c54cdf27cb15a113487785868df6d78cf09444f0bfb
finalize-publish-and-deploy-recovered-anastasia-cycle	Finalize, refresh adapter baseline, publish, and deploy	2026-08-23T08:02:02.6254786Z   CONTROLLER: /tmp/star-trek-anastasia-controller-v1.mjs
finalize-publish-and-deploy-recovered-anastasia-cycle	Finalize, refresh adapter baseline, publish, and deploy	2026-08-23T08:02:02.6255255Z   RECOVERY_CONTROLLER: /tmp/star-trek-anastasia-finalizer-recovery-v2.sh
finalize-publish-and-deploy-recovered-anastasia-cycle	Finalize, refresh adapter baseline, publish, and deploy	2026-08-23T08:02:02.6255854Z   RECOVERY_CONTROLLER_SHA256: 0df2a9da6afe9c62f3f6f1a947df2dbf0f121b65033003ed9caeee92cf620b3a
finalize-publish-and-deploy-recovered-anastasia-cycle	Finalize, refresh adapter baseline, publish, and deploy	2026-08-23T08:02:02.6256524Z   RECOVERY_CONTROLLER_B64_SHA256: 11751d8ea328fe86aa03c4120c630e74e6c98a27abe44c8d4496145db573aa21
finalize-publish-and-deploy-recovered-anastasia-cycle	Finalize, refresh adapter baseline, publish, and deploy	2026-08-23T08:02:02.6257063Z   STAGE_ROOT: /tmp/star-trek-anastasia-rebound-stage-v2
finalize-publish-and-deploy-recovered-anastasia-cycle	Finalize, refresh adapter baseline, publish, and deploy	2026-08-23T08:02:02.6257472Z   REVIEW_ROOT: /tmp/star-trek-anastasia-rebound-review-v2
finalize-publish-and-deploy-recovered-anastasia-cycle	Finalize, refresh adapter baseline, publish, and deploy	2026-08-23T08:02:02.6257871Z   FINAL_ROOT: /tmp/star-trek-anastasia-recovery-final-v2
finalize-publish-and-deploy-recovered-anastasia-cycle	Finalize, refresh adapter baseline, publish, and deploy	2026-08-23T08:02:02.6258513Z   DIAGNOSTIC_ROOT: /tmp/star-trek-anastasia-recovery-diagnostics-v2
finalize-publish-and-deploy-recovered-anastasia-cycle	Finalize, refresh adapter baseline, publish, and deploy	2026-08-23T08:02:02.6260992Z   GH_TOKEN: ***
finalize-publish-and-deploy-recovered-anastasia-cycle	Finalize, refresh adapter baseline, publish, and deploy	2026-08-23T08:02:02.6261304Z   CANDIDATE_COMMIT: 73f572459b49b9cf30915aca5ec6511478dc2807
finalize-publish-and-deploy-recovered-anastasia-cycle	Finalize, refresh adapter baseline, publish, and deploy	2026-08-23T08:02:02.6261732Z   CANDIDATE_TREE: fe3f75da989b9006447df5424fbf8acb29f71d1f
finalize-publish-and-deploy-recovered-anastasia-cycle	Finalize, refresh adapter baseline, publish, and deploy	2026-08-23T08:02:02.6262252Z   REBOUND_STAGE_ARTIFACT_ID: 9489977666
finalize-publish-and-deploy-recovered-anastasia-cycle	Finalize, refresh adapter baseline, publish, and deploy	2026-08-23T08:02:02.6262737Z   REBOUND_STAGE_ARTIFACT_DIGEST: 8a9f87ee042760270f11217cad26d7da3471f0fe6fd2ec38b837ad890d1ed2e3
finalize-publish-and-deploy-recovered-anastasia-cycle	Finalize, refresh adapter baseline, publish, and deploy	2026-08-23T08:02:02.6263240Z   REBOUND_REVIEW_ARTIFACT_ID: 9489987688
finalize-publish-and-deploy-recovered-anastasia-cycle	Finalize, refresh adapter baseline, publish, and deploy	2026-08-23T08:02:02.6263962Z   REBOUND_REVIEW_ARTIFACT_DIGEST: 27c935a8524b199d560c4d04265fb097a58de25bd5ea987f7a3976de80b4cf11
finalize-publish-and-deploy-recovered-anastasia-cycle	Finalize, refresh adapter baseline, publish, and deploy	2026-08-23T08:02:02.6264611Z   REBOUND_REVIEW_SHA256: b8892e3f147087dd0353c246d66b8b70f7eeff38de53416af4b6f6c7aa642618
finalize-publish-and-deploy-recovered-anastasia-cycle	Finalize, refresh adapter baseline, publish, and deploy	2026-08-23T08:02:02.6265057Z ##[endgroup]
finalize-publish-and-deploy-recovered-anastasia-cycle	Finalize, refresh adapter baseline, publish, and deploy	2026-08-23T08:02:02.6399889Z batch.json: OK
finalize-publish-and-deploy-recovered-anastasia-cycle	Finalize, refresh adapter baseline, publish, and deploy	2026-08-23T08:02:02.6400331Z candidate-metadata.json: OK
finalize-publish-and-deploy-recovered-anastasia-cycle	Finalize, refresh adapter baseline, publish, and deploy	2026-08-23T08:02:02.6400682Z candidate-paths.txt: OK
finalize-publish-and-deploy-recovered-anastasia-cycle	Finalize, refresh adapter baseline, publish, and deploy	2026-08-23T08:02:02.6401192Z controller.sha256: OK
finalize-publish-and-deploy-recovered-anastasia-cycle	Finalize, refresh adapter baseline, publish, and deploy	2026-08-23T08:02:02.6401794Z expected-maintenance-paths.txt: OK
finalize-publish-and-deploy-recovered-anastasia-cycle	Finalize, refresh adapter baseline, publish, and deploy	2026-08-23T08:02:02.6402212Z live-main.json: OK
finalize-publish-and-deploy-recovered-anastasia-cycle	Finalize, refresh adapter baseline, publish, and deploy	2026-08-23T08:02:02.6402547Z maintenance-paths.txt: OK
finalize-publish-and-deploy-recovered-anastasia-cycle	Finalize, refresh adapter baseline, publish, and deploy	2026-08-23T08:02:02.6402850Z media-resolution.json: OK
finalize-publish-and-deploy-recovered-anastasia-cycle	Finalize, refresh adapter baseline, publish, and deploy	2026-08-23T08:02:02.6403136Z media-review.json: OK
finalize-publish-and-deploy-recovered-anastasia-cycle	Finalize, refresh adapter baseline, publish, and deploy	2026-08-23T08:02:02.6403468Z old-candidate-paths-readback.txt: OK
finalize-publish-and-deploy-recovered-anastasia-cycle	Finalize, refresh adapter baseline, publish, and deploy	2026-08-23T08:02:02.6404075Z original-candidate-metadata.json: OK
finalize-publish-and-deploy-recovered-anastasia-cycle	Finalize, refresh adapter baseline, publish, and deploy	2026-08-23T08:02:02.6404454Z original-finalization-artifact.json: OK
finalize-publish-and-deploy-recovered-anastasia-cycle	Finalize, refresh adapter baseline, publish, and deploy	2026-08-23T08:02:02.6404823Z original-independent-review.json: OK
finalize-publish-and-deploy-recovered-anastasia-cycle	Finalize, refresh adapter baseline, publish, and deploy	2026-08-23T08:02:02.6410539Z original-live-main.json: OK
finalize-publish-and-deploy-recovered-anastasia-cycle	Finalize, refresh adapter baseline, publish, and deploy	2026-08-23T08:02:02.6411437Z original-qualified-finalization.json: OK
finalize-publish-and-deploy-recovered-anastasia-cycle	Finalize, refresh adapter baseline, publish, and deploy	2026-08-23T08:02:02.6412425Z original-qualified-next.json: OK
finalize-publish-and-deploy-recovered-anastasia-cycle	Finalize, refresh adapter baseline, publish, and deploy	2026-08-23T08:02:02.6413118Z original-qualified-receipt.json: OK
finalize-publish-and-deploy-recovered-anastasia-cycle	Finalize, refresh adapter baseline, publish, and deploy	2026-08-23T08:02:02.6414018Z original-qualified-waterline.json: OK
finalize-publish-and-deploy-recovered-anastasia-cycle	Finalize, refresh adapter baseline, publish, and deploy	2026-08-23T08:02:02.6414598Z original-review-artifact.json: OK
finalize-publish-and-deploy-recovered-anastasia-cycle	Finalize, refresh adapter baseline, publish, and deploy	2026-08-23T08:02:02.6415271Z original-stage-artifact.json: OK
finalize-publish-and-deploy-recovered-anastasia-cycle	Finalize, refresh adapter baseline, publish, and deploy	2026-08-23T08:02:02.6416110Z original-stage.json: OK
finalize-publish-and-deploy-recovered-anastasia-cycle	Finalize, refresh adapter baseline, publish, and deploy	2026-08-23T08:02:02.6417016Z original-thesis-next.json: OK
finalize-publish-and-deploy-recovered-anastasia-cycle	Finalize, refresh adapter baseline, publish, and deploy	2026-08-23T08:02:02.6476126Z rebased-candidate-paths.txt: OK
finalize-publish-and-deploy-recovered-anastasia-cycle	Finalize, refresh adapter baseline, publish, and deploy	2026-08-23T08:02:02.6476715Z rebind.json: OK
finalize-publish-and-deploy-recovered-anastasia-cycle	Finalize, refresh adapter baseline, publish, and deploy	2026-08-23T08:02:02.6477188Z results.json: OK
finalize-publish-and-deploy-recovered-anastasia-cycle	Finalize, refresh adapter baseline, publish, and deploy	2026-08-23T08:02:02.6477704Z source-media-artifact.json: OK
finalize-publish-and-deploy-recovered-anastasia-cycle	Finalize, refresh adapter baseline, publish, and deploy	2026-08-23T08:02:02.6478165Z source-media-scout.json: OK
finalize-publish-and-deploy-recovered-anastasia-cycle	Finalize, refresh adapter baseline, publish, and deploy	2026-08-23T08:02:02.6478451Z stage.json: OK
finalize-publish-and-deploy-recovered-anastasia-cycle	Finalize, refresh adapter baseline, publish, and deploy	2026-08-23T08:02:02.6478711Z stage.stdout.log: OK
finalize-publish-and-deploy-recovered-anastasia-cycle	Finalize, refresh adapter baseline, publish, and deploy	2026-08-23T08:02:02.6478979Z thesis-next.json: OK
finalize-publish-and-deploy-recovered-anastasia-cycle	Finalize, refresh adapter baseline, publish, and deploy	2026-08-23T08:02:02.6479287Z waterline-before-receipt.json: OK
finalize-publish-and-deploy-recovered-anastasia-cycle	Finalize, refresh adapter baseline, publish, and deploy	2026-08-23T08:02:02.6479649Z independent-review.json: OK
finalize-publish-and-deploy-recovered-anastasia-cycle	Finalize, refresh adapter baseline, publish, and deploy	2026-08-23T08:02:02.6479938Z review.stdout.log: OK
finalize-publish-and-deploy-recovered-anastasia-cycle	Finalize, refresh adapter baseline, publish, and deploy	2026-08-23T08:02:03.6422038Z From https://github.com/BigBirdReturns/undercast
finalize-publish-and-deploy-recovered-anastasia-cycle	Finalize, refresh adapter baseline, publish, and deploy	2026-08-23T08:02:03.6444620Z  * branch              main       -> FETCH_HEAD
finalize-publish-and-deploy-recovered-anastasia-cycle	Finalize, refresh adapter baseline, publish, and deploy	2026-08-23T08:02:03.6445752Z  * branch              agent/star-trek-anastasia-candidate-rebased-v1 -> FETCH_HEAD
finalize-publish-and-deploy-recovered-anastasia-cycle	Finalize, refresh adapter baseline, publish, and deploy	2026-08-23T08:02:03.6446399Z  * branch              agent/anastasia-rebind-inspection-result-v1 -> FETCH_HEAD
finalize-publish-and-deploy-recovered-anastasia-cycle	Finalize, refresh adapter baseline, publish, and deploy	2026-08-23T08:02:03.6529731Z /tmp/star-trek-anastasia-controller-v1.mjs: OK
finalize-publish-and-deploy-recovered-anastasia-cycle	Finalize, refresh adapter baseline, publish, and deploy	2026-08-23T08:02:04.5901589Z HEAD is now at 73f57245 Star Trek: rebase reviewed Anastasia candidate onto media-search maintenance
finalize-publish-and-deploy-recovered-anastasia-cycle	Finalize, refresh adapter baseline, publish, and deploy	2026-08-23T08:02:05.4008084Z 
finalize-publish-and-deploy-recovered-anastasia-cycle	Finalize, refresh adapter baseline, publish, and deploy	2026-08-23T08:02:05.4008900Z added 4 packages in 743ms
finalize-publish-and-deploy-recovered-anastasia-cycle	Finalize, refresh adapter baseline, publish, and deploy	2026-08-23T08:02:06.0044359Z star-trek-queen-of-hearts-cycle: PASS — exact Majel Barrett animated voice performance custody, source-distinct verified media, physical and maker non-attribution, reviewed Maryl predecessor custody, and later-cycle bounds are intact
finalize-publish-and-deploy-recovered-anastasia-cycle	Finalize, refresh adapter baseline, publish, and deploy	2026-08-23T08:02:07.2273515Z 
finalize-publish-and-deploy-recovered-anastasia-cycle	Finalize, refresh adapter baseline, publish, and deploy	2026-08-23T08:02:07.2274808Z UNDERCAST invariant gate — PASS
finalize-publish-and-deploy-recovered-anastasia-cycle	Finalize, refresh adapter baseline, publish, and deploy	2026-08-23T08:02:07.2276174Z   specimens: 1364  sources: 1364  image refs: 2033
finalize-publish-and-deploy-recovered-anastasia-cycle	Finalize, refresh adapter baseline, publish, and deploy	2026-08-23T08:02:07.2282133Z   profiles checked (30): schema.specimen, schema.source, schema.archive, schema.census_test, schema.census_manifest, schema.tombstones, schema.entities, schema.species_vocabulary, schema.species, schema.constellations, id.unique, ref.integrity, image.no_in_card_dup, image.crop_policy, image.no_cross_card_dup, sources.consistency, id.lifecycle, url.safety, claims.evidence, projection.consistency, media.consistency, entities.consistency, constellation.integrity, quality.non_regression, census.consistency, species.navigation_integrity, census.observation_freshness, census.ferengi_benchmark, contract.consistency, crawler.discovery
finalize-publish-and-deploy-recovered-anastasia-cycle	Finalize, refresh adapter baseline, publish, and deploy	2026-08-23T08:02:07.2285987Z   no invariant violations.
finalize-publish-and-deploy-recovered-anastasia-cycle	Finalize, refresh adapter baseline, publish, and deploy	2026-08-23T08:02:07.2286169Z 
finalize-publish-and-deploy-recovered-anastasia-cycle	Finalize, refresh adapter baseline, publish, and deploy	2026-08-23T08:02:07.3393764Z 
finalize-publish-and-deploy-recovered-anastasia-cycle	Finalize, refresh adapter baseline, publish, and deploy	2026-08-23T08:02:07.3394416Z > undercast@0.1.0 media:audit
finalize-publish-and-deploy-recovered-anastasia-cycle	Finalize, refresh adapter baseline, publish, and deploy	2026-08-23T08:02:07.3394986Z > node scripts/media-audit.mjs gate --scope star-trek
finalize-publish-and-deploy-recovered-anastasia-cycle	Finalize, refresh adapter baseline, publish, and deploy	2026-08-23T08:02:07.3395314Z 
finalize-publish-and-deploy-recovered-anastasia-cycle	Finalize, refresh adapter baseline, publish, and deploy	2026-08-23T08:02:08.3285916Z media audit star-trek: 954/954 complete (100.0%); verified=681 absent=273 review=0 attention=0
finalize-publish-and-deploy-recovered-anastasia-cycle	Finalize, refresh adapter baseline, publish, and deploy	2026-08-23T08:02:08.3287558Z   portrait: 477/477 complete; verified=257 absent=220 review=0 attention=0
finalize-publish-and-deploy-recovered-anastasia-cycle	Finalize, refresh adapter baseline, publish, and deploy	2026-08-23T08:02:08.3288638Z   still: 477/477 complete; verified=424 absent=53 review=0 attention=0
finalize-publish-and-deploy-recovered-anastasia-cycle	Finalize, refresh adapter baseline, publish, and deploy	2026-08-23T08:02:08.3314752Z PASS — star-trek exact-subject media baseline complete
finalize-publish-and-deploy-recovered-anastasia-cycle	Finalize, refresh adapter baseline, publish, and deploy	2026-08-23T08:02:08.4516467Z 
finalize-publish-and-deploy-recovered-anastasia-cycle	Finalize, refresh adapter baseline, publish, and deploy	2026-08-23T08:02:08.4517187Z > undercast@0.1.0 waterline
finalize-publish-and-deploy-recovered-anastasia-cycle	Finalize, refresh adapter baseline, publish, and deploy	2026-08-23T08:02:08.4518614Z > node scripts/waterline.mjs record-cycle --input /tmp/star-trek-anastasia-recovery-final-v2/cycle-input.json
finalize-publish-and-deploy-recovered-anastasia-cycle	Finalize, refresh adapter baseline, publish, and deploy	2026-08-23T08:02:08.4519570Z 
finalize-publish-and-deploy-recovered-anastasia-cycle	Finalize, refresh adapter baseline, publish, and deploy	2026-08-23T08:02:08.6392308Z recorded cycle_b2ff31696a783bf418195319 for lease_7d5e1311748aad6fae189b59
finalize-publish-and-deploy-recovered-anastasia-cycle	Finalize, refresh adapter baseline, publish, and deploy	2026-08-23T08:02:08.7021799Z CREDITS.md written: 768 attributed, 1022 character stills.
finalize-publish-and-deploy-recovered-anastasia-cycle	Finalize, refresh adapter baseline, publish, and deploy	2026-08-23T08:02:08.7665864Z SOURCES ledger synchronized (0 field update(s))
finalize-publish-and-deploy-recovered-anastasia-cycle	Finalize, refresh adapter baseline, publish, and deploy	2026-08-23T08:02:08.8688970Z 
finalize-publish-and-deploy-recovered-anastasia-cycle	Finalize, refresh adapter baseline, publish, and deploy	2026-08-23T08:02:08.8689617Z > undercast@0.1.0 media:audit
finalize-publish-and-deploy-recovered-anastasia-cycle	Finalize, refresh adapter baseline, publish, and deploy	2026-08-23T08:02:08.8690172Z > node scripts/media-audit.mjs sync --scope star-trek
finalize-publish-and-deploy-recovered-anastasia-cycle	Finalize, refresh adapter baseline, publish, and deploy	2026-08-23T08:02:08.8690491Z 
finalize-publish-and-deploy-recovered-anastasia-cycle	Finalize, refresh adapter baseline, publish, and deploy	2026-08-23T08:02:09.7756341Z media audit sync: no state change
finalize-publish-and-deploy-recovered-anastasia-cycle	Finalize, refresh adapter baseline, publish, and deploy	2026-08-23T08:02:09.7771192Z media audit star-trek: 954/954 complete (100.0%); verified=681 absent=273 review=0 attention=0
finalize-publish-and-deploy-recovered-anastasia-cycle	Finalize, refresh adapter baseline, publish, and deploy	2026-08-23T08:02:09.7773044Z   portrait: 477/477 complete; verified=257 absent=220 review=0 attention=0
finalize-publish-and-deploy-recovered-anastasia-cycle	Finalize, refresh adapter baseline, publish, and deploy	2026-08-23T08:02:09.7774759Z   still: 477/477 complete; verified=424 absent=53 review=0 attention=0
finalize-publish-and-deploy-recovered-anastasia-cycle	Finalize, refresh adapter baseline, publish, and deploy	2026-08-23T08:02:09.8991698Z 
finalize-publish-and-deploy-recovered-anastasia-cycle	Finalize, refresh adapter baseline, publish, and deploy	2026-08-23T08:02:09.8992741Z > undercast@0.1.0 media:audit
finalize-publish-and-deploy-recovered-anastasia-cycle	Finalize, refresh adapter baseline, publish, and deploy	2026-08-23T08:02:09.8993826Z > node scripts/media-audit.mjs gate --scope star-trek
finalize-publish-and-deploy-recovered-anastasia-cycle	Finalize, refresh adapter baseline, publish, and deploy	2026-08-23T08:02:09.8994373Z 
finalize-publish-and-deploy-recovered-anastasia-cycle	Finalize, refresh adapter baseline, publish, and deploy	2026-08-23T08:02:10.8467092Z media audit star-trek: 954/954 complete (100.0%); verified=681 absent=273 review=0 attention=0
finalize-publish-and-deploy-recovered-anastasia-cycle	Finalize, refresh adapter baseline, publish, and deploy	2026-08-23T08:02:10.8469018Z   portrait: 477/477 complete; verified=257 absent=220 review=0 attention=0
finalize-publish-and-deploy-recovered-anastasia-cycle	Finalize, refresh adapter baseline, publish, and deploy	2026-08-23T08:02:10.8470066Z   still: 477/477 complete; verified=424 absent=53 review=0 attention=0
finalize-publish-and-deploy-recovered-anastasia-cycle	Finalize, refresh adapter baseline, publish, and deploy	2026-08-23T08:02:10.8471233Z PASS — star-trek exact-subject media baseline complete
finalize-publish-and-deploy-recovered-anastasia-cycle	Finalize, refresh adapter baseline, publish, and deploy	2026-08-23T08:02:18.5593666Z 
finalize-publish-and-deploy-recovered-anastasia-cycle	Finalize, refresh adapter baseline, publish, and deploy	2026-08-23T08:02:18.5594735Z census: 6836 character rows, 3362 distinct performers
finalize-publish-and-deploy-recovered-anastasia-cycle	Finalize, refresh adapter baseline, publish, and deploy	2026-08-23T08:02:18.5596567Z coverage: 793/6658 performer-role credits on wall
finalize-publish-and-deploy-recovered-anastasia-cycle	Finalize, refresh adapter baseline, publish, and deploy	2026-08-23T08:02:18.5597510Z gaps: 5865 roles across 3048 performers -> data/CENSUS-GAPS.json
finalize-publish-and-deploy-recovered-anastasia-cycle	Finalize, refresh adapter baseline, publish, and deploy	2026-08-23T08:02:18.5602039Z top 20: Jerry Nelson(301), Nicholas Briggs(129), Richard Hunt(118), Joey Mazzarino(100), Martin P. Robinson(97), Frank Oz(92), Jim Henson(84), Kevin Clash(83), Dave Goelz(82), David Rudman(74), Fran Brill(69), Stephanie D'Abruzzo(67), Tyler Bunch(61), Leslie Carrara-Rudolph(49), Louise Gold(47), Steve Whitmire(47), Camille Bonora(45), Marc Thompson(42), Matt Vogel(40), Brian Muehl(28)
finalize-publish-and-deploy-recovered-anastasia-cycle	Finalize, refresh adapter baseline, publish, and deploy	2026-08-23T08:02:18.6650899Z Ferengi constellation: 70 named credits, 8 unresolved character pages, 122 nodes, 144 edges
finalize-publish-and-deploy-recovered-anastasia-cycle	Finalize, refresh adapter baseline, publish, and deploy	2026-08-23T08:02:18.8392072Z Ferengi benchmark: PASS; accounting: PASS — 78/78 source identities classified
finalize-publish-and-deploy-recovered-anastasia-cycle	Finalize, refresh adapter baseline, publish, and deploy	2026-08-23T08:02:18.8401142Z   covered 61; excluded 9; unresolved 8
finalize-publish-and-deploy-recovered-anastasia-cycle	Finalize, refresh adapter baseline, publish, and deploy	2026-08-23T08:02:18.8406709Z   exact-edge blockers: 0; wall coverage complete: yes
finalize-publish-and-deploy-recovered-anastasia-cycle	Finalize, refresh adapter baseline, publish, and deploy	2026-08-23T08:02:18.9761643Z built species navigation: Bajoran 26 primary cards / 116 named credits, Cardassian 34 primary cards / 62 named credits, Ferengi 51 primary cards / 70 named credits, Jem'Hadar 17 primary cards / 17 named credits, Klingon 80 primary cards / 191 named credits, Romulan 18 primary cards / 84 named credits, Tellarite 19 primary cards / 20 named credits, Vulcan 23 primary cards / 130 named credits
finalize-publish-and-deploy-recovered-anastasia-cycle	Finalize, refresh adapter baseline, publish, and deploy	2026-08-23T08:02:19.0345794Z DS9 Changeling constellation: 14 named credits, 1 unresolved, 28 nodes, 30 edges
finalize-publish-and-deploy-recovered-anastasia-cycle	Finalize, refresh adapter baseline, publish, and deploy	2026-08-23T08:02:19.2019741Z Ferengi benchmark: PASS; accounting: PASS — 78/78 source identities classified
finalize-publish-and-deploy-recovered-anastasia-cycle	Finalize, refresh adapter baseline, publish, and deploy	2026-08-23T08:02:19.2024328Z   covered 61; excluded 9; unresolved 8
finalize-publish-and-deploy-recovered-anastasia-cycle	Finalize, refresh adapter baseline, publish, and deploy	2026-08-23T08:02:19.2025041Z   exact-edge blockers: 0; wall coverage complete: yes
finalize-publish-and-deploy-recovered-anastasia-cycle	Finalize, refresh adapter baseline, publish, and deploy	2026-08-23T08:02:19.2969865Z sharded 1364 cards → 2 shard(s) (≤1000 each)
finalize-publish-and-deploy-recovered-anastasia-cycle	Finalize, refresh adapter baseline, publish, and deploy	2026-08-23T08:02:19.2971213Z   index.json 434KB (319 B/card) — loaded on boot
finalize-publish-and-deploy-recovered-anastasia-cycle	Finalize, refresh adapter baseline, publish, and deploy	2026-08-23T08:02:19.2972302Z   2 shard file(s), 1364 records total — loaded lazily
finalize-publish-and-deploy-recovered-anastasia-cycle	Finalize, refresh adapter baseline, publish, and deploy	2026-08-23T08:02:19.2984964Z   media-live.json: 1997 image(s) on Releases — loaded on boot (lean)
finalize-publish-and-deploy-recovered-anastasia-cycle	Finalize, refresh adapter baseline, publish, and deploy	2026-08-23T08:02:19.2986213Z   rebuild any time: node scripts/shard.mjs   (projections are disposable)
finalize-publish-and-deploy-recovered-anastasia-cycle	Finalize, refresh adapter baseline, publish, and deploy	2026-08-23T08:02:19.5741689Z built archive contract, 1164 performer credits, 190 makers, 36 search shards
finalize-publish-and-deploy-recovered-anastasia-cycle	Finalize, refresh adapter baseline, publish, and deploy	2026-08-23T08:02:19.9084943Z built archive contract, 1164 performer credits, 190 makers, 36 search shards
finalize-publish-and-deploy-recovered-anastasia-cycle	Finalize, refresh adapter baseline, publish, and deploy	2026-08-23T08:02:20.4761151Z built 1364 live + 2 retired permanent record pages
finalize-publish-and-deploy-recovered-anastasia-cycle	Finalize, refresh adapter baseline, publish, and deploy	2026-08-23T08:02:23.9454520Z 
finalize-publish-and-deploy-recovered-anastasia-cycle	Finalize, refresh adapter baseline, publish, and deploy	2026-08-23T08:02:23.9455663Z UNDERCAST invariant gate — PASS
finalize-publish-and-deploy-recovered-anastasia-cycle	Finalize, refresh adapter baseline, publish, and deploy	2026-08-23T08:02:23.9456866Z   specimens: 1364  sources: 1364  image refs: 2033
finalize-publish-and-deploy-recovered-anastasia-cycle	Finalize, refresh adapter baseline, publish, and deploy	2026-08-23T08:02:23.9460708Z   profiles checked (30): schema.specimen, schema.source, schema.archive, schema.census_test, schema.census_manifest, schema.tombstones, schema.entities, schema.species_vocabulary, schema.species, schema.constellations, id.unique, ref.integrity, image.no_in_card_dup, image.crop_policy, image.no_cross_card_dup, sources.consistency, id.lifecycle, url.safety, claims.evidence, projection.consistency, media.consistency, entities.consistency, constellation.integrity, quality.non_regression, census.consistency, species.navigation_integrity, census.observation_freshness, census.ferengi_benchmark, contract.consistency, crawler.discovery
finalize-publish-and-deploy-recovered-anastasia-cycle	Finalize, refresh adapter baseline, publish, and deploy	2026-08-23T08:02:23.9465370Z   no invariant violations.
finalize-publish-and-deploy-recovered-anastasia-cycle	Finalize, refresh adapter baseline, publish, and deploy	2026-08-23T08:02:23.9465713Z 
finalize-publish-and-deploy-recovered-anastasia-cycle	Finalize, refresh adapter baseline, publish, and deploy	2026-08-23T08:02:23.9941912Z PASS — undercast-thesis-rails@1; one task per cycle; 16 transition-only workflow stages fenced
finalize-publish-and-deploy-recovered-anastasia-cycle	Finalize, refresh adapter baseline, publish, and deploy	2026-08-23T08:02:24.3639812Z star-trek-queen-of-hearts-cycle: PASS — exact Majel Barrett animated voice performance custody, source-distinct verified media, physical and maker non-attribution, reviewed Maryl predecessor custody, and later-cycle bounds are intact
finalize-publish-and-deploy-recovered-anastasia-cycle	Finalize, refresh adapter baseline, publish, and deploy	2026-08-23T08:02:24.9115062Z star-trek-anastasia-komananov-cycle: PASS — exact Nana Visitor Kira-bodied Komananov performance custody, source-distinct verified media, default-hologram separation, unresolved maker functions, reviewed waterline closure, Queen predecessor custody, and later-cycle bounds are intact
finalize-publish-and-deploy-recovered-anastasia-cycle	Finalize, refresh adapter baseline, publish, and deploy	2026-08-23T08:02:27.1239920Z {
finalize-publish-and-deploy-recovered-anastasia-cycle	Finalize, refresh adapter baseline, publish, and deploy	2026-08-23T08:02:27.1240270Z   "status": "qualified",
finalize-publish-and-deploy-recovered-anastasia-cycle	Finalize, refresh adapter baseline, publish, and deploy	2026-08-23T08:02:27.1240635Z   "wall_id": "UC-1395",
finalize-publish-and-deploy-recovered-anastasia-cycle	Finalize, refresh adapter baseline, publish, and deploy	2026-08-23T08:02:27.1241128Z   "receipt_sha256": "6f83f7ac07fe99697c1dcd1b6974505fd3045e6b5afb382e530dabfc4e47da8e",
finalize-publish-and-deploy-recovered-anastasia-cycle	Finalize, refresh adapter baseline, publish, and deploy	2026-08-23T08:02:27.1241831Z   "checker_sha256": "5a42826e42f3fcb0f46937c53b0bb329ac87e59a37351b93c1f8a458d07f74e5",
finalize-publish-and-deploy-recovered-anastasia-cycle	Finalize, refresh adapter baseline, publish, and deploy	2026-08-23T08:02:27.1242378Z   "cycle_id": "cycle_b2ff31696a783bf418195319",
finalize-publish-and-deploy-recovered-anastasia-cycle	Finalize, refresh adapter baseline, publish, and deploy	2026-08-23T08:02:27.1242689Z   "next": {
finalize-publish-and-deploy-recovered-anastasia-cycle	Finalize, refresh adapter baseline, publish, and deploy	2026-08-23T08:02:27.1242954Z     "task_id": "ap_c7ff8298a99fe94fc55bbdbc",
finalize-publish-and-deploy-recovered-anastasia-cycle	Finalize, refresh adapter baseline, publish, and deploy	2026-08-23T08:02:27.1243311Z     "performer": "Nichelle Nichols",
finalize-publish-and-deploy-recovered-anastasia-cycle	Finalize, refresh adapter baseline, publish, and deploy	2026-08-23T08:02:27.1244999Z     "character": "Alice (character)",
finalize-publish-and-deploy-recovered-anastasia-cycle	Finalize, refresh adapter baseline, publish, and deploy	2026-08-23T08:02:27.1245328Z     "priority": 1330,
finalize-publish-and-deploy-recovered-anastasia-cycle	Finalize, refresh adapter baseline, publish, and deploy	2026-08-23T08:02:27.1245618Z     "performance_modes": [
finalize-publish-and-deploy-recovered-anastasia-cycle	Finalize, refresh adapter baseline, publish, and deploy	2026-08-23T08:02:27.1245910Z       "physical-and-voice"
finalize-publish-and-deploy-recovered-anastasia-cycle	Finalize, refresh adapter baseline, publish, and deploy	2026-08-23T08:02:27.1246170Z     ],
finalize-publish-and-deploy-recovered-anastasia-cycle	Finalize, refresh adapter baseline, publish, and deploy	2026-08-23T08:02:27.1246436Z     "required_capabilities": [],
finalize-publish-and-deploy-recovered-anastasia-cycle	Finalize, refresh adapter baseline, publish, and deploy	2026-08-23T08:02:27.1246725Z     "sources": [
finalize-publish-and-deploy-recovered-anastasia-cycle	Finalize, refresh adapter baseline, publish, and deploy	2026-08-23T08:02:27.1247092Z       "https://memory-alpha.fandom.com/wiki/Alice_(character)"
finalize-publish-and-deploy-recovered-anastasia-cycle	Finalize, refresh adapter baseline, publish, and deploy	2026-08-23T08:02:27.1248186Z     ],
finalize-publish-and-deploy-recovered-anastasia-cycle	Finalize, refresh adapter baseline, publish, and deploy	2026-08-23T08:02:27.1248678Z     "source_fingerprint": "9caf9645daf70d67203bd0056980531a7190659c5209e15b3899cf6bac016297"
finalize-publish-and-deploy-recovered-anastasia-cycle	Finalize, refresh adapter baseline, publish, and deploy	2026-08-23T08:02:27.1249172Z   }
finalize-publish-and-deploy-recovered-anastasia-cycle	Finalize, refresh adapter baseline, publish, and deploy	2026-08-23T08:02:27.1249375Z }
finalize-publish-and-deploy-recovered-anastasia-cycle	Finalize, refresh adapter baseline, publish, and deploy	2026-08-23T08:02:27.2332595Z 
finalize-publish-and-deploy-recovered-anastasia-cycle	Finalize, refresh adapter baseline, publish, and deploy	2026-08-23T08:02:27.2333319Z > undercast@0.1.0 adapter:write
finalize-publish-and-deploy-recovered-anastasia-cycle	Finalize, refresh adapter baseline, publish, and deploy	2026-08-23T08:02:27.2334626Z > node scripts/census-adapter.mjs write
finalize-publish-and-deploy-recovered-anastasia-cycle	Finalize, refresh adapter baseline, publish, and deploy	2026-08-23T08:02:27.2335019Z 
finalize-publish-and-deploy-recovered-anastasia-cycle	Finalize, refresh adapter baseline, publish, and deploy	2026-08-23T08:02:27.3714842Z adapter-sdk: wrote data/review/adapter-sdk/BASELINE.json; adapters=2
finalize-publish-and-deploy-recovered-anastasia-cycle	Finalize, refresh adapter baseline, publish, and deploy	2026-08-23T08:02:27.4805275Z 
finalize-publish-and-deploy-recovered-anastasia-cycle	Finalize, refresh adapter baseline, publish, and deploy	2026-08-23T08:02:27.4805959Z > undercast@0.1.0 adapter:check
finalize-publish-and-deploy-recovered-anastasia-cycle	Finalize, refresh adapter baseline, publish, and deploy	2026-08-23T08:02:27.4806462Z > node scripts/census-adapter.mjs check
finalize-publish-and-deploy-recovered-anastasia-cycle	Finalize, refresh adapter baseline, publish, and deploy	2026-08-23T08:02:27.4806730Z 
finalize-publish-and-deploy-recovered-anastasia-cycle	Finalize, refresh adapter baseline, publish, and deploy	2026-08-23T08:02:27.6116843Z adapter-sdk: PASS — 2 adapter contracts and exact baseline
finalize-publish-and-deploy-recovered-anastasia-cycle	Finalize, refresh adapter baseline, publish, and deploy	2026-08-23T08:02:28.0319470Z Previous HEAD position was 73f57245 Star Trek: rebase reviewed Anastasia candidate onto media-search maintenance
finalize-publish-and-deploy-recovered-anastasia-cycle	Finalize, refresh adapter baseline, publish, and deploy	2026-08-23T08:02:28.0321990Z HEAD is now at 2169e678 Star Trek: publish Anastasia Komananov cycle
finalize-publish-and-deploy-recovered-anastasia-cycle	Finalize, refresh adapter baseline, publish, and deploy	2026-08-23T08:02:28.5970909Z star-trek-anastasia-komananov-cycle: PASS — exact Nana Visitor Kira-bodied Komananov performance custody, source-distinct verified media, default-hologram separation, unresolved maker functions, reviewed waterline closure, Queen predecessor custody, and later-cycle bounds are intact
finalize-publish-and-deploy-recovered-anastasia-cycle	Finalize, refresh adapter baseline, publish, and deploy	2026-08-23T08:02:28.9810704Z star-trek-queen-of-hearts-cycle: PASS — exact Majel Barrett animated voice performance custody, source-distinct verified media, physical and maker non-attribution, reviewed Maryl predecessor custody, and later-cycle bounds are intact
finalize-publish-and-deploy-recovered-anastasia-cycle	Finalize, refresh adapter baseline, publish, and deploy	2026-08-23T08:02:29.0176635Z PASS — undercast-thesis-rails@1; one task per cycle; 16 transition-only workflow stages fenced
finalize-publish-and-deploy-recovered-anastasia-cycle	Finalize, refresh adapter baseline, publish, and deploy	2026-08-23T08:02:29.9771017Z media audit star-trek: 954/954 complete (100.0%); verified=681 absent=273 review=0 attention=0
finalize-publish-and-deploy-recovered-anastasia-cycle	Finalize, refresh adapter baseline, publish, and deploy	2026-08-23T08:02:29.9772442Z   portrait: 477/477 complete; verified=257 absent=220 review=0 attention=0
finalize-publish-and-deploy-recovered-anastasia-cycle	Finalize, refresh adapter baseline, publish, and deploy	2026-08-23T08:02:29.9774111Z   still: 477/477 complete; verified=424 absent=53 review=0 attention=0
finalize-publish-and-deploy-recovered-anastasia-cycle	Finalize, refresh adapter baseline, publish, and deploy	2026-08-23T08:02:29.9775880Z PASS — star-trek exact-subject media baseline complete
finalize-publish-and-deploy-recovered-anastasia-cycle	Finalize, refresh adapter baseline, publish, and deploy	2026-08-23T08:02:30.1673722Z PASS — waterline state valid; star-trek phase=ready-for-cycle; claim=allowed
finalize-publish-and-deploy-recovered-anastasia-cycle	Finalize, refresh adapter baseline, publish, and deploy	2026-08-23T08:02:30.2902313Z {
finalize-publish-and-deploy-recovered-anastasia-cycle	Finalize, refresh adapter baseline, publish, and deploy	2026-08-23T08:02:30.2902861Z   "status": "PASS",
finalize-publish-and-deploy-recovered-anastasia-cycle	Finalize, refresh adapter baseline, publish, and deploy	2026-08-23T08:02:30.2903344Z   "mode": "collection-only",
finalize-publish-and-deploy-recovered-anastasia-cycle	Finalize, refresh adapter baseline, publish, and deploy	2026-08-23T08:02:30.2904180Z   "estates": 9,
finalize-publish-and-deploy-recovered-anastasia-cycle	Finalize, refresh adapter baseline, publish, and deploy	2026-08-23T08:02:30.2904598Z   "active": [
finalize-publish-and-deploy-recovered-anastasia-cycle	Finalize, refresh adapter baseline, publish, and deploy	2026-08-23T08:02:30.2904996Z     "star-trek",
finalize-publish-and-deploy-recovered-anastasia-cycle	Finalize, refresh adapter baseline, publish, and deploy	2026-08-23T08:02:30.2905360Z     "doctor-who"
finalize-publish-and-deploy-recovered-anastasia-cycle	Finalize, refresh adapter baseline, publish, and deploy	2026-08-23T08:02:30.2905707Z   ]
finalize-publish-and-deploy-recovered-anastasia-cycle	Finalize, refresh adapter baseline, publish, and deploy	2026-08-23T08:02:30.2906026Z }
finalize-publish-and-deploy-recovered-anastasia-cycle	Finalize, refresh adapter baseline, publish, and deploy	2026-08-23T08:02:31.5184274Z 
finalize-publish-and-deploy-recovered-anastasia-cycle	Finalize, refresh adapter baseline, publish, and deploy	2026-08-23T08:02:31.5185217Z UNDERCAST invariant gate — PASS
finalize-publish-and-deploy-recovered-anastasia-cycle	Finalize, refresh adapter baseline, publish, and deploy	2026-08-23T08:02:31.5187247Z   specimens: 1364  sources: 1364  image refs: 2033
finalize-publish-and-deploy-recovered-anastasia-cycle	Finalize, refresh adapter baseline, publish, and deploy	2026-08-23T08:02:31.5191272Z   profiles checked (30): schema.specimen, schema.source, schema.archive, schema.census_test, schema.census_manifest, schema.tombstones, schema.entities, schema.species_vocabulary, schema.species, schema.constellations, id.unique, ref.integrity, image.no_in_card_dup, image.crop_policy, image.no_cross_card_dup, sources.consistency, id.lifecycle, url.safety, claims.evidence, projection.consistency, media.consistency, entities.consistency, constellation.integrity, quality.non_regression, census.consistency, species.navigation_integrity, census.observation_freshness, census.ferengi_benchmark, contract.consistency, crawler.discovery
finalize-publish-and-deploy-recovered-anastasia-cycle	Finalize, refresh adapter baseline, publish, and deploy	2026-08-23T08:02:31.5195289Z   no invariant violations.
finalize-publish-and-deploy-recovered-anastasia-cycle	Finalize, refresh adapter baseline, publish, and deploy	2026-08-23T08:02:31.5195509Z 
finalize-publish-and-deploy-recovered-anastasia-cycle	Finalize, refresh adapter baseline, publish, and deploy	2026-08-23T08:02:31.5698402Z 
finalize-publish-and-deploy-recovered-anastasia-cycle	Finalize, refresh adapter baseline, publish, and deploy	2026-08-23T08:02:31.5699271Z >>> Validate canonical gate fixtures [gate-fixtures]
finalize-publish-and-deploy-recovered-anastasia-cycle	Finalize, refresh adapter baseline, publish, and deploy	2026-08-23T08:02:31.6715887Z 
finalize-publish-and-deploy-recovered-anastasia-cycle	Finalize, refresh adapter baseline, publish, and deploy	2026-08-23T08:02:31.6716695Z > undercast@0.1.0 gate:fixtures
finalize-publish-and-deploy-recovered-anastasia-cycle	Finalize, refresh adapter baseline, publish, and deploy	2026-08-23T08:02:31.6717415Z > node scripts/gate-fixtures.mjs
finalize-publish-and-deploy-recovered-anastasia-cycle	Finalize, refresh adapter baseline, publish, and deploy	2026-08-23T08:02:31.6717787Z 
finalize-publish-and-deploy-recovered-anastasia-cycle	Finalize, refresh adapter baseline, publish, and deploy	2026-08-23T08:02:31.7169721Z PASS runCommand reports non-zero process exit
finalize-publish-and-deploy-recovered-anastasia-cycle	Finalize, refresh adapter baseline, publish, and deploy	2026-08-23T08:02:31.7199867Z PASS runCommand reports command-start failure
finalize-publish-and-deploy-recovered-anastasia-cycle	Finalize, refresh adapter baseline, publish, and deploy	2026-08-23T08:02:31.7221822Z PASS route count works across paths containing spaces
finalize-publish-and-deploy-recovered-anastasia-cycle	Finalize, refresh adapter baseline, publish, and deploy	2026-08-23T08:02:31.7223265Z PASS expectedRouteCount is deterministic
finalize-publish-and-deploy-recovered-anastasia-cycle	Finalize, refresh adapter baseline, publish, and deploy	2026-08-23T08:02:31.7226044Z PASS route count refuses extra generated routes
finalize-publish-and-deploy-recovered-anastasia-cycle	Finalize, refresh adapter baseline, publish, and deploy	2026-08-23T08:02:31.7463245Z PASS dirty working tree is observable
finalize-publish-and-deploy-recovered-anastasia-cycle	Finalize, refresh adapter baseline, publish, and deploy	2026-08-23T08:02:31.7464843Z PASS canonical gate has one media-audit step
finalize-publish-and-deploy-recovered-anastasia-cycle	Finalize, refresh adapter baseline, publish, and deploy	2026-08-23T08:02:31.7466848Z PASS canonical gate keeps rendered step explicit
finalize-publish-and-deploy-recovered-anastasia-cycle	Finalize, refresh adapter baseline, publish, and deploy	2026-08-23T08:02:31.7469740Z PASS --from starts at exact step id
finalize-publish-and-deploy-recovered-anastasia-cycle	Finalize, refresh adapter baseline, publish, and deploy	2026-08-23T08:02:31.7470192Z PASS --skip-rendered removes only rendered work
finalize-publish-and-deploy-recovered-anastasia-cycle	Finalize, refresh adapter baseline, publish, and deploy	2026-08-23T08:02:31.7501510Z PASS unknown --from fails closed
finalize-publish-and-deploy-recovered-anastasia-cycle	Finalize, refresh adapter baseline, publish, and deploy	2026-08-23T08:02:31.7509166Z PASS canonical workflow fetches full immutable receipt history
finalize-publish-and-deploy-recovered-anastasia-cycle	Finalize, refresh adapter baseline, publish, and deploy	2026-08-23T08:02:31.7513004Z PASS Autopilot workflow fetches full immutable receipt history
finalize-publish-and-deploy-recovered-anastasia-cycle	Finalize, refresh adapter baseline, publish, and deploy	2026-08-23T08:02:31.7514148Z PASS Autopilot workflow keeps full history blob-lazy
finalize-publish-and-deploy-recovered-anastasia-cycle	Finalize, refresh adapter baseline, publish, and deploy	2026-08-23T08:02:31.8425902Z PASS publisher custody fixtures run inside canonical gate fixtures
finalize-publish-and-deploy-recovered-anastasia-cycle	Finalize, refresh adapter baseline, publish, and deploy	2026-08-23T08:02:31.8776627Z PASS publisher handoff file fixtures run inside canonical gate fixtures
finalize-publish-and-deploy-recovered-anastasia-cycle	Finalize, refresh adapter baseline, publish, and deploy	2026-08-23T08:02:31.9615794Z PASS publisher condition fixtures run inside canonical gate fixtures
finalize-publish-and-deploy-recovered-anastasia-cycle	Finalize, refresh adapter baseline, publish, and deploy	2026-08-23T08:02:32.0349767Z PASS publisher attempt artifact fixtures run inside canonical gate fixtures
finalize-publish-and-deploy-recovered-anastasia-cycle	Finalize, refresh adapter baseline, publish, and deploy	2026-08-23T08:02:32.1785548Z PASS publisher custody workflow scan runs inside canonical gate fixtures
finalize-publish-and-deploy-recovered-anastasia-cycle	Finalize, refresh adapter baseline, publish, and deploy	2026-08-23T08:02:32.3327972Z PASS publisher write-condition scan runs inside canonical gate fixtures
finalize-publish-and-deploy-recovered-anastasia-cycle	Finalize, refresh adapter baseline, publish, and deploy	2026-08-23T08:02:32.3328705Z 
finalize-publish-and-deploy-recovered-anastasia-cycle	Finalize, refresh adapter baseline, publish, and deploy	2026-08-23T08:02:32.3328940Z all gate fixtures pass
finalize-publish-and-deploy-recovered-anastasia-cycle	Finalize, refresh adapter baseline, publish, and deploy	2026-08-23T08:02:32.3487799Z <<< PASS gate-fixtures (0.8s)
finalize-publish-and-deploy-recovered-anastasia-cycle	Finalize, refresh adapter baseline, publish, and deploy	2026-08-23T08:02:32.3488097Z 
finalize-publish-and-deploy-recovered-anastasia-cycle	Finalize, refresh adapter baseline, publish, and deploy	2026-08-23T08:02:32.3488317Z >>> Verify package-lock consistency [lockfile]
finalize-publish-and-deploy-recovered-anastasia-cycle	Finalize, refresh adapter baseline, publish, and deploy	2026-08-23T08:02:32.6218012Z 
finalize-publish-and-deploy-recovered-anastasia-cycle	Finalize, refresh adapter baseline, publish, and deploy	2026-08-23T08:02:32.6218744Z up to date in 218ms
finalize-publish-and-deploy-recovered-anastasia-cycle	Finalize, refresh adapter baseline, publish, and deploy	2026-08-23T08:02:32.6220367Z 
finalize-publish-and-deploy-recovered-anastasia-cycle	Finalize, refresh adapter baseline, publish, and deploy	2026-08-23T08:02:32.6221677Z 1 package is looking for funding
finalize-publish-and-deploy-recovered-anastasia-cycle	Finalize, refresh adapter baseline, publish, and deploy	2026-08-23T08:02:32.6222583Z   run `npm fund` for details
finalize-publish-and-deploy-recovered-anastasia-cycle	Finalize, refresh adapter baseline, publish, and deploy	2026-08-23T08:02:32.6307518Z <<< PASS lockfile (0.3s)
finalize-publish-and-deploy-recovered-anastasia-cycle	Finalize, refresh adapter baseline, publish, and deploy	2026-08-23T08:02:32.6307858Z 
finalize-publish-and-deploy-recovered-anastasia-cycle	Finalize, refresh adapter baseline, publish, and deploy	2026-08-23T08:02:32.6308257Z >>> Rebuild projection and refuse drift [projections]
finalize-publish-and-deploy-recovered-anastasia-cycle	Finalize, refresh adapter baseline, publish, and deploy	2026-08-23T08:02:40.3080625Z 
finalize-publish-and-deploy-recovered-anastasia-cycle	Finalize, refresh adapter baseline, publish, and deploy	2026-08-23T08:02:40.3081700Z census: 6836 character rows, 3362 distinct performers
finalize-publish-and-deploy-recovered-anastasia-cycle	Finalize, refresh adapter baseline, publish, and deploy	2026-08-23T08:02:40.3083191Z coverage: 793/6658 performer-role credits on wall
finalize-publish-and-deploy-recovered-anastasia-cycle	Finalize, refresh adapter baseline, publish, and deploy	2026-08-23T08:02:40.3084530Z gaps: 5865 roles across 3048 performers -> data/CENSUS-GAPS.json
finalize-publish-and-deploy-recovered-anastasia-cycle	Finalize, refresh adapter baseline, publish, and deploy	2026-08-23T08:02:40.3089820Z top 20: Jerry Nelson(301), Nicholas Briggs(129), Richard Hunt(118), Joey Mazzarino(100), Martin P. Robinson(97), Frank Oz(92), Jim Henson(84), Kevin Clash(83), Dave Goelz(82), David Rudman(74), Fran Brill(69), Stephanie D'Abruzzo(67), Tyler Bunch(61), Leslie Carrara-Rudolph(49), Louise Gold(47), Steve Whitmire(47), Camille Bonora(45), Marc Thompson(42), Matt Vogel(40), Brian Muehl(28)
finalize-publish-and-deploy-recovered-anastasia-cycle	Finalize, refresh adapter baseline, publish, and deploy	2026-08-23T08:02:40.4113021Z Ferengi constellation: 70 named credits, 8 unresolved character pages, 122 nodes, 144 edges
finalize-publish-and-deploy-recovered-anastasia-cycle	Finalize, refresh adapter baseline, publish, and deploy	2026-08-23T08:02:40.5735195Z Ferengi benchmark: PASS; accounting: PASS — 78/78 source identities classified
finalize-publish-and-deploy-recovered-anastasia-cycle	Finalize, refresh adapter baseline, publish, and deploy	2026-08-23T08:02:40.5736526Z   covered 61; excluded 9; unresolved 8
finalize-publish-and-deploy-recovered-anastasia-cycle	Finalize, refresh adapter baseline, publish, and deploy	2026-08-23T08:02:40.5737365Z   exact-edge blockers: 0; wall coverage complete: yes
finalize-publish-and-deploy-recovered-anastasia-cycle	Finalize, refresh adapter baseline, publish, and deploy	2026-08-23T08:02:40.7042801Z built species navigation: Bajoran 26 primary cards / 116 named credits, Cardassian 34 primary cards / 62 named credits, Ferengi 51 primary cards / 70 named credits, Jem'Hadar 17 primary cards / 17 named credits, Klingon 80 primary cards / 191 named credits, Romulan 18 primary cards / 84 named credits, Tellarite 19 primary cards / 20 named credits, Vulcan 23 primary cards / 130 named credits
finalize-publish-and-deploy-recovered-anastasia-cycle	Finalize, refresh adapter baseline, publish, and deploy	2026-08-23T08:02:40.7615525Z DS9 Changeling constellation: 14 named credits, 1 unresolved, 28 nodes, 30 edges
finalize-publish-and-deploy-recovered-anastasia-cycle	Finalize, refresh adapter baseline, publish, and deploy	2026-08-23T08:02:40.9208191Z Ferengi benchmark: PASS; accounting: PASS — 78/78 source identities classified
finalize-publish-and-deploy-recovered-anastasia-cycle	Finalize, refresh adapter baseline, publish, and deploy	2026-08-23T08:02:40.9209533Z   covered 61; excluded 9; unresolved 8
finalize-publish-and-deploy-recovered-anastasia-cycle	Finalize, refresh adapter baseline, publish, and deploy	2026-08-23T08:02:40.9210237Z   exact-edge blockers: 0; wall coverage complete: yes
finalize-publish-and-deploy-recovered-anastasia-cycle	Finalize, refresh adapter baseline, publish, and deploy	2026-08-23T08:02:41.0144821Z sharded 1364 cards → 2 shard(s) (≤1000 each)
finalize-publish-and-deploy-recovered-anastasia-cycle	Finalize, refresh adapter baseline, publish, and deploy	2026-08-23T08:02:41.0147197Z   index.json 434KB (319 B/card) — loaded on boot
finalize-publish-and-deploy-recovered-anastasia-cycle	Finalize, refresh adapter baseline, publish, and deploy	2026-08-23T08:02:41.0148194Z   2 shard file(s), 1364 records total — loaded lazily
finalize-publish-and-deploy-recovered-anastasia-cycle	Finalize, refresh adapter baseline, publish, and deploy	2026-08-23T08:02:41.0149106Z   media-live.json: 1997 image(s) on Releases — loaded on boot (lean)
finalize-publish-and-deploy-recovered-anastasia-cycle	Finalize, refresh adapter baseline, publish, and deploy	2026-08-23T08:02:41.0150093Z   rebuild any time: node scripts/shard.mjs   (projections are disposable)
finalize-publish-and-deploy-recovered-anastasia-cycle	Finalize, refresh adapter baseline, publish, and deploy	2026-08-23T08:02:41.2629210Z built archive contract, 1164 performer credits, 190 makers, 36 search shards
finalize-publish-and-deploy-recovered-anastasia-cycle	Finalize, refresh adapter baseline, publish, and deploy	2026-08-23T08:02:41.3630978Z <<< PASS projections (8.7s)
finalize-publish-and-deploy-recovered-anastasia-cycle	Finalize, refresh adapter baseline, publish, and deploy	2026-08-23T08:02:41.3631493Z 
finalize-publish-and-deploy-recovered-anastasia-cycle	Finalize, refresh adapter baseline, publish, and deploy	2026-08-23T08:02:41.3632399Z >>> Validate truth-correction quality baseline custody [quality-baseline]
finalize-publish-and-deploy-recovered-anastasia-cycle	Finalize, refresh adapter baseline, publish, and deploy	2026-08-23T08:02:41.4131305Z PASS — zero-margin quality reset, exact 61-binding delta, unchanged non-media floors, future improvement, future regression, and receipt tamper rejection
finalize-publish-and-deploy-recovered-anastasia-cycle	Finalize, refresh adapter baseline, publish, and deploy	2026-08-23T08:02:41.4548193Z {
finalize-publish-and-deploy-recovered-anastasia-cycle	Finalize, refresh adapter baseline, publish, and deploy	2026-08-23T08:02:41.4548735Z   "mode": "receipted-v2",
finalize-publish-and-deploy-recovered-anastasia-cycle	Finalize, refresh adapter baseline, publish, and deploy	2026-08-23T08:02:41.4549105Z   "baseline": {
finalize-publish-and-deploy-recovered-anastasia-cycle	Finalize, refresh adapter baseline, publish, and deploy	2026-08-23T08:02:41.4549409Z     "version": 2,
finalize-publish-and-deploy-recovered-anastasia-cycle	Finalize, refresh adapter baseline, publish, and deploy	2026-08-23T08:02:41.4549779Z     "minimum_complete_pair_ratio": 0.516375,
finalize-publish-and-deploy-recovered-anastasia-cycle	Finalize, refresh adapter baseline, publish, and deploy	2026-08-23T08:02:41.4550275Z     "maximum_missing_both_ratio": 0.083016,
finalize-publish-and-deploy-recovered-anastasia-cycle	Finalize, refresh adapter baseline, publish, and deploy	2026-08-23T08:02:41.4550721Z     "minimum_known_maker_ratio": 0.53,
finalize-publish-and-deploy-recovered-anastasia-cycle	Finalize, refresh adapter baseline, publish, and deploy	2026-08-23T08:02:41.4551148Z     "minimum_claim_evidence_ratio": 0.01,
finalize-publish-and-deploy-recovered-anastasia-cycle	Finalize, refresh adapter baseline, publish, and deploy	2026-08-23T08:02:41.4551863Z     "reset_receipt": "data/review/estate-debt/COLLECT-001-QUALITY-BASELINE-RESET.json",
finalize-publish-and-deploy-recovered-anastasia-cycle	Finalize, refresh adapter baseline, publish, and deploy	2026-08-23T08:02:41.4553200Z     "reset_reason": "Exact reset to the truth-corrected state after 61 proven-wrong current-main media bindings were nulled; no regression margin was added."
finalize-publish-and-deploy-recovered-anastasia-cycle	Finalize, refresh adapter baseline, publish, and deploy	2026-08-23T08:02:41.4554341Z   },
finalize-publish-and-deploy-recovered-anastasia-cycle	Finalize, refresh adapter baseline, publish, and deploy	2026-08-23T08:02:41.4554608Z   "metrics": {
finalize-publish-and-deploy-recovered-anastasia-cycle	Finalize, refresh adapter baseline, publish, and deploy	2026-08-23T08:02:41.4554951Z     "complete_pairs": 778,
finalize-publish-and-deploy-recovered-anastasia-cycle	Finalize, refresh adapter baseline, publish, and deploy	2026-08-23T08:02:41.4555382Z     "complete_pair_ratio": 0.570381,
finalize-publish-and-deploy-recovered-anastasia-cycle	Finalize, refresh adapter baseline, publish, and deploy	2026-08-23T08:02:41.4555802Z     "missing_still": 342,
finalize-publish-and-deploy-recovered-anastasia-cycle	Finalize, refresh adapter baseline, publish, and deploy	2026-08-23T08:02:41.4556173Z     "missing_portrait": 353,
finalize-publish-and-deploy-recovered-anastasia-cycle	Finalize, refresh adapter baseline, publish, and deploy	2026-08-23T08:02:41.4556534Z     "missing_both": 109,
finalize-publish-and-deploy-recovered-anastasia-cycle	Finalize, refresh adapter baseline, publish, and deploy	2026-08-23T08:02:41.4556931Z     "missing_both_ratio": 0.079912,
finalize-publish-and-deploy-recovered-anastasia-cycle	Finalize, refresh adapter baseline, publish, and deploy	2026-08-23T08:02:41.4557336Z     "known_makers": 780,
finalize-publish-and-deploy-recovered-anastasia-cycle	Finalize, refresh adapter baseline, publish, and deploy	2026-08-23T08:02:41.4557738Z     "known_maker_ratio": 0.571848,
finalize-publish-and-deploy-recovered-anastasia-cycle	Finalize, refresh adapter baseline, publish, and deploy	2026-08-23T08:02:41.4558190Z     "records_with_claim_evidence": 489,
finalize-publish-and-deploy-recovered-anastasia-cycle	Finalize, refresh adapter baseline, publish, and deploy	2026-08-23T08:02:41.4558653Z     "claim_evidence_ratio": 0.358504
finalize-publish-and-deploy-recovered-anastasia-cycle	Finalize, refresh adapter baseline, publish, and deploy	2026-08-23T08:02:41.4559022Z   },
finalize-publish-and-deploy-recovered-anastasia-cycle	Finalize, refresh adapter baseline, publish, and deploy	2026-08-23T08:02:41.4559299Z   "receipt": {
finalize-publish-and-deploy-recovered-anastasia-cycle	Finalize, refresh adapter baseline, publish, and deploy	2026-08-23T08:02:41.4559602Z     "version": 1,
finalize-publish-and-deploy-recovered-anastasia-cycle	Finalize, refresh adapter baseline, publish, and deploy	2026-08-23T08:02:41.4559957Z     "transaction": "COLLECT-001",
finalize-publish-and-deploy-recovered-anastasia-cycle	Finalize, refresh adapter baseline, publish, and deploy	2026-08-23T08:02:41.4560512Z     "operation": "truth-correction-quality-rebaseline",
finalize-publish-and-deploy-recovered-anastasia-cycle	Finalize, refresh adapter baseline, publish, and deploy	2026-08-23T08:02:41.4561114Z     "generated_at": "2026-08-01T07:20:51Z",
finalize-publish-and-deploy-recovered-anastasia-cycle	Finalize, refresh adapter baseline, publish, and deploy	2026-08-23T08:02:41.4561603Z     "correction_report": {
finalize-publish-and-deploy-recovered-anastasia-cycle	Finalize, refresh adapter baseline, publish, and deploy	2026-08-23T08:02:41.4562231Z       "path": "data/review/estate-debt/COLLECT-001-KNOWN-MEDIA-CORRECTIONS-APPLY.json",
finalize-publish-and-deploy-recovered-anastasia-cycle	Finalize, refresh adapter baseline, publish, and deploy	2026-08-23T08:02:41.4563136Z       "sha256": "1990a1a85ae6ba77ee09174af6a3828b94df81477ec62e1a3dc225d794b0d52b"
finalize-publish-and-deploy-recovered-anastasia-cycle	Finalize, refresh adapter baseline, publish, and deploy	2026-08-23T08:02:41.4564089Z     },
finalize-publish-and-deploy-recovered-anastasia-cycle	Finalize, refresh adapter baseline, publish, and deploy	2026-08-23T08:02:41.4564693Z     "previous_quality": {
finalize-publish-and-deploy-recovered-anastasia-cycle	Finalize, refresh adapter baseline, publish, and deploy	2026-08-23T08:02:41.4565621Z       "sha256": "f8d0acdd07fd4c3c2fc1008533b0b61fd2fcf5e755062da23c20db60f94feac0",
finalize-publish-and-deploy-recovered-anastasia-cycle	Finalize, refresh adapter baseline, publish, and deploy	2026-08-23T08:02:41.4566145Z       "total": 1313
finalize-publish-and-deploy-recovered-anastasia-cycle	Finalize, refresh adapter baseline, publish, and deploy	2026-08-23T08:02:41.4566387Z     },
finalize-publish-and-deploy-recovered-anastasia-cycle	Finalize, refresh adapter baseline, publish, and deploy	2026-08-23T08:02:41.4566676Z     "corrected_quality_before_reset": {
finalize-publish-and-deploy-recovered-anastasia-cycle	Finalize, refresh adapter baseline, publish, and deploy	2026-08-23T08:02:41.4567028Z       "path": "data/quality.json",
finalize-publish-and-deploy-recovered-anastasia-cycle	Finalize, refresh adapter baseline, publish, and deploy	2026-08-23T08:02:41.4567670Z       "sha256": "3f29b80edfb6329996c48b6b78d01dde941cd6a07c30305a51dd36c6c473919f",
finalize-publish-and-deploy-recovered-anastasia-cycle	Finalize, refresh adapter baseline, publish, and deploy	2026-08-23T08:02:41.4568109Z       "total": 1313
finalize-publish-and-deploy-recovered-anastasia-cycle	Finalize, refresh adapter baseline, publish, and deploy	2026-08-23T08:02:41.4568373Z     },
finalize-publish-and-deploy-recovered-anastasia-cycle	Finalize, refresh adapter baseline, publish, and deploy	2026-08-23T08:02:41.4568692Z     "previous_baseline": {
finalize-publish-and-deploy-recovered-anastasia-cycle	Finalize, refresh adapter baseline, publish, and deploy	2026-08-23T08:02:41.4569020Z       "version": 1,
finalize-publish-and-deploy-recovered-anastasia-cycle	Finalize, refresh adapter baseline, publish, and deploy	2026-08-23T08:02:41.4569287Z       "minimum_complete_pair_ratio": 0.54,
finalize-publish-and-deploy-recovered-anastasia-cycle	Finalize, refresh adapter baseline, publish, and deploy	2026-08-23T08:02:41.4569624Z       "maximum_missing_both_ratio": 0.12,
finalize-publish-and-deploy-recovered-anastasia-cycle	Finalize, refresh adapter baseline, publish, and deploy	2026-08-23T08:02:41.4569948Z       "minimum_known_maker_ratio": 0.53,
finalize-publish-and-deploy-recovered-anastasia-cycle	Finalize, refresh adapter baseline, publish, and deploy	2026-08-23T08:02:41.4570271Z       "minimum_claim_evidence_ratio": 0.01
finalize-publish-and-deploy-recovered-anastasia-cycle	Finalize, refresh adapter baseline, publish, and deploy	2026-08-23T08:02:41.4570555Z     },
finalize-publish-and-deploy-recovered-anastasia-cycle	Finalize, refresh adapter baseline, publish, and deploy	2026-08-23T08:02:41.4570755Z     "new_baseline": {
finalize-publish-and-deploy-recovered-anastasia-cycle	Finalize, refresh adapter baseline, publish, and deploy	2026-08-23T08:02:41.4570991Z       "version": 2,
finalize-publish-and-deploy-recovered-anastasia-cycle	Finalize, refresh adapter baseline, publish, and deploy	2026-08-23T08:02:41.4571268Z       "minimum_complete_pair_ratio": 0.516375,
finalize-publish-and-deploy-recovered-anastasia-cycle	Finalize, refresh adapter baseline, publish, and deploy	2026-08-23T08:02:41.4571611Z       "maximum_missing_both_ratio": 0.083016,
finalize-publish-and-deploy-recovered-anastasia-cycle	Finalize, refresh adapter baseline, publish, and deploy	2026-08-23T08:02:41.4572522Z       "minimum_known_maker_ratio": 0.53,
finalize-publish-and-deploy-recovered-anastasia-cycle	Finalize, refresh adapter baseline, publish, and deploy	2026-08-23T08:02:41.4572937Z       "minimum_claim_evidence_ratio": 0.01,
finalize-publish-and-deploy-recovered-anastasia-cycle	Finalize, refresh adapter baseline, publish, and deploy	2026-08-23T08:02:41.4573719Z       "reset_receipt": "data/review/estate-debt/COLLECT-001-QUALITY-BASELINE-RESET.json",
finalize-publish-and-deploy-recovered-anastasia-cycle	Finalize, refresh adapter baseline, publish, and deploy	2026-08-23T08:02:41.4574937Z       "reset_reason": "Exact reset to the truth-corrected state after 61 proven-wrong current-main media bindings were nulled; no regression margin was added."
finalize-publish-and-deploy-recovered-anastasia-cycle	Finalize, refresh adapter baseline, publish, and deploy	2026-08-23T08:02:41.4575609Z     },
finalize-publish-and-deploy-recovered-anastasia-cycle	Finalize, refresh adapter baseline, publish, and deploy	2026-08-23T08:02:41.4575819Z     "before_metrics": {
finalize-publish-and-deploy-recovered-anastasia-cycle	Finalize, refresh adapter baseline, publish, and deploy	2026-08-23T08:02:41.4576076Z       "complete_pairs": 739,
finalize-publish-and-deploy-recovered-anastasia-cycle	Finalize, refresh adapter baseline, publish, and deploy	2026-08-23T08:02:41.4576367Z       "complete_pair_ratio": 0.562833,
finalize-publish-and-deploy-recovered-anastasia-cycle	Finalize, refresh adapter baseline, publish, and deploy	2026-08-23T08:02:41.4576657Z       "missing_still": 331,
finalize-publish-and-deploy-recovered-anastasia-cycle	Finalize, refresh adapter baseline, publish, and deploy	2026-08-23T08:02:41.4576933Z       "missing_portrait": 352,
finalize-publish-and-deploy-recovered-anastasia-cycle	Finalize, refresh adapter baseline, publish, and deploy	2026-08-23T08:02:41.4577197Z       "missing_both": 109,
finalize-publish-and-deploy-recovered-anastasia-cycle	Finalize, refresh adapter baseline, publish, and deploy	2026-08-23T08:02:41.4577468Z       "missing_both_ratio": 0.083016,
finalize-publish-and-deploy-recovered-anastasia-cycle	Finalize, refresh adapter baseline, publish, and deploy	2026-08-23T08:02:41.4577750Z       "known_makers": 767,
finalize-publish-and-deploy-recovered-anastasia-cycle	Finalize, refresh adapter baseline, publish, and deploy	2026-08-23T08:02:41.4578020Z       "known_maker_ratio": 0.584158,
finalize-publish-and-deploy-recovered-anastasia-cycle	Finalize, refresh adapter baseline, publish, and deploy	2026-08-23T08:02:41.4578332Z       "records_with_claim_evidence": 437,
finalize-publish-and-deploy-recovered-anastasia-cycle	Finalize, refresh adapter baseline, publish, and deploy	2026-08-23T08:02:41.4578653Z       "claim_evidence_ratio": 0.332826
finalize-publish-and-deploy-recovered-anastasia-cycle	Finalize, refresh adapter baseline, publish, and deploy	2026-08-23T08:02:41.4578912Z     },
finalize-publish-and-deploy-recovered-anastasia-cycle	Finalize, refresh adapter baseline, publish, and deploy	2026-08-23T08:02:41.4579113Z     "after_metrics": {
finalize-publish-and-deploy-recovered-anastasia-cycle	Finalize, refresh adapter baseline, publish, and deploy	2026-08-23T08:02:41.4579359Z       "complete_pairs": 678,
finalize-publish-and-deploy-recovered-anastasia-cycle	Finalize, refresh adapter baseline, publish, and deploy	2026-08-23T08:02:41.4579651Z       "complete_pair_ratio": 0.516375,
finalize-publish-and-deploy-recovered-anastasia-cycle	Finalize, refresh adapter baseline, publish, and deploy	2026-08-23T08:02:41.4579943Z       "missing_still": 388,
finalize-publish-and-deploy-recovered-anastasia-cycle	Finalize, refresh adapter baseline, publish, and deploy	2026-08-23T08:02:41.4580214Z       "missing_portrait": 356,
finalize-publish-and-deploy-recovered-anastasia-cycle	Finalize, refresh adapter baseline, publish, and deploy	2026-08-23T08:02:41.4580475Z       "missing_both": 109,
finalize-publish-and-deploy-recovered-anastasia-cycle	Finalize, refresh adapter baseline, publish, and deploy	2026-08-23T08:02:41.4580749Z       "missing_both_ratio": 0.083016,
finalize-publish-and-deploy-recovered-anastasia-cycle	Finalize, refresh adapter baseline, publish, and deploy	2026-08-23T08:02:41.4581023Z       "known_makers": 767,
finalize-publish-and-deploy-recovered-anastasia-cycle	Finalize, refresh adapter baseline, publish, and deploy	2026-08-23T08:02:41.4581297Z       "known_maker_ratio": 0.584158,
finalize-publish-and-deploy-recovered-anastasia-cycle	Finalize, refresh adapter baseline, publish, and deploy	2026-08-23T08:02:41.4581601Z       "records_with_claim_evidence": 437,
finalize-publish-and-deploy-recovered-anastasia-cycle	Finalize, refresh adapter baseline, publish, and deploy	2026-08-23T08:02:41.4581925Z       "claim_evidence_ratio": 0.332826
finalize-publish-and-deploy-recovered-anastasia-cycle	Finalize, refresh adapter baseline, publish, and deploy	2026-08-23T08:02:41.4582183Z     },
finalize-publish-and-deploy-recovered-anastasia-cycle	Finalize, refresh adapter baseline, publish, and deploy	2026-08-23T08:02:41.4582392Z     "authorized_delta": {
finalize-publish-and-deploy-recovered-anastasia-cycle	Finalize, refresh adapter baseline, publish, and deploy	2026-08-23T08:02:41.4582670Z       "corrected_bindings": 61,
finalize-publish-and-deploy-recovered-anastasia-cycle	Finalize, refresh adapter baseline, publish, and deploy	2026-08-23T08:02:41.4582967Z       "complete_pairs_removed": 61,
finalize-publish-and-deploy-recovered-anastasia-cycle	Finalize, refresh adapter baseline, publish, and deploy	2026-08-23T08:02:41.4583265Z       "missing_both_added": 0,
finalize-publish-and-deploy-recovered-anastasia-cycle	Finalize, refresh adapter baseline, publish, and deploy	2026-08-23T08:02:41.4583864Z       "missing_sides_added": 61
finalize-publish-and-deploy-recovered-anastasia-cycle	Finalize, refresh adapter baseline, publish, and deploy	2026-08-23T08:02:41.4584127Z     },
finalize-publish-and-deploy-recovered-anastasia-cycle	Finalize, refresh adapter baseline, publish, and deploy	2026-08-23T08:02:41.4584331Z     "invariants": {
finalize-publish-and-deploy-recovered-anastasia-cycle	Finalize, refresh adapter baseline, publish, and deploy	2026-08-23T08:02:41.4584634Z       "exact_corrected_state_becomes_floor": true,
finalize-publish-and-deploy-recovered-anastasia-cycle	Finalize, refresh adapter baseline, publish, and deploy	2026-08-23T08:02:41.4584976Z       "no_margin_added": true,
finalize-publish-and-deploy-recovered-anastasia-cycle	Finalize, refresh adapter baseline, publish, and deploy	2026-08-23T08:02:41.4585262Z       "maker_floor_unchanged": true,
finalize-publish-and-deploy-recovered-anastasia-cycle	Finalize, refresh adapter baseline, publish, and deploy	2026-08-23T08:02:41.4585585Z       "claim_evidence_floor_unchanged": true,
finalize-publish-and-deploy-recovered-anastasia-cycle	Finalize, refresh adapter baseline, publish, and deploy	2026-08-23T08:02:41.4585935Z       "future_pair_removal_fails_closed": true,
finalize-publish-and-deploy-recovered-anastasia-cycle	Finalize, refresh adapter baseline, publish, and deploy	2026-08-23T08:02:41.4586310Z       "future_missing_both_increase_fails_closed": true
finalize-publish-and-deploy-recovered-anastasia-cycle	Finalize, refresh adapter baseline, publish, and deploy	2026-08-23T08:02:41.4586622Z     }
finalize-publish-and-deploy-recovered-anastasia-cycle	Finalize, refresh adapter baseline, publish, and deploy	2026-08-23T08:02:41.4586841Z   }
finalize-publish-and-deploy-recovered-anastasia-cycle	Finalize, refresh adapter baseline, publish, and deploy	2026-08-23T08:02:41.4587056Z }
finalize-publish-and-deploy-recovered-anastasia-cycle	Finalize, refresh adapter baseline, publish, and deploy	2026-08-23T08:02:41.4591736Z <<< PASS quality-baseline (0.1s)
finalize-publish-and-deploy-recovered-anastasia-cycle	Finalize, refresh adapter baseline, publish, and deploy	2026-08-23T08:02:41.4594807Z 
finalize-publish-and-deploy-recovered-anastasia-cycle	Finalize, refresh adapter baseline, publish, and deploy	2026-08-23T08:02:41.4595178Z >>> Validate archive invariants [archive]
finalize-publish-and-deploy-recovered-anastasia-cycle	Finalize, refresh adapter baseline, publish, and deploy	2026-08-23T08:02:42.7076241Z 
finalize-publish-and-deploy-recovered-anastasia-cycle	Finalize, refresh adapter baseline, publish, and deploy	2026-08-23T08:02:42.7077515Z UNDERCAST invariant gate — PASS
finalize-publish-and-deploy-recovered-anastasia-cycle	Finalize, refresh adapter baseline, publish, and deploy	2026-08-23T08:02:42.7081047Z   specimens: 1364  sources: 1364  image refs: 2033
finalize-publish-and-deploy-recovered-anastasia-cycle	Finalize, refresh adapter baseline, publish, and deploy	2026-08-23T08:02:42.7085984Z   profiles checked (30): schema.specimen, schema.source, schema.archive, schema.census_test, schema.census_manifest, schema.tombstones, schema.entities, schema.species_vocabulary, schema.species, schema.constellations, id.unique, ref.integrity, image.no_in_card_dup, image.crop_policy, image.no_cross_card_dup, sources.consistency, id.lifecycle, url.safety, claims.evidence, projection.consistency, media.consistency, entities.consistency, constellation.integrity, quality.non_regression, census.consistency, species.navigation_integrity, census.observation_freshness, census.ferengi_benchmark, contract.consistency, crawler.discovery
finalize-publish-and-deploy-recovered-anastasia-cycle	Finalize, refresh adapter baseline, publish, and deploy	2026-08-23T08:02:42.7089672Z   no invariant violations.
finalize-publish-and-deploy-recovered-anastasia-cycle	Finalize, refresh adapter baseline, publish, and deploy	2026-08-23T08:02:42.7089873Z 
finalize-publish-and-deploy-recovered-anastasia-cycle	Finalize, refresh adapter baseline, publish, and deploy	2026-08-23T08:02:42.7285430Z <<< PASS archive (1.3s)
finalize-publish-and-deploy-recovered-anastasia-cycle	Finalize, refresh adapter baseline, publish, and deploy	2026-08-23T08:02:42.7285815Z 
finalize-publish-and-deploy-recovered-anastasia-cycle	Finalize, refresh adapter baseline, publish, and deploy	2026-08-23T08:02:42.7286478Z >>> Validate exact species wall and role-ledger semantics [species-fixtures]
finalize-publish-and-deploy-recovered-anastasia-cycle	Finalize, refresh adapter baseline, publish, and deploy	2026-08-23T08:02:42.8283054Z 
finalize-publish-and-deploy-recovered-anastasia-cycle	Finalize, refresh adapter baseline, publish, and deploy	2026-08-23T08:02:42.8284277Z > undercast@0.1.0 species:fixtures
finalize-publish-and-deploy-recovered-anastasia-cycle	Finalize, refresh adapter baseline, publish, and deploy	2026-08-23T08:02:42.9095053Z > node scripts/species-fixtures.mjs
finalize-publish-and-deploy-recovered-anastasia-cycle	Finalize, refresh adapter baseline, publish, and deploy	2026-08-23T08:02:42.9095527Z 
finalize-publish-and-deploy-recovered-anastasia-cycle	Finalize, refresh adapter baseline, publish, and deploy	2026-08-23T08:02:42.9096513Z PASS — Ferengi ledger is exact and saturation-safe: 51 cards, 1 named credits still unfiled
finalize-publish-and-deploy-recovered-anastasia-cycle	Finalize, refresh adapter baseline, publish, and deploy	2026-08-23T08:02:42.9266889Z <<< PASS species-fixtures (0.2s)
finalize-publish-and-deploy-recovered-anastasia-cycle	Finalize, refresh adapter baseline, publish, and deploy	2026-08-23T08:02:42.9267225Z 
finalize-publish-and-deploy-recovered-anastasia-cycle	Finalize, refresh adapter baseline, publish, and deploy	2026-08-23T08:02:42.9267502Z >>> Validate Autopilot queue and fixtures [autopilot]
finalize-publish-and-deploy-recovered-anastasia-cycle	Finalize, refresh adapter baseline, publish, and deploy	2026-08-23T08:02:43.6429383Z PASS — 6205 autopilot jobs, 7 scope contracts, state and certification contracts valid
finalize-publish-and-deploy-recovered-anastasia-cycle	Finalize, refresh adapter baseline, publish, and deploy	2026-08-23T08:02:43.7672115Z 
finalize-publish-and-deploy-recovered-anastasia-cycle	Finalize, refresh adapter baseline, publish, and deploy	2026-08-23T08:02:43.7672794Z > undercast@0.1.0 autopilot:fixtures
finalize-publish-and-deploy-recovered-anastasia-cycle	Finalize, refresh adapter baseline, publish, and deploy	2026-08-23T08:02:43.7680895Z > node scripts/autopilot-fixtures.mjs && node scripts/autopilot-capability-fixtures.mjs && node scripts/autopilot-certification-fixtures.mjs && node scripts/autopilot-cli-fixtures.mjs && node scripts/census-adapter-fixtures.mjs && node scripts/census-adapter.mjs check && node scripts/census-doctor-who-fixtures.mjs && node scripts/estate-certification-fixtures.mjs && node scripts/doctor-who-activation.mjs check && npm run doctor-who:pilot-cycle:check && npm run doctor-who:correction-drill:check && npm run star-trek:enwright-cycle:check && npm run doctor-who:cycle-002:check && npm run doctor-who:cycle-003:check && npm run doctor-who:cycle-004:check && npm run doctor-who:cycle-005:check && npm run doctor-who:cycle-006:check && npm run doctor-who:cycle-006:chronology:check && npm run doctor-who:cycle-007:check && npm run doctor-who:cycle-008:check && npm run doctor-who:cycle-009:check && npm run doctor-who:cycle-010:check && npm run doctor-who:cycle-011:check && npm run doctor-who:cycle-012:check && npm run doctor-who:cycle-013:check && npm run doctor-who:cycle-014:check && npm run doctor-who:cycle-015:check && npm run star-trek:lwaxana-eligibility-rejection:check && npm run star-trek:kzinti-flyer-cycle:check && npm run star-trek:lorot-cycle:check && npm run star-trek:maryl-cycle:check && npm run star-trek:queen-of-hearts-cycle:check && npm run star-trek:anastasia-komananov-cycle:check
finalize-publish-and-deploy-recovered-anastasia-cycle	Finalize, refresh adapter baseline, publish, and deploy	2026-08-23T08:02:43.7688106Z 
finalize-publish-and-deploy-recovered-anastasia-cycle	Finalize, refresh adapter baseline, publish, and deploy	2026-08-23T08:02:43.8415138Z PASS — autopilot queue, lease, submission, media closure, source-change, and retirement fixtures
finalize-publish-and-deploy-recovered-anastasia-cycle	Finalize, refresh adapter baseline, publish, and deploy	2026-08-23T08:02:43.9013250Z PASS — capability profiles skip incompatible tasks without mutating debt, bind reviewed selections, reject stale overrides, and protect lease provenance
finalize-publish-and-deploy-recovered-anastasia-cycle	Finalize, refresh adapter baseline, publish, and deploy	2026-08-23T08:02:44.0716162Z PASS — scope certification, producer drift, snapshot receipts, and lease-token fixtures
finalize-publish-and-deploy-recovered-anastasia-cycle	Finalize, refresh adapter baseline, publish, and deploy	2026-08-23T08:02:44.9774264Z PASS — CLI certification, capability-profile refusal and candidates, rolling-waterline refusal, due refresh, token rotation, stale-submit refusal, and durable draft receipts
finalize-publish-and-deploy-recovered-anastasia-cycle	Finalize, refresh adapter baseline, publish, and deploy	2026-08-23T08:02:45.0168764Z PASS — adapter linkage, exact revision custody, duplicate collapse, semantic-review boundary, and certification refusal
finalize-publish-and-deploy-recovered-anastasia-cycle	Finalize, refresh adapter baseline, publish, and deploy	2026-08-23T08:02:45.1470542Z adapter-sdk: PASS — 2 adapter contracts and exact baseline
finalize-publish-and-deploy-recovered-anastasia-cycle	Finalize, refresh adapter baseline, publish, and deploy	2026-08-23T08:02:45.1841303Z PASS — Doctor Who plain-text performer fields, exact target identity, mode custody, exclusions, and unresolved values
finalize-publish-and-deploy-recovered-anastasia-cycle	Finalize, refresh adapter baseline, publish, and deploy	2026-08-23T08:02:45.3512622Z PASS — Doctor Who composite custody: current active-corpus with 316 certified roles and retirement fixture valid without a current certificate
finalize-publish-and-deploy-recovered-anastasia-cycle	Finalize, refresh adapter baseline, publish, and deploy	2026-08-23T08:02:49.5109571Z activation: PASS — 316 Doctor Who activation roles historically bound; one Luna task leased at activation; live certified source refreshes allowed; second claim blocked
finalize-publish-and-deploy-recovered-anastasia-cycle	Finalize, refresh adapter baseline, publish, and deploy	2026-08-23T08:02:49.6617181Z 
finalize-publish-and-deploy-recovered-anastasia-cycle	Finalize, refresh adapter baseline, publish, and deploy	2026-08-23T08:02:49.6618007Z > undercast@0.1.0 doctor-who:pilot-cycle:check
finalize-publish-and-deploy-recovered-anastasia-cycle	Finalize, refresh adapter baseline, publish, and deploy	2026-08-23T08:02:49.6618664Z > node scripts/doctor-who-pilot-cycle.mjs
finalize-publish-and-deploy-recovered-anastasia-cycle	Finalize, refresh adapter baseline, publish, and deploy	2026-08-23T08:02:49.6618993Z 
finalize-publish-and-deploy-recovered-anastasia-cycle	Finalize, refresh adapter baseline, publish, and deploy	2026-08-23T08:02:50.0681888Z doctor-who-pilot-cycle: PASS — immutable 04551b140022c7b733b0290e10c7e40905aabc76 pilot evidence, content-addressed waterline and claim custody, one historical first-cycle lease, scope-bound pilot media, two honest absences, and no live-state pins
finalize-publish-and-deploy-recovered-anastasia-cycle	Finalize, refresh adapter baseline, publish, and deploy	2026-08-23T08:02:50.1813665Z 
finalize-publish-and-deploy-recovered-anastasia-cycle	Finalize, refresh adapter baseline, publish, and deploy	2026-08-23T08:02:50.1814275Z > undercast@0.1.0 doctor-who:correction-drill:check
finalize-publish-and-deploy-recovered-anastasia-cycle	Finalize, refresh adapter baseline, publish, and deploy	2026-08-23T08:02:50.1814888Z > node scripts/doctor-who-correction-drill.mjs
finalize-publish-and-deploy-recovered-anastasia-cycle	Finalize, refresh adapter baseline, publish, and deploy	2026-08-23T08:02:50.1815143Z 
finalize-publish-and-deploy-recovered-anastasia-cycle	Finalize, refresh adapter baseline, publish, and deploy	2026-08-23T08:02:54.5296088Z doctor-who-correction-drill: PASS — exact base:path Git-object custody, reconstructed drill-time evidence, Commander/Slite separation, scope-bound pilot proof, one globally bounded active or resolved receipt-pending lease group, future certified refreshes and corrections, and separately reviewed roadmap completion
finalize-publish-and-deploy-recovered-anastasia-cycle	Finalize, refresh adapter baseline, publish, and deploy	2026-08-23T08:02:54.7451316Z 
finalize-publish-and-deploy-recovered-anastasia-cycle	Finalize, refresh adapter baseline, publish, and deploy	2026-08-23T08:02:54.7452190Z > undercast@0.1.0 star-trek:enwright-cycle:check
finalize-publish-and-deploy-recovered-anastasia-cycle	Finalize, refresh adapter baseline, publish, and deploy	2026-08-23T08:02:54.7452806Z > node scripts/star-trek-enwright-cycle.mjs
finalize-publish-and-deploy-recovered-anastasia-cycle	Finalize, refresh adapter baseline, publish, and deploy	2026-08-23T08:02:54.7453061Z 
finalize-publish-and-deploy-recovered-anastasia-cycle	Finalize, refresh adapter baseline, publish, and deploy	2026-08-23T08:02:54.9221780Z star-trek-enwright-cycle: PASS — exact persisted lease, voice-only modality correction, source, canonical, media, queue, cycle, and publication custody are intact
finalize-publish-and-deploy-recovered-anastasia-cycle	Finalize, refresh adapter baseline, publish, and deploy	2026-08-23T08:02:55.0338124Z 
finalize-publish-and-deploy-recovered-anastasia-cycle	Finalize, refresh adapter baseline, publish, and deploy	2026-08-23T08:02:55.0338813Z > undercast@0.1.0 doctor-who:cycle-002:check
finalize-publish-and-deploy-recovered-anastasia-cycle	Finalize, refresh adapter baseline, publish, and deploy	2026-08-23T08:02:55.0339352Z > node scripts/doctor-who-cycle-002.mjs
finalize-publish-and-deploy-recovered-anastasia-cycle	Finalize, refresh adapter baseline, publish, and deploy	2026-08-23T08:02:55.0339598Z 
finalize-publish-and-deploy-recovered-anastasia-cycle	Finalize, refresh adapter baseline, publish, and deploy	2026-08-23T08:02:55.2002088Z doctor-who-cycle-002: PASS — exact Gredd claim, source, canonical, verified portrait, honest still absence, cycle, receipt, and historical two-claim custody are intact
finalize-publish-and-deploy-recovered-anastasia-cycle	Finalize, refresh adapter baseline, publish, and deploy	2026-08-23T08:02:55.3179742Z 
finalize-publish-and-deploy-recovered-anastasia-cycle	Finalize, refresh adapter baseline, publish, and deploy	2026-08-23T08:02:55.3180601Z > undercast@0.1.0 doctor-who:cycle-003:check
finalize-publish-and-deploy-recovered-anastasia-cycle	Finalize, refresh adapter baseline, publish, and deploy	2026-08-23T08:02:55.3181478Z > node scripts/doctor-who-cycle-003.mjs
finalize-publish-and-deploy-recovered-anastasia-cycle	Finalize, refresh adapter baseline, publish, and deploy	2026-08-23T08:02:55.3181885Z 
finalize-publish-and-deploy-recovered-anastasia-cycle	Finalize, refresh adapter baseline, publish, and deploy	2026-08-23T08:02:55.6669390Z doctor-who-cycle-003: PASS — exact Jask claim, physical-prosthetic adjudication, source, canonical record, independent portrait, honest still absence, cycle, receipt, and historical three-claim custody are intact
finalize-publish-and-deploy-recovered-anastasia-cycle	Finalize, refresh adapter baseline, publish, and deploy	2026-08-23T08:02:55.7824630Z 
finalize-publish-and-deploy-recovered-anastasia-cycle	Finalize, refresh adapter baseline, publish, and deploy	2026-08-23T08:02:55.7825239Z > undercast@0.1.0 doctor-who:cycle-004:check
finalize-publish-and-deploy-recovered-anastasia-cycle	Finalize, refresh adapter baseline, publish, and deploy	2026-08-23T08:02:55.7825861Z > node scripts/doctor-who-cycle-004-still-correction.mjs
finalize-publish-and-deploy-recovered-anastasia-cycle	Finalize, refresh adapter baseline, publish, and deploy	2026-08-23T08:02:55.7826201Z 
finalize-publish-and-deploy-recovered-anastasia-cycle	Finalize, refresh adapter baseline, publish, and deploy	2026-08-23T08:02:56.2926069Z doctor-who-cycle-004-still-correction: PASS — immutable correction-time custody, exact Jask media, and adversarially proved future-cycle composability are intact
finalize-publish-and-deploy-recovered-anastasia-cycle	Finalize, refresh adapter baseline, publish, and deploy	2026-08-23T08:02:56.4121855Z 
finalize-publish-and-deploy-recovered-anastasia-cycle	Finalize, refresh adapter baseline, publish, and deploy	2026-08-23T08:02:56.4122549Z > undercast@0.1.0 doctor-who:cycle-005:check
finalize-publish-and-deploy-recovered-anastasia-cycle	Finalize, refresh adapter baseline, publish, and deploy	2026-08-23T08:02:56.4123083Z > node scripts/doctor-who-cycle-005.mjs
finalize-publish-and-deploy-recovered-anastasia-cycle	Finalize, refresh adapter baseline, publish, and deploy	2026-08-23T08:02:56.4123375Z 
finalize-publish-and-deploy-recovered-anastasia-cycle	Finalize, refresh adapter baseline, publish, and deploy	2026-08-23T08:02:56.7602407Z doctor-who-cycle-005: PASS — exact Kaarsh voice claim, source, canonical record, verified still, reviewed cycle, and cycle-004 checker composability custody are intact
finalize-publish-and-deploy-recovered-anastasia-cycle	Finalize, refresh adapter baseline, publish, and deploy	2026-08-23T08:02:56.8757299Z 
finalize-publish-and-deploy-recovered-anastasia-cycle	Finalize, refresh adapter baseline, publish, and deploy	2026-08-23T08:02:56.8758131Z > undercast@0.1.0 doctor-who:cycle-006:check
finalize-publish-and-deploy-recovered-anastasia-cycle	Finalize, refresh adapter baseline, publish, and deploy	2026-08-23T08:02:56.8758969Z > node scripts/doctor-who-cycle-006.mjs
finalize-publish-and-deploy-recovered-anastasia-cycle	Finalize, refresh adapter baseline, publish, and deploy	2026-08-23T08:02:56.8759385Z 
finalize-publish-and-deploy-recovered-anastasia-cycle	Finalize, refresh adapter baseline, publish, and deploy	2026-08-23T08:02:57.2215677Z doctor-who-cycle-006: PASS — exact Kayste voice claim, source, canonical record, verified performer portrait, honest character-still absence, reviewed cycle, and cycle-005 custody are intact
finalize-publish-and-deploy-recovered-anastasia-cycle	Finalize, refresh adapter baseline, publish, and deploy	2026-08-23T08:02:57.3374795Z 
finalize-publish-and-deploy-recovered-anastasia-cycle	Finalize, refresh adapter baseline, publish, and deploy	2026-08-23T08:02:57.3375539Z > undercast@0.1.0 doctor-who:cycle-006:chronology:check
finalize-publish-and-deploy-recovered-anastasia-cycle	Finalize, refresh adapter baseline, publish, and deploy	2026-08-23T08:02:57.3376145Z > node scripts/doctor-who-cycle-006-chronology-composable.mjs
finalize-publish-and-deploy-recovered-anastasia-cycle	Finalize, refresh adapter baseline, publish, and deploy	2026-08-23T08:02:57.3376457Z 
finalize-publish-and-deploy-recovered-anastasia-cycle	Finalize, refresh adapter baseline, publish, and deploy	2026-08-23T08:02:57.6833737Z doctor-who cycle 006 candidate chronology composability: PASS
finalize-publish-and-deploy-recovered-anastasia-cycle	Finalize, refresh adapter baseline, publish, and deploy	2026-08-23T08:02:57.6834645Z {
finalize-publish-and-deploy-recovered-anastasia-cycle	Finalize, refresh adapter baseline, publish, and deploy	2026-08-23T08:02:57.6835585Z   "chronology_floor_main": "f5e6919cfcb0491e2a62c64935a6d689b66b27c1",
finalize-publish-and-deploy-recovered-anastasia-cycle	Finalize, refresh adapter baseline, publish, and deploy	2026-08-23T08:02:57.6836619Z   "original_checker": "scripts/doctor-who-cycle-006-chronology.mjs",
finalize-publish-and-deploy-recovered-anastasia-cycle	Finalize, refresh adapter baseline, publish, and deploy	2026-08-23T08:02:57.6837854Z   "original_receipt": "data/review/adapter-sdk/doctor-who-cycle-006-candidate-chronology.json",
finalize-publish-and-deploy-recovered-anastasia-cycle	Finalize, refresh adapter baseline, publish, and deploy	2026-08-23T08:02:57.6839213Z   "receipt": "data/review/adapter-sdk/doctor-who-cycle-006-candidate-chronology-composability.json",
finalize-publish-and-deploy-recovered-anastasia-cycle	Finalize, refresh adapter baseline, publish, and deploy	2026-08-23T08:02:57.6839948Z   "task_id": "ap_c8e74653ac0877837814db21",
finalize-publish-and-deploy-recovered-anastasia-cycle	Finalize, refresh adapter baseline, publish, and deploy	2026-08-23T08:02:57.6840507Z   "wrapper": "scripts/doctor-who-cycle-006-chronology-composable.mjs"
finalize-publish-and-deploy-recovered-anastasia-cycle	Finalize, refresh adapter baseline, publish, and deploy	2026-08-23T08:02:57.6840917Z }
finalize-publish-and-deploy-recovered-anastasia-cycle	Finalize, refresh adapter baseline, publish, and deploy	2026-08-23T08:02:57.8160303Z 
finalize-publish-and-deploy-recovered-anastasia-cycle	Finalize, refresh adapter baseline, publish, and deploy	2026-08-23T08:02:57.8161406Z > undercast@0.1.0 doctor-who:cycle-007:check
finalize-publish-and-deploy-recovered-anastasia-cycle	Finalize, refresh adapter baseline, publish, and deploy	2026-08-23T08:02:57.8161944Z > node scripts/doctor-who-cycle-007.mjs
finalize-publish-and-deploy-recovered-anastasia-cycle	Finalize, refresh adapter baseline, publish, and deploy	2026-08-23T08:02:57.8162210Z 
finalize-publish-and-deploy-recovered-anastasia-cycle	Finalize, refresh adapter baseline, publish, and deploy	2026-08-23T08:02:58.1631737Z doctor-who-cycle-007: PASS — exact Kragar physical-prosthetic claim, source, canonical record, exact verified still, honest portrait absence, cycle, receipt, and historical seven-claim custody are intact
finalize-publish-and-deploy-recovered-anastasia-cycle	Finalize, refresh adapter baseline, publish, and deploy	2026-08-23T08:02:58.2831875Z 
finalize-publish-and-deploy-recovered-anastasia-cycle	Finalize, refresh adapter baseline, publish, and deploy	2026-08-23T08:02:58.2832683Z > undercast@0.1.0 doctor-who:cycle-008:check
finalize-publish-and-deploy-recovered-anastasia-cycle	Finalize, refresh adapter baseline, publish, and deploy	2026-08-23T08:02:58.2833964Z > node scripts/doctor-who-cycle-008.mjs
finalize-publish-and-deploy-recovered-anastasia-cycle	Finalize, refresh adapter baseline, publish, and deploy	2026-08-23T08:02:58.2834414Z 
finalize-publish-and-deploy-recovered-anastasia-cycle	Finalize, refresh adapter baseline, publish, and deploy	2026-08-23T08:03:00.0744633Z doctor-who-cycle-008: PASS — immutable Kreg, composability-v1, and composability-v2 custody are preserved; one later Doctor Who task is composable across leased, drafted, merged, or audited resolved-pending custody; adversarial transition, receipt, media-review, reopen, denominator, duplicate, orphan, pre-boundary, and multi-pending fixtures are refused
finalize-publish-and-deploy-recovered-anastasia-cycle	Finalize, refresh adapter baseline, publish, and deploy	2026-08-23T08:03:00.2307193Z 
finalize-publish-and-deploy-recovered-anastasia-cycle	Finalize, refresh adapter baseline, publish, and deploy	2026-08-23T08:03:00.2308066Z > undercast@0.1.0 doctor-who:cycle-009:check
finalize-publish-and-deploy-recovered-anastasia-cycle	Finalize, refresh adapter baseline, publish, and deploy	2026-08-23T08:03:00.2308876Z > node scripts/doctor-who-cycle-009.mjs
finalize-publish-and-deploy-recovered-anastasia-cycle	Finalize, refresh adapter baseline, publish, and deploy	2026-08-23T08:03:00.2309275Z 
finalize-publish-and-deploy-recovered-anastasia-cycle	Finalize, refresh adapter baseline, publish, and deploy	2026-08-23T08:03:00.3949223Z doctor-who-cycle-009: PASS — immutable Megnus Jaka custody, exact historical checker, and later receipted registry composability are intact
finalize-publish-and-deploy-recovered-anastasia-cycle	Finalize, refresh adapter baseline, publish, and deploy	2026-08-23T08:03:00.5064088Z 
finalize-publish-and-deploy-recovered-anastasia-cycle	Finalize, refresh adapter baseline, publish, and deploy	2026-08-23T08:03:00.5065187Z > undercast@0.1.0 doctor-who:cycle-010:check
finalize-publish-and-deploy-recovered-anastasia-cycle	Finalize, refresh adapter baseline, publish, and deploy	2026-08-23T08:03:00.5065766Z > node scripts/doctor-who-cycle-010.mjs
finalize-publish-and-deploy-recovered-anastasia-cycle	Finalize, refresh adapter baseline, publish, and deploy	2026-08-23T08:03:00.5066021Z 
finalize-publish-and-deploy-recovered-anastasia-cycle	Finalize, refresh adapter baseline, publish, and deploy	2026-08-23T08:03:00.6706590Z doctor-who-cycle-010: PASS — immutable Merx custody, exact historical checker, and later receipted registry composability are intact
finalize-publish-and-deploy-recovered-anastasia-cycle	Finalize, refresh adapter baseline, publish, and deploy	2026-08-23T08:03:00.7808179Z 
finalize-publish-and-deploy-recovered-anastasia-cycle	Finalize, refresh adapter baseline, publish, and deploy	2026-08-23T08:03:00.7808941Z > undercast@0.1.0 doctor-who:cycle-011:check
finalize-publish-and-deploy-recovered-anastasia-cycle	Finalize, refresh adapter baseline, publish, and deploy	2026-08-23T08:03:00.7809753Z > node scripts/doctor-who-cycle-011.mjs
finalize-publish-and-deploy-recovered-anastasia-cycle	Finalize, refresh adapter baseline, publish, and deploy	2026-08-23T08:03:00.7810156Z 
finalize-publish-and-deploy-recovered-anastasia-cycle	Finalize, refresh adapter baseline, publish, and deploy	2026-08-23T08:03:00.9424979Z doctor-who-cycle-011: PASS — immutable Rastel custody and one later receipted Doctor Who cycle are composable; cycle 013 remains unauthorized
finalize-publish-and-deploy-recovered-anastasia-cycle	Finalize, refresh adapter baseline, publish, and deploy	2026-08-23T08:03:01.0554323Z 
finalize-publish-and-deploy-recovered-anastasia-cycle	Finalize, refresh adapter baseline, publish, and deploy	2026-08-23T08:03:01.0555060Z > undercast@0.1.0 doctor-who:cycle-012:check
finalize-publish-and-deploy-recovered-anastasia-cycle	Finalize, refresh adapter baseline, publish, and deploy	2026-08-23T08:03:01.0555730Z > node scripts/doctor-who-cycle-012-014-composable.mjs 012
finalize-publish-and-deploy-recovered-anastasia-cycle	Finalize, refresh adapter baseline, publish, and deploy	2026-08-23T08:03:01.0556093Z 
finalize-publish-and-deploy-recovered-anastasia-cycle	Finalize, refresh adapter baseline, publish, and deploy	2026-08-23T08:03:02.8931540Z doctor-who-cycle-012-composable: PASS — immutable cycle 012 checker and receipt custody survive the current registry, all later Doctor Who claims remain bounded, and cycle 015 remains the current reviewed floor
finalize-publish-and-deploy-recovered-anastasia-cycle	Finalize, refresh adapter baseline, publish, and deploy	2026-08-23T08:03:03.0018373Z 
finalize-publish-and-deploy-recovered-anastasia-cycle	Finalize, refresh adapter baseline, publish, and deploy	2026-08-23T08:03:03.0019436Z > undercast@0.1.0 doctor-who:cycle-013:check
finalize-publish-and-deploy-recovered-anastasia-cycle	Finalize, refresh adapter baseline, publish, and deploy	2026-08-23T08:03:03.0020418Z > node scripts/doctor-who-cycle-012-014-composable.mjs 013
finalize-publish-and-deploy-recovered-anastasia-cycle	Finalize, refresh adapter baseline, publish, and deploy	2026-08-23T08:03:03.0020947Z 
finalize-publish-and-deploy-recovered-anastasia-cycle	Finalize, refresh adapter baseline, publish, and deploy	2026-08-23T08:03:04.8352271Z doctor-who-cycle-013-composable: PASS — immutable cycle 013 checker and receipt custody survive the current registry, all later Doctor Who claims remain bounded, and cycle 015 remains the current reviewed floor
finalize-publish-and-deploy-recovered-anastasia-cycle	Finalize, refresh adapter baseline, publish, and deploy	2026-08-23T08:03:04.9448314Z 
finalize-publish-and-deploy-recovered-anastasia-cycle	Finalize, refresh adapter baseline, publish, and deploy	2026-08-23T08:03:04.9449111Z > undercast@0.1.0 doctor-who:cycle-014:check
finalize-publish-and-deploy-recovered-anastasia-cycle	Finalize, refresh adapter baseline, publish, and deploy	2026-08-23T08:03:04.9450130Z > node scripts/doctor-who-cycle-012-014-composable.mjs 014
finalize-publish-and-deploy-recovered-anastasia-cycle	Finalize, refresh adapter baseline, publish, and deploy	2026-08-23T08:03:04.9450649Z 
finalize-publish-and-deploy-recovered-anastasia-cycle	Finalize, refresh adapter baseline, publish, and deploy	2026-08-23T08:03:06.7634228Z doctor-who-cycle-014-composable: PASS — immutable cycle 014 checker and receipt custody survive the current registry, all later Doctor Who claims remain bounded, and cycle 015 remains the current reviewed floor
finalize-publish-and-deploy-recovered-anastasia-cycle	Finalize, refresh adapter baseline, publish, and deploy	2026-08-23T08:03:06.8706946Z 
finalize-publish-and-deploy-recovered-anastasia-cycle	Finalize, refresh adapter baseline, publish, and deploy	2026-08-23T08:03:06.8707636Z > undercast@0.1.0 doctor-who:cycle-015:check
finalize-publish-and-deploy-recovered-anastasia-cycle	Finalize, refresh adapter baseline, publish, and deploy	2026-08-23T08:03:06.8708332Z > node scripts/doctor-who-cycle-015.mjs
finalize-publish-and-deploy-recovered-anastasia-cycle	Finalize, refresh adapter baseline, publish, and deploy	2026-08-23T08:03:06.8708579Z 
finalize-publish-and-deploy-recovered-anastasia-cycle	Finalize, refresh adapter baseline, publish, and deploy	2026-08-23T08:03:07.0364965Z doctor-who-cycle-015: PASS — exact Skar voice custody, exact character depiction, neutral performer portrait, unresolved vocal and maker boundary, reviewed waterline closure, cycle-014 custody, and later-cycle composability are intact
finalize-publish-and-deploy-recovered-anastasia-cycle	Finalize, refresh adapter baseline, publish, and deploy	2026-08-23T08:03:07.1469792Z 
finalize-publish-and-deploy-recovered-anastasia-cycle	Finalize, refresh adapter baseline, publish, and deploy	2026-08-23T08:03:07.1471316Z > undercast@0.1.0 star-trek:lwaxana-eligibility-rejection:check
finalize-publish-and-deploy-recovered-anastasia-cycle	Finalize, refresh adapter baseline, publish, and deploy	2026-08-23T08:03:07.1472203Z > node scripts/star-trek-lwaxana-eligibility-rejection-composable.mjs
finalize-publish-and-deploy-recovered-anastasia-cycle	Finalize, refresh adapter baseline, publish, and deploy	2026-08-23T08:03:07.1472975Z 
finalize-publish-and-deploy-recovered-anastasia-cycle	Finalize, refresh adapter baseline, publish, and deploy	2026-08-23T08:03:08.6692008Z HEAD is now at 0fbf773e Star Trek: reject Lwaxana Troi eligibility cycle
finalize-publish-and-deploy-recovered-anastasia-cycle	Finalize, refresh adapter baseline, publish, and deploy	2026-08-23T08:03:08.6693698Z Preparing worktree (detached HEAD 0fbf773e)
finalize-publish-and-deploy-recovered-anastasia-cycle	Finalize, refresh adapter baseline, publish, and deploy	2026-08-23T08:03:08.6694402Z Updating files:  50% (2189/4351)
finalize-publish-and-deploy-recovered-anastasia-cycle	Finalize, refresh adapter baseline, publish, and deploy	2026-08-23T08:03:08.6695096Z Updating files:  51% (2220/4351)
finalize-publish-and-deploy-recovered-anastasia-cycle	Finalize, refresh adapter baseline, publish, and deploy	2026-08-23T08:03:08.6695461Z Updating files:  52% (2263/4351)
finalize-publish-and-deploy-recovered-anastasia-cycle	Finalize, refresh adapter baseline, publish, and deploy	2026-08-23T08:03:08.6695792Z Updating files:  53% (2307/4351)
finalize-publish-and-deploy-recovered-anastasia-cycle	Finalize, refresh adapter baseline, publish, and deploy	2026-08-23T08:03:08.6696096Z Updating files:  54% (2350/4351)
finalize-publish-and-deploy-recovered-anastasia-cycle	Finalize, refresh adapter baseline, publish, and deploy	2026-08-23T08:03:08.6696396Z Updating files:  55% (2394/4351)
finalize-publish-and-deploy-recovered-anastasia-cycle	Finalize, refresh adapter baseline, publish, and deploy	2026-08-23T08:03:08.6696695Z Updating files:  56% (2437/4351)
finalize-publish-and-deploy-recovered-anastasia-cycle	Finalize, refresh adapter baseline, publish, and deploy	2026-08-23T08:03:08.6696997Z Updating files:  57% (2481/4351)
finalize-publish-and-deploy-recovered-anastasia-cycle	Finalize, refresh adapter baseline, publish, and deploy	2026-08-23T08:03:08.6697303Z Updating files:  58% (2524/4351)
finalize-publish-and-deploy-recovered-anastasia-cycle	Finalize, refresh adapter baseline, publish, and deploy	2026-08-23T08:03:08.6697600Z Updating files:  59% (2568/4351)
finalize-publish-and-deploy-recovered-anastasia-cycle	Finalize, refresh adapter baseline, publish, and deploy	2026-08-23T08:03:08.6697898Z Updating files:  60% (2611/4351)
finalize-publish-and-deploy-recovered-anastasia-cycle	Finalize, refresh adapter baseline, publish, and deploy	2026-08-23T08:03:08.6698189Z Updating files:  61% (2655/4351)
finalize-publish-and-deploy-recovered-anastasia-cycle	Finalize, refresh adapter baseline, publish, and deploy	2026-08-23T08:03:08.6698499Z Updating files:  62% (2698/4351)
finalize-publish-and-deploy-recovered-anastasia-cycle	Finalize, refresh adapter baseline, publish, and deploy	2026-08-23T08:03:08.6698797Z Updating files:  63% (2742/4351)
finalize-publish-and-deploy-recovered-anastasia-cycle	Finalize, refresh adapter baseline, publish, and deploy	2026-08-23T08:03:08.6699147Z Updating files:  64% (2785/4351)
finalize-publish-and-deploy-recovered-anastasia-cycle	Finalize, refresh adapter baseline, publish, and deploy	2026-08-23T08:03:08.6699451Z Updating files:  65% (2829/4351)
finalize-publish-and-deploy-recovered-anastasia-cycle	Finalize, refresh adapter baseline, publish, and deploy	2026-08-23T08:03:08.6699748Z Updating files:  66% (2872/4351)
finalize-publish-and-deploy-recovered-anastasia-cycle	Finalize, refresh adapter baseline, publish, and deploy	2026-08-23T08:03:08.6700058Z Updating files:  67% (2916/4351)
finalize-publish-and-deploy-recovered-anastasia-cycle	Finalize, refresh adapter baseline, publish, and deploy	2026-08-23T08:03:08.6700354Z Updating files:  68% (2959/4351)
finalize-publish-and-deploy-recovered-anastasia-cycle	Finalize, refresh adapter baseline, publish, and deploy	2026-08-23T08:03:08.6700647Z Updating files:  69% (3003/4351)
finalize-publish-and-deploy-recovered-anastasia-cycle	Finalize, refresh adapter baseline, publish, and deploy	2026-08-23T08:03:08.6700947Z Updating files:  70% (3046/4351)
finalize-publish-and-deploy-recovered-anastasia-cycle	Finalize, refresh adapter baseline, publish, and deploy	2026-08-23T08:03:08.6701244Z Updating files:  71% (3090/4351)
finalize-publish-and-deploy-recovered-anastasia-cycle	Finalize, refresh adapter baseline, publish, and deploy	2026-08-23T08:03:08.6701564Z Updating files:  72% (3133/4351)
finalize-publish-and-deploy-recovered-anastasia-cycle	Finalize, refresh adapter baseline, publish, and deploy	2026-08-23T08:03:08.6701877Z Updating files:  73% (3177/4351)
finalize-publish-and-deploy-recovered-anastasia-cycle	Finalize, refresh adapter baseline, publish, and deploy	2026-08-23T08:03:08.6702185Z Updating files:  74% (3220/4351)
finalize-publish-and-deploy-recovered-anastasia-cycle	Finalize, refresh adapter baseline, publish, and deploy	2026-08-23T08:03:08.6702493Z Updating files:  75% (3264/4351)
finalize-publish-and-deploy-recovered-anastasia-cycle	Finalize, refresh adapter baseline, publish, and deploy	2026-08-23T08:03:08.6702799Z Updating files:  76% (3307/4351)
finalize-publish-and-deploy-recovered-anastasia-cycle	Finalize, refresh adapter baseline, publish, and deploy	2026-08-23T08:03:08.6703100Z Updating files:  77% (3351/4351)
finalize-publish-and-deploy-recovered-anastasia-cycle	Finalize, refresh adapter baseline, publish, and deploy	2026-08-23T08:03:08.6703398Z Updating files:  78% (3394/4351)
finalize-publish-and-deploy-recovered-anastasia-cycle	Finalize, refresh adapter baseline, publish, and deploy	2026-08-23T08:03:08.6703956Z Updating files:  79% (3438/4351)
finalize-publish-and-deploy-recovered-anastasia-cycle	Finalize, refresh adapter baseline, publish, and deploy	2026-08-23T08:03:08.6704262Z Updating files:  80% (3481/4351)
finalize-publish-and-deploy-recovered-anastasia-cycle	Finalize, refresh adapter baseline, publish, and deploy	2026-08-23T08:03:08.6704564Z Updating files:  81% (3525/4351)
finalize-publish-and-deploy-recovered-anastasia-cycle	Finalize, refresh adapter baseline, publish, and deploy	2026-08-23T08:03:08.6704863Z Updating files:  82% (3568/4351)
finalize-publish-and-deploy-recovered-anastasia-cycle	Finalize, refresh adapter baseline, publish, and deploy	2026-08-23T08:03:08.6705156Z Updating files:  83% (3612/4351)
finalize-publish-and-deploy-recovered-anastasia-cycle	Finalize, refresh adapter baseline, publish, and deploy	2026-08-23T08:03:08.6705465Z Updating files:  84% (3655/4351)
finalize-publish-and-deploy-recovered-anastasia-cycle	Finalize, refresh adapter baseline, publish, and deploy	2026-08-23T08:03:08.6705760Z Updating files:  85% (3699/4351)
finalize-publish-and-deploy-recovered-anastasia-cycle	Finalize, refresh adapter baseline, publish, and deploy	2026-08-23T08:03:08.6706061Z Updating files:  86% (3742/4351)
finalize-publish-and-deploy-recovered-anastasia-cycle	Finalize, refresh adapter baseline, publish, and deploy	2026-08-23T08:03:08.6706365Z Updating files:  87% (3786/4351)
finalize-publish-and-deploy-recovered-anastasia-cycle	Finalize, refresh adapter baseline, publish, and deploy	2026-08-23T08:03:08.6706663Z Updating files:  88% (3829/4351)
finalize-publish-and-deploy-recovered-anastasia-cycle	Finalize, refresh adapter baseline, publish, and deploy	2026-08-23T08:03:08.6706969Z Updating files:  89% (3873/4351)
finalize-publish-and-deploy-recovered-anastasia-cycle	Finalize, refresh adapter baseline, publish, and deploy	2026-08-23T08:03:08.6707303Z Updating files:  90% (3916/4351)
finalize-publish-and-deploy-recovered-anastasia-cycle	Finalize, refresh adapter baseline, publish, and deploy	2026-08-23T08:03:08.6707687Z Updating files:  91% (3960/4351)
finalize-publish-and-deploy-recovered-anastasia-cycle	Finalize, refresh adapter baseline, publish, and deploy	2026-08-23T08:03:08.6708078Z Updating files:  92% (4003/4351)
finalize-publish-and-deploy-recovered-anastasia-cycle	Finalize, refresh adapter baseline, publish, and deploy	2026-08-23T08:03:08.6708401Z Updating files:  93% (4047/4351)
finalize-publish-and-deploy-recovered-anastasia-cycle	Finalize, refresh adapter baseline, publish, and deploy	2026-08-23T08:03:08.6708702Z Updating files:  94% (4090/4351)
finalize-publish-and-deploy-recovered-anastasia-cycle	Finalize, refresh adapter baseline, publish, and deploy	2026-08-23T08:03:08.6709005Z Updating files:  95% (4134/4351)
finalize-publish-and-deploy-recovered-anastasia-cycle	Finalize, refresh adapter baseline, publish, and deploy	2026-08-23T08:03:08.6709305Z Updating files:  96% (4177/4351)
finalize-publish-and-deploy-recovered-anastasia-cycle	Finalize, refresh adapter baseline, publish, and deploy	2026-08-23T08:03:08.6709595Z Updating files:  97% (4221/4351)
finalize-publish-and-deploy-recovered-anastasia-cycle	Finalize, refresh adapter baseline, publish, and deploy	2026-08-23T08:03:08.6709895Z Updating files:  98% (4264/4351)
finalize-publish-and-deploy-recovered-anastasia-cycle	Finalize, refresh adapter baseline, publish, and deploy	2026-08-23T08:03:08.6710190Z Updating files:  99% (4308/4351)
finalize-publish-and-deploy-recovered-anastasia-cycle	Finalize, refresh adapter baseline, publish, and deploy	2026-08-23T08:03:08.6710487Z Updating files: 100% (4351/4351)
finalize-publish-and-deploy-recovered-anastasia-cycle	Finalize, refresh adapter baseline, publish, and deploy	2026-08-23T08:03:08.6710821Z Updating files: 100% (4351/4351), done.
finalize-publish-and-deploy-recovered-anastasia-cycle	Finalize, refresh adapter baseline, publish, and deploy	2026-08-23T08:03:11.8464356Z star-trek-lwaxana-eligibility-rejection: PASS — exact Lwaxana task rejection, aborted-cycle closure, unchanged wall and media ledgers, no designed-face or maker inference, immutable Kukulkan product custody, and later-cycle bounds are intact
finalize-publish-and-deploy-recovered-anastasia-cycle	Finalize, refresh adapter baseline, publish, and deploy	2026-08-23T08:03:12.1622882Z star-trek-kzinti-flyer-cycle: PASS — exact Kzinti Flyer voice custody, exact independent character and performer media, no physical, animation, processing, or maker promotion, separate Kukulkan, Kol-Tai, Karl Four, Domar, Chuft-Captain, Cadmar, Cheeron, and Ari bn Bem custody, reviewed waterline closure, immutable Lwaxana eligibility-rejection predecessor custody, and later-cycle bounds are intact
finalize-publish-and-deploy-recovered-anastasia-cycle	Finalize, refresh adapter baseline, publish, and deploy	2026-08-23T08:03:12.1627552Z star-trek-lwaxana-eligibility-rejection-composable: PASS — the immutable no-card Lwaxana rejection passes at its exact product while UC-1391 is validly reused by the reviewed Kzinti Flyer successor
finalize-publish-and-deploy-recovered-anastasia-cycle	Finalize, refresh adapter baseline, publish, and deploy	2026-08-23T08:03:12.2702068Z 
finalize-publish-and-deploy-recovered-anastasia-cycle	Finalize, refresh adapter baseline, publish, and deploy	2026-08-23T08:03:12.2702930Z > undercast@0.1.0 star-trek:kzinti-flyer-cycle:check
finalize-publish-and-deploy-recovered-anastasia-cycle	Finalize, refresh adapter baseline, publish, and deploy	2026-08-23T08:03:12.2703785Z > node scripts/star-trek-kzinti-flyer-cycle.mjs
finalize-publish-and-deploy-recovered-anastasia-cycle	Finalize, refresh adapter baseline, publish, and deploy	2026-08-23T08:03:12.2704102Z 
finalize-publish-and-deploy-recovered-anastasia-cycle	Finalize, refresh adapter baseline, publish, and deploy	2026-08-23T08:03:12.4430187Z star-trek-kzinti-flyer-cycle: PASS — exact Kzinti Flyer voice custody, exact independent character and performer media, no physical, animation, processing, or maker promotion, separate Kukulkan, Kol-Tai, Karl Four, Domar, Chuft-Captain, Cadmar, Cheeron, and Ari bn Bem custody, reviewed waterline closure, immutable Lwaxana eligibility-rejection predecessor custody, and later-cycle bounds are intact
finalize-publish-and-deploy-recovered-anastasia-cycle	Finalize, refresh adapter baseline, publish, and deploy	2026-08-23T08:03:12.5541638Z 
finalize-publish-and-deploy-recovered-anastasia-cycle	Finalize, refresh adapter baseline, publish, and deploy	2026-08-23T08:03:12.5542355Z > undercast@0.1.0 star-trek:lorot-cycle:check
finalize-publish-and-deploy-recovered-anastasia-cycle	Finalize, refresh adapter baseline, publish, and deploy	2026-08-23T08:03:12.5543062Z > node scripts/star-trek-lorot-cycle.mjs
finalize-publish-and-deploy-recovered-anastasia-cycle	Finalize, refresh adapter baseline, publish, and deploy	2026-08-23T08:03:12.5543429Z 
finalize-publish-and-deploy-recovered-anastasia-cycle	Finalize, refresh adapter baseline, publish, and deploy	2026-08-23T08:03:12.6847287Z 
finalize-publish-and-deploy-recovered-anastasia-cycle	Finalize, refresh adapter baseline, publish, and deploy	2026-08-23T08:03:12.6847897Z > undercast@0.1.0 star-trek:maryl-cycle:check
finalize-publish-and-deploy-recovered-anastasia-cycle	Finalize, refresh adapter baseline, publish, and deploy	2026-08-23T08:03:12.6848448Z > node scripts/star-trek-maryl-cycle.mjs
finalize-publish-and-deploy-recovered-anastasia-cycle	Finalize, refresh adapter baseline, publish, and deploy	2026-08-23T08:03:12.6848751Z 
finalize-publish-and-deploy-recovered-anastasia-cycle	Finalize, refresh adapter baseline, publish, and deploy	2026-08-23T08:03:12.8782068Z star-trek-maryl-cycle: PASS — exact Jeri Ryan Maryl-through-Seven performance custody, Erica Mer reflection separation, source-distinct verified media, unresolved maker functions, reviewed waterline closure, Lorot predecessor custody, and later-cycle bounds are intact
finalize-publish-and-deploy-recovered-anastasia-cycle	Finalize, refresh adapter baseline, publish, and deploy	2026-08-23T08:03:12.9884591Z 
finalize-publish-and-deploy-recovered-anastasia-cycle	Finalize, refresh adapter baseline, publish, and deploy	2026-08-23T08:03:12.9885505Z > undercast@0.1.0 star-trek:queen-of-hearts-cycle:check
finalize-publish-and-deploy-recovered-anastasia-cycle	Finalize, refresh adapter baseline, publish, and deploy	2026-08-23T08:03:12.9886135Z > node scripts/star-trek-queen-of-hearts-cycle.mjs
finalize-publish-and-deploy-recovered-anastasia-cycle	Finalize, refresh adapter baseline, publish, and deploy	2026-08-23T08:03:12.9886442Z 
finalize-publish-and-deploy-recovered-anastasia-cycle	Finalize, refresh adapter baseline, publish, and deploy	2026-08-23T08:03:13.3620967Z star-trek-queen-of-hearts-cycle: PASS — exact Majel Barrett animated voice performance custody, source-distinct verified media, physical and maker non-attribution, reviewed Maryl predecessor custody, and later-cycle bounds are intact
finalize-publish-and-deploy-recovered-anastasia-cycle	Finalize, refresh adapter baseline, publish, and deploy	2026-08-23T08:03:13.4708368Z 
finalize-publish-and-deploy-recovered-anastasia-cycle	Finalize, refresh adapter baseline, publish, and deploy	2026-08-23T08:03:13.4709300Z > undercast@0.1.0 star-trek:anastasia-komananov-cycle:check
finalize-publish-and-deploy-recovered-anastasia-cycle	Finalize, refresh adapter baseline, publish, and deploy	2026-08-23T08:03:13.4710096Z > node scripts/star-trek-anastasia-komananov-cycle.mjs
finalize-publish-and-deploy-recovered-anastasia-cycle	Finalize, refresh adapter baseline, publish, and deploy	2026-08-23T08:03:13.4710456Z 
finalize-publish-and-deploy-recovered-anastasia-cycle	Finalize, refresh adapter baseline, publish, and deploy	2026-08-23T08:03:14.0144473Z star-trek-anastasia-komananov-cycle: PASS — exact Nana Visitor Kira-bodied Komananov performance custody, source-distinct verified media, default-hologram separation, unresolved maker functions, reviewed waterline closure, Queen predecessor custody, and later-cycle bounds are intact
finalize-publish-and-deploy-recovered-anastasia-cycle	Finalize, refresh adapter baseline, publish, and deploy	2026-08-23T08:03:14.0348407Z <<< PASS autopilot (31.1s)
finalize-publish-and-deploy-recovered-anastasia-cycle	Finalize, refresh adapter baseline, publish, and deploy	2026-08-23T08:03:14.0348815Z 
finalize-publish-and-deploy-recovered-anastasia-cycle	Finalize, refresh adapter baseline, publish, and deploy	2026-08-23T08:03:14.0349183Z >>> Validate roadmap and next-work contract [roadmap]
finalize-publish-and-deploy-recovered-anastasia-cycle	Finalize, refresh adapter baseline, publish, and deploy	2026-08-23T08:03:14.1406321Z 
finalize-publish-and-deploy-recovered-anastasia-cycle	Finalize, refresh adapter baseline, publish, and deploy	2026-08-23T08:03:14.1407020Z > undercast@0.1.0 roadmap
finalize-publish-and-deploy-recovered-anastasia-cycle	Finalize, refresh adapter baseline, publish, and deploy	2026-08-23T08:03:14.1407724Z > node scripts/roadmap.mjs validate
finalize-publish-and-deploy-recovered-anastasia-cycle	Finalize, refresh adapter baseline, publish, and deploy	2026-08-23T08:03:14.1408107Z 
finalize-publish-and-deploy-recovered-anastasia-cycle	Finalize, refresh adapter baseline, publish, and deploy	2026-08-23T08:03:14.1806719Z PASS — 12 milestones, 7 adoption stages, 7 scale triggers, all playbooks present, reversible owner-decision custody active, and zero owner physical or local execution gates
finalize-publish-and-deploy-recovered-anastasia-cycle	Finalize, refresh adapter baseline, publish, and deploy	2026-08-23T08:03:14.2907764Z 
finalize-publish-and-deploy-recovered-anastasia-cycle	Finalize, refresh adapter baseline, publish, and deploy	2026-08-23T08:03:14.2908609Z > undercast@0.1.0 roadmap:fixtures
finalize-publish-and-deploy-recovered-anastasia-cycle	Finalize, refresh adapter baseline, publish, and deploy	2026-08-23T08:03:14.2909434Z > node scripts/roadmap-fixtures.mjs
finalize-publish-and-deploy-recovered-anastasia-cycle	Finalize, refresh adapter baseline, publish, and deploy	2026-08-23T08:03:14.2909828Z 
finalize-publish-and-deploy-recovered-anastasia-cycle	Finalize, refresh adapter baseline, publish, and deploy	2026-08-23T08:03:14.3307688Z PASS — roadmap DAG, exact playbooks, authority, triggers, reversible owner-decision custody, append-only completion receipts, and no owner physical or local execution gates
finalize-publish-and-deploy-recovered-anastasia-cycle	Finalize, refresh adapter baseline, publish, and deploy	2026-08-23T08:03:14.4420998Z 
finalize-publish-and-deploy-recovered-anastasia-cycle	Finalize, refresh adapter baseline, publish, and deploy	2026-08-23T08:03:14.4421746Z > undercast@0.1.0 roadmap
finalize-publish-and-deploy-recovered-anastasia-cycle	Finalize, refresh adapter baseline, publish, and deploy	2026-08-23T08:03:14.4422314Z > node scripts/roadmap.mjs next --limit 1 --json
finalize-publish-and-deploy-recovered-anastasia-cycle	Finalize, refresh adapter baseline, publish, and deploy	2026-08-23T08:03:14.4422633Z 
finalize-publish-and-deploy-recovered-anastasia-cycle	Finalize, refresh adapter baseline, publish, and deploy	2026-08-23T08:03:14.4819398Z [
finalize-publish-and-deploy-recovered-anastasia-cycle	Finalize, refresh adapter baseline, publish, and deploy	2026-08-23T08:03:14.4819980Z   {
finalize-publish-and-deploy-recovered-anastasia-cycle	Finalize, refresh adapter baseline, publish, and deploy	2026-08-23T08:03:14.4820636Z     "id": "adapter-sdk-and-second-gold-shard",
finalize-publish-and-deploy-recovered-anastasia-cycle	Finalize, refresh adapter baseline, publish, and deploy	2026-08-23T08:03:14.4821379Z     "seq": 3,
finalize-publish-and-deploy-recovered-anastasia-cycle	Finalize, refresh adapter baseline, publish, and deploy	2026-08-23T08:03:14.4821927Z     "window": "2027 H1",
finalize-publish-and-deploy-recovered-anastasia-cycle	Finalize, refresh adapter baseline, publish, and deploy	2026-08-23T08:03:14.4822787Z     "authority": "second-desk",
finalize-publish-and-deploy-recovered-anastasia-cycle	Finalize, refresh adapter baseline, publish, and deploy	2026-08-23T08:03:14.4823174Z     "deps": [
finalize-publish-and-deploy-recovered-anastasia-cycle	Finalize, refresh adapter baseline, publish, and deploy	2026-08-23T08:03:14.4823790Z       "star-trek-gold-shard",
finalize-publish-and-deploy-recovered-anastasia-cycle	Finalize, refresh adapter baseline, publish, and deploy	2026-08-23T08:03:14.4824285Z       "operational-reliability"
finalize-publish-and-deploy-recovered-anastasia-cycle	Finalize, refresh adapter baseline, publish, and deploy	2026-08-23T08:03:14.4824677Z     ],
finalize-publish-and-deploy-recovered-anastasia-cycle	Finalize, refresh adapter baseline, publish, and deploy	2026-08-23T08:03:14.4824980Z     "decisions": [],
finalize-publish-and-deploy-recovered-anastasia-cycle	Finalize, refresh adapter baseline, publish, and deploy	2026-08-23T08:03:14.4825490Z     "triggers": [],
finalize-publish-and-deploy-recovered-anastasia-cycle	Finalize, refresh adapter baseline, publish, and deploy	2026-08-23T08:03:14.4826117Z     "guide": "docs/ROADMAP-PLAYBOOKS.md#adapter-sdk-and-second-gold-shard",
finalize-publish-and-deploy-recovered-anastasia-cycle	Finalize, refresh adapter baseline, publish, and deploy	2026-08-23T08:03:14.4827066Z     "state": "ready",
finalize-publish-and-deploy-recovered-anastasia-cycle	Finalize, refresh adapter baseline, publish, and deploy	2026-08-23T08:03:14.4827452Z     "reasons": [],
finalize-publish-and-deploy-recovered-anastasia-cycle	Finalize, refresh adapter baseline, publish, and deploy	2026-08-23T08:03:14.4827793Z     "missing_decisions": [],
finalize-publish-and-deploy-recovered-anastasia-cycle	Finalize, refresh adapter baseline, publish, and deploy	2026-08-23T08:03:14.4835703Z     "playbook": "## adapter-sdk-and-second-gold-shard\n\n**Turn one-off crawlers into a certified adapter SDK**  \n**Forecast:** 2027 H1  \n**Authority:** second-desk  \n**Dependencies:** star-trek-gold-shard, operational-reliability\n\nMake new shows a repeatable evidence-adapter exercise rather than a bespoke corpus rewrite, then prove the contract on one second gold shard.\n\n### Build sequence\n\n1. Extract a closed adapter contract and adversarial fixture kit.\n2. Add certification/revocation bound to producer hashes.\n3. Choose a second shard by source quality, default candidate Doctor Who.\n4. Run full regeneration, semantic review, Luna pilot, media audit, and correction drill.\n5. Document source migration and deprecation.\n\n### Acceptance proof\n\n- versioned adapter contract\n- second scope independently certified\n- scope refresh/lease isolation\n- revocation blocks new leases\n- certified_scopes >= 2\n\n### Do not\n\n- copying Trek assumptions\n- fixture-only activation\n- person-shape as identity proof\n\n### Outcome metrics\n\n- `certified_scopes`\n- `source_freshness_p95_days`\n- `scope_coverage_ratio`\n- `cost_per_verified_record_usd`",
finalize-publish-and-deploy-recovered-anastasia-cycle	Finalize, refresh adapter baseline, publish, and deploy	2026-08-23T08:03:14.4841302Z     "execution": {
finalize-publish-and-deploy-recovered-anastasia-cycle	Finalize, refresh adapter baseline, publish, and deploy	2026-08-23T08:03:14.4841784Z       "policy": "no-user-physical-dependency",
finalize-publish-and-deploy-recovered-anastasia-cycle	Finalize, refresh adapter baseline, publish, and deploy	2026-08-23T08:03:14.4842194Z       "owner_contribution": "conversation-only",
finalize-publish-and-deploy-recovered-anastasia-cycle	Finalize, refresh adapter baseline, publish, and deploy	2026-08-23T08:03:14.4856528Z       "owner_execution_required": false,
finalize-publish-and-deploy-recovered-anastasia-cycle	Finalize, refresh adapter baseline, publish, and deploy	2026-08-23T08:03:14.4857338Z       "unavailable_evidence": "record-unproven-and-continue",
finalize-publish-and-deploy-recovered-anastasia-cycle	Finalize, refresh adapter baseline, publish, and deploy	2026-08-23T08:03:14.4858338Z       "missing_owner_decision": "continue-reversible-work-with-evidence-based-default",
finalize-publish-and-deploy-recovered-anastasia-cycle	Finalize, refresh adapter baseline, publish, and deploy	2026-08-23T08:03:14.4859356Z       "irreversible_without_authority": "hold-only-that-action",
finalize-publish-and-deploy-recovered-anastasia-cycle	Finalize, refresh adapter baseline, publish, and deploy	2026-08-23T08:03:14.4860119Z       "milestone": "adapter-sdk-and-second-gold-shard",
finalize-publish-and-deploy-recovered-anastasia-cycle	Finalize, refresh adapter baseline, publish, and deploy	2026-08-23T08:03:14.4860661Z       "state": "ready",
finalize-publish-and-deploy-recovered-anastasia-cycle	Finalize, refresh adapter baseline, publish, and deploy	2026-08-23T08:03:14.4861185Z       "execution_scope": "full-within-authority",
finalize-publish-and-deploy-recovered-anastasia-cycle	Finalize, refresh adapter baseline, publish, and deploy	2026-08-23T08:03:14.4861763Z       "reversible_work_eligible": false,
finalize-publish-and-deploy-recovered-anastasia-cycle	Finalize, refresh adapter baseline, publish, and deploy	2026-08-23T08:03:14.4862316Z       "reversible_work": [],
finalize-publish-and-deploy-recovered-anastasia-cycle	Finalize, refresh adapter baseline, publish, and deploy	2026-08-23T08:03:14.4862803Z       "held_decisions": [],
finalize-publish-and-deploy-recovered-anastasia-cycle	Finalize, refresh adapter baseline, publish, and deploy	2026-08-23T08:03:14.4863268Z       "held_actions": []
finalize-publish-and-deploy-recovered-anastasia-cycle	Finalize, refresh adapter baseline, publish, and deploy	2026-08-23T08:03:14.4863900Z     }
finalize-publish-and-deploy-recovered-anastasia-cycle	Finalize, refresh adapter baseline, publish, and deploy	2026-08-23T08:03:14.4864252Z   }
finalize-publish-and-deploy-recovered-anastasia-cycle	Finalize, refresh adapter baseline, publish, and deploy	2026-08-23T08:03:14.4864578Z ]
finalize-publish-and-deploy-recovered-anastasia-cycle	Finalize, refresh adapter baseline, publish, and deploy	2026-08-23T08:03:14.4935581Z <<< PASS roadmap (0.5s)
finalize-publish-and-deploy-recovered-anastasia-cycle	Finalize, refresh adapter baseline, publish, and deploy	2026-08-23T08:03:14.4935843Z 
finalize-publish-and-deploy-recovered-anastasia-cycle	Finalize, refresh adapter baseline, publish, and deploy	2026-08-23T08:03:14.4936211Z >>> Validate collection-only operations and estate registry [collection-mode]
finalize-publish-and-deploy-recovered-anastasia-cycle	Finalize, refresh adapter baseline, publish, and deploy	2026-08-23T08:03:14.5936146Z 
finalize-publish-and-deploy-recovered-anastasia-cycle	Finalize, refresh adapter baseline, publish, and deploy	2026-08-23T08:03:14.5936839Z > undercast@0.1.0 corpus:fixtures
finalize-publish-and-deploy-recovered-anastasia-cycle	Finalize, refresh adapter baseline, publish, and deploy	2026-08-23T08:03:14.5938007Z > node scripts/corpus-ops-fixtures.mjs && node scripts/correction-fixtures.mjs && node scripts/corrections.mjs check
finalize-publish-and-deploy-recovered-anastasia-cycle	Finalize, refresh adapter baseline, publish, and deploy	2026-08-23T08:03:14.5938763Z 
finalize-publish-and-deploy-recovered-anastasia-cycle	Finalize, refresh adapter baseline, publish, and deploy	2026-08-23T08:03:14.6269206Z corpus operations fixtures: PASS
finalize-publish-and-deploy-recovered-anastasia-cycle	Finalize, refresh adapter baseline, publish, and deploy	2026-08-23T08:03:14.6701234Z PASS — correction privacy, evidence hashes, chronology, independent review, disposition authority, public history, exercise boundary, and null-preserving metrics
finalize-publish-and-deploy-recovered-anastasia-cycle	Finalize, refresh adapter baseline, publish, and deploy	2026-08-23T08:03:14.7089991Z corrections: PASS — production ledger and controlled exercise are current
finalize-publish-and-deploy-recovered-anastasia-cycle	Finalize, refresh adapter baseline, publish, and deploy	2026-08-23T08:03:14.8151799Z 
finalize-publish-and-deploy-recovered-anastasia-cycle	Finalize, refresh adapter baseline, publish, and deploy	2026-08-23T08:03:14.8152482Z > undercast@0.1.0 corpus
finalize-publish-and-deploy-recovered-anastasia-cycle	Finalize, refresh adapter baseline, publish, and deploy	2026-08-23T08:03:14.8153119Z > node scripts/corpus-ops.mjs validate
finalize-publish-and-deploy-recovered-anastasia-cycle	Finalize, refresh adapter baseline, publish, and deploy	2026-08-23T08:03:14.8153425Z 
finalize-publish-and-deploy-recovered-anastasia-cycle	Finalize, refresh adapter baseline, publish, and deploy	2026-08-23T08:03:14.9292552Z {
finalize-publish-and-deploy-recovered-anastasia-cycle	Finalize, refresh adapter baseline, publish, and deploy	2026-08-23T08:03:14.9293232Z   "status": "PASS",
finalize-publish-and-deploy-recovered-anastasia-cycle	Finalize, refresh adapter baseline, publish, and deploy	2026-08-23T08:03:14.9294203Z   "mode": "collection-only",
finalize-publish-and-deploy-recovered-anastasia-cycle	Finalize, refresh adapter baseline, publish, and deploy	2026-08-23T08:03:14.9295326Z   "estates": 9,
finalize-publish-and-deploy-recovered-anastasia-cycle	Finalize, refresh adapter baseline, publish, and deploy	2026-08-23T08:03:14.9295838Z   "active": [
finalize-publish-and-deploy-recovered-anastasia-cycle	Finalize, refresh adapter baseline, publish, and deploy	2026-08-23T08:03:14.9303260Z     "star-trek",
finalize-publish-and-deploy-recovered-anastasia-cycle	Finalize, refresh adapter baseline, publish, and deploy	2026-08-23T08:03:14.9303911Z     "doctor-who"
finalize-publish-and-deploy-recovered-anastasia-cycle	Finalize, refresh adapter baseline, publish, and deploy	2026-08-23T08:03:14.9304201Z   ]
finalize-publish-and-deploy-recovered-anastasia-cycle	Finalize, refresh adapter baseline, publish, and deploy	2026-08-23T08:03:14.9304439Z }
finalize-publish-and-deploy-recovered-anastasia-cycle	Finalize, refresh adapter baseline, publish, and deploy	2026-08-23T08:03:15.0507834Z 
finalize-publish-and-deploy-recovered-anastasia-cycle	Finalize, refresh adapter baseline, publish, and deploy	2026-08-23T08:03:15.0508736Z > undercast@0.1.0 media:search:fixtures
finalize-publish-and-deploy-recovered-anastasia-cycle	Finalize, refresh adapter baseline, publish, and deploy	2026-08-23T08:03:15.0509766Z > node scripts/media-search-fixtures.mjs
finalize-publish-and-deploy-recovered-anastasia-cycle	Finalize, refresh adapter baseline, publish, and deploy	2026-08-23T08:03:15.0510113Z 
finalize-publish-and-deploy-recovered-anastasia-cycle	Finalize, refresh adapter baseline, publish, and deploy	2026-08-23T08:03:15.0930673Z media search fixtures: PASS
finalize-publish-and-deploy-recovered-anastasia-cycle	Finalize, refresh adapter baseline, publish, and deploy	2026-08-23T08:03:15.1040507Z <<< PASS collection-mode (0.6s)
finalize-publish-and-deploy-recovered-anastasia-cycle	Finalize, refresh adapter baseline, publish, and deploy	2026-08-23T08:03:15.1040827Z 
finalize-publish-and-deploy-recovered-anastasia-cycle	Finalize, refresh adapter baseline, publish, and deploy	2026-08-23T08:03:15.1041132Z >>> Validate preservation machinery and durability [preservation]
finalize-publish-and-deploy-recovered-anastasia-cycle	Finalize, refresh adapter baseline, publish, and deploy	2026-08-23T08:03:15.2016374Z 
finalize-publish-and-deploy-recovered-anastasia-cycle	Finalize, refresh adapter baseline, publish, and deploy	2026-08-23T08:03:15.2017089Z > undercast@0.1.0 preserve:fixtures
finalize-publish-and-deploy-recovered-anastasia-cycle	Finalize, refresh adapter baseline, publish, and deploy	2026-08-23T08:03:15.2017761Z > node scripts/preservation-fixtures.mjs
finalize-publish-and-deploy-recovered-anastasia-cycle	Finalize, refresh adapter baseline, publish, and deploy	2026-08-23T08:03:15.2018092Z 
finalize-publish-and-deploy-recovered-anastasia-cycle	Finalize, refresh adapter baseline, publish, and deploy	2026-08-23T08:03:15.2474815Z PASS duplicate category observations collapse to one exact revision
finalize-publish-and-deploy-recovered-anastasia-cycle	Finalize, refresh adapter baseline, publish, and deploy	2026-08-23T08:03:15.2476486Z PASS collapsed revision retains both observation facets
finalize-publish-and-deploy-recovered-anastasia-cycle	Finalize, refresh adapter baseline, publish, and deploy	2026-08-23T08:03:15.2480077Z PASS unknown source hosts fail closed
finalize-publish-and-deploy-recovered-anastasia-cycle	Finalize, refresh adapter baseline, publish, and deploy	2026-08-23T08:03:15.2480939Z PASS one revision cannot map to two page ids
finalize-publish-and-deploy-recovered-anastasia-cycle	Finalize, refresh adapter baseline, publish, and deploy	2026-08-23T08:03:15.2537330Z PASS valid tiny BagIt verifies
finalize-publish-and-deploy-recovered-anastasia-cycle	Finalize, refresh adapter baseline, publish, and deploy	2026-08-23T08:03:15.2550106Z PASS payload mutation is detected
finalize-publish-and-deploy-recovered-anastasia-cycle	Finalize, refresh adapter baseline, publish, and deploy	2026-08-23T08:03:15.2568077Z PASS tag manifest must cover payload manifest
finalize-publish-and-deploy-recovered-anastasia-cycle	Finalize, refresh adapter baseline, publish, and deploy	2026-08-23T08:03:15.2590316Z PASS pending snapshot may precede offsite replication
finalize-publish-and-deploy-recovered-anastasia-cycle	Finalize, refresh adapter baseline, publish, and deploy	2026-08-23T08:03:15.2592827Z PASS scope preservation lookup accepts a published pending snapshot
finalize-publish-and-deploy-recovered-anastasia-cycle	Finalize, refresh adapter baseline, publish, and deploy	2026-08-23T08:03:15.2596284Z PASS verified snapshot requires an independent public bundle
finalize-publish-and-deploy-recovered-anastasia-cycle	Finalize, refresh adapter baseline, publish, and deploy	2026-08-23T08:03:15.2597620Z PASS verified snapshot with independent public bundle is valid
finalize-publish-and-deploy-recovered-anastasia-cycle	Finalize, refresh adapter baseline, publish, and deploy	2026-08-23T08:03:15.2599848Z PASS verified snapshot may also receipt controlled originals
finalize-publish-and-deploy-recovered-anastasia-cycle	Finalize, refresh adapter baseline, publish, and deploy	2026-08-23T08:03:15.2998577Z PASS public offsite receipt verifies the source/repository snapshot
finalize-publish-and-deploy-recovered-anastasia-cycle	Finalize, refresh adapter baseline, publish, and deploy	2026-08-23T08:03:15.2999749Z PASS public receipt alone does not release the original-history guard
finalize-publish-and-deploy-recovered-anastasia-cycle	Finalize, refresh adapter baseline, publish, and deploy	2026-08-23T08:03:15.3483103Z PASS independent originals receipt releases the preservation precondition
finalize-publish-and-deploy-recovered-anastasia-cycle	Finalize, refresh adapter baseline, publish, and deploy	2026-08-23T08:03:15.3484586Z PASS offsite originals still never authorize a destructive history rewrite
finalize-publish-and-deploy-recovered-anastasia-cycle	Finalize, refresh adapter baseline, publish, and deploy	2026-08-23T08:03:15.3491409Z PASS preservation workflow does not swallow required receipt staging errors
finalize-publish-and-deploy-recovered-anastasia-cycle	Finalize, refresh adapter baseline, publish, and deploy	2026-08-23T08:03:15.3492549Z PASS optional bootstrap marker is staged conditionally
finalize-publish-and-deploy-recovered-anastasia-cycle	Finalize, refresh adapter baseline, publish, and deploy	2026-08-23T08:03:15.3493863Z PASS preservation workflow has no broad git-add error suppression
finalize-publish-and-deploy-recovered-anastasia-cycle	Finalize, refresh adapter baseline, publish, and deploy	2026-08-23T08:03:15.3495620Z PASS retired preservation recovery path stays absent: reconcile-estate-preservation.yml
finalize-publish-and-deploy-recovered-anastasia-cycle	Finalize, refresh adapter baseline, publish, and deploy	2026-08-23T08:03:15.3497789Z PASS retired preservation recovery path stays absent: repair-estate-preservation-reconciliation.yml
finalize-publish-and-deploy-recovered-anastasia-cycle	Finalize, refresh adapter baseline, publish, and deploy	2026-08-23T08:03:15.3499588Z PASS retired preservation recovery path stays absent: repair-estate-preservation-reconciliation-v3.yml
finalize-publish-and-deploy-recovered-anastasia-cycle	Finalize, refresh adapter baseline, publish, and deploy	2026-08-23T08:03:15.3501273Z PASS retired preservation recovery path stays absent: repair-preservation-receipt-staging.py
finalize-publish-and-deploy-recovered-anastasia-cycle	Finalize, refresh adapter baseline, publish, and deploy	2026-08-23T08:03:15.3502048Z 
finalize-publish-and-deploy-recovered-anastasia-cycle	Finalize, refresh adapter baseline, publish, and deploy	2026-08-23T08:03:15.3502464Z all preservation fixtures pass
finalize-publish-and-deploy-recovered-anastasia-cycle	Finalize, refresh adapter baseline, publish, and deploy	2026-08-23T08:03:15.4556909Z 
finalize-publish-and-deploy-recovered-anastasia-cycle	Finalize, refresh adapter baseline, publish, and deploy	2026-08-23T08:03:15.4557575Z > undercast@0.1.0 preserve:status
finalize-publish-and-deploy-recovered-anastasia-cycle	Finalize, refresh adapter baseline, publish, and deploy	2026-08-23T08:03:15.4558121Z > node scripts/preserve-status.mjs --json
finalize-publish-and-deploy-recovered-anastasia-cycle	Finalize, refresh adapter baseline, publish, and deploy	2026-08-23T08:03:15.4558400Z 
finalize-publish-and-deploy-recovered-anastasia-cycle	Finalize, refresh adapter baseline, publish, and deploy	2026-08-23T08:03:15.7704876Z {
finalize-publish-and-deploy-recovered-anastasia-cycle	Finalize, refresh adapter baseline, publish, and deploy	2026-08-23T08:03:15.7705598Z   "registry": "preservation/SNAPSHOTS.json",
finalize-publish-and-deploy-recovered-anastasia-cycle	Finalize, refresh adapter baseline, publish, and deploy	2026-08-23T08:03:15.7706731Z   "census_manifest_sha256": "a0ad45c8ab9921265e9bd8d199e6d9ee83ee82aa82a673c6ae891fe7cea190fd",
finalize-publish-and-deploy-recovered-anastasia-cycle	Finalize, refresh adapter baseline, publish, and deploy	2026-08-23T08:03:15.7708028Z   "baseline_manifest_sha256": "ee093ce7ca6624711f66538e13eb1ea5cfb88e8a00fe9f635f2c113908b59def",
finalize-publish-and-deploy-recovered-anastasia-cycle	Finalize, refresh adapter baseline, publish, and deploy	2026-08-23T08:03:15.7708898Z   "current_verified_snapshot": null,
finalize-publish-and-deploy-recovered-anastasia-cycle	Finalize, refresh adapter baseline, publish, and deploy	2026-08-23T08:03:15.7709384Z   "history_guard": {
finalize-publish-and-deploy-recovered-anastasia-cycle	Finalize, refresh adapter baseline, publish, and deploy	2026-08-23T08:03:15.7710204Z     "baseline_manifest_sha256": "ee093ce7ca6624711f66538e13eb1ea5cfb88e8a00fe9f635f2c113908b59def",
finalize-publish-and-deploy-recovered-anastasia-cycle	Finalize, refresh adapter baseline, publish, and deploy	2026-08-23T08:03:15.7711075Z     "status": "offsite-verified",
finalize-publish-and-deploy-recovered-anastasia-cycle	Finalize, refresh adapter baseline, publish, and deploy	2026-08-23T08:03:15.7711635Z     "precondition_met": true,
finalize-publish-and-deploy-recovered-anastasia-cycle	Finalize, refresh adapter baseline, publish, and deploy	2026-08-23T08:03:15.7712201Z     "destructive_rewrite_authorized": false,
finalize-publish-and-deploy-recovered-anastasia-cycle	Finalize, refresh adapter baseline, publish, and deploy	2026-08-23T08:03:15.7715266Z     "note": "A provider-read-back, hash-verified pre-R1 originals BagIt bundle exists outside GitHub as a deterministic multipart transfer. This satisfies the preservation precondition only; destructive history rewrite remains a separate owner decision and is not authorized.",
finalize-publish-and-deploy-recovered-anastasia-cycle	Finalize, refresh adapter baseline, publish, and deploy	2026-08-23T08:03:15.7717662Z     "verified_snapshot": "preservation-20260721-3bbec746c478",
finalize-publish-and-deploy-recovered-anastasia-cycle	Finalize, refresh adapter baseline, publish, and deploy	2026-08-23T08:03:15.7718369Z     "verified_at": "2026-07-21T22:16:30.689Z",
finalize-publish-and-deploy-recovered-anastasia-cycle	Finalize, refresh adapter baseline, publish, and deploy	2026-08-23T08:03:15.7719022Z     "independent_originals_copy_verified": true
finalize-publish-and-deploy-recovered-anastasia-cycle	Finalize, refresh adapter baseline, publish, and deploy	2026-08-23T08:03:15.7719497Z   },
finalize-publish-and-deploy-recovered-anastasia-cycle	Finalize, refresh adapter baseline, publish, and deploy	2026-08-23T08:03:15.7719883Z   "scopes": [
finalize-publish-and-deploy-recovered-anastasia-cycle	Finalize, refresh adapter baseline, publish, and deploy	2026-08-23T08:03:15.7720228Z     {
finalize-publish-and-deploy-recovered-anastasia-cycle	Finalize, refresh adapter baseline, publish, and deploy	2026-08-23T08:03:15.7720653Z       "scope_id": "star-trek",
finalize-publish-and-deploy-recovered-anastasia-cycle	Finalize, refresh adapter baseline, publish, and deploy	2026-08-23T08:03:15.7721194Z       "franchise": "Star Trek",
finalize-publish-and-deploy-recovered-anastasia-cycle	Finalize, refresh adapter baseline, publish, and deploy	2026-08-23T08:03:15.7721721Z       "sources": 2056,
finalize-publish-and-deploy-recovered-anastasia-cycle	Finalize, refresh adapter baseline, publish, and deploy	2026-08-23T08:03:15.7722630Z       "manifest_sha256": "e5ea03a77e4d7ab62e108e6a9816d421dcf48268323e2fbba0324f5ff18867cf",
finalize-publish-and-deploy-recovered-anastasia-cycle	Finalize, refresh adapter baseline, publish, and deploy	2026-08-23T08:03:15.7723467Z       "archived": true
finalize-publish-and-deploy-recovered-anastasia-cycle	Finalize, refresh adapter baseline, publish, and deploy	2026-08-23T08:03:15.7724026Z     },
finalize-publish-and-deploy-recovered-anastasia-cycle	Finalize, refresh adapter baseline, publish, and deploy	2026-08-23T08:03:15.7724399Z     {
finalize-publish-and-deploy-recovered-anastasia-cycle	Finalize, refresh adapter baseline, publish, and deploy	2026-08-23T08:03:15.7724802Z       "scope_id": "doctor-who",
finalize-publish-and-deploy-recovered-anastasia-cycle	Finalize, refresh adapter baseline, publish, and deploy	2026-08-23T08:03:15.7725352Z       "franchise": "Doctor Who",
finalize-publish-and-deploy-recovered-anastasia-cycle	Finalize, refresh adapter baseline, publish, and deploy	2026-08-23T08:03:15.7725877Z       "sources": 298,
finalize-publish-and-deploy-recovered-anastasia-cycle	Finalize, refresh adapter baseline, publish, and deploy	2026-08-23T08:03:15.7726729Z       "manifest_sha256": "96202b4c128a3729fb7cf3e52b4c36f32a25a156c0df92d1aa379de99fb58f00",
finalize-publish-and-deploy-recovered-anastasia-cycle	Finalize, refresh adapter baseline, publish, and deploy	2026-08-23T08:03:15.7727603Z       "archived": true
finalize-publish-and-deploy-recovered-anastasia-cycle	Finalize, refresh adapter baseline, publish, and deploy	2026-08-23T08:03:15.7728021Z     },
finalize-publish-and-deploy-recovered-anastasia-cycle	Finalize, refresh adapter baseline, publish, and deploy	2026-08-23T08:03:15.7728393Z     {
finalize-publish-and-deploy-recovered-anastasia-cycle	Finalize, refresh adapter baseline, publish, and deploy	2026-08-23T08:03:15.7728852Z       "scope_id": "star-wars",
finalize-publish-and-deploy-recovered-anastasia-cycle	Finalize, refresh adapter baseline, publish, and deploy	2026-08-23T08:03:15.7729393Z       "franchise": "Star Wars",
finalize-publish-and-deploy-recovered-anastasia-cycle	Finalize, refresh adapter baseline, publish, and deploy	2026-08-23T08:03:15.7729908Z       "sources": 1,
finalize-publish-and-deploy-recovered-anastasia-cycle	Finalize, refresh adapter baseline, publish, and deploy	2026-08-23T08:03:15.7730758Z       "manifest_sha256": "4f53cda18c2baa0c0354bb5f9a3ecbe5ed12ab4d8e11ba873c2f11161202b945",
finalize-publish-and-deploy-recovered-anastasia-cycle	Finalize, refresh adapter baseline, publish, and deploy	2026-08-23T08:03:15.7731622Z       "archived": true
finalize-publish-and-deploy-recovered-anastasia-cycle	Finalize, refresh adapter baseline, publish, and deploy	2026-08-23T08:03:15.7732034Z     },
finalize-publish-and-deploy-recovered-anastasia-cycle	Finalize, refresh adapter baseline, publish, and deploy	2026-08-23T08:03:15.7732399Z     {
finalize-publish-and-deploy-recovered-anastasia-cycle	Finalize, refresh adapter baseline, publish, and deploy	2026-08-23T08:03:15.7732842Z       "scope_id": "muppets-henson",
finalize-publish-and-deploy-recovered-anastasia-cycle	Finalize, refresh adapter baseline, publish, and deploy	2026-08-23T08:03:15.7733444Z       "franchise": "Muppets & Henson",
finalize-publish-and-deploy-recovered-anastasia-cycle	Finalize, refresh adapter baseline, publish, and deploy	2026-08-23T08:03:15.7734230Z       "sources": 2280,
finalize-publish-and-deploy-recovered-anastasia-cycle	Finalize, refresh adapter baseline, publish, and deploy	2026-08-23T08:03:15.7735094Z       "manifest_sha256": "8b7cb9548d4bfb6fe8b488d05c8884b29e8197aff29c30dc98989301783fc352",
finalize-publish-and-deploy-recovered-anastasia-cycle	Finalize, refresh adapter baseline, publish, and deploy	2026-08-23T08:03:15.7735947Z       "archived": true
finalize-publish-and-deploy-recovered-anastasia-cycle	Finalize, refresh adapter baseline, publish, and deploy	2026-08-23T08:03:15.7736398Z     },
finalize-publish-and-deploy-recovered-anastasia-cycle	Finalize, refresh adapter baseline, publish, and deploy	2026-08-23T08:03:15.7736755Z     {
finalize-publish-and-deploy-recovered-anastasia-cycle	Finalize, refresh adapter baseline, publish, and deploy	2026-08-23T08:03:15.7737127Z       "scope_id": "kaiju",
finalize-publish-and-deploy-recovered-anastasia-cycle	Finalize, refresh adapter baseline, publish, and deploy	2026-08-23T08:03:15.7737645Z       "franchise": "Kaiju",
finalize-publish-and-deploy-recovered-anastasia-cycle	Finalize, refresh adapter baseline, publish, and deploy	2026-08-23T08:03:15.7738103Z       "sources": 1,
finalize-publish-and-deploy-recovered-anastasia-cycle	Finalize, refresh adapter baseline, publish, and deploy	2026-08-23T08:03:15.7738969Z       "manifest_sha256": "4f53cda18c2baa0c0354bb5f9a3ecbe5ed12ab4d8e11ba873c2f11161202b945",
finalize-publish-and-deploy-recovered-anastasia-cycle	Finalize, refresh adapter baseline, publish, and deploy	2026-08-23T08:03:15.7739849Z       "archived": true
finalize-publish-and-deploy-recovered-anastasia-cycle	Finalize, refresh adapter baseline, publish, and deploy	2026-08-23T08:03:15.7740278Z     },
finalize-publish-and-deploy-recovered-anastasia-cycle	Finalize, refresh adapter baseline, publish, and deploy	2026-08-23T08:03:15.7740634Z     {
finalize-publish-and-deploy-recovered-anastasia-cycle	Finalize, refresh adapter baseline, publish, and deploy	2026-08-23T08:03:15.7741069Z       "scope_id": "power-rangers",
finalize-publish-and-deploy-recovered-anastasia-cycle	Finalize, refresh adapter baseline, publish, and deploy	2026-08-23T08:03:15.7741648Z       "franchise": "Power Rangers",
finalize-publish-and-deploy-recovered-anastasia-cycle	Finalize, refresh adapter baseline, publish, and deploy	2026-08-23T08:03:15.7742184Z       "sources": 2,
finalize-publish-and-deploy-recovered-anastasia-cycle	Finalize, refresh adapter baseline, publish, and deploy	2026-08-23T08:03:15.7743017Z       "manifest_sha256": "e1661e1fc7f58b4152ca9e4db1850e8b39198a2f91cb6b77aec370bac120fd40",
finalize-publish-and-deploy-recovered-anastasia-cycle	Finalize, refresh adapter baseline, publish, and deploy	2026-08-23T08:03:15.7744070Z       "archived": true
finalize-publish-and-deploy-recovered-anastasia-cycle	Finalize, refresh adapter baseline, publish, and deploy	2026-08-23T08:03:15.7744495Z     },
finalize-publish-and-deploy-recovered-anastasia-cycle	Finalize, refresh adapter baseline, publish, and deploy	2026-08-23T08:03:15.7744862Z     {
finalize-publish-and-deploy-recovered-anastasia-cycle	Finalize, refresh adapter baseline, publish, and deploy	2026-08-23T08:03:15.7745271Z       "scope_id": "tokusatsu",
finalize-publish-and-deploy-recovered-anastasia-cycle	Finalize, refresh adapter baseline, publish, and deploy	2026-08-23T08:03:15.7745830Z       "franchise": "Tokusatsu",
finalize-publish-and-deploy-recovered-anastasia-cycle	Finalize, refresh adapter baseline, publish, and deploy	2026-08-23T08:03:15.7746316Z       "sources": 1,
finalize-publish-and-deploy-recovered-anastasia-cycle	Finalize, refresh adapter baseline, publish, and deploy	2026-08-23T08:03:15.7747183Z       "manifest_sha256": "4f53cda18c2baa0c0354bb5f9a3ecbe5ed12ab4d8e11ba873c2f11161202b945",
finalize-publish-and-deploy-recovered-anastasia-cycle	Finalize, refresh adapter baseline, publish, and deploy	2026-08-23T08:03:15.7748077Z       "archived": true
finalize-publish-and-deploy-recovered-anastasia-cycle	Finalize, refresh adapter baseline, publish, and deploy	2026-08-23T08:03:15.7748517Z     }
finalize-publish-and-deploy-recovered-anastasia-cycle	Finalize, refresh adapter baseline, publish, and deploy	2026-08-23T08:03:15.7748909Z   ]
finalize-publish-and-deploy-recovered-anastasia-cycle	Finalize, refresh adapter baseline, publish, and deploy	2026-08-23T08:03:15.7749282Z }
finalize-publish-and-deploy-recovered-anastasia-cycle	Finalize, refresh adapter baseline, publish, and deploy	2026-08-23T08:03:15.7887663Z <<< PASS preservation (0.7s)
finalize-publish-and-deploy-recovered-anastasia-cycle	Finalize, refresh adapter baseline, publish, and deploy	2026-08-23T08:03:15.7888032Z 
finalize-publish-and-deploy-recovered-anastasia-cycle	Finalize, refresh adapter baseline, publish, and deploy	2026-08-23T08:03:15.7888385Z >>> Validate exact-subject media audit tracker [media-audit]
finalize-publish-and-deploy-recovered-anastasia-cycle	Finalize, refresh adapter baseline, publish, and deploy	2026-08-23T08:03:15.8871627Z 
finalize-publish-and-deploy-recovered-anastasia-cycle	Finalize, refresh adapter baseline, publish, and deploy	2026-08-23T08:03:15.8872387Z > undercast@0.1.0 media:audit:fixtures
finalize-publish-and-deploy-recovered-anastasia-cycle	Finalize, refresh adapter baseline, publish, and deploy	2026-08-23T08:03:15.8873078Z > node scripts/media-audit-fixtures.mjs
finalize-publish-and-deploy-recovered-anastasia-cycle	Finalize, refresh adapter baseline, publish, and deploy	2026-08-23T08:03:15.8873348Z 
finalize-publish-and-deploy-recovered-anastasia-cycle	Finalize, refresh adapter baseline, publish, and deploy	2026-08-23T08:03:15.9828755Z PASS — media audit consensus, authority, staleness, absence, tracker, and fail-closed state fixtures
finalize-publish-and-deploy-recovered-anastasia-cycle	Finalize, refresh adapter baseline, publish, and deploy	2026-08-23T08:03:16.0927853Z 
finalize-publish-and-deploy-recovered-anastasia-cycle	Finalize, refresh adapter baseline, publish, and deploy	2026-08-23T08:03:16.0928764Z > undercast@0.1.0 media:audit:campaign:fixtures
finalize-publish-and-deploy-recovered-anastasia-cycle	Finalize, refresh adapter baseline, publish, and deploy	2026-08-23T08:03:16.0929682Z > node scripts/media-audit-campaign-fixtures.mjs
finalize-publish-and-deploy-recovered-anastasia-cycle	Finalize, refresh adapter baseline, publish, and deploy	2026-08-23T08:03:16.0930163Z 
finalize-publish-and-deploy-recovered-anastasia-cycle	Finalize, refresh adapter baseline, publish, and deploy	2026-08-23T08:03:16.3884553Z PASS — exact media campaign authority, staleness, complete coverage, reversible nulling, consensus, and canonical mirror contracts
finalize-publish-and-deploy-recovered-anastasia-cycle	Finalize, refresh adapter baseline, publish, and deploy	2026-08-23T08:03:16.5040361Z 
finalize-publish-and-deploy-recovered-anastasia-cycle	Finalize, refresh adapter baseline, publish, and deploy	2026-08-23T08:03:16.5041415Z > undercast@0.1.0 media:audit
finalize-publish-and-deploy-recovered-anastasia-cycle	Finalize, refresh adapter baseline, publish, and deploy	2026-08-23T08:03:17.5294286Z > node scripts/media-audit.mjs validate
finalize-publish-and-deploy-recovered-anastasia-cycle	Finalize, refresh adapter baseline, publish, and deploy	2026-08-23T08:03:17.5294887Z 
finalize-publish-and-deploy-recovered-anastasia-cycle	Finalize, refresh adapter baseline, publish, and deploy	2026-08-23T08:03:17.5295753Z PASS — 2728 media facets, immutable asset receipts and consensus state valid
finalize-publish-and-deploy-recovered-anastasia-cycle	Finalize, refresh adapter baseline, publish, and deploy	2026-08-23T08:03:17.6581715Z 
finalize-publish-and-deploy-recovered-anastasia-cycle	Finalize, refresh adapter baseline, publish, and deploy	2026-08-23T08:03:17.6582308Z > undercast@0.1.0 media:audit
finalize-publish-and-deploy-recovered-anastasia-cycle	Finalize, refresh adapter baseline, publish, and deploy	2026-08-23T08:03:17.6582890Z > node scripts/media-audit.mjs status --scope star-trek
finalize-publish-and-deploy-recovered-anastasia-cycle	Finalize, refresh adapter baseline, publish, and deploy	2026-08-23T08:03:17.6583218Z 
finalize-publish-and-deploy-recovered-anastasia-cycle	Finalize, refresh adapter baseline, publish, and deploy	2026-08-23T08:03:18.6045222Z media audit star-trek: 954/954 complete (100.0%); verified=681 absent=273 review=0 attention=0
finalize-publish-and-deploy-recovered-anastasia-cycle	Finalize, refresh adapter baseline, publish, and deploy	2026-08-23T08:03:18.6046746Z   portrait: 477/477 complete; verified=257 absent=220 review=0 attention=0
finalize-publish-and-deploy-recovered-anastasia-cycle	Finalize, refresh adapter baseline, publish, and deploy	2026-08-23T08:03:18.6047764Z   still: 477/477 complete; verified=424 absent=53 review=0 attention=0
finalize-publish-and-deploy-recovered-anastasia-cycle	Finalize, refresh adapter baseline, publish, and deploy	2026-08-23T08:03:18.6332574Z <<< PASS media-audit (2.8s)
finalize-publish-and-deploy-recovered-anastasia-cycle	Finalize, refresh adapter baseline, publish, and deploy	2026-08-23T08:03:18.6332972Z 
finalize-publish-and-deploy-recovered-anastasia-cycle	Finalize, refresh adapter baseline, publish, and deploy	2026-08-23T08:03:18.6333228Z >>> Validate rolling gold waterline [waterline]
finalize-publish-and-deploy-recovered-anastasia-cycle	Finalize, refresh adapter baseline, publish, and deploy	2026-08-23T08:03:18.7351812Z 
finalize-publish-and-deploy-recovered-anastasia-cycle	Finalize, refresh adapter baseline, publish, and deploy	2026-08-23T08:03:18.7352343Z > undercast@0.1.0 waterline:fixtures
finalize-publish-and-deploy-recovered-anastasia-cycle	Finalize, refresh adapter baseline, publish, and deploy	2026-08-23T08:03:18.7355976Z > node scripts/waterline-fixtures.mjs && node scripts/operational-reliability-fixtures.mjs && node scripts/operational-reliability-execute-fixtures.mjs && node scripts/operational-workflow-fixtures.mjs && node scripts/publisher-artifact-attempt-fixtures.mjs && node scripts/operational-reliability-ledger-fixtures.mjs && node scripts/operational-metrics-fixtures.mjs && node scripts/operational-metrics-ledger-fixtures.mjs && node scripts/metric-readiness-fixtures.mjs
finalize-publish-and-deploy-recovered-anastasia-cycle	Finalize, refresh adapter baseline, publish, and deploy	2026-08-23T08:03:18.7358358Z 
finalize-publish-and-deploy-recovered-anastasia-cycle	Finalize, refresh adapter baseline, publish, and deploy	2026-08-23T08:03:18.7903947Z PASS — rolling gold cycles, composite receipt uniqueness, collision recovery, first-pilot bootstrap, global single-cycle custody through reviewed receipt, drills, metrics, incident authority, stop/reopen, and natural unlocks
finalize-publish-and-deploy-recovered-anastasia-cycle	Finalize, refresh adapter baseline, publish, and deploy	2026-08-23T08:03:19.0435147Z PASS — operational restore and rollback evidence contracts, binary patch round-trip, tamper refusal, exact-byte recovery, and review boundary
finalize-publish-and-deploy-recovered-anastasia-cycle	Finalize, refresh adapter baseline, publish, and deploy	2026-08-23T08:03:19.3519754Z PASS — disposable verification index, bounded historical Git objects, exact target binding, source-history boundary, and executed receipt contract
finalize-publish-and-deploy-recovered-anastasia-cycle	Finalize, refresh adapter baseline, publish, and deploy	2026-08-23T08:03:19.4002097Z PASS — operational evidence is read-only, producer triggers include every exact handoff consumer, trusted publishers retain their executable import closure, restored Git history is exact-object bounded, attempt-bound immutable artifact recovery and mutation-time main leases are enforced, and publication is isolated in exact-main workflow_run custody
finalize-publish-and-deploy-recovered-anastasia-cycle	Finalize, refresh adapter baseline, publish, and deploy	2026-08-23T08:03:19.4719451Z PASS — workflow-attempt artifact names, exact attempt selection, duplicate refusal, immutable ID download metadata, and CLI outputs
finalize-publish-and-deploy-recovered-anastasia-cycle	Finalize, refresh adapter baseline, publish, and deploy	2026-08-23T08:03:19.5350126Z PASS — exact-main evidence issue payload, attempt-bound artifact handoff, trusted publication, idempotent title, and unreviewed boundary
finalize-publish-and-deploy-recovered-anastasia-cycle	Finalize, refresh adapter baseline, publish, and deploy	2026-08-23T08:03:19.5837383Z PASS — operational metric populations, p95s, manifest provenance, populated ledgers, and null-preserving boundaries are deterministic
finalize-publish-and-deploy-recovered-anastasia-cycle	Finalize, refresh adapter baseline, publish, and deploy	2026-08-23T08:03:19.6238067Z PASS — operational metric exact-main ledger, populated-ledger compatibility, attempt-bound artifact handoff, trusted publication, and unreviewed boundary
finalize-publish-and-deploy-recovered-anastasia-cycle	Finalize, refresh adapter baseline, publish, and deploy	2026-08-23T08:03:19.8724964Z PASS — normalized source identity, populated-ledger null refusal, migration/reset custody, non-metric writer isolation during malformed metric ledgers, exact byte/population/value bindings, mismatch refusal, stale-measurement reopening, SLO refusal, and no-golden-cage null semantics
finalize-publish-and-deploy-recovered-anastasia-cycle	Finalize, refresh adapter baseline, publish, and deploy	2026-08-23T08:03:19.9837691Z 
finalize-publish-and-deploy-recovered-anastasia-cycle	Finalize, refresh adapter baseline, publish, and deploy	2026-08-23T08:03:19.9838321Z > undercast@0.1.0 waterline
finalize-publish-and-deploy-recovered-anastasia-cycle	Finalize, refresh adapter baseline, publish, and deploy	2026-08-23T08:03:19.9839128Z > node scripts/waterline.mjs validate
finalize-publish-and-deploy-recovered-anastasia-cycle	Finalize, refresh adapter baseline, publish, and deploy	2026-08-23T08:03:19.9839376Z 
finalize-publish-and-deploy-recovered-anastasia-cycle	Finalize, refresh adapter baseline, publish, and deploy	2026-08-23T08:03:20.1722099Z PASS — waterline state valid; star-trek phase=ready-for-cycle; claim=allowed
finalize-publish-and-deploy-recovered-anastasia-cycle	Finalize, refresh adapter baseline, publish, and deploy	2026-08-23T08:03:20.3028499Z 
finalize-publish-and-deploy-recovered-anastasia-cycle	Finalize, refresh adapter baseline, publish, and deploy	2026-08-23T08:03:20.3029183Z > undercast@0.1.0 waterline
finalize-publish-and-deploy-recovered-anastasia-cycle	Finalize, refresh adapter baseline, publish, and deploy	2026-08-23T08:03:20.3030118Z > node scripts/waterline.mjs status --scope star-trek
finalize-publish-and-deploy-recovered-anastasia-cycle	Finalize, refresh adapter baseline, publish, and deploy	2026-08-23T08:03:20.3031015Z 
finalize-publish-and-deploy-recovered-anastasia-cycle	Finalize, refresh adapter baseline, publish, and deploy	2026-08-23T08:03:20.4792387Z waterline: star-trek phase=ready-for-cycle; claim=allowed
finalize-publish-and-deploy-recovered-anastasia-cycle	Finalize, refresh adapter baseline, publish, and deploy	2026-08-23T08:03:20.4794214Z   media 954/954 complete; debt=0
finalize-publish-and-deploy-recovered-anastasia-cycle	Finalize, refresh adapter baseline, publish, and deploy	2026-08-23T08:03:20.4794904Z   cycles 104/3 successful; unreceipted=0
finalize-publish-and-deploy-recovered-anastasia-cycle	Finalize, refresh adapter baseline, publish, and deploy	2026-08-23T08:03:20.4795606Z   gold evidence=false; operations evidence=true
finalize-publish-and-deploy-recovered-anastasia-cycle	Finalize, refresh adapter baseline, publish, and deploy	2026-08-23T08:03:20.4796963Z   observation-triggered debt: cost_per_verified_record_usd, rights_response_sla_days (nonblocking until first observation)
finalize-publish-and-deploy-recovered-anastasia-cycle	Finalize, refresh adapter baseline, publish, and deploy	2026-08-23T08:03:20.4985684Z <<< PASS waterline (1.9s)
finalize-publish-and-deploy-recovered-anastasia-cycle	Finalize, refresh adapter baseline, publish, and deploy	2026-08-23T08:03:20.4986168Z 
finalize-publish-and-deploy-recovered-anastasia-cycle	Finalize, refresh adapter baseline, publish, and deploy	2026-08-23T08:03:20.4986909Z >>> Validate isolated certification-aware census sync [census-sync]
finalize-publish-and-deploy-recovered-anastasia-cycle	Finalize, refresh adapter baseline, publish, and deploy	2026-08-23T08:03:26.2485037Z PASS — 6205 autopilot jobs, 7 scope contracts, state and certification contracts valid
finalize-publish-and-deploy-recovered-anastasia-cycle	Finalize, refresh adapter baseline, publish, and deploy	2026-08-23T08:03:26.2758018Z actual census queue: Star Trek 2228; effective active; claimable 1801; attention 0; resolved 427
finalize-publish-and-deploy-recovered-anastasia-cycle	Finalize, refresh adapter baseline, publish, and deploy	2026-08-23T08:03:26.2776330Z <<< PASS census-sync (5.8s)
finalize-publish-and-deploy-recovered-anastasia-cycle	Finalize, refresh adapter baseline, publish, and deploy	2026-08-23T08:03:26.2776712Z 
finalize-publish-and-deploy-recovered-anastasia-cycle	Finalize, refresh adapter baseline, publish, and deploy	2026-08-23T08:03:26.2777011Z >>> Validate semantic corpus [corpus]
finalize-publish-and-deploy-recovered-anastasia-cycle	Finalize, refresh adapter baseline, publish, and deploy	2026-08-23T08:03:26.3773292Z 
finalize-publish-and-deploy-recovered-anastasia-cycle	Finalize, refresh adapter baseline, publish, and deploy	2026-08-23T08:03:26.3774207Z > undercast@0.1.0 audit:corpus
finalize-publish-and-deploy-recovered-anastasia-cycle	Finalize, refresh adapter baseline, publish, and deploy	2026-08-23T08:03:26.3774684Z > node scripts/corpus-audit.mjs
finalize-publish-and-deploy-recovered-anastasia-cycle	Finalize, refresh adapter baseline, publish, and deploy	2026-08-23T08:03:26.3774922Z 
finalize-publish-and-deploy-recovered-anastasia-cycle	Finalize, refresh adapter baseline, publish, and deploy	2026-08-23T08:03:26.4264885Z Corpus semantic audit: PASS — 1364 records
finalize-publish-and-deploy-recovered-anastasia-cycle	Finalize, refresh adapter baseline, publish, and deploy	2026-08-23T08:03:26.4376641Z <<< PASS corpus (0.2s)
finalize-publish-and-deploy-recovered-anastasia-cycle	Finalize, refresh adapter baseline, publish, and deploy	2026-08-23T08:03:26.4376898Z 
finalize-publish-and-deploy-recovered-anastasia-cycle	Finalize, refresh adapter baseline, publish, and deploy	2026-08-23T08:03:26.4377095Z >>> Validate public site seams [site-seams]
finalize-publish-and-deploy-recovered-anastasia-cycle	Finalize, refresh adapter baseline, publish, and deploy	2026-08-23T08:03:26.5349198Z 
finalize-publish-and-deploy-recovered-anastasia-cycle	Finalize, refresh adapter baseline, publish, and deploy	2026-08-23T08:03:26.5349938Z > undercast@0.1.0 test:site-seams
finalize-publish-and-deploy-recovered-anastasia-cycle	Finalize, refresh adapter baseline, publish, and deploy	2026-08-23T08:03:26.5350541Z > node scripts/site-seams.mjs
finalize-publish-and-deploy-recovered-anastasia-cycle	Finalize, refresh adapter baseline, publish, and deploy	2026-08-23T08:03:26.5350828Z 
finalize-publish-and-deploy-recovered-anastasia-cycle	Finalize, refresh adapter baseline, publish, and deploy	2026-08-23T08:03:26.5758654Z site seams: PASS (navigation, recovery, state, accessibility, snapshot coherence)
finalize-publish-and-deploy-recovered-anastasia-cycle	Finalize, refresh adapter baseline, publish, and deploy	2026-08-23T08:03:26.5867760Z <<< PASS site-seams (0.1s)
finalize-publish-and-deploy-recovered-anastasia-cycle	Finalize, refresh adapter baseline, publish, and deploy	2026-08-23T08:03:26.5868189Z 
finalize-publish-and-deploy-recovered-anastasia-cycle	Finalize, refresh adapter baseline, publish, and deploy	2026-08-23T08:03:26.5868829Z >>> Validate full-site role integrity and fallback design [site-sweep]
finalize-publish-and-deploy-recovered-anastasia-cycle	Finalize, refresh adapter baseline, publish, and deploy	2026-08-23T08:03:26.6876607Z 
finalize-publish-and-deploy-recovered-anastasia-cycle	Finalize, refresh adapter baseline, publish, and deploy	2026-08-23T08:03:26.6877577Z > undercast@0.1.0 site:sweep:fixtures
finalize-publish-and-deploy-recovered-anastasia-cycle	Finalize, refresh adapter baseline, publish, and deploy	2026-08-23T08:03:26.6878120Z > node scripts/site-sweep-fixtures.mjs
finalize-publish-and-deploy-recovered-anastasia-cycle	Finalize, refresh adapter baseline, publish, and deploy	2026-08-23T08:03:26.6878385Z 
finalize-publish-and-deploy-recovered-anastasia-cycle	Finalize, refresh adapter baseline, publish, and deploy	2026-08-23T08:03:26.7216272Z site-sweep fixtures: PASS
finalize-publish-and-deploy-recovered-anastasia-cycle	Finalize, refresh adapter baseline, publish, and deploy	2026-08-23T08:03:26.8307006Z 
finalize-publish-and-deploy-recovered-anastasia-cycle	Finalize, refresh adapter baseline, publish, and deploy	2026-08-23T08:03:26.8307689Z > undercast@0.1.0 site:sweep
finalize-publish-and-deploy-recovered-anastasia-cycle	Finalize, refresh adapter baseline, publish, and deploy	2026-08-23T08:03:26.8308197Z > node scripts/site-sweep.mjs
finalize-publish-and-deploy-recovered-anastasia-cycle	Finalize, refresh adapter baseline, publish, and deploy	2026-08-23T08:03:26.8308430Z 
finalize-publish-and-deploy-recovered-anastasia-cycle	Finalize, refresh adapter baseline, publish, and deploy	2026-08-23T08:03:26.8895824Z site-sweep: PASS — 1364 wall records, 259 exact species-tagged records, five root surfaces plus permanent records, canonical absence plates enforced
finalize-publish-and-deploy-recovered-anastasia-cycle	Finalize, refresh adapter baseline, publish, and deploy	2026-08-23T08:03:26.9011673Z <<< PASS site-sweep (0.3s)
finalize-publish-and-deploy-recovered-anastasia-cycle	Finalize, refresh adapter baseline, publish, and deploy	2026-08-23T08:03:26.9012153Z 
finalize-publish-and-deploy-recovered-anastasia-cycle	Finalize, refresh adapter baseline, publish, and deploy	2026-08-23T08:03:26.9012504Z >>> Build permanent routes [routes-build]
finalize-publish-and-deploy-recovered-anastasia-cycle	Finalize, refresh adapter baseline, publish, and deploy	2026-08-23T08:03:27.5307083Z built 1364 live + 2 retired permanent record pages
finalize-publish-and-deploy-recovered-anastasia-cycle	Finalize, refresh adapter baseline, publish, and deploy	2026-08-23T08:03:27.5375443Z <<< PASS routes-build (0.6s)
finalize-publish-and-deploy-recovered-anastasia-cycle	Finalize, refresh adapter baseline, publish, and deploy	2026-08-23T08:03:27.5375811Z 
finalize-publish-and-deploy-recovered-anastasia-cycle	Finalize, refresh adapter baseline, publish, and deploy	2026-08-23T08:03:27.5376154Z >>> Verify route count [route-count]
finalize-publish-and-deploy-recovered-anastasia-cycle	Finalize, refresh adapter baseline, publish, and deploy	2026-08-23T08:03:27.5503372Z <<< PASS route-count (0.0s)
finalize-publish-and-deploy-recovered-anastasia-cycle	Finalize, refresh adapter baseline, publish, and deploy	2026-08-23T08:03:27.5504076Z 
finalize-publish-and-deploy-recovered-anastasia-cycle	Finalize, refresh adapter baseline, publish, and deploy	2026-08-23T08:03:27.5504398Z >>> Rebuild offline DS9 projections [ds9-project]
finalize-publish-and-deploy-recovered-anastasia-cycle	Finalize, refresh adapter baseline, publish, and deploy	2026-08-23T08:03:28.0051385Z 
finalize-publish-and-deploy-recovered-anastasia-cycle	Finalize, refresh adapter baseline, publish, and deploy	2026-08-23T08:03:28.0052124Z roster: 557 assertions, 398 performers, 321 characters
finalize-publish-and-deploy-recovered-anastasia-cycle	Finalize, refresh adapter baseline, publish, and deploy	2026-08-23T08:03:28.0054072Z named-character roles: 246  extras/unnamed: 311  on wall: 78
finalize-publish-and-deploy-recovered-anastasia-cycle	Finalize, refresh adapter baseline, publish, and deploy	2026-08-23T08:03:28.0054565Z unresolved cast lines: 157  ->  data/ds9/
finalize-publish-and-deploy-recovered-anastasia-cycle	Finalize, refresh adapter baseline, publish, and deploy	2026-08-23T08:03:28.1207406Z 
finalize-publish-and-deploy-recovered-anastasia-cycle	Finalize, refresh adapter baseline, publish, and deploy	2026-08-23T08:03:28.1208787Z nodes: {"character":359,"coalition":3,"lineage":6,"organization":90,"performer":398,"power":6,"species":35,"symbiont":1}
finalize-publish-and-deploy-recovered-anastasia-cycle	Finalize, refresh adapter baseline, publish, and deploy	2026-08-23T08:03:28.1211247Z edges: {"affiliated_with":449,"allied_with":6,"belligerent_in":2,"clone_instance_of":5,"commands":2,"host_of":11,"is_species":214,"member_of":19,"parent_of":55,"portrayed":556,"sibling_of":16,"spouse_of":24,"succeeded_by":3}
finalize-publish-and-deploy-recovered-anastasia-cycle	Finalize, refresh adapter baseline, publish, and deploy	2026-08-23T08:03:28.1214075Z relationships: family(90n/95e) klingon_houses(33n/34e) dax_hosts(12n/11e) dominion_command(38n/43e) cardassian_web(28n/39e) bajoran_web(42n/43e) war_coalitions(9n/8e)
finalize-publish-and-deploy-recovered-anastasia-cycle	Finalize, refresh adapter baseline, publish, and deploy	2026-08-23T08:03:28.1798670Z review queue: 557 performances
finalize-publish-and-deploy-recovered-anastasia-cycle	Finalize, refresh adapter baseline, publish, and deploy	2026-08-23T08:03:28.1800564Z   decided by owner: 0 (eligible 0, ineligible 0)
finalize-publish-and-deploy-recovered-anastasia-cycle	Finalize, refresh adapter baseline, publish, and deploy	2026-08-23T08:03:28.1801105Z   review (undecided): 557
finalize-publish-and-deploy-recovered-anastasia-cycle	Finalize, refresh adapter baseline, publish, and deploy	2026-08-23T08:03:28.1801752Z   signals — voice-only: 0, bare-faced: 3
finalize-publish-and-deploy-recovered-anastasia-cycle	Finalize, refresh adapter baseline, publish, and deploy	2026-08-23T08:03:28.2425435Z maker review queue: 557 performances
finalize-publish-and-deploy-recovered-anastasia-cycle	Finalize, refresh adapter baseline, publish, and deploy	2026-08-23T08:03:28.2427448Z   review 557; partial 0; complete 0
finalize-publish-and-deploy-recovered-anastasia-cycle	Finalize, refresh adapter baseline, publish, and deploy	2026-08-23T08:03:28.2428118Z   receipts 47; verified 41; signal-only matches 163
finalize-publish-and-deploy-recovered-anastasia-cycle	Finalize, refresh adapter baseline, publish, and deploy	2026-08-23T08:03:28.2479738Z <<< PASS ds9-project (0.7s)
finalize-publish-and-deploy-recovered-anastasia-cycle	Finalize, refresh adapter baseline, publish, and deploy	2026-08-23T08:03:28.2480087Z 
finalize-publish-and-deploy-recovered-anastasia-cycle	Finalize, refresh adapter baseline, publish, and deploy	2026-08-23T08:03:28.2480417Z >>> Refuse DS9 projection drift [ds9-drift]
finalize-publish-and-deploy-recovered-anastasia-cycle	Finalize, refresh adapter baseline, publish, and deploy	2026-08-23T08:03:28.2925255Z gate: DS9 projection drift: working tree has unexpected changes
finalize-publish-and-deploy-recovered-anastasia-cycle	Finalize, refresh adapter baseline, publish, and deploy	2026-08-23T08:03:28.2990591Z ##[error]Process completed with exit code 1.
