claim-one-benbassat-task	UNKNOWN STEP	﻿2026-08-24T12:21:21.1883854Z Current runner version: '2.336.0'
claim-one-benbassat-task	UNKNOWN STEP	2026-08-24T12:21:21.1906660Z ##[group]Runner Image Provisioner
claim-one-benbassat-task	UNKNOWN STEP	2026-08-24T12:21:21.1907711Z Hosted Compute Agent
claim-one-benbassat-task	UNKNOWN STEP	2026-08-24T12:21:21.1908196Z Version: 20260729.566
claim-one-benbassat-task	UNKNOWN STEP	2026-08-24T12:21:21.1908732Z Commit: cf7153fe6e25b664e8693c24944bf2b00355d109
claim-one-benbassat-task	UNKNOWN STEP	2026-08-24T12:21:21.1909364Z Build Date: 2026-07-29T19:17:02Z
claim-one-benbassat-task	UNKNOWN STEP	2026-08-24T12:21:21.1909926Z Worker ID: {0199b064-7182-4a85-82c8-df608badcef3}
claim-one-benbassat-task	UNKNOWN STEP	2026-08-24T12:21:21.1910470Z Azure Region: eastus
claim-one-benbassat-task	UNKNOWN STEP	2026-08-24T12:21:21.1910991Z ##[endgroup]
claim-one-benbassat-task	UNKNOWN STEP	2026-08-24T12:21:21.1912418Z ##[group]Operating System
claim-one-benbassat-task	UNKNOWN STEP	2026-08-24T12:21:21.1913170Z Ubuntu
claim-one-benbassat-task	UNKNOWN STEP	2026-08-24T12:21:21.1913623Z 24.04.4
claim-one-benbassat-task	UNKNOWN STEP	2026-08-24T12:21:21.1914059Z LTS
claim-one-benbassat-task	UNKNOWN STEP	2026-08-24T12:21:21.1914536Z ##[endgroup]
claim-one-benbassat-task	UNKNOWN STEP	2026-08-24T12:21:21.1915016Z ##[group]Runner Image
claim-one-benbassat-task	UNKNOWN STEP	2026-08-24T12:21:21.1915527Z Image: ubuntu-24.04
claim-one-benbassat-task	UNKNOWN STEP	2026-08-24T12:21:21.1916009Z Version: 20260816.277.1
claim-one-benbassat-task	UNKNOWN STEP	2026-08-24T12:21:21.1917067Z Included Software: https://github.com/actions/runner-images/blob/ubuntu24/20260816.277/images/ubuntu/Ubuntu2404-Readme.md
claim-one-benbassat-task	UNKNOWN STEP	2026-08-24T12:21:21.1918351Z Image Release: https://github.com/actions/runner-images/releases/tag/ubuntu24%2F20260816.277
claim-one-benbassat-task	UNKNOWN STEP	2026-08-24T12:21:21.1919134Z ##[endgroup]
claim-one-benbassat-task	UNKNOWN STEP	2026-08-24T12:21:21.1920055Z ##[group]GITHUB_TOKEN Permissions
claim-one-benbassat-task	UNKNOWN STEP	2026-08-24T12:21:21.1921866Z Contents: write
claim-one-benbassat-task	UNKNOWN STEP	2026-08-24T12:21:21.1922418Z Metadata: read
claim-one-benbassat-task	UNKNOWN STEP	2026-08-24T12:21:21.1923091Z ##[endgroup]
claim-one-benbassat-task	UNKNOWN STEP	2026-08-24T12:21:21.1925036Z Secret source: Actions
claim-one-benbassat-task	UNKNOWN STEP	2026-08-24T12:21:21.1926091Z Prepare workflow directory
claim-one-benbassat-task	UNKNOWN STEP	2026-08-24T12:21:21.2325320Z Prepare all required actions
claim-one-benbassat-task	UNKNOWN STEP	2026-08-24T12:21:21.2364502Z Getting action download info
claim-one-benbassat-task	UNKNOWN STEP	2026-08-24T12:21:21.4533307Z Download action repository 'actions/checkout@v4' (SHA:11d5960a326750d5838078e36cf38b85af677262)
claim-one-benbassat-task	UNKNOWN STEP	2026-08-24T12:21:21.5383026Z Download action repository 'actions/setup-node@v4' (SHA:49933ea5288caeca8642d1e84afbd3f7d6820020)
claim-one-benbassat-task	UNKNOWN STEP	2026-08-24T12:21:21.6173084Z Download action repository 'actions/upload-artifact@v4' (SHA:ea165f8d65b6e75b540449e92b4886f43607fa02)
claim-one-benbassat-task	UNKNOWN STEP	2026-08-24T12:21:21.8008797Z Complete job name: claim-one-benbassat-task
claim-one-benbassat-task	UNKNOWN STEP	2026-08-24T12:21:21.8555791Z Node 20 is being deprecated. This workflow is running with Node 24 by default. If you need to temporarily use Node 20, you can set the ACTIONS_ALLOW_USE_UNSECURE_NODE_VERSION=true environment variable. For more information see: https://github.blog/changelog/2025-09-19-deprecation-of-node-20-on-github-actions-runners/
claim-one-benbassat-task	UNKNOWN STEP	2026-08-24T12:21:21.8562364Z ##[group]Run actions/checkout@v4
claim-one-benbassat-task	UNKNOWN STEP	2026-08-24T12:21:21.8563050Z with:
claim-one-benbassat-task	UNKNOWN STEP	2026-08-24T12:21:21.8563384Z   fetch-depth: 0
claim-one-benbassat-task	UNKNOWN STEP	2026-08-24T12:21:21.8563761Z   repository: BigBirdReturns/undercast
claim-one-benbassat-task	UNKNOWN STEP	2026-08-24T12:21:21.8566887Z   token: ***
claim-one-benbassat-task	UNKNOWN STEP	2026-08-24T12:21:21.8567231Z   ssh-strict: true
claim-one-benbassat-task	UNKNOWN STEP	2026-08-24T12:21:21.8567576Z   ssh-user: git
claim-one-benbassat-task	UNKNOWN STEP	2026-08-24T12:21:21.8567920Z   persist-credentials: true
claim-one-benbassat-task	UNKNOWN STEP	2026-08-24T12:21:21.8568301Z   clean: true
claim-one-benbassat-task	UNKNOWN STEP	2026-08-24T12:21:21.8568654Z   sparse-checkout-cone-mode: true
claim-one-benbassat-task	UNKNOWN STEP	2026-08-24T12:21:21.8569066Z   fetch-tags: false
claim-one-benbassat-task	UNKNOWN STEP	2026-08-24T12:21:21.8569416Z   show-progress: true
claim-one-benbassat-task	UNKNOWN STEP	2026-08-24T12:21:21.8569766Z   lfs: false
claim-one-benbassat-task	UNKNOWN STEP	2026-08-24T12:21:21.8570140Z   submodules: false
claim-one-benbassat-task	UNKNOWN STEP	2026-08-24T12:21:21.8570492Z   set-safe-directory: true
claim-one-benbassat-task	UNKNOWN STEP	2026-08-24T12:21:21.8570900Z   allow-unsafe-pr-checkout: false
claim-one-benbassat-task	UNKNOWN STEP	2026-08-24T12:21:21.8571443Z env:
claim-one-benbassat-task	UNKNOWN STEP	2026-08-24T12:21:21.8571832Z   EXPECTED_MAIN: ed79424013b92460d16c01cad4e590eca01e6bff
claim-one-benbassat-task	UNKNOWN STEP	2026-08-24T12:21:21.8572371Z   EXPECTED_TREE: 7f9057770c8e622d71ef41b183811fe47fcdd6ed
claim-one-benbassat-task	UNKNOWN STEP	2026-08-24T12:21:21.8572955Z   TASK_ID: ap_dd7d1c73ed237230cd6e1d0b
claim-one-benbassat-task	UNKNOWN STEP	2026-08-24T12:21:21.8573390Z   EXPECTED_PERFORMER: Nolan North
claim-one-benbassat-task	UNKNOWN STEP	2026-08-24T12:21:21.8573801Z   EXPECTED_CHARACTER: Benbassat
claim-one-benbassat-task	UNKNOWN STEP	2026-08-24T12:21:21.8574403Z   EXPECTED_FINGERPRINT: 78e1384a3a11787064f98516e5759b55b33369d161067804c2d77f2ef6ef8885
claim-one-benbassat-task	UNKNOWN STEP	2026-08-24T12:21:21.8575180Z   SOURCE_REVIEW_BRANCH: agent/star-trek-benbassat-source-review-result-v1
claim-one-benbassat-task	UNKNOWN STEP	2026-08-24T12:21:21.8575893Z   SOURCE_REVIEW_PREFIX: transport/star-trek-benbassat-source-review-v1
claim-one-benbassat-task	UNKNOWN STEP	2026-08-24T12:21:21.8576518Z   RESULT_BRANCH: agent/star-trek-benbassat-claim-result-v1
claim-one-benbassat-task	UNKNOWN STEP	2026-08-24T12:21:21.8577046Z   OUT: /tmp/star-trek-benbassat-claim-v1
claim-one-benbassat-task	UNKNOWN STEP	2026-08-24T12:21:21.8577834Z   REVIEW_ROOT: /tmp/star-trek-benbassat-claim-v1/source-review
claim-one-benbassat-task	UNKNOWN STEP	2026-08-24T12:21:21.8580971Z   GH_TOKEN: ***
claim-one-benbassat-task	UNKNOWN STEP	2026-08-24T12:21:21.8581298Z ##[endgroup]
claim-one-benbassat-task	UNKNOWN STEP	2026-08-24T12:21:21.9426068Z Syncing repository: BigBirdReturns/undercast
claim-one-benbassat-task	UNKNOWN STEP	2026-08-24T12:21:21.9427932Z ##[group]Getting Git version info
claim-one-benbassat-task	UNKNOWN STEP	2026-08-24T12:21:21.9428833Z Working directory is '/home/runner/work/undercast/undercast'
claim-one-benbassat-task	UNKNOWN STEP	2026-08-24T12:21:21.9430098Z [command]/usr/bin/git version
claim-one-benbassat-task	UNKNOWN STEP	2026-08-24T12:21:21.9483801Z git version 2.55.0
claim-one-benbassat-task	UNKNOWN STEP	2026-08-24T12:21:21.9501742Z ##[endgroup]
claim-one-benbassat-task	UNKNOWN STEP	2026-08-24T12:21:21.9520768Z Temporarily overriding HOME='/home/runner/work/_temp/595fd8bb-281c-4dee-8ab7-b130cf3e9df2' before making global git config changes
claim-one-benbassat-task	UNKNOWN STEP	2026-08-24T12:21:21.9523157Z Adding repository directory to the temporary git global config as a safe directory
claim-one-benbassat-task	UNKNOWN STEP	2026-08-24T12:21:21.9525864Z [command]/usr/bin/git config --global --add safe.directory /home/runner/work/undercast/undercast
claim-one-benbassat-task	UNKNOWN STEP	2026-08-24T12:21:21.9581716Z Deleting the contents of '/home/runner/work/undercast/undercast'
claim-one-benbassat-task	UNKNOWN STEP	2026-08-24T12:21:21.9585190Z ##[group]Initializing the repository
claim-one-benbassat-task	UNKNOWN STEP	2026-08-24T12:21:21.9589779Z [command]/usr/bin/git init /home/runner/work/undercast/undercast
claim-one-benbassat-task	UNKNOWN STEP	2026-08-24T12:21:21.9664109Z hint: Using 'master' as the name for the initial branch. This default branch name
claim-one-benbassat-task	UNKNOWN STEP	2026-08-24T12:21:21.9665693Z hint: will change to "main" in Git 3.0. To configure the initial branch name
claim-one-benbassat-task	UNKNOWN STEP	2026-08-24T12:21:21.9666972Z hint: to use in all of your new repositories, which will suppress this warning,
claim-one-benbassat-task	UNKNOWN STEP	2026-08-24T12:21:21.9667889Z hint: call:
claim-one-benbassat-task	UNKNOWN STEP	2026-08-24T12:21:21.9668508Z hint:
claim-one-benbassat-task	UNKNOWN STEP	2026-08-24T12:21:21.9669057Z hint: 	git config --global init.defaultBranch <name>
claim-one-benbassat-task	UNKNOWN STEP	2026-08-24T12:21:21.9669700Z hint:
claim-one-benbassat-task	UNKNOWN STEP	2026-08-24T12:21:21.9670279Z hint: Names commonly chosen instead of 'master' are 'main', 'trunk' and
claim-one-benbassat-task	UNKNOWN STEP	2026-08-24T12:21:21.9671116Z hint: 'development'. The just-created branch can be renamed via this command:
claim-one-benbassat-task	UNKNOWN STEP	2026-08-24T12:21:21.9671801Z hint:
claim-one-benbassat-task	UNKNOWN STEP	2026-08-24T12:21:21.9672238Z hint: 	git branch -m <name>
claim-one-benbassat-task	UNKNOWN STEP	2026-08-24T12:21:21.9673289Z hint:
claim-one-benbassat-task	UNKNOWN STEP	2026-08-24T12:21:21.9674226Z hint: Disable this message with "git config set advice.defaultBranchName false"
claim-one-benbassat-task	UNKNOWN STEP	2026-08-24T12:21:21.9676467Z Initialized empty Git repository in /home/runner/work/undercast/undercast/.git/
claim-one-benbassat-task	UNKNOWN STEP	2026-08-24T12:21:21.9678902Z [command]/usr/bin/git remote add origin https://github.com/BigBirdReturns/undercast
claim-one-benbassat-task	UNKNOWN STEP	2026-08-24T12:21:21.9714045Z ##[endgroup]
claim-one-benbassat-task	UNKNOWN STEP	2026-08-24T12:21:21.9714672Z ##[group]Disabling automatic garbage collection
claim-one-benbassat-task	UNKNOWN STEP	2026-08-24T12:21:21.9717798Z [command]/usr/bin/git config --local gc.auto 0
claim-one-benbassat-task	UNKNOWN STEP	2026-08-24T12:21:21.9745237Z ##[endgroup]
claim-one-benbassat-task	UNKNOWN STEP	2026-08-24T12:21:21.9745819Z ##[group]Setting up auth
claim-one-benbassat-task	UNKNOWN STEP	2026-08-24T12:21:21.9751753Z [command]/usr/bin/git config --local --name-only --get-regexp core\.sshCommand
claim-one-benbassat-task	UNKNOWN STEP	2026-08-24T12:21:21.9779559Z [command]/usr/bin/git submodule foreach --recursive sh -c "git config --local --name-only --get-regexp 'core\.sshCommand' && git config --local --unset-all 'core.sshCommand' || :"
claim-one-benbassat-task	UNKNOWN STEP	2026-08-24T12:21:22.0184357Z [command]/usr/bin/git config --local --name-only --get-regexp http\.https\:\/\/github\.com\/\.extraheader
claim-one-benbassat-task	UNKNOWN STEP	2026-08-24T12:21:22.0217344Z [command]/usr/bin/git submodule foreach --recursive sh -c "git config --local --name-only --get-regexp 'http\.https\:\/\/github\.com\/\.extraheader' && git config --local --unset-all 'http.https://github.com/.extraheader' || :"
claim-one-benbassat-task	UNKNOWN STEP	2026-08-24T12:21:22.0415523Z [command]/usr/bin/git config --local --name-only --get-regexp ^includeIf\.gitdir:
claim-one-benbassat-task	UNKNOWN STEP	2026-08-24T12:21:22.0449300Z [command]/usr/bin/git submodule foreach --recursive git config --local --show-origin --name-only --get-regexp remote.origin.url
claim-one-benbassat-task	UNKNOWN STEP	2026-08-24T12:21:22.0645408Z [command]/usr/bin/git config --local http.https://github.com/.extraheader AUTHORIZATION: basic ***
claim-one-benbassat-task	UNKNOWN STEP	2026-08-24T12:21:22.0677248Z ##[endgroup]
claim-one-benbassat-task	UNKNOWN STEP	2026-08-24T12:21:22.0678181Z ##[group]Fetching the repository
claim-one-benbassat-task	UNKNOWN STEP	2026-08-24T12:21:22.0686386Z [command]/usr/bin/git -c protocol.version=2 fetch --prune --no-recurse-submodules origin +refs/heads/*:refs/remotes/origin/* +refs/tags/*:refs/tags/*
claim-one-benbassat-task	UNKNOWN STEP	2026-08-24T12:21:50.5735142Z From https://github.com/BigBirdReturns/undercast
claim-one-benbassat-task	UNKNOWN STEP	2026-08-24T12:21:50.5736133Z  * [new branch]        agent/adapter-sdk-baseline-001 -> origin/agent/adapter-sdk-baseline-001
claim-one-benbassat-task	UNKNOWN STEP	2026-08-24T12:21:50.5737099Z  * [new branch]        agent/anastasia-cycle-trigger-pr-v1 -> origin/agent/anastasia-cycle-trigger-pr-v1
claim-one-benbassat-task	UNKNOWN STEP	2026-08-24T12:21:50.5738226Z  * [new branch]        agent/anastasia-finalizer-recovery-trigger-pr-v1 -> origin/agent/anastasia-finalizer-recovery-trigger-pr-v1
claim-one-benbassat-task	UNKNOWN STEP	2026-08-24T12:21:50.5739371Z  * [new branch]        agent/anastasia-installer-trigger-pr-v1 -> origin/agent/anastasia-installer-trigger-pr-v1
claim-one-benbassat-task	UNKNOWN STEP	2026-08-24T12:21:50.5740421Z  * [new branch]        agent/anastasia-installer-trigger-pr-v2 -> origin/agent/anastasia-installer-trigger-pr-v2
claim-one-benbassat-task	UNKNOWN STEP	2026-08-24T12:21:50.5741502Z  * [new branch]        agent/anastasia-rebind-inspection-result-v1 -> origin/agent/anastasia-rebind-inspection-result-v1
claim-one-benbassat-task	UNKNOWN STEP	2026-08-24T12:21:50.5742564Z  * [new branch]        agent/anastasia-rebind-inspection-v1 -> origin/agent/anastasia-rebind-inspection-v1
claim-one-benbassat-task	UNKNOWN STEP	2026-08-24T12:21:50.5743673Z  * [new branch]        agent/anastasia-terminal-result-v1 -> origin/agent/anastasia-terminal-result-v1
claim-one-benbassat-task	UNKNOWN STEP	2026-08-24T12:21:50.5744608Z  * [new branch]        agent/anastasia-terminalizer-v1 -> origin/agent/anastasia-terminalizer-v1
claim-one-benbassat-task	UNKNOWN STEP	2026-08-24T12:21:50.5745624Z  * [new branch]        agent/anastasia-workflow-blob-trigger-pr-v3 -> origin/agent/anastasia-workflow-blob-trigger-pr-v3
claim-one-benbassat-task	UNKNOWN STEP	2026-08-24T12:21:50.5746738Z  * [new branch]        agent/anastasia-workflow-blob-trigger-pr-v4 -> origin/agent/anastasia-workflow-blob-trigger-pr-v4
claim-one-benbassat-task	UNKNOWN STEP	2026-08-24T12:21:50.5747749Z  * [new branch]        agent/archive-contract-full-history -> origin/agent/archive-contract-full-history
claim-one-benbassat-task	UNKNOWN STEP	2026-08-24T12:21:50.5748666Z  * [new branch]        agent/archive-contract-history-depth -> origin/agent/archive-contract-history-depth
claim-one-benbassat-task	UNKNOWN STEP	2026-08-24T12:21:50.5750234Z  * [new branch]        agent/audit-operational-evidence-publisher-payload-20260806 -> origin/agent/audit-operational-evidence-publisher-payload-20260806
claim-one-benbassat-task	UNKNOWN STEP	2026-08-24T12:21:50.5751463Z  * [new branch]        agent/capability-aware-autopilot -> origin/agent/capability-aware-autopilot
claim-one-benbassat-task	UNKNOWN STEP	2026-08-24T12:21:50.5752516Z  * [new branch]        agent/card-backfill-amortization-build-20260730 -> origin/agent/card-backfill-amortization-build-20260730
claim-one-benbassat-task	UNKNOWN STEP	2026-08-24T12:21:50.5753707Z  * [new branch]        agent/card-backfill-composite-frontier-001 -> origin/agent/card-backfill-composite-frontier-001
claim-one-benbassat-task	UNKNOWN STEP	2026-08-24T12:21:50.5754707Z  * [new branch]        agent/card-backfill-frontier-routing-001 -> origin/agent/card-backfill-frontier-routing-001
claim-one-benbassat-task	UNKNOWN STEP	2026-08-24T12:21:50.5755588Z  * [new branch]        agent/card-backfill-luna-local -> origin/agent/card-backfill-luna-local
claim-one-benbassat-task	UNKNOWN STEP	2026-08-24T12:21:50.5756325Z  * [new branch]        agent/card-backfill-next-002 -> origin/agent/card-backfill-next-002
claim-one-benbassat-task	UNKNOWN STEP	2026-08-24T12:21:50.5757093Z  * [new branch]        agent/card-backfill-next-003 -> origin/agent/card-backfill-next-003
claim-one-benbassat-task	UNKNOWN STEP	2026-08-24T12:21:50.5757859Z  * [new branch]        agent/card-backfill-next-004 -> origin/agent/card-backfill-next-004
claim-one-benbassat-task	UNKNOWN STEP	2026-08-24T12:21:50.5758566Z  * [new branch]        agent/card-backfill-next-005 -> origin/agent/card-backfill-next-005
claim-one-benbassat-task	UNKNOWN STEP	2026-08-24T12:21:50.5759393Z  * [new branch]        agent/card-backfill-next-006 -> origin/agent/card-backfill-next-006
claim-one-benbassat-task	UNKNOWN STEP	2026-08-24T12:21:50.5760127Z  * [new branch]        agent/card-backfill-next-007 -> origin/agent/card-backfill-next-007
claim-one-benbassat-task	UNKNOWN STEP	2026-08-24T12:21:50.5760810Z  * [new branch]        agent/card-backfill-next-008 -> origin/agent/card-backfill-next-008
claim-one-benbassat-task	UNKNOWN STEP	2026-08-24T12:21:50.5761318Z  * [new branch]        agent/card-backfill-next-009 -> origin/agent/card-backfill-next-009
claim-one-benbassat-task	UNKNOWN STEP	2026-08-24T12:21:50.5761831Z  * [new branch]        agent/card-backfill-next-010 -> origin/agent/card-backfill-next-010
claim-one-benbassat-task	UNKNOWN STEP	2026-08-24T12:21:50.5762410Z  * [new branch]        agent/card-backfill-next-011 -> origin/agent/card-backfill-next-011
claim-one-benbassat-task	UNKNOWN STEP	2026-08-24T12:21:50.5763772Z  * [new branch]        agent/card-backfill-next-012 -> origin/agent/card-backfill-next-012
claim-one-benbassat-task	UNKNOWN STEP	2026-08-24T12:21:50.5764999Z  * [new branch]        agent/card-backfill-next-013 -> origin/agent/card-backfill-next-013
claim-one-benbassat-task	UNKNOWN STEP	2026-08-24T12:21:50.5765784Z  * [new branch]        agent/card-backfill-next-014 -> origin/agent/card-backfill-next-014
claim-one-benbassat-task	UNKNOWN STEP	2026-08-24T12:21:50.5766550Z  * [new branch]        agent/card-backfill-next-015 -> origin/agent/card-backfill-next-015
claim-one-benbassat-task	UNKNOWN STEP	2026-08-24T12:21:50.5767334Z  * [new branch]        agent/card-backfill-next-016 -> origin/agent/card-backfill-next-016
claim-one-benbassat-task	UNKNOWN STEP	2026-08-24T12:21:50.5768163Z  * [new branch]        agent/card-backfill-next-017 -> origin/agent/card-backfill-next-017
claim-one-benbassat-task	UNKNOWN STEP	2026-08-24T12:21:50.5768951Z  * [new branch]        agent/card-backfill-next-018 -> origin/agent/card-backfill-next-018
claim-one-benbassat-task	UNKNOWN STEP	2026-08-24T12:21:50.5769795Z  * [new branch]        agent/card-backfill-next-019 -> origin/agent/card-backfill-next-019
claim-one-benbassat-task	UNKNOWN STEP	2026-08-24T12:21:50.5770609Z  * [new branch]        agent/card-backfill-next-020 -> origin/agent/card-backfill-next-020
claim-one-benbassat-task	UNKNOWN STEP	2026-08-24T12:21:50.5771426Z  * [new branch]        agent/card-backfill-next-021 -> origin/agent/card-backfill-next-021
claim-one-benbassat-task	UNKNOWN STEP	2026-08-24T12:21:50.5772375Z  * [new branch]        agent/card-backfill-next-022 -> origin/agent/card-backfill-next-022
claim-one-benbassat-task	UNKNOWN STEP	2026-08-24T12:21:50.5773266Z  * [new branch]        agent/card-backfill-next-023 -> origin/agent/card-backfill-next-023
claim-one-benbassat-task	UNKNOWN STEP	2026-08-24T12:21:50.5774015Z  * [new branch]        agent/card-backfill-next-024 -> origin/agent/card-backfill-next-024
claim-one-benbassat-task	UNKNOWN STEP	2026-08-24T12:21:50.5774756Z  * [new branch]        agent/card-backfill-next-025 -> origin/agent/card-backfill-next-025
claim-one-benbassat-task	UNKNOWN STEP	2026-08-24T12:21:50.5775487Z  * [new branch]        agent/card-backfill-next-026 -> origin/agent/card-backfill-next-026
claim-one-benbassat-task	UNKNOWN STEP	2026-08-24T12:21:50.5776253Z  * [new branch]        agent/card-backfill-next-027 -> origin/agent/card-backfill-next-027
claim-one-benbassat-task	UNKNOWN STEP	2026-08-24T12:21:50.5776982Z  * [new branch]        agent/card-backfill-next-028 -> origin/agent/card-backfill-next-028
claim-one-benbassat-task	UNKNOWN STEP	2026-08-24T12:21:50.5777511Z  * [new branch]        agent/card-backfill-next-029 -> origin/agent/card-backfill-next-029
claim-one-benbassat-task	UNKNOWN STEP	2026-08-24T12:21:50.5778227Z  * [new branch]        agent/card-backfill-next-030 -> origin/agent/card-backfill-next-030
claim-one-benbassat-task	UNKNOWN STEP	2026-08-24T12:21:50.5778828Z  * [new branch]        agent/card-backfill-next-031 -> origin/agent/card-backfill-next-031
claim-one-benbassat-task	UNKNOWN STEP	2026-08-24T12:21:50.5779352Z  * [new branch]        agent/card-backfill-next-032 -> origin/agent/card-backfill-next-032
claim-one-benbassat-task	UNKNOWN STEP	2026-08-24T12:21:50.5779886Z  * [new branch]        agent/card-backfill-next-033 -> origin/agent/card-backfill-next-033
claim-one-benbassat-task	UNKNOWN STEP	2026-08-24T12:21:50.5780368Z  * [new branch]        agent/card-backfill-next-034 -> origin/agent/card-backfill-next-034
claim-one-benbassat-task	UNKNOWN STEP	2026-08-24T12:21:50.5780875Z  * [new branch]        agent/card-backfill-next-035 -> origin/agent/card-backfill-next-035
claim-one-benbassat-task	UNKNOWN STEP	2026-08-24T12:21:50.5781325Z  * [new branch]        agent/card-backfill-next-036 -> origin/agent/card-backfill-next-036
claim-one-benbassat-task	UNKNOWN STEP	2026-08-24T12:21:50.5781781Z  * [new branch]        agent/card-backfill-next-037 -> origin/agent/card-backfill-next-037
claim-one-benbassat-task	UNKNOWN STEP	2026-08-24T12:21:50.5782243Z  * [new branch]        agent/card-backfill-next-038 -> origin/agent/card-backfill-next-038
claim-one-benbassat-task	UNKNOWN STEP	2026-08-24T12:21:50.5782708Z  * [new branch]        agent/card-backfill-next-039 -> origin/agent/card-backfill-next-039
claim-one-benbassat-task	UNKNOWN STEP	2026-08-24T12:21:50.5783386Z  * [new branch]        agent/card-backfill-next-040 -> origin/agent/card-backfill-next-040
claim-one-benbassat-task	UNKNOWN STEP	2026-08-24T12:21:50.5783950Z  * [new branch]        agent/card-backfill-next-040-render-staging -> origin/agent/card-backfill-next-040-render-staging
claim-one-benbassat-task	UNKNOWN STEP	2026-08-24T12:21:50.5784608Z  * [new branch]        agent/card-backfill-next-040-retry-staging -> origin/agent/card-backfill-next-040-retry-staging
claim-one-benbassat-task	UNKNOWN STEP	2026-08-24T12:21:50.5785144Z  * [new branch]        agent/card-backfill-next-041 -> origin/agent/card-backfill-next-041
claim-one-benbassat-task	UNKNOWN STEP	2026-08-24T12:21:50.5785613Z  * [new branch]        agent/card-backfill-source-v3 -> origin/agent/card-backfill-source-v3
claim-one-benbassat-task	UNKNOWN STEP	2026-08-24T12:21:50.5786082Z  * [new branch]        agent/card-backfill-uc-007  -> origin/agent/card-backfill-uc-007
claim-one-benbassat-task	UNKNOWN STEP	2026-08-24T12:21:50.5786797Z  * [new branch]        agent/ci-publisher-custody-frontier-1-20260805 -> origin/agent/ci-publisher-custody-frontier-1-20260805
claim-one-benbassat-task	UNKNOWN STEP	2026-08-24T12:21:50.5788021Z  * [new branch]        agent/ci-publisher-custody-phase2-20260805 -> origin/agent/ci-publisher-custody-phase2-20260805
claim-one-benbassat-task	UNKNOWN STEP	2026-08-24T12:21:50.5789214Z  * [new branch]        agent/ci-publisher-custody-phase2-squash-base-v2-20260805 -> origin/agent/ci-publisher-custody-phase2-squash-base-v2-20260805
claim-one-benbassat-task	UNKNOWN STEP	2026-08-24T12:21:50.5790459Z  * [new branch]        agent/ci-publisher-custody-squash-base-20260805 -> origin/agent/ci-publisher-custody-squash-base-20260805
claim-one-benbassat-task	UNKNOWN STEP	2026-08-24T12:21:50.5791746Z  * [new branch]        agent/clifford-number-hr-accountability-burden-recovery-11-12 -> origin/agent/clifford-number-hr-accountability-burden-recovery-11-12
claim-one-benbassat-task	UNKNOWN STEP	2026-08-24T12:21:50.5793321Z  * [new branch]        agent/clifford-number-hr-accountability-consequence-wave-11 -> origin/agent/clifford-number-hr-accountability-consequence-wave-11
claim-one-benbassat-task	UNKNOWN STEP	2026-08-24T12:21:50.5794204Z  * [new branch]        agent/clifford-number-hr-budget-authority-recourse-wave-14 -> origin/agent/clifford-number-hr-budget-authority-recourse-wave-14
claim-one-benbassat-task	UNKNOWN STEP	2026-08-24T12:21:50.5794989Z  * [new branch]        agent/clifford-number-hr-burden-allocation-wave-12 -> origin/agent/clifford-number-hr-burden-allocation-wave-12
claim-one-benbassat-task	UNKNOWN STEP	2026-08-24T12:21:50.5795740Z  * [new branch]        agent/clifford-number-hr-counterpower-effects-wave-05 -> origin/agent/clifford-number-hr-counterpower-effects-wave-05
claim-one-benbassat-task	UNKNOWN STEP	2026-08-24T12:21:50.5796526Z  * [new branch]        agent/clifford-number-hr-counterpower-effects-wave-06 -> origin/agent/clifford-number-hr-counterpower-effects-wave-06
claim-one-benbassat-task	UNKNOWN STEP	2026-08-24T12:21:50.5797344Z  * [new branch]        agent/clifford-number-hr-counterpower-intervention-wave-05 -> origin/agent/clifford-number-hr-counterpower-intervention-wave-05
claim-one-benbassat-task	UNKNOWN STEP	2026-08-24T12:21:50.5798129Z  * [new branch]        agent/clifford-number-hr-deployment-census-wave-04 -> origin/agent/clifford-number-hr-deployment-census-wave-04
claim-one-benbassat-task	UNKNOWN STEP	2026-08-24T12:21:50.5798962Z  * [new branch]        agent/clifford-number-hr-deployment-wave-04 -> origin/agent/clifford-number-hr-deployment-wave-04
claim-one-benbassat-task	UNKNOWN STEP	2026-08-24T12:21:50.5799693Z  * [new branch]        agent/clifford-number-hr-disciplinary-ai-cases-wave-03 -> origin/agent/clifford-number-hr-disciplinary-ai-cases-wave-03
claim-one-benbassat-task	UNKNOWN STEP	2026-08-24T12:21:50.5800444Z  * [new branch]        agent/clifford-number-hr-disciplinary-ai-wave-02 -> origin/agent/clifford-number-hr-disciplinary-ai-wave-02
claim-one-benbassat-task	UNKNOWN STEP	2026-08-24T12:21:50.5801231Z  * [new branch]        agent/clifford-number-hr-disciplinary-harm-sentinels-wave-08 -> origin/agent/clifford-number-hr-disciplinary-harm-sentinels-wave-08
claim-one-benbassat-task	UNKNOWN STEP	2026-08-24T12:21:50.5802008Z  * [new branch]        agent/clifford-number-hr-disciplinary-wave-01 -> origin/agent/clifford-number-hr-disciplinary-wave-01
claim-one-benbassat-task	UNKNOWN STEP	2026-08-24T12:21:50.5802750Z  * [new branch]        agent/clifford-number-hr-dissonance-counterpower-wave-04 -> origin/agent/clifford-number-hr-dissonance-counterpower-wave-04
claim-one-benbassat-task	UNKNOWN STEP	2026-08-24T12:21:50.5803991Z  * [new branch]        agent/clifford-number-hr-governance-wave-03 -> origin/agent/clifford-number-hr-governance-wave-03
claim-one-benbassat-task	UNKNOWN STEP	2026-08-24T12:21:50.5863776Z  * [new branch]        agent/clifford-number-hr-implementation-verification-wave-07 -> origin/agent/clifford-number-hr-implementation-verification-wave-07
claim-one-benbassat-task	UNKNOWN STEP	2026-08-24T12:21:50.5864873Z  * [new branch]        agent/clifford-number-hr-indemnity-cost-transfer-wave-13 -> origin/agent/clifford-number-hr-indemnity-cost-transfer-wave-13
claim-one-benbassat-task	UNKNOWN STEP	2026-08-24T12:21:50.5865722Z  * [new branch]        agent/clifford-number-hr-learning-audit-wave-07 -> origin/agent/clifford-number-hr-learning-audit-wave-07
claim-one-benbassat-task	UNKNOWN STEP	2026-08-24T12:21:50.5866513Z  * [new branch]        agent/clifford-number-hr-recurrence-reopen-wave-10 -> origin/agent/clifford-number-hr-recurrence-reopen-wave-10
claim-one-benbassat-task	UNKNOWN STEP	2026-08-24T12:21:50.5867293Z  * [new branch]        agent/clifford-number-hr-response-prevention-wave-09 -> origin/agent/clifford-number-hr-response-prevention-wave-09
claim-one-benbassat-task	UNKNOWN STEP	2026-08-24T12:21:50.5867998Z  * [new branch]        agent/clifford-number-hr-selection-wave-01 -> origin/agent/clifford-number-hr-selection-wave-01
claim-one-benbassat-task	UNKNOWN STEP	2026-08-24T12:21:50.5868938Z  * [new branch]        agent/clifford-number-hr-source-adjudication-wave-02 -> origin/agent/clifford-number-hr-source-adjudication-wave-02
claim-one-benbassat-task	UNKNOWN STEP	2026-08-24T12:21:50.5869620Z  * [new branch]        agent/collection-only-candidate -> origin/agent/collection-only-candidate
claim-one-benbassat-task	UNKNOWN STEP	2026-08-24T12:21:50.5870179Z  * [new branch]        agent/collection-only-operations -> origin/agent/collection-only-operations
claim-one-benbassat-task	UNKNOWN STEP	2026-08-24T12:21:50.5870754Z  * [new branch]        agent/collection-only-operations-p2 -> origin/agent/collection-only-operations-p2
claim-one-benbassat-task	UNKNOWN STEP	2026-08-24T12:21:50.5871341Z  * [new branch]        agent/corpus-next-after-media-closure -> origin/agent/corpus-next-after-media-closure
claim-one-benbassat-task	UNKNOWN STEP	2026-08-24T12:21:50.5871880Z  * [new branch]        agent/corpus-operations-mode -> origin/agent/corpus-operations-mode
claim-one-benbassat-task	UNKNOWN STEP	2026-08-24T12:21:50.5872445Z  * [new branch]        agent/cycle004-still-transport-inspection -> origin/agent/cycle004-still-transport-inspection
claim-one-benbassat-task	UNKNOWN STEP	2026-08-24T12:21:50.5873279Z  * [new branch]        agent/dispatch-clean-preservation-235227a -> origin/agent/dispatch-clean-preservation-235227a
claim-one-benbassat-task	UNKNOWN STEP	2026-08-24T12:21:50.5873874Z  * [new branch]        agent/dispatch-preserve-7054b6-v2 -> origin/agent/dispatch-preserve-7054b6-v2
claim-one-benbassat-task	UNKNOWN STEP	2026-08-24T12:21:50.5874392Z  * [new branch]        agent/doctor-who-activation-001 -> origin/agent/doctor-who-activation-001
claim-one-benbassat-task	UNKNOWN STEP	2026-08-24T12:21:50.5874968Z  * [new branch]        agent/doctor-who-activation-preflight-001 -> origin/agent/doctor-who-activation-preflight-001
claim-one-benbassat-task	UNKNOWN STEP	2026-08-24T12:21:50.5875560Z  * [new branch]        agent/doctor-who-certification-001 -> origin/agent/doctor-who-certification-001
claim-one-benbassat-task	UNKNOWN STEP	2026-08-24T12:21:50.5876133Z  * [new branch]        agent/doctor-who-certified-paused-001 -> origin/agent/doctor-who-certified-paused-001
claim-one-benbassat-task	UNKNOWN STEP	2026-08-24T12:21:50.5876723Z  * [new branch]        agent/doctor-who-correction-drill-001 -> origin/agent/doctor-who-correction-drill-001
claim-one-benbassat-task	UNKNOWN STEP	2026-08-24T12:21:50.5877503Z  * [new branch]        agent/doctor-who-correction-drill-001-replay-6cb5d1 -> origin/agent/doctor-who-correction-drill-001-replay-6cb5d1
claim-one-benbassat-task	UNKNOWN STEP	2026-08-24T12:21:50.5878282Z  * [new branch]        agent/doctor-who-correction-drill-001-replay-6ea135 -> origin/agent/doctor-who-correction-drill-001-replay-6ea135
claim-one-benbassat-task	UNKNOWN STEP	2026-08-24T12:21:50.5879069Z  * [new branch]        agent/doctor-who-correction-drill-future-safe-repair -> origin/agent/doctor-who-correction-drill-future-safe-repair
claim-one-benbassat-task	UNKNOWN STEP	2026-08-24T12:21:50.5879810Z  * [new branch]        agent/doctor-who-correction-drill-scope-custody -> origin/agent/doctor-who-correction-drill-scope-custody
claim-one-benbassat-task	UNKNOWN STEP	2026-08-24T12:21:50.5880418Z  * [new branch]        agent/doctor-who-cycle-002-claim -> origin/agent/doctor-who-cycle-002-claim
claim-one-benbassat-task	UNKNOWN STEP	2026-08-24T12:21:50.5880945Z  * [new branch]        agent/doctor-who-cycle-002-current -> origin/agent/doctor-who-cycle-002-current
claim-one-benbassat-task	UNKNOWN STEP	2026-08-24T12:21:50.5881464Z  * [new branch]        agent/doctor-who-cycle-002-gredd -> origin/agent/doctor-who-cycle-002-gredd
claim-one-benbassat-task	UNKNOWN STEP	2026-08-24T12:21:50.5882021Z  * [new branch]        agent/doctor-who-cycle-002-gredd-current -> origin/agent/doctor-who-cycle-002-gredd-current
claim-one-benbassat-task	UNKNOWN STEP	2026-08-24T12:21:50.5883085Z  * [new branch]        agent/doctor-who-cycle-003-annette-portrait-review -> origin/agent/doctor-who-cycle-003-annette-portrait-review
claim-one-benbassat-task	UNKNOWN STEP	2026-08-24T12:21:50.5884156Z  * [new branch]        agent/doctor-who-cycle-003-current-extract -> origin/agent/doctor-who-cycle-003-current-extract
claim-one-benbassat-task	UNKNOWN STEP	2026-08-24T12:21:50.5884823Z  * [new branch]        agent/doctor-who-cycle-003-current-extract-v2 -> origin/agent/doctor-who-cycle-003-current-extract-v2
claim-one-benbassat-task	UNKNOWN STEP	2026-08-24T12:21:50.5885470Z  * [new branch]        agent/doctor-who-cycle-003-full-source -> origin/agent/doctor-who-cycle-003-full-source
claim-one-benbassat-task	UNKNOWN STEP	2026-08-24T12:21:50.5886078Z  * [new branch]        agent/doctor-who-cycle-003-jask-completion -> origin/agent/doctor-who-cycle-003-jask-completion
claim-one-benbassat-task	UNKNOWN STEP	2026-08-24T12:21:50.5887002Z  * [new branch]        agent/doctor-who-cycle-003-jask-portrait -> origin/agent/doctor-who-cycle-003-jask-portrait
claim-one-benbassat-task	UNKNOWN STEP	2026-08-24T12:21:50.5887864Z  * [new branch]        agent/doctor-who-cycle-003-margaret-media-review -> origin/agent/doctor-who-cycle-003-margaret-media-review
claim-one-benbassat-task	UNKNOWN STEP	2026-08-24T12:21:50.5888738Z  * [new branch]        agent/doctor-who-cycle-003-margaret-publication -> origin/agent/doctor-who-cycle-003-margaret-publication
claim-one-benbassat-task	UNKNOWN STEP	2026-08-24T12:21:50.5889477Z  * [new branch]        agent/doctor-who-cycle-003-materializer-recovery -> origin/agent/doctor-who-cycle-003-materializer-recovery
claim-one-benbassat-task	UNKNOWN STEP	2026-08-24T12:21:50.5890173Z  * [new branch]        agent/doctor-who-cycle-003-merge-guardian -> origin/agent/doctor-who-cycle-003-merge-guardian
claim-one-benbassat-task	UNKNOWN STEP	2026-08-24T12:21:50.5890794Z  * [new branch]        agent/doctor-who-cycle-004-full-source -> origin/agent/doctor-who-cycle-004-full-source
claim-one-benbassat-task	UNKNOWN STEP	2026-08-24T12:21:50.5891490Z  * [new branch]        agent/doctor-who-cycle-004-jask-audio-completion -> origin/agent/doctor-who-cycle-004-jask-audio-completion
claim-one-benbassat-task	UNKNOWN STEP	2026-08-24T12:21:50.5892342Z  * [new branch]        agent/doctor-who-cycle-004-jask-audio-portrait -> origin/agent/doctor-who-cycle-004-jask-audio-portrait
claim-one-benbassat-task	UNKNOWN STEP	2026-08-24T12:21:50.5893504Z  * [new branch]        agent/doctor-who-cycle-004-jask-still-correction -> origin/agent/doctor-who-cycle-004-jask-still-correction
claim-one-benbassat-task	UNKNOWN STEP	2026-08-24T12:21:50.5894526Z  * [new branch]        agent/doctor-who-cycle-004-media-preflight -> origin/agent/doctor-who-cycle-004-media-preflight
claim-one-benbassat-task	UNKNOWN STEP	2026-08-24T12:21:50.5895402Z  * [new branch]        agent/doctor-who-cycle-004-preflight -> origin/agent/doctor-who-cycle-004-preflight
claim-one-benbassat-task	UNKNOWN STEP	2026-08-24T12:21:50.5896427Z  * [new branch]        agent/doctor-who-cycle-004-still-correction-source -> origin/agent/doctor-who-cycle-004-still-correction-source
claim-one-benbassat-task	UNKNOWN STEP	2026-08-24T12:21:50.5897481Z  * [new branch]        agent/doctor-who-cycle-004-still-verification -> origin/agent/doctor-who-cycle-004-still-verification
claim-one-benbassat-task	UNKNOWN STEP	2026-08-24T12:21:50.5898516Z  * [new branch]        agent/doctor-who-cycle-005-carrier-source-export-v4 -> origin/agent/doctor-who-cycle-005-carrier-source-export-v4
claim-one-benbassat-task	UNKNOWN STEP	2026-08-24T12:21:50.5899479Z  * [new branch]        agent/doctor-who-cycle-005-kaarsh-completion -> origin/agent/doctor-who-cycle-005-kaarsh-completion
claim-one-benbassat-task	UNKNOWN STEP	2026-08-24T12:21:50.5900464Z  * [new branch]        agent/doctor-who-cycle-005-kaarsh-still-reattestation -> origin/agent/doctor-who-cycle-005-kaarsh-still-reattestation
claim-one-benbassat-task	UNKNOWN STEP	2026-08-24T12:21:50.5901229Z  * [new branch]        agent/doctor-who-cycle-005-kaarsh-still-verification -> origin/agent/doctor-who-cycle-005-kaarsh-still-verification
claim-one-benbassat-task	UNKNOWN STEP	2026-08-24T12:21:50.5901889Z  * [new branch]        agent/doctor-who-cycle-005-preflight -> origin/agent/doctor-who-cycle-005-preflight
claim-one-benbassat-task	UNKNOWN STEP	2026-08-24T12:21:50.5902523Z  * [new branch]        agent/doctor-who-cycle-006-autopilot-history-fix -> origin/agent/doctor-who-cycle-006-autopilot-history-fix
claim-one-benbassat-task	UNKNOWN STEP	2026-08-24T12:21:50.5903479Z  * [new branch]        agent/doctor-who-cycle-006-autopilot-history-qualification -> origin/agent/doctor-who-cycle-006-autopilot-history-qualification
claim-one-benbassat-task	UNKNOWN STEP	2026-08-24T12:21:50.5904269Z  * [new branch]        agent/doctor-who-cycle-006-carrier-source-export-v3 -> origin/agent/doctor-who-cycle-006-carrier-source-export-v3
claim-one-benbassat-task	UNKNOWN STEP	2026-08-24T12:21:50.5905009Z  * [new branch]        agent/doctor-who-cycle-006-chronology-composability -> origin/agent/doctor-who-cycle-006-chronology-composability
claim-one-benbassat-task	UNKNOWN STEP	2026-08-24T12:21:50.5905866Z  * [new branch]        agent/doctor-who-cycle-006-chronology-composability-current-main -> origin/agent/doctor-who-cycle-006-chronology-composability-current-main
claim-one-benbassat-task	UNKNOWN STEP	2026-08-24T12:21:50.5906918Z  * [new branch]        agent/doctor-who-cycle-006-chronology-composability-materializer -> origin/agent/doctor-who-cycle-006-chronology-composability-materializer
claim-one-benbassat-task	UNKNOWN STEP	2026-08-24T12:21:50.5907832Z  * [new branch]        agent/doctor-who-cycle-006-chronology-composability-qualification -> origin/agent/doctor-who-cycle-006-chronology-composability-qualification
claim-one-benbassat-task	UNKNOWN STEP	2026-08-24T12:21:50.5908774Z  * [new branch]        agent/doctor-who-cycle-006-chronology-composability-qualification-v2 -> origin/agent/doctor-who-cycle-006-chronology-composability-qualification-v2
claim-one-benbassat-task	UNKNOWN STEP	2026-08-24T12:21:50.5909752Z  * [new branch]        agent/doctor-who-cycle-006-chronology-composability-qualification-v3 -> origin/agent/doctor-who-cycle-006-chronology-composability-qualification-v3
claim-one-benbassat-task	UNKNOWN STEP	2026-08-24T12:21:50.5910792Z  * [new branch]        agent/doctor-who-cycle-006-chronology-composable-source-export -> origin/agent/doctor-who-cycle-006-chronology-composable-source-export
claim-one-benbassat-task	UNKNOWN STEP	2026-08-24T12:21:50.5911590Z  * [new branch]        agent/doctor-who-cycle-006-chronology-correction -> origin/agent/doctor-who-cycle-006-chronology-correction
claim-one-benbassat-task	UNKNOWN STEP	2026-08-24T12:21:50.5912384Z  * [new branch]        agent/doctor-who-cycle-006-chronology-correction-materializer -> origin/agent/doctor-who-cycle-006-chronology-correction-materializer
claim-one-benbassat-task	UNKNOWN STEP	2026-08-24T12:21:50.5913252Z  * [new branch]        agent/doctor-who-cycle-006-clean-main-rebind-v3 -> origin/agent/doctor-who-cycle-006-clean-main-rebind-v3
claim-one-benbassat-task	UNKNOWN STEP	2026-08-24T12:21:50.5913920Z  * [new branch]        agent/doctor-who-cycle-006-clean-main-rebind-v4 -> origin/agent/doctor-who-cycle-006-clean-main-rebind-v4
claim-one-benbassat-task	UNKNOWN STEP	2026-08-24T12:21:50.5914595Z  * [new branch]        agent/doctor-who-cycle-006-clean-main-rebind-v5 -> origin/agent/doctor-who-cycle-006-clean-main-rebind-v5
claim-one-benbassat-task	UNKNOWN STEP	2026-08-24T12:21:50.5915257Z  * [new branch]        agent/doctor-who-cycle-006-clean-main-rebind-v6 -> origin/agent/doctor-who-cycle-006-clean-main-rebind-v6
claim-one-benbassat-task	UNKNOWN STEP	2026-08-24T12:21:50.5915925Z  * [new branch]        agent/doctor-who-cycle-006-current-main-rebind -> origin/agent/doctor-who-cycle-006-current-main-rebind
claim-one-benbassat-task	UNKNOWN STEP	2026-08-24T12:21:50.5916606Z  * [new branch]        agent/doctor-who-cycle-006-current-main-rebind-v2 -> origin/agent/doctor-who-cycle-006-current-main-rebind-v2
claim-one-benbassat-task	UNKNOWN STEP	2026-08-24T12:21:50.5917277Z  * [new branch]        agent/doctor-who-cycle-006-kayste-completion -> origin/agent/doctor-who-cycle-006-kayste-completion
claim-one-benbassat-task	UNKNOWN STEP	2026-08-24T12:21:50.5917943Z  * [new branch]        agent/doctor-who-cycle-006-kayste-completion-v2 -> origin/agent/doctor-who-cycle-006-kayste-completion-v2
claim-one-benbassat-task	UNKNOWN STEP	2026-08-24T12:21:50.5918621Z  * [new branch]        agent/doctor-who-cycle-006-kayste-completion-v3 -> origin/agent/doctor-who-cycle-006-kayste-completion-v3
claim-one-benbassat-task	UNKNOWN STEP	2026-08-24T12:21:50.5919399Z  * [new branch]        agent/doctor-who-cycle-006-kayste-completion-v4 -> origin/agent/doctor-who-cycle-006-kayste-completion-v4
claim-one-benbassat-task	UNKNOWN STEP	2026-08-24T12:21:50.5920069Z  * [new branch]        agent/doctor-who-cycle-006-kayste-completion-v5 -> origin/agent/doctor-who-cycle-006-kayste-completion-v5
claim-one-benbassat-task	UNKNOWN STEP	2026-08-24T12:21:50.5920725Z  * [new branch]        agent/doctor-who-cycle-006-kayste-completion-v6 -> origin/agent/doctor-who-cycle-006-kayste-completion-v6
claim-one-benbassat-task	UNKNOWN STEP	2026-08-24T12:21:50.5921408Z  * [new branch]        agent/doctor-who-cycle-006-kayste-media-preflight -> origin/agent/doctor-who-cycle-006-kayste-media-preflight
claim-one-benbassat-task	UNKNOWN STEP	2026-08-24T12:21:50.5922072Z  * [new branch]        agent/doctor-who-cycle-006-merge-guardian -> origin/agent/doctor-who-cycle-006-merge-guardian
claim-one-benbassat-task	UNKNOWN STEP	2026-08-24T12:21:50.5922729Z  * [new branch]        agent/doctor-who-cycle-006-postfailure-status -> origin/agent/doctor-who-cycle-006-postfailure-status
claim-one-benbassat-task	UNKNOWN STEP	2026-08-24T12:21:50.5923432Z  * [new branch]        agent/doctor-who-cycle-006-preflight -> origin/agent/doctor-who-cycle-006-preflight
claim-one-benbassat-task	UNKNOWN STEP	2026-08-24T12:21:50.5924104Z  * [new branch]        agent/doctor-who-cycle-006-writer-builder -> origin/agent/doctor-who-cycle-006-writer-builder
claim-one-benbassat-task	UNKNOWN STEP	2026-08-24T12:21:50.5925219Z  * [new branch]        agent/doctor-who-cycle-006-writer-source-publication -> origin/agent/doctor-who-cycle-006-writer-source-publication
claim-one-benbassat-task	UNKNOWN STEP	2026-08-24T12:21:50.5925955Z  * [new branch]        agent/doctor-who-cycle-006-writer-source-recovery -> origin/agent/doctor-who-cycle-006-writer-source-recovery
claim-one-benbassat-task	UNKNOWN STEP	2026-08-24T12:21:50.5926693Z  * [new branch]        agent/doctor-who-cycle-007-canonical-proof-v4 -> origin/agent/doctor-who-cycle-007-canonical-proof-v4
claim-one-benbassat-task	UNKNOWN STEP	2026-08-24T12:21:50.5927866Z  * [new branch]        agent/doctor-who-cycle-007-current-main-source-export -> origin/agent/doctor-who-cycle-007-current-main-source-export
claim-one-benbassat-task	UNKNOWN STEP	2026-08-24T12:21:50.5928730Z  * [new branch]        agent/doctor-who-cycle-007-current-main-source-export-v2 -> origin/agent/doctor-who-cycle-007-current-main-source-export-v2
claim-one-benbassat-task	UNKNOWN STEP	2026-08-24T12:21:50.5929837Z  * [new branch]        agent/doctor-who-cycle-007-current-main-source-export-v2-lean -> origin/agent/doctor-who-cycle-007-current-main-source-export-v2-lean
claim-one-benbassat-task	UNKNOWN STEP	2026-08-24T12:21:50.5930670Z  * [new branch]        agent/doctor-who-cycle-007-current-main-source-export-v3 -> origin/agent/doctor-who-cycle-007-current-main-source-export-v3
claim-one-benbassat-task	UNKNOWN STEP	2026-08-24T12:21:50.5931501Z  * [new branch]        agent/doctor-who-cycle-007-current-main-source-snapshot-v2 -> origin/agent/doctor-who-cycle-007-current-main-source-snapshot-v2
claim-one-benbassat-task	UNKNOWN STEP	2026-08-24T12:21:50.5932324Z  * [new branch]        agent/doctor-who-cycle-007-kragar-media-preflight -> origin/agent/doctor-who-cycle-007-kragar-media-preflight
claim-one-benbassat-task	UNKNOWN STEP	2026-08-24T12:21:50.5933397Z  * [new branch]        agent/doctor-who-cycle-007-kragar-media-prepublish -> origin/agent/doctor-who-cycle-007-kragar-media-prepublish
claim-one-benbassat-task	UNKNOWN STEP	2026-08-24T12:21:50.5934184Z  * [new branch]        agent/doctor-who-cycle-007-kragar-media-prepublish-v2 -> origin/agent/doctor-who-cycle-007-kragar-media-prepublish-v2
claim-one-benbassat-task	UNKNOWN STEP	2026-08-24T12:21:50.5934967Z  * [new branch]        agent/doctor-who-cycle-007-kragar-media-review-final -> origin/agent/doctor-who-cycle-007-kragar-media-review-final
claim-one-benbassat-task	UNKNOWN STEP	2026-08-24T12:21:50.5935689Z  * [new branch]        agent/doctor-who-cycle-007-kragar-media-review-v2 -> origin/agent/doctor-who-cycle-007-kragar-media-review-v2
claim-one-benbassat-task	UNKNOWN STEP	2026-08-24T12:21:50.5936376Z  * [new branch]        agent/doctor-who-cycle-007-kragar-media-review-v3 -> origin/agent/doctor-who-cycle-007-kragar-media-review-v3
claim-one-benbassat-task	UNKNOWN STEP	2026-08-24T12:21:50.5937073Z  * [new branch]        agent/doctor-who-cycle-007-kragar-media-terminal -> origin/agent/doctor-who-cycle-007-kragar-media-terminal
claim-one-benbassat-task	UNKNOWN STEP	2026-08-24T12:21:50.5937756Z  * [new branch]        agent/doctor-who-cycle-007-kragar-product-v14 -> origin/agent/doctor-who-cycle-007-kragar-product-v14
claim-one-benbassat-task	UNKNOWN STEP	2026-08-24T12:21:50.5938549Z  * [new branch]        agent/doctor-who-cycle-007-post-composability-source-snapshot -> origin/agent/doctor-who-cycle-007-post-composability-source-snapshot
claim-one-benbassat-task	UNKNOWN STEP	2026-08-24T12:21:50.5939591Z  * [new branch]        agent/doctor-who-cycle-007-post-merge-proof-v1 -> origin/agent/doctor-who-cycle-007-post-merge-proof-v1
claim-one-benbassat-task	UNKNOWN STEP	2026-08-24T12:21:50.5940257Z  * [new branch]        agent/doctor-who-cycle-007-post-merge-proof-v2 -> origin/agent/doctor-who-cycle-007-post-merge-proof-v2
claim-one-benbassat-task	UNKNOWN STEP	2026-08-24T12:21:50.5940911Z  * [new branch]        agent/doctor-who-cycle-007-post-merge-proof-v3 -> origin/agent/doctor-who-cycle-007-post-merge-proof-v3
claim-one-benbassat-task	UNKNOWN STEP	2026-08-24T12:21:50.5941533Z  * [new branch]        agent/doctor-who-cycle-007-preflight -> origin/agent/doctor-who-cycle-007-preflight
claim-one-benbassat-task	UNKNOWN STEP	2026-08-24T12:21:50.5942115Z  * [new branch]        agent/doctor-who-cycle-007-qualifier-v10 -> origin/agent/doctor-who-cycle-007-qualifier-v10
claim-one-benbassat-task	UNKNOWN STEP	2026-08-24T12:21:50.5942725Z  * [new branch]        agent/doctor-who-cycle-007-qualifier-v10r -> origin/agent/doctor-who-cycle-007-qualifier-v10r
claim-one-benbassat-task	UNKNOWN STEP	2026-08-24T12:21:50.5943670Z  * [new branch]        agent/doctor-who-cycle-007-qualifier-v8 -> origin/agent/doctor-who-cycle-007-qualifier-v8
claim-one-benbassat-task	UNKNOWN STEP	2026-08-24T12:21:50.5944268Z  * [new branch]        agent/doctor-who-cycle-007-qualifier-v9 -> origin/agent/doctor-who-cycle-007-qualifier-v9
claim-one-benbassat-task	UNKNOWN STEP	2026-08-24T12:21:50.5944833Z  * [new branch]        agent/doctor-who-cycle-007-selection -> origin/agent/doctor-who-cycle-007-selection
claim-one-benbassat-task	UNKNOWN STEP	2026-08-24T12:21:50.5945429Z  * [new branch]        agent/doctor-who-cycle-007-source-snapshot -> origin/agent/doctor-who-cycle-007-source-snapshot
claim-one-benbassat-task	UNKNOWN STEP	2026-08-24T12:21:50.5946069Z  * [new branch]        agent/doctor-who-cycle-007-source-snapshot-v2 -> origin/agent/doctor-who-cycle-007-source-snapshot-v2
claim-one-benbassat-task	UNKNOWN STEP	2026-08-24T12:21:50.5946801Z  * [new branch]        agent/doctor-who-cycle-007-terminal-current-main-proof-v4 -> origin/agent/doctor-who-cycle-007-terminal-current-main-proof-v4
claim-one-benbassat-task	UNKNOWN STEP	2026-08-24T12:21:50.5947574Z  * [new branch]        agent/doctor-who-cycle-007-transport-comment-census -> origin/agent/doctor-who-cycle-007-transport-comment-census
claim-one-benbassat-task	UNKNOWN STEP	2026-08-24T12:21:50.5948452Z  * [new branch]        agent/doctor-who-cycle-007-trusted-publisher-v10-denominator-repair -> origin/agent/doctor-who-cycle-007-trusted-publisher-v10-denominator-repair
claim-one-benbassat-task	UNKNOWN STEP	2026-08-24T12:21:50.5949516Z  * [new branch]        agent/doctor-who-cycle-007-trusted-publisher-v10-installer -> origin/agent/doctor-who-cycle-007-trusted-publisher-v10-installer
claim-one-benbassat-task	UNKNOWN STEP	2026-08-24T12:21:50.5950373Z  * [new branch]        agent/doctor-who-cycle-007-trusted-publisher-v10-installer-008f -> origin/agent/doctor-who-cycle-007-trusted-publisher-v10-installer-008f
claim-one-benbassat-task	UNKNOWN STEP	2026-08-24T12:21:50.5951135Z  * [new branch]        agent/doctor-who-cycle-007-v11-finalization -> origin/agent/doctor-who-cycle-007-v11-finalization
claim-one-benbassat-task	UNKNOWN STEP	2026-08-24T12:21:50.5951761Z  * [new branch]        agent/doctor-who-cycle-007-v12-finalization -> origin/agent/doctor-who-cycle-007-v12-finalization
claim-one-benbassat-task	UNKNOWN STEP	2026-08-24T12:21:50.5952374Z  * [new branch]        agent/doctor-who-cycle-007-v13-finalization -> origin/agent/doctor-who-cycle-007-v13-finalization
claim-one-benbassat-task	UNKNOWN STEP	2026-08-24T12:21:50.5953078Z  * [new branch]        agent/doctor-who-cycle-007-v14-finalization -> origin/agent/doctor-who-cycle-007-v14-finalization
claim-one-benbassat-task	UNKNOWN STEP	2026-08-24T12:21:50.5953806Z  * [new branch]        agent/doctor-who-cycle-007-v14-finalization-copy-do-not-use -> origin/agent/doctor-who-cycle-007-v14-finalization-copy-do-not-use
claim-one-benbassat-task	UNKNOWN STEP	2026-08-24T12:21:50.5954519Z  * [new branch]        agent/doctor-who-cycle-007-v14-publisher -> origin/agent/doctor-who-cycle-007-v14-publisher
claim-one-benbassat-task	UNKNOWN STEP	2026-08-24T12:21:50.5955170Z  * [new branch]        agent/doctor-who-cycle-007-v14-publisher-observer -> origin/agent/doctor-who-cycle-007-v14-publisher-observer
claim-one-benbassat-task	UNKNOWN STEP	2026-08-24T12:21:50.5955893Z  * [new branch]        agent/doctor-who-cycle-007-v15-product-qualification -> origin/agent/doctor-who-cycle-007-v15-product-qualification
claim-one-benbassat-task	UNKNOWN STEP	2026-08-24T12:21:50.5956692Z  * [new branch]        agent/doctor-who-cycle-007-v15-product-qualification-v2 -> origin/agent/doctor-who-cycle-007-v15-product-qualification-v2
claim-one-benbassat-task	UNKNOWN STEP	2026-08-24T12:21:50.5957521Z  * [new branch]        agent/doctor-who-cycle-007-v8-finalizer-v1 -> origin/agent/doctor-who-cycle-007-v8-finalizer-v1
claim-one-benbassat-task	UNKNOWN STEP	2026-08-24T12:21:50.5958309Z  * [new branch]        agent/doctor-who-cycle-007-v8-finalizer-v1-repair -> origin/agent/doctor-who-cycle-007-v8-finalizer-v1-repair
claim-one-benbassat-task	UNKNOWN STEP	2026-08-24T12:21:50.5958998Z  * [new branch]        agent/doctor-who-cycle-007-v8-finalizer-v2 -> origin/agent/doctor-who-cycle-007-v8-finalizer-v2
claim-one-benbassat-task	UNKNOWN STEP	2026-08-24T12:21:50.5959693Z  * [new branch]        agent/doctor-who-cycle-007-v8-finalizer-v3 -> origin/agent/doctor-who-cycle-007-v8-finalizer-v3
claim-one-benbassat-task	UNKNOWN STEP	2026-08-24T12:21:50.5960394Z  * [new branch]        agent/doctor-who-cycle-007-v8-independent-review -> origin/agent/doctor-who-cycle-007-v8-independent-review
claim-one-benbassat-task	UNKNOWN STEP	2026-08-24T12:21:50.5961161Z  * [new branch]        agent/doctor-who-cycle-007-v8-independent-review-v2 -> origin/agent/doctor-who-cycle-007-v8-independent-review-v2
claim-one-benbassat-task	UNKNOWN STEP	2026-08-24T12:21:50.5961927Z  * [new branch]        agent/doctor-who-cycle-007-v8-independent-review-v3-probe -> origin/agent/doctor-who-cycle-007-v8-independent-review-v3-probe
claim-one-benbassat-task	UNKNOWN STEP	2026-08-24T12:21:50.5962727Z  * [new branch]        agent/doctor-who-cycle-007-v8-independent-review-v4-probe -> origin/agent/doctor-who-cycle-007-v8-independent-review-v4-probe
claim-one-benbassat-task	UNKNOWN STEP	2026-08-24T12:21:50.5963780Z  * [new branch]        agent/doctor-who-cycle-007-v8-independent-review-v5 -> origin/agent/doctor-who-cycle-007-v8-independent-review-v5
claim-one-benbassat-task	UNKNOWN STEP	2026-08-24T12:21:50.5964766Z  * [new branch]        agent/doctor-who-cycle-007-v8-materializer -> origin/agent/doctor-who-cycle-007-v8-materializer
claim-one-benbassat-task	UNKNOWN STEP	2026-08-24T12:21:50.5965435Z  * [new branch]        agent/doctor-who-cycle-007-v8-merge-guardian-v1 -> origin/agent/doctor-who-cycle-007-v8-merge-guardian-v1
claim-one-benbassat-task	UNKNOWN STEP	2026-08-24T12:21:50.5966112Z  * [new branch]        agent/doctor-who-cycle-007-v8-merge-guardian-v2 -> origin/agent/doctor-who-cycle-007-v8-merge-guardian-v2
claim-one-benbassat-task	UNKNOWN STEP	2026-08-24T12:21:50.5966769Z  * [new branch]        agent/doctor-who-cycle-007-v8-merge-guardian-v3 -> origin/agent/doctor-who-cycle-007-v8-merge-guardian-v3
claim-one-benbassat-task	UNKNOWN STEP	2026-08-24T12:21:50.5967474Z  * [new branch]        agent/doctor-who-cycle-007-v8-product-qualifier-v1 -> origin/agent/doctor-who-cycle-007-v8-product-qualifier-v1
claim-one-benbassat-task	UNKNOWN STEP	2026-08-24T12:21:50.5968428Z  * [new branch]        agent/doctor-who-cycle-007-v8-product-qualifier-v2 -> origin/agent/doctor-who-cycle-007-v8-product-qualifier-v2
claim-one-benbassat-task	UNKNOWN STEP	2026-08-24T12:21:50.5969483Z  * [new branch]        agent/doctor-who-cycle-007-v8-product-qualifier-v3 -> origin/agent/doctor-who-cycle-007-v8-product-qualifier-v3
claim-one-benbassat-task	UNKNOWN STEP	2026-08-24T12:21:50.5970204Z  * [new branch]        agent/doctor-who-cycle-007-v8-terminal-guardian-v4 -> origin/agent/doctor-who-cycle-007-v8-terminal-guardian-v4
claim-one-benbassat-task	UNKNOWN STEP	2026-08-24T12:21:50.5970938Z  * [new branch]        agent/doctor-who-cycle-007-writer-builder-squash-temp -> origin/agent/doctor-who-cycle-007-writer-builder-squash-temp
claim-one-benbassat-task	UNKNOWN STEP	2026-08-24T12:21:50.5971719Z  * [new branch]        agent/doctor-who-cycle-007-writer-builder-squash-temp-v2 -> origin/agent/doctor-who-cycle-007-writer-builder-squash-temp-v2
claim-one-benbassat-task	UNKNOWN STEP	2026-08-24T12:21:50.5972437Z  * [new branch]        agent/doctor-who-cycle-007-writer-builder-v1 -> origin/agent/doctor-who-cycle-007-writer-builder-v1
claim-one-benbassat-task	UNKNOWN STEP	2026-08-24T12:21:50.5973274Z  * [new branch]        agent/doctor-who-cycle-007-writer-builder-v2 -> origin/agent/doctor-who-cycle-007-writer-builder-v2
claim-one-benbassat-task	UNKNOWN STEP	2026-08-24T12:21:50.5973933Z  * [new branch]        agent/doctor-who-cycle-007-writer-builder-v3 -> origin/agent/doctor-who-cycle-007-writer-builder-v3
claim-one-benbassat-task	UNKNOWN STEP	2026-08-24T12:21:50.5974791Z  * [new branch]        agent/doctor-who-cycle-007-writer-builder-v4-squash-temp -> origin/agent/doctor-who-cycle-007-writer-builder-v4-squash-temp
claim-one-benbassat-task	UNKNOWN STEP	2026-08-24T12:21:50.5975595Z  * [new branch]        agent/doctor-who-cycle-007-writer-builder-v4-squash-temp-v2 -> origin/agent/doctor-who-cycle-007-writer-builder-v4-squash-temp-v2
claim-one-benbassat-task	UNKNOWN STEP	2026-08-24T12:21:50.5976379Z  * [new branch]        agent/doctor-who-cycle-007-writer-builder-v6-rebuild -> origin/agent/doctor-who-cycle-007-writer-builder-v6-rebuild
claim-one-benbassat-task	UNKNOWN STEP	2026-08-24T12:21:50.5977068Z  * [new branch]        agent/doctor-who-cycle-007-writer-builder-v7 -> origin/agent/doctor-who-cycle-007-writer-builder-v7
claim-one-benbassat-task	UNKNOWN STEP	2026-08-24T12:21:50.5977826Z  * [new branch]        agent/doctor-who-cycle-007-writer-builder-v9 -> origin/agent/doctor-who-cycle-007-writer-builder-v9
claim-one-benbassat-task	UNKNOWN STEP	2026-08-24T12:21:50.5978537Z  * [new branch]        agent/doctor-who-cycle-008-composability-current-main-v1 -> origin/agent/doctor-who-cycle-008-composability-current-main-v1
claim-one-benbassat-task	UNKNOWN STEP	2026-08-24T12:21:50.5979321Z  * [new branch]        agent/doctor-who-cycle-008-composability-for-cycle-009 -> origin/agent/doctor-who-cycle-008-composability-for-cycle-009
claim-one-benbassat-task	UNKNOWN STEP	2026-08-24T12:21:50.5980021Z  * [new branch]        agent/doctor-who-cycle-008-composability-v2 -> origin/agent/doctor-who-cycle-008-composability-v2
claim-one-benbassat-task	UNKNOWN STEP	2026-08-24T12:21:50.5980750Z  * [new branch]        agent/doctor-who-cycle-008-composability-v3-materializer-v1 -> origin/agent/doctor-who-cycle-008-composability-v3-materializer-v1
claim-one-benbassat-task	UNKNOWN STEP	2026-08-24T12:21:50.5981538Z  * [new branch]        agent/doctor-who-cycle-008-composability-v3-product -> origin/agent/doctor-who-cycle-008-composability-v3-product
claim-one-benbassat-task	UNKNOWN STEP	2026-08-24T12:21:50.5982289Z  * [new branch]        agent/doctor-who-cycle-008-composability-v3-qualifier -> origin/agent/doctor-who-cycle-008-composability-v3-qualifier
claim-one-benbassat-task	UNKNOWN STEP	2026-08-24T12:21:50.5983350Z  * [new branch]        agent/doctor-who-cycle-008-current-main-source-export -> origin/agent/doctor-who-cycle-008-current-main-source-export
claim-one-benbassat-task	UNKNOWN STEP	2026-08-24T12:21:50.5984456Z  * [new branch]        agent/doctor-who-cycle-008-current-main-source-export-v2 -> origin/agent/doctor-who-cycle-008-current-main-source-export-v2
claim-one-benbassat-task	UNKNOWN STEP	2026-08-24T12:21:50.5985708Z  * [new branch]        agent/doctor-who-cycle-008-cycle007-finalization-delta-recovery -> origin/agent/doctor-who-cycle-008-cycle007-finalization-delta-recovery
claim-one-benbassat-task	UNKNOWN STEP	2026-08-24T12:21:50.5986626Z  * [new branch]        agent/doctor-who-cycle-008-cycle007-finalization-delta-recovery-v2 -> origin/agent/doctor-who-cycle-008-cycle007-finalization-delta-recovery-v2
claim-one-benbassat-task	UNKNOWN STEP	2026-08-24T12:21:50.5987377Z  * [new branch]        agent/doctor-who-cycle-008-preflight -> origin/agent/doctor-who-cycle-008-preflight
claim-one-benbassat-task	UNKNOWN STEP	2026-08-24T12:21:50.5987968Z  * [new branch]        agent/doctor-who-cycle-008-preflight-v2 -> origin/agent/doctor-who-cycle-008-preflight-v2
claim-one-benbassat-task	UNKNOWN STEP	2026-08-24T12:21:50.5988709Z  * [new branch]        agent/doctor-who-cycle-008-preflight-v3 -> origin/agent/doctor-who-cycle-008-preflight-v3
claim-one-benbassat-task	UNKNOWN STEP	2026-08-24T12:21:50.5989415Z  * [new branch]        agent/doctor-who-cycle-009-megnus-jaka-postmerge-settler-v1 -> origin/agent/doctor-who-cycle-009-megnus-jaka-postmerge-settler-v1
claim-one-benbassat-task	UNKNOWN STEP	2026-08-24T12:21:50.5990201Z  * [new branch]        agent/doctor-who-cycle-009-megnus-jaka-postmerge-v2 -> origin/agent/doctor-who-cycle-009-megnus-jaka-postmerge-v2
claim-one-benbassat-task	UNKNOWN STEP	2026-08-24T12:21:50.5990850Z  * [new branch]        agent/doctor-who-cycle-010-frontier-v1 -> origin/agent/doctor-who-cycle-010-frontier-v1
claim-one-benbassat-task	UNKNOWN STEP	2026-08-24T12:21:50.5991633Z  * [new branch]        agent/doctor-who-cycle-010-merx-candidate-current-main-v4 -> origin/agent/doctor-who-cycle-010-merx-candidate-current-main-v4
claim-one-benbassat-task	UNKNOWN STEP	2026-08-24T12:21:50.5992486Z  * [new branch]        agent/doctor-who-cycle-010-merx-candidate-review-v1 -> origin/agent/doctor-who-cycle-010-merx-candidate-review-v1
claim-one-benbassat-task	UNKNOWN STEP	2026-08-24T12:21:50.5993382Z  * [new branch]        agent/doctor-who-cycle-010-merx-candidate-v1 -> origin/agent/doctor-who-cycle-010-merx-candidate-v1
claim-one-benbassat-task	UNKNOWN STEP	2026-08-24T12:21:50.5994027Z  * [new branch]        agent/doctor-who-cycle-010-merx-candidate-v2 -> origin/agent/doctor-who-cycle-010-merx-candidate-v2
claim-one-benbassat-task	UNKNOWN STEP	2026-08-24T12:21:50.5994956Z  * [new branch]        agent/doctor-who-cycle-010-merx-candidate-v3 -> origin/agent/doctor-who-cycle-010-merx-candidate-v3
claim-one-benbassat-task	UNKNOWN STEP	2026-08-24T12:21:50.5995844Z  * [new branch]        agent/doctor-who-cycle-010-merx-candidate-v4-current-main -> origin/agent/doctor-who-cycle-010-merx-candidate-v4-current-main
claim-one-benbassat-task	UNKNOWN STEP	2026-08-24T12:21:50.5996634Z  * [new branch]        agent/doctor-who-cycle-010-merx-candidate-v4-rebound -> origin/agent/doctor-who-cycle-010-merx-candidate-v4-rebound
claim-one-benbassat-task	UNKNOWN STEP	2026-08-24T12:21:50.5997330Z  * [new branch]        agent/doctor-who-cycle-010-merx-evidence-v1 -> origin/agent/doctor-who-cycle-010-merx-evidence-v1
claim-one-benbassat-task	UNKNOWN STEP	2026-08-24T12:21:50.5998132Z  * [new branch]        agent/doctor-who-cycle-010-merx-evidence-v2 -> origin/agent/doctor-who-cycle-010-merx-evidence-v2
claim-one-benbassat-task	UNKNOWN STEP	2026-08-24T12:21:50.5999122Z  * [new branch]        agent/doctor-who-cycle-010-merx-evidence-v3 -> origin/agent/doctor-who-cycle-010-merx-evidence-v3
claim-one-benbassat-task	UNKNOWN STEP	2026-08-24T12:21:50.5999735Z  * [new branch]        agent/doctor-who-cycle-010-merx-evidence-v4 -> origin/agent/doctor-who-cycle-010-merx-evidence-v4
claim-one-benbassat-task	UNKNOWN STEP	2026-08-24T12:21:50.6000479Z  * [new branch]        agent/doctor-who-cycle-010-merx-final-product-current-main-v1 -> origin/agent/doctor-who-cycle-010-merx-final-product-current-main-v1
claim-one-benbassat-task	UNKNOWN STEP	2026-08-24T12:21:50.6001260Z  * [new branch]        agent/doctor-who-cycle-010-merx-final-product-v1 -> origin/agent/doctor-who-cycle-010-merx-final-product-v1
claim-one-benbassat-task	UNKNOWN STEP	2026-08-24T12:21:50.6001940Z  * [new branch]        agent/doctor-who-cycle-010-merx-final-product-v2 -> origin/agent/doctor-who-cycle-010-merx-final-product-v2
claim-one-benbassat-task	UNKNOWN STEP	2026-08-24T12:21:50.6002618Z  * [new branch]        agent/doctor-who-cycle-010-merx-final-product-v3 -> origin/agent/doctor-who-cycle-010-merx-final-product-v3
claim-one-benbassat-task	UNKNOWN STEP	2026-08-24T12:21:50.6003464Z  * [new branch]        agent/doctor-who-cycle-010-merx-final-product-v4 -> origin/agent/doctor-who-cycle-010-merx-final-product-v4
claim-one-benbassat-task	UNKNOWN STEP	2026-08-24T12:21:50.6004739Z  * [new branch]        agent/doctor-who-cycle-010-merx-final-review-current-main-v1 -> origin/agent/doctor-who-cycle-010-merx-final-review-current-main-v1
claim-one-benbassat-task	UNKNOWN STEP	2026-08-24T12:21:50.6005993Z  * [new branch]        agent/doctor-who-cycle-010-merx-final-review-v1 -> origin/agent/doctor-who-cycle-010-merx-final-review-v1
claim-one-benbassat-task	UNKNOWN STEP	2026-08-24T12:21:50.6006797Z  * [new branch]        agent/doctor-who-cycle-010-merx-final-review-v2 -> origin/agent/doctor-who-cycle-010-merx-final-review-v2
claim-one-benbassat-task	UNKNOWN STEP	2026-08-24T12:21:50.6007466Z  * [new branch]        agent/doctor-who-cycle-010-merx-final-review-v3 -> origin/agent/doctor-who-cycle-010-merx-final-review-v3
claim-one-benbassat-task	UNKNOWN STEP	2026-08-24T12:21:50.6008136Z  * [new branch]        agent/doctor-who-cycle-010-merx-final-review-v4 -> origin/agent/doctor-who-cycle-010-merx-final-review-v4
claim-one-benbassat-task	UNKNOWN STEP	2026-08-24T12:21:50.6008956Z  * [new branch]        agent/doctor-who-cycle-010-merx-media-review-v1 -> origin/agent/doctor-who-cycle-010-merx-media-review-v1
claim-one-benbassat-task	UNKNOWN STEP	2026-08-24T12:21:50.6009676Z  * [new branch]        agent/doctor-who-cycle-010-merx-merger-current-main-v1 -> origin/agent/doctor-who-cycle-010-merx-merger-current-main-v1
claim-one-benbassat-task	UNKNOWN STEP	2026-08-24T12:21:50.6010374Z  * [new branch]        agent/doctor-who-cycle-010-merx-postmerge-v1 -> origin/agent/doctor-who-cycle-010-merx-postmerge-v1
claim-one-benbassat-task	UNKNOWN STEP	2026-08-24T12:21:50.6011104Z  * [new branch]        agent/doctor-who-cycle-010-merx-publisher-current-main-v1 -> origin/agent/doctor-who-cycle-010-merx-publisher-current-main-v1
claim-one-benbassat-task	UNKNOWN STEP	2026-08-24T12:21:50.6011952Z  * [new branch]        agent/doctor-who-cycle-010-merx-reviewed-product-current-main-v1 -> origin/agent/doctor-who-cycle-010-merx-reviewed-product-current-main-v1
claim-one-benbassat-task	UNKNOWN STEP	2026-08-24T12:21:50.6012696Z  * [new branch]        agent/doctor-who-cycle-010-preflight-v1 -> origin/agent/doctor-who-cycle-010-preflight-v1
claim-one-benbassat-task	UNKNOWN STEP	2026-08-24T12:21:50.6013440Z  * [new branch]        agent/doctor-who-cycle-010-preflight-v2 -> origin/agent/doctor-who-cycle-010-preflight-v2
claim-one-benbassat-task	UNKNOWN STEP	2026-08-24T12:21:50.6014137Z  * [new branch]        agent/doctor-who-cycle-011-preflight-v1 -> origin/agent/doctor-who-cycle-011-preflight-v1
claim-one-benbassat-task	UNKNOWN STEP	2026-08-24T12:21:50.6015225Z  * [new branch]        agent/doctor-who-cycle-011-retire-direct-publisher-v1 -> origin/agent/doctor-who-cycle-011-retire-direct-publisher-v1
claim-one-benbassat-task	UNKNOWN STEP	2026-08-24T12:21:50.6016043Z  * [new branch]        agent/doctor-who-cycle-012-senstarg-candidate-v1 -> origin/agent/doctor-who-cycle-012-senstarg-candidate-v1
claim-one-benbassat-task	UNKNOWN STEP	2026-08-24T12:21:50.6017127Z  * [new branch]        agent/doctor-who-cycle-012-senstarg-review-v1 -> origin/agent/doctor-who-cycle-012-senstarg-review-v1
claim-one-benbassat-task	UNKNOWN STEP	2026-08-24T12:21:50.6018221Z  * [new branch]        agent/doctor-who-cycle-013-shallo-candidate-v1 -> origin/agent/doctor-who-cycle-013-shallo-candidate-v1
claim-one-benbassat-task	UNKNOWN STEP	2026-08-24T12:21:50.6019458Z  * [new branch]        agent/doctor-who-cycle-014-shrok-candidate-v1 -> origin/agent/doctor-who-cycle-014-shrok-candidate-v1
claim-one-benbassat-task	UNKNOWN STEP	2026-08-24T12:21:50.6020407Z  * [new branch]        agent/doctor-who-global-cycle-receipt -> origin/agent/doctor-who-global-cycle-receipt
claim-one-benbassat-task	UNKNOWN STEP	2026-08-24T12:21:50.6021186Z  * [new branch]        agent/doctor-who-gredd-cycle-002-publication -> origin/agent/doctor-who-gredd-cycle-002-publication
claim-one-benbassat-task	UNKNOWN STEP	2026-08-24T12:21:50.6022262Z  * [new branch]        agent/doctor-who-journal-retirement-presence-custody -> origin/agent/doctor-who-journal-retirement-presence-custody
claim-one-benbassat-task	UNKNOWN STEP	2026-08-24T12:21:50.6024407Z  * [new branch]        agent/doctor-who-lifecycle-scope-and-terminal-custody -> origin/agent/doctor-who-lifecycle-scope-and-terminal-custody
claim-one-benbassat-task	UNKNOWN STEP	2026-08-24T12:21:50.6033532Z  * [new branch]        agent/doctor-who-lifecycle-task-id-first-custody -> origin/agent/doctor-who-lifecycle-task-id-first-custody
claim-one-benbassat-task	UNKNOWN STEP	2026-08-24T12:21:50.6034852Z  * [new branch]        agent/doctor-who-lifecycle-task-id-first-custody-v2 -> origin/agent/doctor-who-lifecycle-task-id-first-custody-v2
claim-one-benbassat-task	UNKNOWN STEP	2026-08-24T12:21:50.6036093Z  * [new branch]        agent/doctor-who-lifecycle-task-id-first-custody-v3 -> origin/agent/doctor-who-lifecycle-task-id-first-custody-v3
claim-one-benbassat-task	UNKNOWN STEP	2026-08-24T12:21:50.6037237Z  * [new branch]        agent/doctor-who-pilot-activation-current -> origin/agent/doctor-who-pilot-activation-current
claim-one-benbassat-task	UNKNOWN STEP	2026-08-24T12:21:50.6038349Z  * [new branch]        agent/doctor-who-pilot-claim-event-custody -> origin/agent/doctor-who-pilot-claim-event-custody
claim-one-benbassat-task	UNKNOWN STEP	2026-08-24T12:21:50.6039337Z  * [new branch]        agent/doctor-who-pilot-cycle-001 -> origin/agent/doctor-who-pilot-cycle-001
claim-one-benbassat-task	UNKNOWN STEP	2026-08-24T12:21:50.6040293Z  * [new branch]        agent/doctor-who-pilot-cycle-001-current -> origin/agent/doctor-who-pilot-cycle-001-current
claim-one-benbassat-task	UNKNOWN STEP	2026-08-24T12:21:50.6041376Z  * [new branch]        agent/doctor-who-pilot-cycle-journal-custody -> origin/agent/doctor-who-pilot-cycle-journal-custody
claim-one-benbassat-task	UNKNOWN STEP	2026-08-24T12:21:50.6042491Z  * [new branch]        agent/doctor-who-pilot-cycle-review-hotfix -> origin/agent/doctor-who-pilot-cycle-review-hotfix
claim-one-benbassat-task	UNKNOWN STEP	2026-08-24T12:21:50.6043637Z  * [new branch]        agent/doctor-who-regeneration-001 -> origin/agent/doctor-who-regeneration-001
claim-one-benbassat-task	UNKNOWN STEP	2026-08-24T12:21:50.6044937Z  * [new branch]        agent/doctor-who-retained-retired-task-custody -> origin/agent/doctor-who-retained-retired-task-custody
claim-one-benbassat-task	UNKNOWN STEP	2026-08-24T12:21:50.6046088Z  * [new branch]        agent/doctor-who-scope-bound-cycle-receipt -> origin/agent/doctor-who-scope-bound-cycle-receipt
claim-one-benbassat-task	UNKNOWN STEP	2026-08-24T12:21:50.6047128Z  * [new branch]        agent/doctor-who-semantic-adapter-001 -> origin/agent/doctor-who-semantic-adapter-001
claim-one-benbassat-task	UNKNOWN STEP	2026-08-24T12:21:50.6048154Z  * [new branch]        agent/doctor-who-source-preservation-001 -> origin/agent/doctor-who-source-preservation-001
claim-one-benbassat-task	UNKNOWN STEP	2026-08-24T12:21:50.6049148Z  * [new branch]        agent/enwright-cycle-schema-probe -> origin/agent/enwright-cycle-schema-probe
claim-one-benbassat-task	UNKNOWN STEP	2026-08-24T12:21:50.6050100Z  * [new branch]        agent/enwright-media-candidate-probe -> origin/agent/enwright-media-candidate-probe
claim-one-benbassat-task	UNKNOWN STEP	2026-08-24T12:21:50.6051023Z  * [new branch]        agent/estate-consolidation-001 -> origin/agent/estate-consolidation-001
claim-one-benbassat-task	UNKNOWN STEP	2026-08-24T12:21:50.6051886Z  * [new branch]        agent/estate-debt-collection-001 -> origin/agent/estate-debt-collection-001
claim-one-benbassat-task	UNKNOWN STEP	2026-08-24T12:21:50.6052765Z  * [new branch]        agent/estate-release-finalize-001 -> origin/agent/estate-release-finalize-001
claim-one-benbassat-task	UNKNOWN STEP	2026-08-24T12:21:50.6053806Z  * [new branch]        agent/export-current-main-result-v1 -> origin/agent/export-current-main-result-v1
claim-one-benbassat-task	UNKNOWN STEP	2026-08-24T12:21:50.6054750Z  * [new branch]        agent/export-current-main-result-v2 -> origin/agent/export-current-main-result-v2
claim-one-benbassat-task	UNKNOWN STEP	2026-08-24T12:21:50.6055605Z  * [new branch]        agent/export-current-main-v1 -> origin/agent/export-current-main-v1
claim-one-benbassat-task	UNKNOWN STEP	2026-08-24T12:21:50.6056386Z  * [new branch]        agent/export-current-main-v2 -> origin/agent/export-current-main-v2
claim-one-benbassat-task	UNKNOWN STEP	2026-08-24T12:21:50.6057342Z  * [new branch]        agent/extract-maryl-helper-by-sha-result-v2 -> origin/agent/extract-maryl-helper-by-sha-result-v2
claim-one-benbassat-task	UNKNOWN STEP	2026-08-24T12:21:50.6058528Z  * [new branch]        agent/extract-maryl-helper-by-sha-v2 -> origin/agent/extract-maryl-helper-by-sha-v2
claim-one-benbassat-task	UNKNOWN STEP	2026-08-24T12:21:50.6059543Z  * [new branch]        agent/extract-maryl-helper-for-queen-v1 -> origin/agent/extract-maryl-helper-for-queen-v1
claim-one-benbassat-task	UNKNOWN STEP	2026-08-24T12:21:50.6060537Z  * [new branch]        agent/extract-maryl-status-result-v1 -> origin/agent/extract-maryl-status-result-v1
claim-one-benbassat-task	UNKNOWN STEP	2026-08-24T12:21:50.6061421Z  * [new branch]        agent/extract-maryl-status-v1 -> origin/agent/extract-maryl-status-v1
claim-one-benbassat-task	UNKNOWN STEP	2026-08-24T12:21:50.6062429Z  * [new branch]        agent/extract-white-rabbit-controller-result-v1 -> origin/agent/extract-white-rabbit-controller-result-v1
claim-one-benbassat-task	UNKNOWN STEP	2026-08-24T12:21:50.6063697Z  * [new branch]        agent/extract-white-rabbit-controller-v1 -> origin/agent/extract-white-rabbit-controller-v1
claim-one-benbassat-task	UNKNOWN STEP	2026-08-24T12:21:50.6064696Z  * [new branch]        agent/ferengi-media-enrichment-001 -> origin/agent/ferengi-media-enrichment-001
claim-one-benbassat-task	UNKNOWN STEP	2026-08-24T12:21:50.6065694Z  * [new branch]        agent/finalize-clean-preservation-7054b6 -> origin/agent/finalize-clean-preservation-7054b6
claim-one-benbassat-task	UNKNOWN STEP	2026-08-24T12:21:50.6066723Z  * [new branch]        agent/finalize-forced-preserve-7054b6 -> origin/agent/finalize-forced-preserve-7054b6
claim-one-benbassat-task	UNKNOWN STEP	2026-08-24T12:21:50.6067613Z  * [new branch]        agent/fix-ferengi-role-filter -> origin/agent/fix-ferengi-role-filter
claim-one-benbassat-task	UNKNOWN STEP	2026-08-24T12:21:50.6068521Z  * [new branch]        agent/full-site-integrity-design-sweep -> origin/agent/full-site-integrity-design-sweep
claim-one-benbassat-task	UNKNOWN STEP	2026-08-24T12:21:50.6069504Z  * [new branch]        agent/gredd-cycle-002-final-evidence -> origin/agent/gredd-cycle-002-final-evidence
claim-one-benbassat-task	UNKNOWN STEP	2026-08-24T12:21:50.6070547Z  * [new branch]        agent/gredd-cycle-002-recovery-bootstrap -> origin/agent/gredd-cycle-002-recovery-bootstrap
claim-one-benbassat-task	UNKNOWN STEP	2026-08-24T12:21:50.6071548Z  * [new branch]        agent/gredd-cycle-002-recovery-rearm -> origin/agent/gredd-cycle-002-recovery-rearm
claim-one-benbassat-task	UNKNOWN STEP	2026-08-24T12:21:50.6072460Z  * [new branch]        agent/homepage-purpose-and-theme -> origin/agent/homepage-purpose-and-theme
claim-one-benbassat-task	UNKNOWN STEP	2026-08-24T12:21:50.6073590Z  * [new branch]        agent/inspect-anastasia-candidate-result-v1 -> origin/agent/inspect-anastasia-candidate-result-v1
claim-one-benbassat-task	UNKNOWN STEP	2026-08-24T12:21:50.6074755Z  * [new branch]        agent/inspect-anastasia-candidate-v1 -> origin/agent/inspect-anastasia-candidate-v1
claim-one-benbassat-task	UNKNOWN STEP	2026-08-24T12:21:50.6075765Z  * [new branch]        agent/inspect-anastasia-install-result-v1 -> origin/agent/inspect-anastasia-install-result-v1
claim-one-benbassat-task	UNKNOWN STEP	2026-08-24T12:21:50.6076745Z  * [new branch]        agent/inspect-anastasia-install-v1 -> origin/agent/inspect-anastasia-install-v1
claim-one-benbassat-task	UNKNOWN STEP	2026-08-24T12:21:50.6077750Z  * [new branch]        agent/inspect-anastasia-runs-all-result-v1 -> origin/agent/inspect-anastasia-runs-all-result-v1
claim-one-benbassat-task	UNKNOWN STEP	2026-08-24T12:21:50.6078739Z  * [new branch]        agent/inspect-anastasia-runs-all-v1 -> origin/agent/inspect-anastasia-runs-all-v1
claim-one-benbassat-task	UNKNOWN STEP	2026-08-24T12:21:50.6079726Z  * [new branch]        agent/inspect-star-trek-current-result-v1 -> origin/agent/inspect-star-trek-current-result-v1
claim-one-benbassat-task	UNKNOWN STEP	2026-08-24T12:21:50.6080702Z  * [new branch]        agent/inspect-star-trek-current-v1 -> origin/agent/inspect-star-trek-current-v1
claim-one-benbassat-task	UNKNOWN STEP	2026-08-24T12:21:50.6081578Z  * [new branch]        agent/inspect-star-trek-rail-v5 -> origin/agent/inspect-star-trek-rail-v5
claim-one-benbassat-task	UNKNOWN STEP	2026-08-24T12:21:50.6082496Z  * [new branch]        agent/inspect-star-trek-rail-v5-result -> origin/agent/inspect-star-trek-rail-v5-result
claim-one-benbassat-task	UNKNOWN STEP	2026-08-24T12:21:50.6083631Z  * [new branch]        agent/inspect-star-trek-rail-v5-snapshot -> origin/agent/inspect-star-trek-rail-v5-snapshot
claim-one-benbassat-task	UNKNOWN STEP	2026-08-24T12:21:50.6084749Z  * [new branch]        agent/inspect-star-trek-rail-v5-snapshot-result -> origin/agent/inspect-star-trek-rail-v5-snapshot-result
claim-one-benbassat-task	UNKNOWN STEP	2026-08-24T12:21:50.6085748Z  * [new branch]        agent/inspect-star-trek-sync-v6 -> origin/agent/inspect-star-trek-sync-v6
claim-one-benbassat-task	UNKNOWN STEP	2026-08-24T12:21:50.6086650Z  * [new branch]        agent/inspect-star-trek-sync-v6-result -> origin/agent/inspect-star-trek-sync-v6-result
claim-one-benbassat-task	UNKNOWN STEP	2026-08-24T12:21:50.6087657Z  * [new branch]        agent/inspect-star-trek-sync-v6-snapshot -> origin/agent/inspect-star-trek-sync-v6-snapshot
claim-one-benbassat-task	UNKNOWN STEP	2026-08-24T12:21:50.6088903Z  * [new branch]        agent/inspect-star-trek-sync-v6-snapshot-result -> origin/agent/inspect-star-trek-sync-v6-snapshot-result
claim-one-benbassat-task	UNKNOWN STEP	2026-08-24T12:21:50.6089983Z  * [new branch]        agent/locate-finalizer-forced-7054b6 -> origin/agent/locate-finalizer-forced-7054b6
claim-one-benbassat-task	UNKNOWN STEP	2026-08-24T12:21:50.6090948Z  * [new branch]        agent/locate-preserve-dispatch-7054b6 -> origin/agent/locate-preserve-dispatch-7054b6
claim-one-benbassat-task	UNKNOWN STEP	2026-08-24T12:21:50.6091899Z  * [new branch]        agent/locate-terminal-closure-7f6140 -> origin/agent/locate-terminal-closure-7f6140
claim-one-benbassat-task	UNKNOWN STEP	2026-08-24T12:21:50.6092941Z  * [new branch]        agent/media-audit-scope-order-repair -> origin/agent/media-audit-scope-order-repair
claim-one-benbassat-task	UNKNOWN STEP	2026-08-24T12:21:50.6093870Z  * [new branch]        agent/no-user-physical-dependency -> origin/agent/no-user-physical-dependency
claim-one-benbassat-task	UNKNOWN STEP	2026-08-24T12:21:50.6094827Z  * [new branch]        agent/observe-anastasia-cycle-result-v1 -> origin/agent/observe-anastasia-cycle-result-v1
claim-one-benbassat-task	UNKNOWN STEP	2026-08-24T12:21:50.6095777Z  * [new branch]        agent/observe-anastasia-cycle-v1 -> origin/agent/observe-anastasia-cycle-v1
claim-one-benbassat-task	UNKNOWN STEP	2026-08-24T12:21:50.6096757Z  * [new branch]        agent/observe-anastasia-recovery-result-v2 -> origin/agent/observe-anastasia-recovery-result-v2
claim-one-benbassat-task	UNKNOWN STEP	2026-08-24T12:21:50.6097767Z  * [new branch]        agent/observe-anastasia-recovery-v2 -> origin/agent/observe-anastasia-recovery-v2
claim-one-benbassat-task	UNKNOWN STEP	2026-08-24T12:21:50.6098843Z  * [new branch]        agent/observe-cycle-011-rastel-cleanup-current-v1 -> origin/agent/observe-cycle-011-rastel-cleanup-current-v1
claim-one-benbassat-task	UNKNOWN STEP	2026-08-24T12:21:50.6100061Z  * [new branch]        agent/observe-cycle-completed-failure-32546924511 -> origin/agent/observe-cycle-completed-failure-32546924511
claim-one-benbassat-task	UNKNOWN STEP	2026-08-24T12:21:50.6101087Z  * [new branch]        agent/observe-cycle-v3-current -> origin/agent/observe-cycle-v3-current
claim-one-benbassat-task	UNKNOWN STEP	2026-08-24T12:21:50.6102124Z  * [new branch]        agent/observe-dispatch-clean-preservation-235227a -> origin/agent/observe-dispatch-clean-preservation-235227a
claim-one-benbassat-task	UNKNOWN STEP	2026-08-24T12:21:50.6103352Z  * [new branch]        agent/observe-finalize-forced-7054b6 -> origin/agent/observe-finalize-forced-7054b6
claim-one-benbassat-task	UNKNOWN STEP	2026-08-24T12:21:50.6104467Z  * [new branch]        agent/observe-gredd-recovery-63fadd -> origin/agent/observe-gredd-recovery-63fadd
claim-one-benbassat-task	UNKNOWN STEP	2026-08-24T12:21:50.6105383Z  * [new branch]        agent/observe-no-golden-cage-d81e33 -> origin/agent/observe-no-golden-cage-d81e33
claim-one-benbassat-task	UNKNOWN STEP	2026-08-24T12:21:50.6106325Z  * [new branch]        agent/observe-operational-main-25f637 -> origin/agent/observe-operational-main-25f637
claim-one-benbassat-task	UNKNOWN STEP	2026-08-24T12:21:50.6107216Z  * [new branch]        agent/observe-preserve-7054b6 -> origin/agent/observe-preserve-7054b6
claim-one-benbassat-task	UNKNOWN STEP	2026-08-24T12:21:50.6108120Z  * [new branch]        agent/observe-preserve-dispatch-7054b6 -> origin/agent/observe-preserve-dispatch-7054b6
claim-one-benbassat-task	UNKNOWN STEP	2026-08-24T12:21:50.6109029Z  * [new branch]        agent/observe-queen-media-v1 -> origin/agent/observe-queen-media-v1
claim-one-benbassat-task	UNKNOWN STEP	2026-08-24T12:21:50.6109895Z  * [new branch]        agent/observe-queen-media-v1-result -> origin/agent/observe-queen-media-v1-result
claim-one-benbassat-task	UNKNOWN STEP	2026-08-24T12:21:50.6110887Z  * [new branch]        agent/observe-star-trek-cycle-result-v1 -> origin/agent/observe-star-trek-cycle-result-v1
claim-one-benbassat-task	UNKNOWN STEP	2026-08-24T12:21:50.6111933Z  * [new branch]        agent/observe-star-trek-cycle-snapshot-v1 -> origin/agent/observe-star-trek-cycle-snapshot-v1
claim-one-benbassat-task	UNKNOWN STEP	2026-08-24T12:21:50.6113001Z  * [new branch]        agent/observe-star-trek-cycle-v1 -> origin/agent/observe-star-trek-cycle-v1
claim-one-benbassat-task	UNKNOWN STEP	2026-08-24T12:21:50.6113820Z  * [new branch]        agent/observe-star-trek-cycle-v3 -> origin/agent/observe-star-trek-cycle-v3
claim-one-benbassat-task	UNKNOWN STEP	2026-08-24T12:21:50.6114734Z  * [new branch]        agent/observe-star-trek-cycle-v3-result -> origin/agent/observe-star-trek-cycle-v3-result
claim-one-benbassat-task	UNKNOWN STEP	2026-08-24T12:21:50.6115768Z  * [new branch]        agent/observe-star-trek-cycle-v3-snapshot -> origin/agent/observe-star-trek-cycle-v3-snapshot
claim-one-benbassat-task	UNKNOWN STEP	2026-08-24T12:21:50.6116912Z  * [new branch]        agent/observe-star-trek-cycle-v3-snapshot-result -> origin/agent/observe-star-trek-cycle-v3-snapshot-result
claim-one-benbassat-task	UNKNOWN STEP	2026-08-24T12:21:50.6118127Z  * [new branch]        agent/observe-star-trek-cycle-v4 -> origin/agent/observe-star-trek-cycle-v4
claim-one-benbassat-task	UNKNOWN STEP	2026-08-24T12:21:50.6119068Z  * [new branch]        agent/observe-star-trek-cycle-v4-result -> origin/agent/observe-star-trek-cycle-v4-result
claim-one-benbassat-task	UNKNOWN STEP	2026-08-24T12:21:50.6120098Z  * [new branch]        agent/observe-star-trek-cycle-v4-snapshot -> origin/agent/observe-star-trek-cycle-v4-snapshot
claim-one-benbassat-task	UNKNOWN STEP	2026-08-24T12:21:50.6121183Z  * [new branch]        agent/observe-star-trek-cycle-v4-snapshot-result -> origin/agent/observe-star-trek-cycle-v4-snapshot-result
claim-one-benbassat-task	UNKNOWN STEP	2026-08-24T12:21:50.6122295Z  * [new branch]        agent/observe-terminal-closure-7f6140 -> origin/agent/observe-terminal-closure-7f6140
claim-one-benbassat-task	UNKNOWN STEP	2026-08-24T12:21:50.6123372Z  * [new branch]        agent/observe-ux-nav-review-release -> origin/agent/observe-ux-nav-review-release
claim-one-benbassat-task	UNKNOWN STEP	2026-08-24T12:21:50.6124443Z  * [new branch]        agent/operational-evidence-publisher-v3-20260806 -> origin/agent/operational-evidence-publisher-v3-20260806
claim-one-benbassat-task	UNKNOWN STEP	2026-08-24T12:21:50.6125645Z  * [new branch]        agent/operational-evidence-review-base-37d681f -> origin/agent/operational-evidence-review-base-37d681f
claim-one-benbassat-task	UNKNOWN STEP	2026-08-24T12:21:50.6126991Z  * [new branch]        agent/operational-evidence-second-desk-direct-publisher-v12 -> origin/agent/operational-evidence-second-desk-direct-publisher-v12
claim-one-benbassat-task	UNKNOWN STEP	2026-08-24T12:21:50.6128419Z  * [new branch]        agent/operational-evidence-second-desk-publisher-20260806 -> origin/agent/operational-evidence-second-desk-publisher-20260806
claim-one-benbassat-task	UNKNOWN STEP	2026-08-24T12:21:50.6129840Z  * [new branch]        agent/operational-evidence-second-desk-publisher-v10-trigger -> origin/agent/operational-evidence-second-desk-publisher-v10-trigger
claim-one-benbassat-task	UNKNOWN STEP	2026-08-24T12:21:50.6131453Z  * [new branch]        agent/operational-evidence-second-desk-publisher-v11-pr-target -> origin/agent/operational-evidence-second-desk-publisher-v11-pr-target
claim-one-benbassat-task	UNKNOWN STEP	2026-08-24T12:21:50.6133232Z  * [new branch]        agent/operational-evidence-second-desk-publisher-v6-wrapper -> origin/agent/operational-evidence-second-desk-publisher-v6-wrapper
claim-one-benbassat-task	UNKNOWN STEP	2026-08-24T12:21:50.6134890Z  * [new branch]        agent/operational-evidence-second-desk-publisher-v7-wrapper -> origin/agent/operational-evidence-second-desk-publisher-v7-wrapper
claim-one-benbassat-task	UNKNOWN STEP	2026-08-24T12:21:50.6136363Z  * [new branch]        agent/operational-evidence-second-desk-publisher-v9-wrapper -> origin/agent/operational-evidence-second-desk-publisher-v9-wrapper
claim-one-benbassat-task	UNKNOWN STEP	2026-08-24T12:21:50.6137793Z  * [new branch]        agent/operational-evidence-second-desk-refresh-20260806 -> origin/agent/operational-evidence-second-desk-refresh-20260806
claim-one-benbassat-task	UNKNOWN STEP	2026-08-24T12:21:50.6139082Z  * [new branch]        agent/operational-evidence-second-desk-v11-event -> origin/agent/operational-evidence-second-desk-v11-event
claim-one-benbassat-task	UNKNOWN STEP	2026-08-24T12:21:50.6140364Z  * [new branch]        agent/operational-evidence-v11-direct-product-staging -> origin/agent/operational-evidence-v11-direct-product-staging
claim-one-benbassat-task	UNKNOWN STEP	2026-08-24T12:21:50.6141736Z  * [new branch]        agent/operational-evidence-workflow-run-igniter-20260806 -> origin/agent/operational-evidence-workflow-run-igniter-20260806
claim-one-benbassat-task	UNKNOWN STEP	2026-08-24T12:21:50.6143030Z  * [new branch]        agent/operational-metric-baselines -> origin/agent/operational-metric-baselines
claim-one-benbassat-task	UNKNOWN STEP	2026-08-24T12:21:50.6144023Z  * [new branch]        agent/operational-metric-ledger-custody -> origin/agent/operational-metric-ledger-custody
claim-one-benbassat-task	UNKNOWN STEP	2026-08-24T12:21:50.6145016Z  * [new branch]        agent/operational-metrics-custody-002 -> origin/agent/operational-metrics-custody-002
claim-one-benbassat-task	UNKNOWN STEP	2026-08-24T12:21:50.6146011Z  * [new branch]        agent/operational-metrics-receipt-003 -> origin/agent/operational-metrics-receipt-003
claim-one-benbassat-task	UNKNOWN STEP	2026-08-24T12:21:50.6146959Z  * [new branch]        agent/operational-reliability-001 -> origin/agent/operational-reliability-001
claim-one-benbassat-task	UNKNOWN STEP	2026-08-24T12:21:50.6147990Z  * [new branch]        agent/operational-reliability-binary-recovery -> origin/agent/operational-reliability-binary-recovery
claim-one-benbassat-task	UNKNOWN STEP	2026-08-24T12:21:50.6149139Z  * [new branch]        agent/operational-reliability-drill-receipts -> origin/agent/operational-reliability-drill-receipts
claim-one-benbassat-task	UNKNOWN STEP	2026-08-24T12:21:50.6150464Z  * [new branch]        agent/operational-reliability-evidence-ledger -> origin/agent/operational-reliability-evidence-ledger
claim-one-benbassat-task	UNKNOWN STEP	2026-08-24T12:21:50.6151657Z  * [new branch]        agent/operational-reliability-evidence-ledger-v2 -> origin/agent/operational-reliability-evidence-ledger-v2
claim-one-benbassat-task	UNKNOWN STEP	2026-08-24T12:21:50.6152951Z  * [new branch]        agent/operational-reliability-lockfile-trigger -> origin/agent/operational-reliability-lockfile-trigger
claim-one-benbassat-task	UNKNOWN STEP	2026-08-24T12:21:50.6154046Z  * [new branch]        agent/operational-reliability-main-proof -> origin/agent/operational-reliability-main-proof
claim-one-benbassat-task	UNKNOWN STEP	2026-08-24T12:21:50.6155072Z  * [new branch]        agent/operational-reliability-metrics-001 -> origin/agent/operational-reliability-metrics-001
claim-one-benbassat-task	UNKNOWN STEP	2026-08-24T12:21:50.6156197Z  * [new branch]        agent/operational-reliability-no-golden-cage -> origin/agent/operational-reliability-no-golden-cage
claim-one-benbassat-task	UNKNOWN STEP	2026-08-24T12:21:50.6157200Z  * [new branch]        agent/post-merge-enwright-proof -> origin/agent/post-merge-enwright-proof
claim-one-benbassat-task	UNKNOWN STEP	2026-08-24T12:21:50.6158212Z  * [new branch]        agent/probe-anastasia-recovery-now-result-v2 -> origin/agent/probe-anastasia-recovery-now-result-v2
claim-one-benbassat-task	UNKNOWN STEP	2026-08-24T12:21:50.6159152Z  * [new branch]        agent/probe-cycle-v3-head   -> origin/agent/probe-cycle-v3-head
claim-one-benbassat-task	UNKNOWN STEP	2026-08-24T12:21:50.6160009Z  * [new branch]        agent/public-trust-corrections-001 -> origin/agent/public-trust-corrections-001
claim-one-benbassat-task	UNKNOWN STEP	2026-08-24T12:21:50.6161038Z  * [new branch]        agent/public-trust-corrections-mainline-001 -> origin/agent/public-trust-corrections-mainline-001
claim-one-benbassat-task	UNKNOWN STEP	2026-08-24T12:21:50.6162021Z  * [new branch]        agent/publisher-custody-or-guard -> origin/agent/publisher-custody-or-guard
claim-one-benbassat-task	UNKNOWN STEP	2026-08-24T12:21:50.6163014Z  * [new branch]        agent/qualify-ux02a-current-main -> origin/agent/qualify-ux02a-current-main
claim-one-benbassat-task	UNKNOWN STEP	2026-08-24T12:21:50.6164012Z  * [new branch]        agent/queen-cycle-status-snapshot-result-v1 -> origin/agent/queen-cycle-status-snapshot-result-v1
claim-one-benbassat-task	UNKNOWN STEP	2026-08-24T12:21:50.6165063Z  * [new branch]        agent/queen-cycle-status-snapshot-v1 -> origin/agent/queen-cycle-status-snapshot-v1
claim-one-benbassat-task	UNKNOWN STEP	2026-08-24T12:21:50.6166180Z  * [new branch]        agent/queen-helper-align-result-v1 -> origin/agent/queen-helper-align-result-v1
claim-one-benbassat-task	UNKNOWN STEP	2026-08-24T12:21:50.6167022Z  * [new branch]        agent/queen-helper-align-v1 -> origin/agent/queen-helper-align-v1
claim-one-benbassat-task	UNKNOWN STEP	2026-08-24T12:21:50.6167969Z  * [new branch]        agent/queen-helper-current-prefix-result-v1 -> origin/agent/queen-helper-current-prefix-result-v1
claim-one-benbassat-task	UNKNOWN STEP	2026-08-24T12:21:50.6169007Z  * [new branch]        agent/queen-helper-current-prefix-v1 -> origin/agent/queen-helper-current-prefix-v1
claim-one-benbassat-task	UNKNOWN STEP	2026-08-24T12:21:50.6169996Z  * [new branch]        agent/queen-helper-recover-result-v2 -> origin/agent/queen-helper-recover-result-v2
claim-one-benbassat-task	UNKNOWN STEP	2026-08-24T12:21:50.6170914Z  * [new branch]        agent/queen-helper-recover-v2 -> origin/agent/queen-helper-recover-v2
claim-one-benbassat-task	UNKNOWN STEP	2026-08-24T12:21:50.6171891Z  * [new branch]        agent/queen-helper-status-snapshot-result-v1 -> origin/agent/queen-helper-status-snapshot-result-v1
claim-one-benbassat-task	UNKNOWN STEP	2026-08-24T12:21:50.6173088Z  * [new branch]        agent/queen-helper-status-snapshot-v1 -> origin/agent/queen-helper-status-snapshot-v1
claim-one-benbassat-task	UNKNOWN STEP	2026-08-24T12:21:50.6173994Z  * [new branch]        agent/queen-helper-verify-v1 -> origin/agent/queen-helper-verify-v1
claim-one-benbassat-task	UNKNOWN STEP	2026-08-24T12:21:50.6174892Z  * [new branch]        agent/queen-source-run-index-result-v1 -> origin/agent/queen-source-run-index-result-v1
claim-one-benbassat-task	UNKNOWN STEP	2026-08-24T12:21:50.6175799Z  * [new branch]        agent/queen-source-run-index-v1 -> origin/agent/queen-source-run-index-v1
claim-one-benbassat-task	UNKNOWN STEP	2026-08-24T12:21:50.6176587Z  * [new branch]        agent/rd-wave03-blob-probe  -> origin/agent/rd-wave03-blob-probe
claim-one-benbassat-task	UNKNOWN STEP	2026-08-24T12:21:50.6177408Z  * [new branch]        agent/read-collection-publish-log -> origin/agent/read-collection-publish-log
claim-one-benbassat-task	UNKNOWN STEP	2026-08-24T12:21:50.6178256Z  * [new branch]        agent/recover-queen-helper-v4 -> origin/agent/recover-queen-helper-v4
claim-one-benbassat-task	UNKNOWN STEP	2026-08-24T12:21:50.6179112Z  * [new branch]        agent/register-ux-nav-noscript-fix -> origin/agent/register-ux-nav-noscript-fix
claim-one-benbassat-task	UNKNOWN STEP	2026-08-24T12:21:50.6180222Z  * [new branch]        agent/register-ux-nav-readonly-release -> origin/agent/register-ux-nav-readonly-release
claim-one-benbassat-task	UNKNOWN STEP	2026-08-24T12:21:50.6181190Z  * [new branch]        agent/residual-denominator-wave-01 -> origin/agent/residual-denominator-wave-01
claim-one-benbassat-task	UNKNOWN STEP	2026-08-24T12:21:50.6182278Z  * [new branch]        agent/residual-denominator-wave-01-hardening-stage -> origin/agent/residual-denominator-wave-01-hardening-stage
claim-one-benbassat-task	UNKNOWN STEP	2026-08-24T12:21:50.6183640Z  * [new branch]        agent/restore-collection-steady-state-after-ux -> origin/agent/restore-collection-steady-state-after-ux
claim-one-benbassat-task	UNKNOWN STEP	2026-08-24T12:21:50.6184808Z  * [new branch]        agent/retire-doctor-who-cycle-007-v10-payloads -> origin/agent/retire-doctor-who-cycle-007-v10-payloads
claim-one-benbassat-task	UNKNOWN STEP	2026-08-24T12:21:50.6185972Z  * [new branch]        agent/retire-doctor-who-cycle-007-v10-publisher -> origin/agent/retire-doctor-who-cycle-007-v10-publisher
claim-one-benbassat-task	UNKNOWN STEP	2026-08-24T12:21:50.6187128Z  * [new branch]        agent/retire-doctor-who-cycle-007-v14-publisher -> origin/agent/retire-doctor-who-cycle-007-v14-publisher
claim-one-benbassat-task	UNKNOWN STEP	2026-08-24T12:21:50.6188269Z  * [new branch]        agent/retire-estate-preservation-transport -> origin/agent/retire-estate-preservation-transport
claim-one-benbassat-task	UNKNOWN STEP	2026-08-24T12:21:50.6189428Z  * [new branch]        agent/retire-stale-dec0016-trigger-after-cycle005 -> origin/agent/retire-stale-dec0016-trigger-after-cycle005
claim-one-benbassat-task	UNKNOWN STEP	2026-08-24T12:21:50.6190580Z  * [new branch]        agent/retire-synthetic-cycle-009-cadence-v1 -> origin/agent/retire-synthetic-cycle-009-cadence-v1
claim-one-benbassat-task	UNKNOWN STEP	2026-08-24T12:21:50.6191653Z  * [new branch]        agent/retire-unconsumed-wave03-review-fix -> origin/agent/retire-unconsumed-wave03-review-fix
claim-one-benbassat-task	UNKNOWN STEP	2026-08-24T12:21:50.6192768Z  * [new branch]        agent/retire-unstarted-wave03-hosted-executor -> origin/agent/retire-unstarted-wave03-hosted-executor
claim-one-benbassat-task	UNKNOWN STEP	2026-08-24T12:21:50.6193871Z  * [new branch]        agent/rolling-gold-waterline -> origin/agent/rolling-gold-waterline
claim-one-benbassat-task	UNKNOWN STEP	2026-08-24T12:21:50.6194778Z  * [new branch]        agent/scope-local-certification-fixture -> origin/agent/scope-local-certification-fixture
claim-one-benbassat-task	UNKNOWN STEP	2026-08-24T12:21:50.6195791Z  * [new branch]        agent/site-gold-map-001     -> origin/agent/site-gold-map-001
claim-one-benbassat-task	UNKNOWN STEP	2026-08-24T12:21:50.6196502Z  * [new branch]        agent/site-gold-map-002     -> origin/agent/site-gold-map-002
claim-one-benbassat-task	UNKNOWN STEP	2026-08-24T12:21:50.6197379Z  * [new branch]        agent/sitewide-truth-maintenance-handoff -> origin/agent/sitewide-truth-maintenance-handoff
claim-one-benbassat-task	UNKNOWN STEP	2026-08-24T12:21:50.6198225Z  * [new branch]        agent/snapshot-cycle-v3     -> origin/agent/snapshot-cycle-v3
claim-one-benbassat-task	UNKNOWN STEP	2026-08-24T12:21:50.6198983Z  * [new branch]        agent/snapshot-cycle-v3-result -> origin/agent/snapshot-cycle-v3-result
claim-one-benbassat-task	UNKNOWN STEP	2026-08-24T12:21:50.6199751Z  * [new branch]        agent/snapshot-cycle-v4     -> origin/agent/snapshot-cycle-v4
claim-one-benbassat-task	UNKNOWN STEP	2026-08-24T12:21:50.6200582Z  * [new branch]        agent/snapshot-cycle-v4-live-result -> origin/agent/snapshot-cycle-v4-live-result
claim-one-benbassat-task	UNKNOWN STEP	2026-08-24T12:21:50.6201391Z  * [new branch]        agent/snapshot-cycle-v5     -> origin/agent/snapshot-cycle-v5
claim-one-benbassat-task	UNKNOWN STEP	2026-08-24T12:21:50.6202198Z  * [new branch]        agent/snapshot-cycle-v5-live-result -> origin/agent/snapshot-cycle-v5-live-result
claim-one-benbassat-task	UNKNOWN STEP	2026-08-24T12:21:50.6203474Z  * [new branch]        agent/ssc-rd-wave03-admission-review-finalizer-20260805 -> origin/agent/ssc-rd-wave03-admission-review-finalizer-20260805
claim-one-benbassat-task	UNKNOWN STEP	2026-08-24T12:21:50.6204844Z  * [new branch]        agent/ssc-rd-wave03-admission-review-product-20260805 -> origin/agent/ssc-rd-wave03-admission-review-product-20260805
claim-one-benbassat-task	UNKNOWN STEP	2026-08-24T12:21:50.6206024Z  * [new branch]        agent/ssc-rd-wave03-atomic-product-repair -> origin/agent/ssc-rd-wave03-atomic-product-repair
claim-one-benbassat-task	UNKNOWN STEP	2026-08-24T12:21:50.6206902Z  * [new branch]        agent/ssc-rd-wave03-carrier -> origin/agent/ssc-rd-wave03-carrier
claim-one-benbassat-task	UNKNOWN STEP	2026-08-24T12:21:50.6207751Z  * [new branch]        agent/ssc-rd-wave03-controller-observer -> origin/agent/ssc-rd-wave03-controller-observer
claim-one-benbassat-task	UNKNOWN STEP	2026-08-24T12:21:50.6208789Z  * [new branch]        agent/ssc-rd-wave03-controller-v2-cleanup -> origin/agent/ssc-rd-wave03-controller-v2-cleanup
claim-one-benbassat-task	UNKNOWN STEP	2026-08-24T12:21:50.6210151Z  * [new branch]        agent/ssc-rd-wave03-exact-capture-api-finalizer-20260805 -> origin/agent/ssc-rd-wave03-exact-capture-api-finalizer-20260805
claim-one-benbassat-task	UNKNOWN STEP	2026-08-24T12:21:50.6211590Z  * [new branch]        agent/ssc-rd-wave03-exact-capture-api-finalizer-base-20260805 -> origin/agent/ssc-rd-wave03-exact-capture-api-finalizer-base-20260805
claim-one-benbassat-task	UNKNOWN STEP	2026-08-24T12:21:50.6213209Z  * [new branch]        agent/ssc-rd-wave03-exact-capture-api-finalizer-v2-20260805 -> origin/agent/ssc-rd-wave03-exact-capture-api-finalizer-v2-20260805
claim-one-benbassat-task	UNKNOWN STEP	2026-08-24T12:21:50.6214520Z  * [new branch]        agent/ssc-rd-wave03-exact-capture-api-finalizer-v3-20260805 -> origin/agent/ssc-rd-wave03-exact-capture-api-finalizer-v3-20260805
claim-one-benbassat-task	UNKNOWN STEP	2026-08-24T12:21:50.6215328Z  * [new branch]        agent/ssc-rd-wave03-exact-capture-api-finalizer-v4-20260805 -> origin/agent/ssc-rd-wave03-exact-capture-api-finalizer-v4-20260805
claim-one-benbassat-task	UNKNOWN STEP	2026-08-24T12:21:50.6216145Z  * [new branch]        agent/ssc-rd-wave03-exact-capture-api-publisher-v1-20260805 -> origin/agent/ssc-rd-wave03-exact-capture-api-publisher-v1-20260805
claim-one-benbassat-task	UNKNOWN STEP	2026-08-24T12:21:50.6216892Z  * [new branch]        agent/ssc-rd-wave03-exact-capture-base-20260805 -> origin/agent/ssc-rd-wave03-exact-capture-base-20260805
claim-one-benbassat-task	UNKNOWN STEP	2026-08-24T12:21:50.6217614Z  * [new branch]        agent/ssc-rd-wave03-exact-capture-blob-export-20260805 -> origin/agent/ssc-rd-wave03-exact-capture-blob-export-20260805
claim-one-benbassat-task	UNKNOWN STEP	2026-08-24T12:21:50.6218419Z  * [new branch]        agent/ssc-rd-wave03-exact-capture-drift-resolver-20260805 -> origin/agent/ssc-rd-wave03-exact-capture-drift-resolver-20260805
claim-one-benbassat-task	UNKNOWN STEP	2026-08-24T12:21:50.6219186Z  * [new branch]        agent/ssc-rd-wave03-exact-capture-finalizer-20260805 -> origin/agent/ssc-rd-wave03-exact-capture-finalizer-20260805
claim-one-benbassat-task	UNKNOWN STEP	2026-08-24T12:21:50.6219939Z  * [new branch]        agent/ssc-rd-wave03-exact-capture-finalizer-base-20260805 -> origin/agent/ssc-rd-wave03-exact-capture-finalizer-base-20260805
claim-one-benbassat-task	UNKNOWN STEP	2026-08-24T12:21:50.6220722Z  * [new branch]        agent/ssc-rd-wave03-exact-capture-finalizer-v2-20260805 -> origin/agent/ssc-rd-wave03-exact-capture-finalizer-v2-20260805
claim-one-benbassat-task	UNKNOWN STEP	2026-08-24T12:21:50.6221653Z  * [new branch]        agent/ssc-rd-wave03-exact-capture-finalizer-v2-base-20260805 -> origin/agent/ssc-rd-wave03-exact-capture-finalizer-v2-base-20260805
claim-one-benbassat-task	UNKNOWN STEP	2026-08-24T12:21:50.6222442Z  * [new branch]        agent/ssc-rd-wave03-exact-capture-finalizer-v3-20260805 -> origin/agent/ssc-rd-wave03-exact-capture-finalizer-v3-20260805
claim-one-benbassat-task	UNKNOWN STEP	2026-08-24T12:21:50.6223345Z  * [new branch]        agent/ssc-rd-wave03-exact-capture-finalizer-v3-base-20260805 -> origin/agent/ssc-rd-wave03-exact-capture-finalizer-v3-base-20260805
claim-one-benbassat-task	UNKNOWN STEP	2026-08-24T12:21:50.6224121Z  * [new branch]        agent/ssc-rd-wave03-exact-capture-finalizer-v4-20260805 -> origin/agent/ssc-rd-wave03-exact-capture-finalizer-v4-20260805
claim-one-benbassat-task	UNKNOWN STEP	2026-08-24T12:21:50.6224905Z  * [new branch]        agent/ssc-rd-wave03-exact-capture-finalizer-v4-base-20260805 -> origin/agent/ssc-rd-wave03-exact-capture-finalizer-v4-base-20260805
claim-one-benbassat-task	UNKNOWN STEP	2026-08-24T12:21:50.6225745Z  * [new branch]        agent/ssc-rd-wave03-exact-capture-materializer-v2-20260805 -> origin/agent/ssc-rd-wave03-exact-capture-materializer-v2-20260805
claim-one-benbassat-task	UNKNOWN STEP	2026-08-24T12:21:50.6226550Z  * [new branch]        agent/ssc-rd-wave03-exact-capture-materializer-v3-20260805 -> origin/agent/ssc-rd-wave03-exact-capture-materializer-v3-20260805
claim-one-benbassat-task	UNKNOWN STEP	2026-08-24T12:21:50.6227353Z  * [new branch]        agent/ssc-rd-wave03-exact-capture-materializer-v4-20260805 -> origin/agent/ssc-rd-wave03-exact-capture-materializer-v4-20260805
claim-one-benbassat-task	UNKNOWN STEP	2026-08-24T12:21:50.6228197Z  * [new branch]        agent/ssc-rd-wave03-exact-capture-materializer-v5-20260805 -> origin/agent/ssc-rd-wave03-exact-capture-materializer-v5-20260805
claim-one-benbassat-task	UNKNOWN STEP	2026-08-24T12:21:50.6229032Z  * [new branch]        agent/ssc-rd-wave03-exact-capture-materializer-v6-20260805 -> origin/agent/ssc-rd-wave03-exact-capture-materializer-v6-20260805
claim-one-benbassat-task	UNKNOWN STEP	2026-08-24T12:21:50.6229800Z  * [new branch]        agent/ssc-rd-wave03-exact-capture-product-20260805 -> origin/agent/ssc-rd-wave03-exact-capture-product-20260805
claim-one-benbassat-task	UNKNOWN STEP	2026-08-24T12:21:50.6230652Z  * [new branch]        agent/ssc-rd-wave03-exact-capture-settlement-20260805 -> origin/agent/ssc-rd-wave03-exact-capture-settlement-20260805
claim-one-benbassat-task	UNKNOWN STEP	2026-08-24T12:21:50.6231436Z  * [new branch]        agent/ssc-rd-wave03-exact-capture-settlement-base-20260805 -> origin/agent/ssc-rd-wave03-exact-capture-settlement-base-20260805
claim-one-benbassat-task	UNKNOWN STEP	2026-08-24T12:21:50.6232217Z  * [new branch]        agent/ssc-rd-wave03-exact-capture-settlement-v2-20260805 -> origin/agent/ssc-rd-wave03-exact-capture-settlement-v2-20260805
claim-one-benbassat-task	UNKNOWN STEP	2026-08-24T12:21:50.6233127Z  * [new branch]        agent/ssc-rd-wave03-exact-capture-settlement-v2-base-20260805 -> origin/agent/ssc-rd-wave03-exact-capture-settlement-v2-base-20260805
claim-one-benbassat-task	UNKNOWN STEP	2026-08-24T12:21:50.6233937Z  * [new branch]        agent/ssc-rd-wave03-exact-capture-supervisor-v2-20260805 -> origin/agent/ssc-rd-wave03-exact-capture-supervisor-v2-20260805
claim-one-benbassat-task	UNKNOWN STEP	2026-08-24T12:21:50.6234743Z  * [new branch]        agent/ssc-rd-wave03-exact-capture-supervisor-v2-base-20260805 -> origin/agent/ssc-rd-wave03-exact-capture-supervisor-v2-base-20260805
claim-one-benbassat-task	UNKNOWN STEP	2026-08-24T12:21:50.6235545Z  * [new branch]        agent/ssc-rd-wave03-exact-capture-supervisor-v3-20260805 -> origin/agent/ssc-rd-wave03-exact-capture-supervisor-v3-20260805
claim-one-benbassat-task	UNKNOWN STEP	2026-08-24T12:21:50.6236342Z  * [new branch]        agent/ssc-rd-wave03-exact-capture-supervisor-v3-base-20260805 -> origin/agent/ssc-rd-wave03-exact-capture-supervisor-v3-base-20260805
claim-one-benbassat-task	UNKNOWN STEP	2026-08-24T12:21:50.6237167Z  * [new branch]        agent/ssc-rd-wave03-exact-capture-terminal-finalizer-20260805 -> origin/agent/ssc-rd-wave03-exact-capture-terminal-finalizer-20260805
claim-one-benbassat-task	UNKNOWN STEP	2026-08-24T12:21:50.6238043Z  * [new branch]        agent/ssc-rd-wave03-exact-capture-terminal-finalizer-base-20260805 -> origin/agent/ssc-rd-wave03-exact-capture-terminal-finalizer-base-20260805
claim-one-benbassat-task	UNKNOWN STEP	2026-08-24T12:21:50.6238993Z  * [new branch]        agent/ssc-rd-wave03-exact-capture-terminal-supervisor-20260805 -> origin/agent/ssc-rd-wave03-exact-capture-terminal-supervisor-20260805
claim-one-benbassat-task	UNKNOWN STEP	2026-08-24T12:21:50.6239907Z  * [new branch]        agent/ssc-rd-wave03-exact-capture-terminal-supervisor-base-20260805 -> origin/agent/ssc-rd-wave03-exact-capture-terminal-supervisor-base-20260805
claim-one-benbassat-task	UNKNOWN STEP	2026-08-24T12:21:50.6240771Z  * [new branch]        agent/ssc-rd-wave03-executor-observer -> origin/agent/ssc-rd-wave03-executor-observer
claim-one-benbassat-task	UNKNOWN STEP	2026-08-24T12:21:50.6241372Z  * [new branch]        agent/ssc-rd-wave03-failure-source-export -> origin/agent/ssc-rd-wave03-failure-source-export
claim-one-benbassat-task	UNKNOWN STEP	2026-08-24T12:21:50.6242016Z  * [new branch]        agent/ssc-rd-wave03-final-integration-base-v2 -> origin/agent/ssc-rd-wave03-final-integration-base-v2
claim-one-benbassat-task	UNKNOWN STEP	2026-08-24T12:21:50.6242673Z  * [new branch]        agent/ssc-rd-wave03-final-integration-base-v3 -> origin/agent/ssc-rd-wave03-final-integration-base-v3
claim-one-benbassat-task	UNKNOWN STEP	2026-08-24T12:21:50.6243389Z  * [new branch]        agent/ssc-rd-wave03-final-integration-v1 -> origin/agent/ssc-rd-wave03-final-integration-v1
claim-one-benbassat-task	UNKNOWN STEP	2026-08-24T12:21:50.6243979Z  * [new branch]        agent/ssc-rd-wave03-final-integration-v2 -> origin/agent/ssc-rd-wave03-final-integration-v2
claim-one-benbassat-task	UNKNOWN STEP	2026-08-24T12:21:50.6244564Z  * [new branch]        agent/ssc-rd-wave03-final-integration-v3 -> origin/agent/ssc-rd-wave03-final-integration-v3
claim-one-benbassat-task	UNKNOWN STEP	2026-08-24T12:21:50.6245131Z  * [new branch]        agent/ssc-rd-wave03-hosted-executor -> origin/agent/ssc-rd-wave03-hosted-executor
claim-one-benbassat-task	UNKNOWN STEP	2026-08-24T12:21:50.6245692Z  * [new branch]        agent/ssc-rd-wave03-hosted-executor-v2 -> origin/agent/ssc-rd-wave03-hosted-executor-v2
claim-one-benbassat-task	UNKNOWN STEP	2026-08-24T12:21:50.6246273Z  * [new branch]        agent/ssc-rd-wave03-pr-qualification-v1 -> origin/agent/ssc-rd-wave03-pr-qualification-v1
claim-one-benbassat-task	UNKNOWN STEP	2026-08-24T12:21:50.6246874Z  * [new branch]        agent/ssc-rd-wave03-pr-qualification-v2 -> origin/agent/ssc-rd-wave03-pr-qualification-v2
claim-one-benbassat-task	UNKNOWN STEP	2026-08-24T12:21:50.6247456Z  * [new branch]        agent/ssc-rd-wave03-qualification-lint -> origin/agent/ssc-rd-wave03-qualification-lint
claim-one-benbassat-task	UNKNOWN STEP	2026-08-24T12:21:50.6248114Z  * [new branch]        agent/ssc-rd-wave03-successor-route-capture-20260805 -> origin/agent/ssc-rd-wave03-successor-route-capture-20260805
claim-one-benbassat-task	UNKNOWN STEP	2026-08-24T12:21:50.6248985Z  * [new branch]        agent/ssc-rd-wave03-successor-route-capture-v2-20260805 -> origin/agent/ssc-rd-wave03-successor-route-capture-v2-20260805
claim-one-benbassat-task	UNKNOWN STEP	2026-08-24T12:21:50.6249786Z  * [new branch]        agent/ssc-rd-wave03-successor-route-census-product-20260805 -> origin/agent/ssc-rd-wave03-successor-route-census-product-20260805
claim-one-benbassat-task	UNKNOWN STEP	2026-08-24T12:21:50.6250597Z  * [new branch]        agent/ssc-rd-wave03-successor-route-materializer-20260805 -> origin/agent/ssc-rd-wave03-successor-route-materializer-20260805
claim-one-benbassat-task	UNKNOWN STEP	2026-08-24T12:21:50.6251394Z  * [new branch]        agent/ssc-rd-wave03-successor-route-observer-20260805 -> origin/agent/ssc-rd-wave03-successor-route-observer-20260805
claim-one-benbassat-task	UNKNOWN STEP	2026-08-24T12:21:50.6252025Z  * [new branch]        agent/ssc-rd-wave03-v2-review-fix -> origin/agent/ssc-rd-wave03-v2-review-fix
claim-one-benbassat-task	UNKNOWN STEP	2026-08-24T12:21:50.6252594Z  * [new branch]        agent/ssc-rd-wave03-v2-review-fix-register -> origin/agent/ssc-rd-wave03-v2-review-fix-register
claim-one-benbassat-task	UNKNOWN STEP	2026-08-24T12:21:50.6253321Z  * [new branch]        agent/ssc-rd-wave03-v2-review-fix-trigger -> origin/agent/ssc-rd-wave03-v2-review-fix-trigger
claim-one-benbassat-task	UNKNOWN STEP	2026-08-24T12:21:50.6253966Z  * [new branch]        agent/ssc-rd-wave03-xcap-contract-materializer -> origin/agent/ssc-rd-wave03-xcap-contract-materializer
claim-one-benbassat-task	UNKNOWN STEP	2026-08-24T12:21:50.6254539Z  * [new branch]        agent/ssc-rd01-wave03-intake -> origin/agent/ssc-rd01-wave03-intake
claim-one-benbassat-task	UNKNOWN STEP	2026-08-24T12:21:50.6255026Z  * [new branch]        agent/ssc-rd01-wave03-intake-v2 -> origin/agent/ssc-rd01-wave03-intake-v2
claim-one-benbassat-task	UNKNOWN STEP	2026-08-24T12:21:50.6255545Z  * [new branch]        agent/ssc-rd01-wave03-repair-staging -> origin/agent/ssc-rd01-wave03-repair-staging
claim-one-benbassat-task	UNKNOWN STEP	2026-08-24T12:21:50.6256349Z  * [new branch]        agent/ssc-rd02-wave03-intake -> origin/agent/ssc-rd02-wave03-intake
claim-one-benbassat-task	UNKNOWN STEP	2026-08-24T12:21:50.6256820Z  * [new branch]        agent/ssc-rd02-wave03-intake-v2 -> origin/agent/ssc-rd02-wave03-intake-v2
claim-one-benbassat-task	UNKNOWN STEP	2026-08-24T12:21:50.6257325Z  * [new branch]        agent/ssc-rd02-wave03-repair-staging -> origin/agent/ssc-rd02-wave03-repair-staging
claim-one-benbassat-task	UNKNOWN STEP	2026-08-24T12:21:50.6257817Z  * [new branch]        agent/ssc-rd03-wave03-intake -> origin/agent/ssc-rd03-wave03-intake
claim-one-benbassat-task	UNKNOWN STEP	2026-08-24T12:21:50.6258392Z  * [new branch]        agent/ssc-rd03-wave03-intake-v2 -> origin/agent/ssc-rd03-wave03-intake-v2
claim-one-benbassat-task	UNKNOWN STEP	2026-08-24T12:21:50.6258904Z  * [new branch]        agent/ssc-rd03-wave03-repair-staging -> origin/agent/ssc-rd03-wave03-repair-staging
claim-one-benbassat-task	UNKNOWN STEP	2026-08-24T12:21:50.6259388Z  * [new branch]        agent/ssc-rd04-wave03-intake -> origin/agent/ssc-rd04-wave03-intake
claim-one-benbassat-task	UNKNOWN STEP	2026-08-24T12:21:50.6259844Z  * [new branch]        agent/ssc-rd04-wave03-intake-v2 -> origin/agent/ssc-rd04-wave03-intake-v2
claim-one-benbassat-task	UNKNOWN STEP	2026-08-24T12:21:50.6260342Z  * [new branch]        agent/ssc-rd04-wave03-repair-staging -> origin/agent/ssc-rd04-wave03-repair-staging
claim-one-benbassat-task	UNKNOWN STEP	2026-08-24T12:21:50.6260826Z  * [new branch]        agent/ssc-rd05-wave03-intake -> origin/agent/ssc-rd05-wave03-intake
claim-one-benbassat-task	UNKNOWN STEP	2026-08-24T12:21:50.6261279Z  * [new branch]        agent/ssc-rd05-wave03-intake-v2 -> origin/agent/ssc-rd05-wave03-intake-v2
claim-one-benbassat-task	UNKNOWN STEP	2026-08-24T12:21:50.6261784Z  * [new branch]        agent/ssc-rd05-wave03-repair-staging -> origin/agent/ssc-rd05-wave03-repair-staging
claim-one-benbassat-task	UNKNOWN STEP	2026-08-24T12:21:50.6262308Z  * [new branch]        agent/ssc-rd06-wave03-intake -> origin/agent/ssc-rd06-wave03-intake
claim-one-benbassat-task	UNKNOWN STEP	2026-08-24T12:21:50.6262784Z  * [new branch]        agent/ssc-rd06-wave03-intake-v2 -> origin/agent/ssc-rd06-wave03-intake-v2
claim-one-benbassat-task	UNKNOWN STEP	2026-08-24T12:21:50.6263400Z  * [new branch]        agent/ssc-rd06-wave03-repair-staging -> origin/agent/ssc-rd06-wave03-repair-staging
claim-one-benbassat-task	UNKNOWN STEP	2026-08-24T12:21:50.6264001Z  * [new branch]        agent/star-trek-alice-candidate-rebased-v1 -> origin/agent/star-trek-alice-candidate-rebased-v1
claim-one-benbassat-task	UNKNOWN STEP	2026-08-24T12:21:50.6264583Z  * [new branch]        agent/star-trek-alice-candidate-v1 -> origin/agent/star-trek-alice-candidate-v1
claim-one-benbassat-task	UNKNOWN STEP	2026-08-24T12:21:50.6265128Z  * [new branch]        agent/star-trek-alice-claim-result-v1 -> origin/agent/star-trek-alice-claim-result-v1
claim-one-benbassat-task	UNKNOWN STEP	2026-08-24T12:21:50.6265654Z  * [new branch]        agent/star-trek-alice-claim-v1 -> origin/agent/star-trek-alice-claim-v1
claim-one-benbassat-task	UNKNOWN STEP	2026-08-24T12:21:50.6266389Z  * [new branch]        agent/star-trek-alice-finalizer-live-probe-result-v1 -> origin/agent/star-trek-alice-finalizer-live-probe-result-v1
claim-one-benbassat-task	UNKNOWN STEP	2026-08-24T12:21:50.6267137Z  * [new branch]        agent/star-trek-alice-finalizer-live-probe-result-v2 -> origin/agent/star-trek-alice-finalizer-live-probe-result-v2
claim-one-benbassat-task	UNKNOWN STEP	2026-08-24T12:21:50.6267869Z  * [new branch]        agent/star-trek-alice-finalizer-live-probe-result-v3 -> origin/agent/star-trek-alice-finalizer-live-probe-result-v3
claim-one-benbassat-task	UNKNOWN STEP	2026-08-24T12:21:50.6268569Z  * [new branch]        agent/star-trek-alice-finalizer-live-probe-v1 -> origin/agent/star-trek-alice-finalizer-live-probe-v1
claim-one-benbassat-task	UNKNOWN STEP	2026-08-24T12:21:50.6269219Z  * [new branch]        agent/star-trek-alice-finalizer-live-probe-v2 -> origin/agent/star-trek-alice-finalizer-live-probe-v2
claim-one-benbassat-task	UNKNOWN STEP	2026-08-24T12:21:50.6269940Z  * [new branch]        agent/star-trek-alice-finalizer-observer-result-v1 -> origin/agent/star-trek-alice-finalizer-observer-result-v1
claim-one-benbassat-task	UNKNOWN STEP	2026-08-24T12:21:50.6270669Z  * [new branch]        agent/star-trek-alice-finalizer-observer-result-v2 -> origin/agent/star-trek-alice-finalizer-observer-result-v2
claim-one-benbassat-task	UNKNOWN STEP	2026-08-24T12:21:50.6271377Z  * [new branch]        agent/star-trek-alice-finalizer-observer-result-v3 -> origin/agent/star-trek-alice-finalizer-observer-result-v3
claim-one-benbassat-task	UNKNOWN STEP	2026-08-24T12:21:50.6272091Z  * [new branch]        agent/star-trek-alice-finalizer-observer-result-v4 -> origin/agent/star-trek-alice-finalizer-observer-result-v4
claim-one-benbassat-task	UNKNOWN STEP	2026-08-24T12:21:50.6272789Z  * [new branch]        agent/star-trek-alice-finalizer-observer-result-v5 -> origin/agent/star-trek-alice-finalizer-observer-result-v5
claim-one-benbassat-task	UNKNOWN STEP	2026-08-24T12:21:50.6273586Z  * [new branch]        agent/star-trek-alice-finalizer-observer-result-v6 -> origin/agent/star-trek-alice-finalizer-observer-result-v6
claim-one-benbassat-task	UNKNOWN STEP	2026-08-24T12:21:50.6274303Z  * [new branch]        agent/star-trek-alice-finalizer-observer-result-v7 -> origin/agent/star-trek-alice-finalizer-observer-result-v7
claim-one-benbassat-task	UNKNOWN STEP	2026-08-24T12:21:50.6274983Z  * [new branch]        agent/star-trek-alice-finalizer-observer-v1 -> origin/agent/star-trek-alice-finalizer-observer-v1
claim-one-benbassat-task	UNKNOWN STEP	2026-08-24T12:21:50.6275745Z  * [new branch]        agent/star-trek-alice-finalizer-result-v1 -> origin/agent/star-trek-alice-finalizer-result-v1
claim-one-benbassat-task	UNKNOWN STEP	2026-08-24T12:21:50.6276464Z  * [new branch]        agent/star-trek-alice-finalizer-source-recovery-result-v1 -> origin/agent/star-trek-alice-finalizer-source-recovery-result-v1
claim-one-benbassat-task	UNKNOWN STEP	2026-08-24T12:21:50.6277140Z  * [new branch]        agent/star-trek-alice-finalizer-v1 -> origin/agent/star-trek-alice-finalizer-v1
claim-one-benbassat-task	UNKNOWN STEP	2026-08-24T12:21:50.6277685Z  * [new branch]        agent/star-trek-alice-media-result-v1 -> origin/agent/star-trek-alice-media-result-v1
claim-one-benbassat-task	UNKNOWN STEP	2026-08-24T12:21:50.6278210Z  * [new branch]        agent/star-trek-alice-media-v1 -> origin/agent/star-trek-alice-media-v1
claim-one-benbassat-task	UNKNOWN STEP	2026-08-24T12:21:50.6278893Z  * [new branch]        agent/star-trek-alice-pages-terminalizer-observer-result-v1 -> origin/agent/star-trek-alice-pages-terminalizer-observer-result-v1
claim-one-benbassat-task	UNKNOWN STEP	2026-08-24T12:21:50.6279701Z  * [new branch]        agent/star-trek-alice-pages-terminalizer-observer-v1 -> origin/agent/star-trek-alice-pages-terminalizer-observer-v1
claim-one-benbassat-task	UNKNOWN STEP	2026-08-24T12:21:50.6280402Z  * [new branch]        agent/star-trek-alice-pages-terminalizer-v1 -> origin/agent/star-trek-alice-pages-terminalizer-v1
claim-one-benbassat-task	UNKNOWN STEP	2026-08-24T12:21:50.6280972Z  * [new branch]        agent/star-trek-alice-publish-v1 -> origin/agent/star-trek-alice-publish-v1
claim-one-benbassat-task	UNKNOWN STEP	2026-08-24T12:21:50.6281558Z  * [new branch]        agent/star-trek-alice-qualification-result-v1 -> origin/agent/star-trek-alice-qualification-result-v1
claim-one-benbassat-task	UNKNOWN STEP	2026-08-24T12:21:50.6282211Z  * [new branch]        agent/star-trek-alice-qualification-result-v3 -> origin/agent/star-trek-alice-qualification-result-v3
claim-one-benbassat-task	UNKNOWN STEP	2026-08-24T12:21:50.6282918Z  * [new branch]        agent/star-trek-alice-qualification-v1 -> origin/agent/star-trek-alice-qualification-v1
claim-one-benbassat-task	UNKNOWN STEP	2026-08-24T12:21:50.6283496Z  * [new branch]        agent/star-trek-alice-qualification-v2 -> origin/agent/star-trek-alice-qualification-v2
claim-one-benbassat-task	UNKNOWN STEP	2026-08-24T12:21:50.6284170Z  * [new branch]        agent/star-trek-alice-qualification-v3 -> origin/agent/star-trek-alice-qualification-v3
claim-one-benbassat-task	UNKNOWN STEP	2026-08-24T12:21:50.6284711Z  * [new branch]        agent/star-trek-alice-review-v1 -> origin/agent/star-trek-alice-review-v1
claim-one-benbassat-task	UNKNOWN STEP	2026-08-24T12:21:50.6285296Z  * [new branch]        agent/star-trek-alice-stage-observer-result-v1 -> origin/agent/star-trek-alice-stage-observer-result-v1
claim-one-benbassat-task	UNKNOWN STEP	2026-08-24T12:21:50.6285959Z  * [new branch]        agent/star-trek-alice-stage-observer-result-v4 -> origin/agent/star-trek-alice-stage-observer-result-v4
claim-one-benbassat-task	UNKNOWN STEP	2026-08-24T12:21:50.6286587Z  * [new branch]        agent/star-trek-alice-stage-observer-v1 -> origin/agent/star-trek-alice-stage-observer-v1
claim-one-benbassat-task	UNKNOWN STEP	2026-08-24T12:21:50.6287162Z  * [new branch]        agent/star-trek-alice-stage-observer-v2 -> origin/agent/star-trek-alice-stage-observer-v2
claim-one-benbassat-task	UNKNOWN STEP	2026-08-24T12:21:50.6287735Z  * [new branch]        agent/star-trek-alice-stage-observer-v3 -> origin/agent/star-trek-alice-stage-observer-v3
claim-one-benbassat-task	UNKNOWN STEP	2026-08-24T12:21:50.6288319Z  * [new branch]        agent/star-trek-alice-stage-observer-v4 -> origin/agent/star-trek-alice-stage-observer-v4
claim-one-benbassat-task	UNKNOWN STEP	2026-08-24T12:21:50.6288890Z  * [new branch]        agent/star-trek-alice-stage-repair-v2 -> origin/agent/star-trek-alice-stage-repair-v2
claim-one-benbassat-task	UNKNOWN STEP	2026-08-24T12:21:50.6289439Z  * [new branch]        agent/star-trek-alice-stage-result-v1 -> origin/agent/star-trek-alice-stage-result-v1
claim-one-benbassat-task	UNKNOWN STEP	2026-08-24T12:21:50.6289955Z  * [new branch]        agent/star-trek-alice-stage-v1 -> origin/agent/star-trek-alice-stage-v1
claim-one-benbassat-task	UNKNOWN STEP	2026-08-24T12:21:50.6290536Z  * [new branch]        agent/star-trek-anastasia-candidate-rebased-v1 -> origin/agent/star-trek-anastasia-candidate-rebased-v1
claim-one-benbassat-task	UNKNOWN STEP	2026-08-24T12:21:50.6291157Z  * [new branch]        agent/star-trek-anastasia-candidate-v1 -> origin/agent/star-trek-anastasia-candidate-v1
claim-one-benbassat-task	UNKNOWN STEP	2026-08-24T12:21:50.6291758Z  * [new branch]        agent/star-trek-anastasia-cycle-trigger-v1 -> origin/agent/star-trek-anastasia-cycle-trigger-v1
claim-one-benbassat-task	UNKNOWN STEP	2026-08-24T12:21:50.6292327Z  * [new branch]        agent/star-trek-anastasia-cycle-v1 -> origin/agent/star-trek-anastasia-cycle-v1
claim-one-benbassat-task	UNKNOWN STEP	2026-08-24T12:21:50.6293361Z  * [new branch]        agent/star-trek-anastasia-ds9-diagnostic-20260823-v1 -> origin/agent/star-trek-anastasia-ds9-diagnostic-20260823-v1
claim-one-benbassat-task	UNKNOWN STEP	2026-08-24T12:21:50.6294160Z  * [new branch]        agent/star-trek-anastasia-ds9-diagnostic-result-20260823-v1 -> origin/agent/star-trek-anastasia-ds9-diagnostic-result-20260823-v1
claim-one-benbassat-task	UNKNOWN STEP	2026-08-24T12:21:50.6294943Z  * [new branch]        agent/star-trek-anastasia-ds9-observer-20260823-v1 -> origin/agent/star-trek-anastasia-ds9-observer-20260823-v1
claim-one-benbassat-task	UNKNOWN STEP	2026-08-24T12:21:50.6295698Z  * [new branch]        agent/star-trek-anastasia-ds9-observer-result-20260823-v1 -> origin/agent/star-trek-anastasia-ds9-observer-result-20260823-v1
claim-one-benbassat-task	UNKNOWN STEP	2026-08-24T12:21:50.6296423Z  * [new branch]        agent/star-trek-anastasia-finalizer-only-v3 -> origin/agent/star-trek-anastasia-finalizer-only-v3
claim-one-benbassat-task	UNKNOWN STEP	2026-08-24T12:21:50.6297087Z  * [new branch]        agent/star-trek-anastasia-finalizer-recovery-v2 -> origin/agent/star-trek-anastasia-finalizer-recovery-v2
claim-one-benbassat-task	UNKNOWN STEP	2026-08-24T12:21:50.6297829Z  * [new branch]        agent/star-trek-anastasia-finalizer-recovery-v3 -> origin/agent/star-trek-anastasia-finalizer-recovery-v3
claim-one-benbassat-task	UNKNOWN STEP	2026-08-24T12:21:50.6298490Z  * [new branch]        agent/star-trek-anastasia-media-result-v1 -> origin/agent/star-trek-anastasia-media-result-v1
claim-one-benbassat-task	UNKNOWN STEP	2026-08-24T12:21:50.6299068Z  * [new branch]        agent/star-trek-anastasia-media-v1 -> origin/agent/star-trek-anastasia-media-v1
claim-one-benbassat-task	UNKNOWN STEP	2026-08-24T12:21:50.6299655Z  * [new branch]        agent/star-trek-anastasia-recovery-result-v3 -> origin/agent/star-trek-anastasia-recovery-result-v3
claim-one-benbassat-task	UNKNOWN STEP	2026-08-24T12:21:50.6300309Z  * [new branch]        agent/star-trek-benbassat-boundary-observer-v1 -> origin/agent/star-trek-benbassat-boundary-observer-v1
claim-one-benbassat-task	UNKNOWN STEP	2026-08-24T12:21:50.6300972Z  * [new branch]        agent/star-trek-benbassat-boundary-observer-v2 -> origin/agent/star-trek-benbassat-boundary-observer-v2
claim-one-benbassat-task	UNKNOWN STEP	2026-08-24T12:21:50.6301556Z  * [new branch]        agent/star-trek-benbassat-claim-v1 -> origin/agent/star-trek-benbassat-claim-v1
claim-one-benbassat-task	UNKNOWN STEP	2026-08-24T12:21:50.6302310Z  * [new branch]        agent/star-trek-benbassat-run-observer-result-v1 -> origin/agent/star-trek-benbassat-run-observer-result-v1
claim-one-benbassat-task	UNKNOWN STEP	2026-08-24T12:21:50.6303064Z  * [new branch]        agent/star-trek-benbassat-run-observer-v1 -> origin/agent/star-trek-benbassat-run-observer-v1
claim-one-benbassat-task	UNKNOWN STEP	2026-08-24T12:21:50.6303686Z  * [new branch]        agent/star-trek-benbassat-source-result-v3 -> origin/agent/star-trek-benbassat-source-result-v3
claim-one-benbassat-task	UNKNOWN STEP	2026-08-24T12:21:50.6304300Z  * [new branch]        agent/star-trek-benbassat-source-review-v1 -> origin/agent/star-trek-benbassat-source-review-v1
claim-one-benbassat-task	UNKNOWN STEP	2026-08-24T12:21:50.6304881Z  * [new branch]        agent/star-trek-benbassat-source-v3 -> origin/agent/star-trek-benbassat-source-v3
claim-one-benbassat-task	UNKNOWN STEP	2026-08-24T12:21:50.6305406Z  * [new branch]        agent/star-trek-cadmar-cleanup-v1 -> origin/agent/star-trek-cadmar-cleanup-v1
claim-one-benbassat-task	UNKNOWN STEP	2026-08-24T12:21:50.6305958Z  * [new branch]        agent/star-trek-cadmar-cycle-locator-v2 -> origin/agent/star-trek-cadmar-cycle-locator-v2
claim-one-benbassat-task	UNKNOWN STEP	2026-08-24T12:21:50.6306553Z  * [new branch]        agent/star-trek-cadmar-cycle-locator-v3 -> origin/agent/star-trek-cadmar-cycle-locator-v3
claim-one-benbassat-task	UNKNOWN STEP	2026-08-24T12:21:50.6307133Z  * [new branch]        agent/star-trek-cadmar-media-prep-v1 -> origin/agent/star-trek-cadmar-media-prep-v1
claim-one-benbassat-task	UNKNOWN STEP	2026-08-24T12:21:50.6307695Z  * [new branch]        agent/star-trek-cadmar-media-product-v1 -> origin/agent/star-trek-cadmar-media-product-v1
claim-one-benbassat-task	UNKNOWN STEP	2026-08-24T12:21:50.6308263Z  * [new branch]        agent/star-trek-cadmar-media-scout-v1 -> origin/agent/star-trek-cadmar-media-scout-v1
claim-one-benbassat-task	UNKNOWN STEP	2026-08-24T12:21:50.6308819Z  * [new branch]        agent/star-trek-cadmar-media-scout-v2 -> origin/agent/star-trek-cadmar-media-scout-v2
claim-one-benbassat-task	UNKNOWN STEP	2026-08-24T12:21:50.6309333Z  * [new branch]        agent/star-trek-cadmar-media-v1 -> origin/agent/star-trek-cadmar-media-v1
claim-one-benbassat-task	UNKNOWN STEP	2026-08-24T12:21:50.6309885Z  * [new branch]        agent/star-trek-cadmar-monitor-result-v1 -> origin/agent/star-trek-cadmar-monitor-result-v1
claim-one-benbassat-task	UNKNOWN STEP	2026-08-24T12:21:50.6310452Z  * [new branch]        agent/star-trek-cadmar-monitor-v1 -> origin/agent/star-trek-cadmar-monitor-v1
claim-one-benbassat-task	UNKNOWN STEP	2026-08-24T12:21:50.6311209Z  * [new branch]        agent/star-trek-cadmar-program-diagnostic-locator-v1 -> origin/agent/star-trek-cadmar-program-diagnostic-locator-v1
claim-one-benbassat-task	UNKNOWN STEP	2026-08-24T12:21:50.6311917Z  * [new branch]        agent/star-trek-cadmar-program-diagnostic-v1 -> origin/agent/star-trek-cadmar-program-diagnostic-v1
claim-one-benbassat-task	UNKNOWN STEP	2026-08-24T12:21:50.6312556Z  * [new branch]        agent/star-trek-cadmar-program-recovery-v1 -> origin/agent/star-trek-cadmar-program-recovery-v1
claim-one-benbassat-task	UNKNOWN STEP	2026-08-24T12:21:50.6313255Z  * [new branch]        agent/star-trek-cadmar-program-recovery-v2 -> origin/agent/star-trek-cadmar-program-recovery-v2
claim-one-benbassat-task	UNKNOWN STEP	2026-08-24T12:21:50.6313852Z  * [new branch]        agent/star-trek-cadmar-source-probe-v1 -> origin/agent/star-trek-cadmar-source-probe-v1
claim-one-benbassat-task	UNKNOWN STEP	2026-08-24T12:21:50.6314431Z  * [new branch]        agent/star-trek-cadmar-terminalizer-v1 -> origin/agent/star-trek-cadmar-terminalizer-v1
claim-one-benbassat-task	UNKNOWN STEP	2026-08-24T12:21:50.6315076Z  * [new branch]        agent/star-trek-continuation-terminal-result-v1 -> origin/agent/star-trek-continuation-terminal-result-v1
claim-one-benbassat-task	UNKNOWN STEP	2026-08-24T12:21:50.6315721Z  * [new branch]        agent/star-trek-continuation-terminal-v2 -> origin/agent/star-trek-continuation-terminal-v2
claim-one-benbassat-task	UNKNOWN STEP	2026-08-24T12:21:50.6316320Z  * [new branch]        agent/star-trek-continuation-terminal-v3 -> origin/agent/star-trek-continuation-terminal-v3
claim-one-benbassat-task	UNKNOWN STEP	2026-08-24T12:21:50.6316909Z  * [new branch]        agent/star-trek-continuation-terminal-v4 -> origin/agent/star-trek-continuation-terminal-v4
claim-one-benbassat-task	UNKNOWN STEP	2026-08-24T12:21:50.6317528Z  * [new branch]        agent/star-trek-continuation-terminalizer-v2 -> origin/agent/star-trek-continuation-terminalizer-v2
claim-one-benbassat-task	UNKNOWN STEP	2026-08-24T12:21:50.6318185Z  * [new branch]        agent/star-trek-continuation-workflow-lint-v1 -> origin/agent/star-trek-continuation-workflow-lint-v1
claim-one-benbassat-task	UNKNOWN STEP	2026-08-24T12:21:50.6318801Z  * [new branch]        agent/star-trek-curzon-media-prep-v1 -> origin/agent/star-trek-curzon-media-prep-v1
claim-one-benbassat-task	UNKNOWN STEP	2026-08-24T12:21:50.6319482Z  * [new branch]        agent/star-trek-cycle-recovery-result-v1 -> origin/agent/star-trek-cycle-recovery-result-v1
claim-one-benbassat-task	UNKNOWN STEP	2026-08-24T12:21:50.6320062Z  * [new branch]        agent/star-trek-cycle-retry-result-v1 -> origin/agent/star-trek-cycle-retry-result-v1
claim-one-benbassat-task	UNKNOWN STEP	2026-08-24T12:21:50.6320662Z  * [new branch]        agent/star-trek-cycle-terminal-diagnostic-v1 -> origin/agent/star-trek-cycle-terminal-diagnostic-v1
claim-one-benbassat-task	UNKNOWN STEP	2026-08-24T12:21:50.6321325Z  * [new branch]        agent/star-trek-doohan-rail-custodian-result-v2 -> origin/agent/star-trek-doohan-rail-custodian-result-v2
claim-one-benbassat-task	UNKNOWN STEP	2026-08-24T12:21:50.6321959Z  * [new branch]        agent/star-trek-doohan-rail-custodian-v2 -> origin/agent/star-trek-doohan-rail-custodian-v2
claim-one-benbassat-task	UNKNOWN STEP	2026-08-24T12:21:50.6322537Z  * [new branch]        agent/star-trek-enwright-completion -> origin/agent/star-trek-enwright-completion
claim-one-benbassat-task	UNKNOWN STEP	2026-08-24T12:21:50.6323130Z  * [new branch]        agent/star-trek-ferengi-gold -> origin/agent/star-trek-ferengi-gold
claim-one-benbassat-task	UNKNOWN STEP	2026-08-24T12:21:50.6323609Z  * [new branch]        agent/star-trek-gold-completion -> origin/agent/star-trek-gold-completion
claim-one-benbassat-task	UNKNOWN STEP	2026-08-24T12:21:50.6324105Z  * [new branch]        agent/star-trek-gold-operator -> origin/agent/star-trek-gold-operator
claim-one-benbassat-task	UNKNOWN STEP	2026-08-24T12:21:50.6324730Z  * [new branch]        agent/star-trek-kukulkan-custody-diagnostic-result-v1 -> origin/agent/star-trek-kukulkan-custody-diagnostic-result-v1
claim-one-benbassat-task	UNKNOWN STEP	2026-08-24T12:21:50.6325491Z  * [new branch]        agent/star-trek-kukulkan-execution-custody-result-v1 -> origin/agent/star-trek-kukulkan-execution-custody-result-v1
claim-one-benbassat-task	UNKNOWN STEP	2026-08-24T12:21:50.6326212Z  * [new branch]        agent/star-trek-kzinti-controller-text-export-v1 -> origin/agent/star-trek-kzinti-controller-text-export-v1
claim-one-benbassat-task	UNKNOWN STEP	2026-08-24T12:21:50.6326915Z  * [new branch]        agent/star-trek-kzinti-controller-text-result-v1 -> origin/agent/star-trek-kzinti-controller-text-result-v1
claim-one-benbassat-task	UNKNOWN STEP	2026-08-24T12:21:50.6327628Z  * [new branch]        agent/star-trek-lwaxana-rejection-terminal-result-v1 -> origin/agent/star-trek-lwaxana-rejection-terminal-result-v1
claim-one-benbassat-task	UNKNOWN STEP	2026-08-24T12:21:50.6328290Z  * [new branch]        agent/star-trek-media-debt-closure-002 -> origin/agent/star-trek-media-debt-closure-002
claim-one-benbassat-task	UNKNOWN STEP	2026-08-24T12:21:50.6328972Z  * [new branch]        agent/star-trek-media-debt-closure-003 -> origin/agent/star-trek-media-debt-closure-003
claim-one-benbassat-task	UNKNOWN STEP	2026-08-24T12:21:50.6329570Z  * [new branch]        agent/star-trek-next-boundary-inspector-v1 -> origin/agent/star-trek-next-boundary-inspector-v1
claim-one-benbassat-task	UNKNOWN STEP	2026-08-24T12:21:50.6330173Z  * [new branch]        agent/star-trek-next-boundary-result-v1 -> origin/agent/star-trek-next-boundary-result-v1
claim-one-benbassat-task	UNKNOWN STEP	2026-08-24T12:21:50.6330788Z  * [new branch]        agent/star-trek-next-bounded-cycle-claim -> origin/agent/star-trek-next-bounded-cycle-claim
claim-one-benbassat-task	UNKNOWN STEP	2026-08-24T12:21:50.6331337Z  * [new branch]        agent/star-trek-population-001 -> origin/agent/star-trek-population-001
claim-one-benbassat-task	UNKNOWN STEP	2026-08-24T12:21:50.6331821Z  * [new branch]        agent/star-trek-population-002 -> origin/agent/star-trek-population-002
claim-one-benbassat-task	UNKNOWN STEP	2026-08-24T12:21:50.6332382Z  * [new branch]        agent/star-trek-post-kzinti-continuation-v1 -> origin/agent/star-trek-post-kzinti-continuation-v1
claim-one-benbassat-task	UNKNOWN STEP	2026-08-24T12:21:50.6333103Z  * [new branch]        agent/star-trek-post-kzinti-continuation-v2 -> origin/agent/star-trek-post-kzinti-continuation-v2
claim-one-benbassat-task	UNKNOWN STEP	2026-08-24T12:21:50.6333734Z  * [new branch]        agent/star-trek-post-kzinti-doohan-probe-v1 -> origin/agent/star-trek-post-kzinti-doohan-probe-v1
claim-one-benbassat-task	UNKNOWN STEP	2026-08-24T12:21:50.6334412Z  * [new branch]        agent/star-trek-post-lorot-continuation-result-v1 -> origin/agent/star-trek-post-lorot-continuation-result-v1
claim-one-benbassat-task	UNKNOWN STEP	2026-08-24T12:21:50.6335115Z  * [new branch]        agent/star-trek-post-lorot-terminalizer-status-v1 -> origin/agent/star-trek-post-lorot-terminalizer-status-v1
claim-one-benbassat-task	UNKNOWN STEP	2026-08-24T12:21:50.6335901Z  * [new branch]        agent/star-trek-post-lwaxana-rejection-continuation-result-v1 -> origin/agent/star-trek-post-lwaxana-rejection-continuation-result-v1
claim-one-benbassat-task	UNKNOWN STEP	2026-08-24T12:21:50.6336616Z  * [new branch]        agent/star-trek-queen-hearts-cycle-v1 -> origin/agent/star-trek-queen-hearts-cycle-v1
claim-one-benbassat-task	UNKNOWN STEP	2026-08-24T12:21:50.6337322Z  * [new branch]        agent/star-trek-queen-hearts-media-result-v1 -> origin/agent/star-trek-queen-hearts-media-result-v1
claim-one-benbassat-task	UNKNOWN STEP	2026-08-24T12:21:50.6337929Z  * [new branch]        agent/star-trek-queen-hearts-media-v1 -> origin/agent/star-trek-queen-hearts-media-v1
claim-one-benbassat-task	UNKNOWN STEP	2026-08-24T12:21:50.6338503Z  * [new branch]        agent/star-trek-queen-hearts-source-v1 -> origin/agent/star-trek-queen-hearts-source-v1
claim-one-benbassat-task	UNKNOWN STEP	2026-08-24T12:21:50.6339083Z  * [new branch]        agent/star-trek-queen-hearts-source-v10 -> origin/agent/star-trek-queen-hearts-source-v10
claim-one-benbassat-task	UNKNOWN STEP	2026-08-24T12:21:50.6339666Z  * [new branch]        agent/star-trek-queen-hearts-source-v11 -> origin/agent/star-trek-queen-hearts-source-v11
claim-one-benbassat-task	UNKNOWN STEP	2026-08-24T12:21:50.6340238Z  * [new branch]        agent/star-trek-queen-hearts-source-v12 -> origin/agent/star-trek-queen-hearts-source-v12
claim-one-benbassat-task	UNKNOWN STEP	2026-08-24T12:21:50.6340800Z  * [new branch]        agent/star-trek-queen-hearts-source-v13 -> origin/agent/star-trek-queen-hearts-source-v13
claim-one-benbassat-task	UNKNOWN STEP	2026-08-24T12:21:50.6341368Z  * [new branch]        agent/star-trek-queen-hearts-source-v14 -> origin/agent/star-trek-queen-hearts-source-v14
claim-one-benbassat-task	UNKNOWN STEP	2026-08-24T12:21:50.6341938Z  * [new branch]        agent/star-trek-queen-hearts-source-v15 -> origin/agent/star-trek-queen-hearts-source-v15
claim-one-benbassat-task	UNKNOWN STEP	2026-08-24T12:21:50.6342509Z  * [new branch]        agent/star-trek-queen-hearts-source-v2 -> origin/agent/star-trek-queen-hearts-source-v2
claim-one-benbassat-task	UNKNOWN STEP	2026-08-24T12:21:50.6343201Z  * [new branch]        agent/star-trek-queen-hearts-source-v3 -> origin/agent/star-trek-queen-hearts-source-v3
claim-one-benbassat-task	UNKNOWN STEP	2026-08-24T12:21:50.6343771Z  * [new branch]        agent/star-trek-queen-hearts-source-v4 -> origin/agent/star-trek-queen-hearts-source-v4
claim-one-benbassat-task	UNKNOWN STEP	2026-08-24T12:21:50.6344337Z  * [new branch]        agent/star-trek-queen-hearts-source-v5 -> origin/agent/star-trek-queen-hearts-source-v5
claim-one-benbassat-task	UNKNOWN STEP	2026-08-24T12:21:50.6344894Z  * [new branch]        agent/star-trek-queen-hearts-source-v6 -> origin/agent/star-trek-queen-hearts-source-v6
claim-one-benbassat-task	UNKNOWN STEP	2026-08-24T12:21:50.6345459Z  * [new branch]        agent/star-trek-queen-hearts-source-v7 -> origin/agent/star-trek-queen-hearts-source-v7
claim-one-benbassat-task	UNKNOWN STEP	2026-08-24T12:21:50.6346135Z  * [new branch]        agent/star-trek-queen-hearts-source-v8 -> origin/agent/star-trek-queen-hearts-source-v8
claim-one-benbassat-task	UNKNOWN STEP	2026-08-24T12:21:50.6346696Z  * [new branch]        agent/star-trek-queen-hearts-source-v9 -> origin/agent/star-trek-queen-hearts-source-v9
claim-one-benbassat-task	UNKNOWN STEP	2026-08-24T12:21:50.6347319Z  * [new branch]        agent/star-trek-queen-of-hearts-source-media-v1 -> origin/agent/star-trek-queen-of-hearts-source-media-v1
claim-one-benbassat-task	UNKNOWN STEP	2026-08-24T12:21:50.6347956Z  * [new branch]        agent/star-trek-rolling-continuation-v1 -> origin/agent/star-trek-rolling-continuation-v1
claim-one-benbassat-task	UNKNOWN STEP	2026-08-24T12:21:50.6348564Z  * [new branch]        agent/star-trek-rolling-terminal-result-v1 -> origin/agent/star-trek-rolling-terminal-result-v1
claim-one-benbassat-task	UNKNOWN STEP	2026-08-24T12:21:50.6349144Z  * [new branch]        agent/supervise-star-trek-cycle-v1 -> origin/agent/supervise-star-trek-cycle-v1
claim-one-benbassat-task	UNKNOWN STEP	2026-08-24T12:21:50.6349678Z  * [new branch]        agent/thesis-continuation-rails-v1 -> origin/agent/thesis-continuation-rails-v1
claim-one-benbassat-task	UNKNOWN STEP	2026-08-24T12:21:50.6350170Z  * [new branch]        agent/trek-cycle-001        -> origin/agent/trek-cycle-001
claim-one-benbassat-task	UNKNOWN STEP	2026-08-24T12:21:50.6350605Z  * [new branch]        agent/trek-cycle-001-success -> origin/agent/trek-cycle-001-success
claim-one-benbassat-task	UNKNOWN STEP	2026-08-24T12:21:50.6351095Z  * [new branch]        agent/trek-media-baseline-closure -> origin/agent/trek-media-baseline-closure
claim-one-benbassat-task	UNKNOWN STEP	2026-08-24T12:21:50.6351614Z  * [new branch]        agent/trigger-ux-02-dec0016-launch -> origin/agent/trigger-ux-02-dec0016-launch
claim-one-benbassat-task	UNKNOWN STEP	2026-08-24T12:21:50.6352128Z  * [new branch]        agent/ux-01-context-compatibility -> origin/agent/ux-01-context-compatibility
claim-one-benbassat-task	UNKNOWN STEP	2026-08-24T12:21:50.6352609Z  * [new branch]        agent/ux-01-source-extract  -> origin/agent/ux-01-source-extract
claim-one-benbassat-task	UNKNOWN STEP	2026-08-24T12:21:50.6353188Z  * [new branch]        agent/ux-02-dec0016-carrier-stage-2 -> origin/agent/ux-02-dec0016-carrier-stage-2
claim-one-benbassat-task	UNKNOWN STEP	2026-08-24T12:21:50.6353717Z  * [new branch]        agent/ux-02-dec0016-checkout-export -> origin/agent/ux-02-dec0016-checkout-export
claim-one-benbassat-task	UNKNOWN STEP	2026-08-24T12:21:50.6354300Z  * [new branch]        agent/ux-02-dec0016-compose -> origin/agent/ux-02-dec0016-compose
claim-one-benbassat-task	UNKNOWN STEP	2026-08-24T12:21:50.6354736Z  * [new branch]        agent/ux-02-dec0016-execute -> origin/agent/ux-02-dec0016-execute
claim-one-benbassat-task	UNKNOWN STEP	2026-08-24T12:21:50.6355242Z  * [new branch]        agent/ux-02-dec0016-final-materializer -> origin/agent/ux-02-dec0016-final-materializer
claim-one-benbassat-task	UNKNOWN STEP	2026-08-24T12:21:50.6355759Z  * [new branch]        agent/ux-02-dec0016-kick-main -> origin/agent/ux-02-dec0016-kick-main
claim-one-benbassat-task	UNKNOWN STEP	2026-08-24T12:21:50.6356255Z  * [new branch]        agent/ux-02-dec0016-launcher-cleanup -> origin/agent/ux-02-dec0016-launcher-cleanup
claim-one-benbassat-task	UNKNOWN STEP	2026-08-24T12:21:50.6356769Z  * [new branch]        agent/ux-02-dec0016-launcher-main -> origin/agent/ux-02-dec0016-launcher-main
claim-one-benbassat-task	UNKNOWN STEP	2026-08-24T12:21:50.6357271Z  * [new branch]        agent/ux-02-dec0016-merge-sha-fix -> origin/agent/ux-02-dec0016-merge-sha-fix
claim-one-benbassat-task	UNKNOWN STEP	2026-08-24T12:21:50.6357756Z  * [new branch]        agent/ux-02-dec0016-policy-inline -> origin/agent/ux-02-dec0016-policy-inline
claim-one-benbassat-task	UNKNOWN STEP	2026-08-24T12:21:50.6358249Z  * [new branch]        agent/ux-02-dec0016-policy-writer -> origin/agent/ux-02-dec0016-policy-writer
claim-one-benbassat-task	UNKNOWN STEP	2026-08-24T12:21:50.6358779Z  * [new branch]        agent/ux-02-dec0016-pr-launcher-config -> origin/agent/ux-02-dec0016-pr-launcher-config
claim-one-benbassat-task	UNKNOWN STEP	2026-08-24T12:21:50.6359279Z  * [new branch]        agent/ux-02-dec0016-pr-target -> origin/agent/ux-02-dec0016-pr-target
claim-one-benbassat-task	UNKNOWN STEP	2026-08-24T12:21:50.6359753Z  * [new branch]        agent/ux-02-dec0016-pr305-guard -> origin/agent/ux-02-dec0016-pr305-guard
claim-one-benbassat-task	UNKNOWN STEP	2026-08-24T12:21:50.6360280Z  * [new branch]        agent/ux-02-dec0016-precheckout-receipt -> origin/agent/ux-02-dec0016-precheckout-receipt
claim-one-benbassat-task	UNKNOWN STEP	2026-08-24T12:21:50.6360815Z  * [new branch]        agent/ux-02-dec0016-push-receipt -> origin/agent/ux-02-dec0016-push-receipt
claim-one-benbassat-task	UNKNOWN STEP	2026-08-24T12:21:50.6361288Z  * [new branch]        agent/ux-02-dec0016-receipts -> origin/agent/ux-02-dec0016-receipts
claim-one-benbassat-task	UNKNOWN STEP	2026-08-24T12:21:50.6361780Z  * [new branch]        agent/ux-02-dec0016-registered-route -> origin/agent/ux-02-dec0016-registered-route
claim-one-benbassat-task	UNKNOWN STEP	2026-08-24T12:21:50.6362408Z  * [new branch]        agent/ux-02-dec0016-runid-guard -> origin/agent/ux-02-dec0016-runid-guard
claim-one-benbassat-task	UNKNOWN STEP	2026-08-24T12:21:50.6362976Z  * [new branch]        agent/ux-02-dec0016-workflow-run -> origin/agent/ux-02-dec0016-workflow-run
claim-one-benbassat-task	UNKNOWN STEP	2026-08-24T12:21:50.6363458Z  * [new branch]        agent/ux-02-dec0016-writer-body -> origin/agent/ux-02-dec0016-writer-body
claim-one-benbassat-task	UNKNOWN STEP	2026-08-24T12:21:50.6363948Z  * [new branch]        agent/ux-02-decision-receipt-fix -> origin/agent/ux-02-decision-receipt-fix
claim-one-benbassat-task	UNKNOWN STEP	2026-08-24T12:21:50.6364522Z  * [new branch]        agent/ux-02-navigation-continuity-dec0015-v2 -> origin/agent/ux-02-navigation-continuity-dec0015-v2
claim-one-benbassat-task	UNKNOWN STEP	2026-08-24T12:21:50.6365069Z  * [new branch]        agent/ux-02-navigation-parity -> origin/agent/ux-02-navigation-parity
claim-one-benbassat-task	UNKNOWN STEP	2026-08-24T12:21:50.6365561Z  * [new branch]        agent/ux-02-qualified-product-4fe -> origin/agent/ux-02-qualified-product-4fe
claim-one-benbassat-task	UNKNOWN STEP	2026-08-24T12:21:50.6366082Z  * [new branch]        agent/ux-02-qualified-source-export -> origin/agent/ux-02-qualified-source-export
claim-one-benbassat-task	UNKNOWN STEP	2026-08-24T12:21:50.6366623Z  * [new branch]        agent/ux-02-semantic-script-export -> origin/agent/ux-02-semantic-script-export
claim-one-benbassat-task	UNKNOWN STEP	2026-08-24T12:21:50.6367098Z  * [new branch]        agent/ux-02-visual-recovery -> origin/agent/ux-02-visual-recovery
claim-one-benbassat-task	UNKNOWN STEP	2026-08-24T12:21:50.6367583Z  * [new branch]        agent/ux-02a-archive-materializer -> origin/agent/ux-02a-archive-materializer
claim-one-benbassat-task	UNKNOWN STEP	2026-08-24T12:21:50.6368091Z  * [new branch]        agent/ux-02a-current-main-product -> origin/agent/ux-02a-current-main-product
claim-one-benbassat-task	UNKNOWN STEP	2026-08-24T12:21:50.6368577Z  * [new branch]        agent/ux-02a-review-carrier-v2 -> origin/agent/ux-02a-review-carrier-v2
claim-one-benbassat-task	UNKNOWN STEP	2026-08-24T12:21:50.6369033Z  * [new branch]        agent/ux-02a-script-runner  -> origin/agent/ux-02a-script-runner
claim-one-benbassat-task	UNKNOWN STEP	2026-08-24T12:21:50.6369463Z  * [new branch]        agent/ux-03-mobile-density  -> origin/agent/ux-03-mobile-density
claim-one-benbassat-task	UNKNOWN STEP	2026-08-24T12:21:50.6369932Z  * [new branch]        agent/ux-03-post-merge-proof -> origin/agent/ux-03-post-merge-proof
claim-one-benbassat-task	UNKNOWN STEP	2026-08-24T12:21:50.6370490Z  * [new branch]        agent/ux-04-makers-discovery -> origin/agent/ux-04-makers-discovery
claim-one-benbassat-task	UNKNOWN STEP	2026-08-24T12:21:50.6370991Z  * [new branch]        agent/ux-nav-materializer-export -> origin/agent/ux-nav-materializer-export
claim-one-benbassat-task	UNKNOWN STEP	2026-08-24T12:21:50.6371479Z  * [new branch]        agent/ux-nav-noscript-export -> origin/agent/ux-nav-noscript-export
claim-one-benbassat-task	UNKNOWN STEP	2026-08-24T12:21:50.6371962Z  * [new branch]        agent/ux-nav-noscript-fix-carrier -> origin/agent/ux-nav-noscript-fix-carrier
claim-one-benbassat-task	UNKNOWN STEP	2026-08-24T12:21:50.6372452Z  * [new branch]        agent/ux-nav-review-release-v2 -> origin/agent/ux-nav-review-release-v2
claim-one-benbassat-task	UNKNOWN STEP	2026-08-24T12:21:50.6373023Z  * [new branch]        agent/ux02a-carrier-sync-trigger -> origin/agent/ux02a-carrier-sync-trigger
claim-one-benbassat-task	UNKNOWN STEP	2026-08-24T12:21:50.6373547Z  * [new branch]        agent/ux02a-carrier-sync-trigger-v2 -> origin/agent/ux02a-carrier-sync-trigger-v2
claim-one-benbassat-task	UNKNOWN STEP	2026-08-24T12:21:50.6374083Z  * [new branch]        agent/ux02a-contract-repair-export -> origin/agent/ux02a-contract-repair-export
claim-one-benbassat-task	UNKNOWN STEP	2026-08-24T12:21:50.6374607Z  * [new branch]        agent/ux02a-current-main-export -> origin/agent/ux02a-current-main-export
claim-one-benbassat-task	UNKNOWN STEP	2026-08-24T12:21:50.6375097Z  * [new branch]        agent/ux02a-current-main-trigger -> origin/agent/ux02a-current-main-trigger
claim-one-benbassat-task	UNKNOWN STEP	2026-08-24T12:21:50.6375581Z  * [new branch]        agent/ux02a-main-push-installer -> origin/agent/ux02a-main-push-installer
claim-one-benbassat-task	UNKNOWN STEP	2026-08-24T12:21:50.6376039Z  * [new branch]        agent/ux02a-policy-export   -> origin/agent/ux02a-policy-export
claim-one-benbassat-task	UNKNOWN STEP	2026-08-24T12:21:50.6376469Z  * [new branch]        agent/ux02a-push-trigger-2  -> origin/agent/ux02a-push-trigger-2
claim-one-benbassat-task	UNKNOWN STEP	2026-08-24T12:21:50.6377051Z  * [new branch]        agent/verify-doctor-who-legacy-ref-neutralization -> origin/agent/verify-doctor-who-legacy-ref-neutralization
claim-one-benbassat-task	UNKNOWN STEP	2026-08-24T12:21:50.6377789Z  * [new branch]        agent/verify-doctor-who-legacy-ref-neutralization-v2 -> origin/agent/verify-doctor-who-legacy-ref-neutralization-v2
claim-one-benbassat-task	UNKNOWN STEP	2026-08-24T12:21:50.6378461Z  * [new branch]        agent/verify-terminal-closure-7f6140 -> origin/agent/verify-terminal-closure-7f6140
claim-one-benbassat-task	UNKNOWN STEP	2026-08-24T12:21:50.6379116Z  * [new branch]        chore/reconcile-waterline-handoff -> origin/chore/reconcile-waterline-handoff
claim-one-benbassat-task	UNKNOWN STEP	2026-08-24T12:21:50.6379553Z  * [new branch]        main                        -> origin/main
claim-one-benbassat-task	UNKNOWN STEP	2026-08-24T12:21:50.6380087Z  * [new branch]        observer/cycle012-senstarg-candidate-transition-v1 -> origin/observer/cycle012-senstarg-candidate-transition-v1
claim-one-benbassat-task	UNKNOWN STEP	2026-08-24T12:21:50.6380781Z  * [new branch]        observer/cycle012-senstarg-review-transition-v1 -> origin/observer/cycle012-senstarg-review-transition-v1
claim-one-benbassat-task	UNKNOWN STEP	2026-08-24T12:21:50.6381449Z  * [new branch]        probe-doctor-who-cycle-015-finalize-20260812 -> origin/probe-doctor-who-cycle-015-finalize-20260812
claim-one-benbassat-task	UNKNOWN STEP	2026-08-24T12:21:50.6382085Z  * [new branch]        probe-doctor-who-next-candidate-20260812 -> origin/probe-doctor-who-next-candidate-20260812
claim-one-benbassat-task	UNKNOWN STEP	2026-08-24T12:21:50.6382674Z  * [new branch]        probe-pages-cycle-015-deploy-20260812 -> origin/probe-pages-cycle-015-deploy-20260812
claim-one-benbassat-task	UNKNOWN STEP	2026-08-24T12:21:50.6398489Z  * [new branch]        probe-release-tool-do-not-use -> origin/probe-release-tool-do-not-use
claim-one-benbassat-task	UNKNOWN STEP	2026-08-24T12:21:50.6399187Z  * [new branch]        repair/cycle012-senstarg-candidate-env -> origin/repair/cycle012-senstarg-candidate-env
claim-one-benbassat-task	UNKNOWN STEP	2026-08-24T12:21:50.6399789Z  * [new tag]           archive/agent/dec0010-site-tokens-spark -> archive/agent/dec0010-site-tokens-spark
claim-one-benbassat-task	UNKNOWN STEP	2026-08-24T12:21:50.6400344Z  * [new tag]           archive/agent/dec0011-cross-platform-gate -> archive/agent/dec0011-cross-platform-gate
claim-one-benbassat-task	UNKNOWN STEP	2026-08-24T12:21:50.6400881Z  * [new tag]           archive/agent/ds9-decision-authoring -> archive/agent/ds9-decision-authoring
claim-one-benbassat-task	UNKNOWN STEP	2026-08-24T12:21:50.6401434Z  * [new tag]           archive/agent/five-year-operating-system -> archive/agent/five-year-operating-system
claim-one-benbassat-task	UNKNOWN STEP	2026-08-24T12:21:50.6401933Z  * [new tag]           archive/agent/luna-autopilot -> archive/agent/luna-autopilot
claim-one-benbassat-task	UNKNOWN STEP	2026-08-24T12:21:50.6402385Z  * [new tag]           archive/agent/pr55-semantic-review -> archive/agent/pr55-semantic-review
claim-one-benbassat-task	UNKNOWN STEP	2026-08-24T12:21:50.6403127Z  * [new tag]           archive/agent/preservation-rescue -> archive/agent/preservation-rescue
claim-one-benbassat-task	UNKNOWN STEP	2026-08-24T12:21:50.6403620Z  * [new tag]           archive/agent/star-trek-media-audit -> archive/agent/star-trek-media-audit
claim-one-benbassat-task	UNKNOWN STEP	2026-08-24T12:21:50.6404129Z  * [new tag]           archive/agent/trek-exact-subject-audit -> archive/agent/trek-exact-subject-audit
claim-one-benbassat-task	UNKNOWN STEP	2026-08-24T12:21:50.6404674Z  * [new tag]           archive/agent/trusted-foundation-receipt -> archive/agent/trusted-foundation-receipt
claim-one-benbassat-task	UNKNOWN STEP	2026-08-24T12:21:50.6405241Z  * [new tag]           archive/chore/remove-promotion-scaffolding -> archive/chore/remove-promotion-scaffolding
claim-one-benbassat-task	UNKNOWN STEP	2026-08-24T12:21:50.6405790Z  * [new tag]           archive/claude/coding-session-1u1llu -> archive/claude/coding-session-1u1llu
claim-one-benbassat-task	UNKNOWN STEP	2026-08-24T12:21:50.6406270Z  * [new tag]           archive/claude/decision-tooling -> archive/claude/decision-tooling
claim-one-benbassat-task	UNKNOWN STEP	2026-08-24T12:21:50.6406697Z  * [new tag]           archive/claude/ds9-census   -> archive/claude/ds9-census
claim-one-benbassat-task	UNKNOWN STEP	2026-08-24T12:21:50.6407111Z  * [new tag]           archive/claude/ds9-eligibility -> archive/claude/ds9-eligibility
claim-one-benbassat-task	UNKNOWN STEP	2026-08-24T12:21:50.6407574Z  * [new tag]           archive/claude/ds9-maker-attribution -> archive/claude/ds9-maker-attribution
claim-one-benbassat-task	UNKNOWN STEP	2026-08-24T12:21:50.6408049Z  * [new tag]           archive/claude/final-task-2vmzpr -> archive/claude/final-task-2vmzpr
claim-one-benbassat-task	UNKNOWN STEP	2026-08-24T12:21:50.6408531Z  * [new tag]           archive/claude/fix-projection-drift -> archive/claude/fix-projection-drift
claim-one-benbassat-task	UNKNOWN STEP	2026-08-24T12:21:50.6409010Z  * [new tag]           archive/claude/full-canon-census -> archive/claude/full-canon-census
claim-one-benbassat-task	UNKNOWN STEP	2026-08-24T12:21:50.6409445Z  * [new tag]           archive/claude/homepage-flip -> archive/claude/homepage-flip
claim-one-benbassat-task	UNKNOWN STEP	2026-08-24T12:21:50.6409904Z  * [new tag]           archive/claude/product-constitution -> archive/claude/product-constitution
claim-one-benbassat-task	UNKNOWN STEP	2026-08-24T12:21:50.6410410Z  * [new tag]           archive/claude/retire-comparison-seam -> archive/claude/retire-comparison-seam
claim-one-benbassat-task	UNKNOWN STEP	2026-08-24T12:21:50.6410901Z  * [new tag]           archive/claude/work-review-ex7ape -> archive/claude/work-review-ex7ape
claim-one-benbassat-task	UNKNOWN STEP	2026-08-24T12:21:50.6411483Z  * [new tag]           archive/codex/a11y-durable-records -> archive/codex/a11y-durable-records
claim-one-benbassat-task	UNKNOWN STEP	2026-08-24T12:21:50.6411939Z  * [new tag]           archive/codex/archive-contract -> archive/codex/archive-contract
claim-one-benbassat-task	UNKNOWN STEP	2026-08-24T12:21:50.6412397Z  * [new tag]           archive/codex/constellation-graph -> archive/codex/constellation-graph
claim-one-benbassat-task	UNKNOWN STEP	2026-08-24T12:21:50.6413023Z  * [new tag]           archive/codex/constellations-contextual-nav -> archive/codex/constellations-contextual-nav
claim-one-benbassat-task	UNKNOWN STEP	2026-08-24T12:21:50.6413595Z  * [new tag]           archive/codex/enforce-real-image-policy -> archive/codex/enforce-real-image-policy
claim-one-benbassat-task	UNKNOWN STEP	2026-08-24T12:21:50.6414104Z  * [new tag]           archive/codex/ferengi-completeness -> archive/codex/ferengi-completeness
claim-one-benbassat-task	UNKNOWN STEP	2026-08-24T12:21:50.6414577Z  * [new tag]           archive/codex/fix-comparison-wipe -> archive/codex/fix-comparison-wipe
claim-one-benbassat-task	UNKNOWN STEP	2026-08-24T12:21:50.6415027Z  * [new tag]           archive/codex/franchise-census -> archive/codex/franchise-census
claim-one-benbassat-task	UNKNOWN STEP	2026-08-24T12:21:50.6415513Z  * [new tag]           archive/codex/full-rendered-site-audit -> archive/codex/full-rendered-site-audit
claim-one-benbassat-task	UNKNOWN STEP	2026-08-24T12:21:50.6416005Z  * [new tag]           archive/codex/image-focus-pass -> archive/codex/image-focus-pass
claim-one-benbassat-task	UNKNOWN STEP	2026-08-24T12:21:50.6416458Z  * [new tag]           archive/codex/morn-face-alignment -> archive/codex/morn-face-alignment
claim-one-benbassat-task	UNKNOWN STEP	2026-08-24T12:21:50.6417004Z  * [new tag]           archive/codex/photos-changelings-placeholders -> archive/codex/photos-changelings-placeholders
claim-one-benbassat-task	UNKNOWN STEP	2026-08-24T12:21:50.6417580Z  * [new tag]           archive/codex/polish-seams-correctness -> archive/codex/polish-seams-correctness
claim-one-benbassat-task	UNKNOWN STEP	2026-08-24T12:21:50.6418047Z  * [new tag]           archive/codex/recognition-wipe -> archive/codex/recognition-wipe
claim-one-benbassat-task	UNKNOWN STEP	2026-08-24T12:21:50.6418469Z  * [new tag]           archive/codex/roster-quality -> archive/codex/roster-quality
claim-one-benbassat-task	UNKNOWN STEP	2026-08-24T12:21:50.6418970Z  * [new tag]           archive/codex/site-cohesion -> archive/codex/site-cohesion
claim-one-benbassat-task	UNKNOWN STEP	2026-08-24T12:21:50.6419493Z  * [new tag]           archive/codex/species-navigation-visual-audit -> archive/codex/species-navigation-visual-audit
claim-one-benbassat-task	UNKNOWN STEP	2026-08-24T12:21:50.6419974Z  * [new tag]           media-0001                  -> media-0001
claim-one-benbassat-task	UNKNOWN STEP	2026-08-24T12:21:50.6420295Z  * [new tag]           media-0002                  -> media-0002
claim-one-benbassat-task	UNKNOWN STEP	2026-08-24T12:21:50.6420601Z  * [new tag]           media-0003                  -> media-0003
claim-one-benbassat-task	UNKNOWN STEP	2026-08-24T12:21:50.6420993Z  * [new tag]           preservation-20260721-3bbec746c478 -> preservation-20260721-3bbec746c478
claim-one-benbassat-task	UNKNOWN STEP	2026-08-24T12:21:50.6421464Z  * [new tag]           preservation-20260721-8f2983cf8939 -> preservation-20260721-8f2983cf8939
claim-one-benbassat-task	UNKNOWN STEP	2026-08-24T12:21:50.6421920Z  * [new tag]           preservation-20260721-b093da64e587 -> preservation-20260721-b093da64e587
claim-one-benbassat-task	UNKNOWN STEP	2026-08-24T12:21:50.6422391Z  * [new tag]           preservation-20260721-ee99b91913c6 -> preservation-20260721-ee99b91913c6
claim-one-benbassat-task	UNKNOWN STEP	2026-08-24T12:21:50.6422940Z  * [new tag]           preservation-20260801-7054b6e620ee -> preservation-20260801-7054b6e620ee
claim-one-benbassat-task	UNKNOWN STEP	2026-08-24T12:21:50.6423413Z  * [new tag]           preservation-20260801-788af7e3ad7f -> preservation-20260801-788af7e3ad7f
claim-one-benbassat-task	UNKNOWN STEP	2026-08-24T12:21:50.6423874Z  * [new tag]           preservation-20260801-9c5e814821eb -> preservation-20260801-9c5e814821eb
claim-one-benbassat-task	UNKNOWN STEP	2026-08-24T12:21:50.6424334Z  * [new tag]           preservation-20260801-d723f84bc17a -> preservation-20260801-d723f84bc17a
claim-one-benbassat-task	UNKNOWN STEP	2026-08-24T12:21:50.6424835Z  * [new tag]           preservation-doctor-who-169391a8bf64 -> preservation-doctor-who-169391a8bf64
claim-one-benbassat-task	UNKNOWN STEP	2026-08-24T12:21:50.6426231Z [command]/usr/bin/git branch --list --remote origin/agent/star-trek-benbassat-claim-v1
claim-one-benbassat-task	UNKNOWN STEP	2026-08-24T12:21:50.6426635Z   origin/agent/star-trek-benbassat-claim-v1
claim-one-benbassat-task	UNKNOWN STEP	2026-08-24T12:21:50.6427300Z [command]/usr/bin/git rev-parse refs/remotes/origin/agent/star-trek-benbassat-claim-v1
claim-one-benbassat-task	UNKNOWN STEP	2026-08-24T12:21:50.6427679Z 85d2106fc504148bc585286fa2408823048f9f6c
claim-one-benbassat-task	UNKNOWN STEP	2026-08-24T12:21:50.6428363Z ##[endgroup]
claim-one-benbassat-task	UNKNOWN STEP	2026-08-24T12:21:50.6428741Z ##[group]Determining the checkout info
claim-one-benbassat-task	UNKNOWN STEP	2026-08-24T12:21:50.6429240Z ##[endgroup]
claim-one-benbassat-task	UNKNOWN STEP	2026-08-24T12:21:50.6429471Z [command]/usr/bin/git sparse-checkout disable
claim-one-benbassat-task	UNKNOWN STEP	2026-08-24T12:21:50.6430121Z [command]/usr/bin/git config --local --unset-all extensions.worktreeConfig
claim-one-benbassat-task	UNKNOWN STEP	2026-08-24T12:21:50.6430878Z ##[group]Checking out the ref
claim-one-benbassat-task	UNKNOWN STEP	2026-08-24T12:21:50.6431420Z [command]/usr/bin/git checkout --progress --force -B agent/star-trek-benbassat-claim-v1 refs/remotes/origin/agent/star-trek-benbassat-claim-v1
claim-one-benbassat-task	UNKNOWN STEP	2026-08-24T12:21:51.6099495Z Updating files:  70% (3070/4378)
claim-one-benbassat-task	UNKNOWN STEP	2026-08-24T12:21:51.6161068Z Updating files:  71% (3109/4378)
claim-one-benbassat-task	UNKNOWN STEP	2026-08-24T12:21:51.6209532Z Updating files:  72% (3153/4378)
claim-one-benbassat-task	UNKNOWN STEP	2026-08-24T12:21:51.6257076Z Updating files:  73% (3196/4378)
claim-one-benbassat-task	UNKNOWN STEP	2026-08-24T12:21:51.6318595Z Updating files:  74% (3240/4378)
claim-one-benbassat-task	UNKNOWN STEP	2026-08-24T12:21:51.6366895Z Updating files:  75% (3284/4378)
claim-one-benbassat-task	UNKNOWN STEP	2026-08-24T12:21:51.6434366Z Updating files:  76% (3328/4378)
claim-one-benbassat-task	UNKNOWN STEP	2026-08-24T12:21:51.6486390Z Updating files:  77% (3372/4378)
claim-one-benbassat-task	UNKNOWN STEP	2026-08-24T12:21:51.6540705Z Updating files:  78% (3415/4378)
claim-one-benbassat-task	UNKNOWN STEP	2026-08-24T12:21:51.6598669Z Updating files:  79% (3459/4378)
claim-one-benbassat-task	UNKNOWN STEP	2026-08-24T12:21:51.6661877Z Updating files:  80% (3503/4378)
claim-one-benbassat-task	UNKNOWN STEP	2026-08-24T12:21:51.6709421Z Updating files:  81% (3547/4378)
claim-one-benbassat-task	UNKNOWN STEP	2026-08-24T12:21:51.6765100Z Updating files:  82% (3590/4378)
claim-one-benbassat-task	UNKNOWN STEP	2026-08-24T12:21:51.6824454Z Updating files:  83% (3634/4378)
claim-one-benbassat-task	UNKNOWN STEP	2026-08-24T12:21:51.6871693Z Updating files:  84% (3678/4378)
claim-one-benbassat-task	UNKNOWN STEP	2026-08-24T12:21:51.6954085Z Updating files:  85% (3722/4378)
claim-one-benbassat-task	UNKNOWN STEP	2026-08-24T12:21:51.7021825Z Updating files:  86% (3766/4378)
claim-one-benbassat-task	UNKNOWN STEP	2026-08-24T12:21:51.7065447Z Updating files:  87% (3809/4378)
claim-one-benbassat-task	UNKNOWN STEP	2026-08-24T12:21:51.7164639Z Updating files:  88% (3853/4378)
claim-one-benbassat-task	UNKNOWN STEP	2026-08-24T12:21:51.7208639Z Updating files:  89% (3897/4378)
claim-one-benbassat-task	UNKNOWN STEP	2026-08-24T12:21:51.7261964Z Updating files:  90% (3941/4378)
claim-one-benbassat-task	UNKNOWN STEP	2026-08-24T12:21:51.7305167Z Updating files:  91% (3984/4378)
claim-one-benbassat-task	UNKNOWN STEP	2026-08-24T12:21:51.7351264Z Updating files:  92% (4028/4378)
claim-one-benbassat-task	UNKNOWN STEP	2026-08-24T12:21:51.7391352Z Updating files:  93% (4072/4378)
claim-one-benbassat-task	UNKNOWN STEP	2026-08-24T12:21:51.7423351Z Updating files:  94% (4116/4378)
claim-one-benbassat-task	UNKNOWN STEP	2026-08-24T12:21:51.7458779Z Updating files:  95% (4160/4378)
claim-one-benbassat-task	UNKNOWN STEP	2026-08-24T12:21:51.7489375Z Updating files:  96% (4203/4378)
claim-one-benbassat-task	UNKNOWN STEP	2026-08-24T12:21:51.7515115Z Updating files:  97% (4247/4378)
claim-one-benbassat-task	UNKNOWN STEP	2026-08-24T12:21:51.7541083Z Updating files:  98% (4291/4378)
claim-one-benbassat-task	UNKNOWN STEP	2026-08-24T12:21:51.7663422Z Updating files:  99% (4335/4378)
claim-one-benbassat-task	UNKNOWN STEP	2026-08-24T12:21:51.7663912Z Updating files: 100% (4378/4378)
claim-one-benbassat-task	UNKNOWN STEP	2026-08-24T12:21:51.7664209Z Updating files: 100% (4378/4378), done.
claim-one-benbassat-task	UNKNOWN STEP	2026-08-24T12:21:51.7703807Z Switched to a new branch 'agent/star-trek-benbassat-claim-v1'
claim-one-benbassat-task	UNKNOWN STEP	2026-08-24T12:21:51.7706525Z branch 'agent/star-trek-benbassat-claim-v1' set up to track 'origin/agent/star-trek-benbassat-claim-v1'.
claim-one-benbassat-task	UNKNOWN STEP	2026-08-24T12:21:51.7784633Z ##[endgroup]
claim-one-benbassat-task	UNKNOWN STEP	2026-08-24T12:21:51.7825741Z [command]/usr/bin/git log -1 --format=%H
claim-one-benbassat-task	UNKNOWN STEP	2026-08-24T12:21:51.7850086Z 85d2106fc504148bc585286fa2408823048f9f6c
claim-one-benbassat-task	UNKNOWN STEP	2026-08-24T12:21:51.8058377Z Node 20 is being deprecated. This workflow is running with Node 24 by default. If you need to temporarily use Node 20, you can set the ACTIONS_ALLOW_USE_UNSECURE_NODE_VERSION=true environment variable. For more information see: https://github.blog/changelog/2025-09-19-deprecation-of-node-20-on-github-actions-runners/
claim-one-benbassat-task	UNKNOWN STEP	2026-08-24T12:21:51.8059757Z ##[group]Run actions/setup-node@v4
claim-one-benbassat-task	UNKNOWN STEP	2026-08-24T12:21:51.8059972Z with:
claim-one-benbassat-task	UNKNOWN STEP	2026-08-24T12:21:51.8060138Z   node-version: 24
claim-one-benbassat-task	UNKNOWN STEP	2026-08-24T12:21:51.8060316Z   cache: npm
claim-one-benbassat-task	UNKNOWN STEP	2026-08-24T12:21:51.8060477Z   always-auth: false
claim-one-benbassat-task	UNKNOWN STEP	2026-08-24T12:21:51.8060651Z   check-latest: false
claim-one-benbassat-task	UNKNOWN STEP	2026-08-24T12:21:51.8062546Z   token: ***
claim-one-benbassat-task	UNKNOWN STEP	2026-08-24T12:21:51.8062712Z env:
claim-one-benbassat-task	UNKNOWN STEP	2026-08-24T12:21:51.8063040Z   EXPECTED_MAIN: ed79424013b92460d16c01cad4e590eca01e6bff
claim-one-benbassat-task	UNKNOWN STEP	2026-08-24T12:21:51.8063341Z   EXPECTED_TREE: 7f9057770c8e622d71ef41b183811fe47fcdd6ed
claim-one-benbassat-task	UNKNOWN STEP	2026-08-24T12:21:51.8063589Z   TASK_ID: ap_dd7d1c73ed237230cd6e1d0b
claim-one-benbassat-task	UNKNOWN STEP	2026-08-24T12:21:51.8063806Z   EXPECTED_PERFORMER: Nolan North
claim-one-benbassat-task	UNKNOWN STEP	2026-08-24T12:21:51.8064051Z   EXPECTED_CHARACTER: Benbassat
claim-one-benbassat-task	UNKNOWN STEP	2026-08-24T12:21:51.8064362Z   EXPECTED_FINGERPRINT: 78e1384a3a11787064f98516e5759b55b33369d161067804c2d77f2ef6ef8885
claim-one-benbassat-task	UNKNOWN STEP	2026-08-24T12:21:51.8064778Z   SOURCE_REVIEW_BRANCH: agent/star-trek-benbassat-source-review-result-v1
claim-one-benbassat-task	UNKNOWN STEP	2026-08-24T12:21:51.8065314Z   SOURCE_REVIEW_PREFIX: transport/star-trek-benbassat-source-review-v1
claim-one-benbassat-task	UNKNOWN STEP	2026-08-24T12:21:51.8065652Z   RESULT_BRANCH: agent/star-trek-benbassat-claim-result-v1
claim-one-benbassat-task	UNKNOWN STEP	2026-08-24T12:21:51.8065926Z   OUT: /tmp/star-trek-benbassat-claim-v1
claim-one-benbassat-task	UNKNOWN STEP	2026-08-24T12:21:51.8066200Z   REVIEW_ROOT: /tmp/star-trek-benbassat-claim-v1/source-review
claim-one-benbassat-task	UNKNOWN STEP	2026-08-24T12:21:51.8068165Z   GH_TOKEN: ***
claim-one-benbassat-task	UNKNOWN STEP	2026-08-24T12:21:51.8068349Z ##[endgroup]
claim-one-benbassat-task	UNKNOWN STEP	2026-08-24T12:21:51.9164599Z Found in cache @ /opt/hostedtoolcache/node/24.19.0/x64
claim-one-benbassat-task	UNKNOWN STEP	2026-08-24T12:21:51.9168118Z (node:2118) [DEP0040] DeprecationWarning: The `punycode` module is deprecated. Please use a userland alternative instead.
claim-one-benbassat-task	UNKNOWN STEP	2026-08-24T12:21:51.9168728Z (Use `node --trace-deprecation ...` to show where the warning was created)
claim-one-benbassat-task	UNKNOWN STEP	2026-08-24T12:21:51.9170621Z ##[group]Environment details
claim-one-benbassat-task	UNKNOWN STEP	2026-08-24T12:21:52.2188030Z node: v24.19.0
claim-one-benbassat-task	UNKNOWN STEP	2026-08-24T12:21:52.2188401Z npm: 11.17.0
claim-one-benbassat-task	UNKNOWN STEP	2026-08-24T12:21:52.2188635Z yarn: 1.22.22
claim-one-benbassat-task	UNKNOWN STEP	2026-08-24T12:21:52.2189704Z ##[endgroup]
claim-one-benbassat-task	UNKNOWN STEP	2026-08-24T12:21:52.2223605Z [command]/opt/hostedtoolcache/node/24.19.0/x64/bin/npm config get cache
claim-one-benbassat-task	UNKNOWN STEP	2026-08-24T12:21:52.3083680Z /home/runner/.npm
claim-one-benbassat-task	UNKNOWN STEP	2026-08-24T12:21:52.3720271Z Cache hit for: node-cache-Linux-x64-npm-f15ee16cadfb16c2733639dda1f0b58735a8af6e775ef040c2dea200bcc3360b
claim-one-benbassat-task	UNKNOWN STEP	2026-08-24T12:21:52.3801764Z (node:2118) [DEP0169] DeprecationWarning: `url.parse()` behavior is not standardized and prone to errors that have security implications. Use the WHATWG URL API instead. CVEs are not issued for `url.parse()` vulnerabilities.
claim-one-benbassat-task	UNKNOWN STEP	2026-08-24T12:21:52.5555309Z Received 3853891 of 3853891 (100.0%), 27.2 MBs/sec
claim-one-benbassat-task	UNKNOWN STEP	2026-08-24T12:21:52.5555973Z Cache Size: ~4 MB (3853891 B)
claim-one-benbassat-task	UNKNOWN STEP	2026-08-24T12:21:52.5577125Z [command]/usr/bin/tar -xf /home/runner/work/_temp/9429e6a0-c5a8-4085-b87b-88266060e722/cache.tzst -P -C /home/runner/work/undercast/undercast --use-compress-program unzstd
claim-one-benbassat-task	UNKNOWN STEP	2026-08-24T12:21:52.5690984Z Cache restored successfully
claim-one-benbassat-task	UNKNOWN STEP	2026-08-24T12:21:52.5696632Z Cache restored from key: node-cache-Linux-x64-npm-f15ee16cadfb16c2733639dda1f0b58735a8af6e775ef040c2dea200bcc3360b
claim-one-benbassat-task	UNKNOWN STEP	2026-08-24T12:21:52.5818450Z ##[group]Run set -Eeuo pipefail
claim-one-benbassat-task	UNKNOWN STEP	2026-08-24T12:21:52.5818818Z ^[[36;1mset -Eeuo pipefail^[[0m
claim-one-benbassat-task	UNKNOWN STEP	2026-08-24T12:21:52.5819035Z ^[[36;1mrm -rf "$OUT"^[[0m
claim-one-benbassat-task	UNKNOWN STEP	2026-08-24T12:21:52.5819238Z ^[[36;1mmkdir -p "$REVIEW_ROOT"^[[0m
claim-one-benbassat-task	UNKNOWN STEP	2026-08-24T12:21:52.5819579Z ^[[36;1mtest -z "$(git ls-remote --heads origin "refs/heads/${RESULT_BRANCH}")"^[[0m
claim-one-benbassat-task	UNKNOWN STEP	2026-08-24T12:21:52.5819964Z ^[[36;1mgit fetch --no-tags origin main "$SOURCE_REVIEW_BRANCH"^[[0m
claim-one-benbassat-task	UNKNOWN STEP	2026-08-24T12:21:52.5820321Z ^[[36;1mtest "$(git rev-parse refs/remotes/origin/main)" = "$EXPECTED_MAIN"^[[0m
claim-one-benbassat-task	UNKNOWN STEP	2026-08-24T12:21:52.5820702Z ^[[36;1mtest "$(git show -s --format=%T "$EXPECTED_MAIN")" = "$EXPECTED_TREE"^[[0m
claim-one-benbassat-task	UNKNOWN STEP	2026-08-24T12:21:52.5821050Z ^[[36;1mreview_ref="refs/remotes/origin/${SOURCE_REVIEW_BRANCH}"^[[0m
claim-one-benbassat-task	UNKNOWN STEP	2026-08-24T12:21:52.5821405Z ^[[36;1mgit archive "$review_ref" "$SOURCE_REVIEW_PREFIX" | tar -x -C "$OUT"^[[0m
claim-one-benbassat-task	UNKNOWN STEP	2026-08-24T12:21:52.5821755Z ^[[36;1mcp -a "$OUT/$SOURCE_REVIEW_PREFIX"/. "$REVIEW_ROOT"/^[[0m
claim-one-benbassat-task	UNKNOWN STEP	2026-08-24T12:21:52.5822092Z ^[[36;1mwhile read -r digest original_path; do^[[0m
claim-one-benbassat-task	UNKNOWN STEP	2026-08-24T12:21:52.5822376Z ^[[36;1m  file="$REVIEW_ROOT/$(basename "$original_path")"^[[0m
claim-one-benbassat-task	UNKNOWN STEP	2026-08-24T12:21:52.5822631Z ^[[36;1m  test -f "$file"^[[0m
claim-one-benbassat-task	UNKNOWN STEP	2026-08-24T12:21:52.5823092Z ^[[36;1m  test "$(sha256sum "$file" | awk '{print $1}')" = "$digest"^[[0m
claim-one-benbassat-task	UNKNOWN STEP	2026-08-24T12:21:52.5823399Z ^[[36;1mdone < "$REVIEW_ROOT/manifest.sha256"^[[0m
claim-one-benbassat-task	UNKNOWN STEP	2026-08-24T12:21:52.5823629Z ^[[36;1mjq -e \^[[0m
claim-one-benbassat-task	UNKNOWN STEP	2026-08-24T12:21:52.5823807Z ^[[36;1m  --arg task "$TASK_ID" \^[[0m
claim-one-benbassat-task	UNKNOWN STEP	2026-08-24T12:21:52.5824042Z ^[[36;1m  --arg performer "$EXPECTED_PERFORMER" \^[[0m
claim-one-benbassat-task	UNKNOWN STEP	2026-08-24T12:21:52.5824304Z ^[[36;1m  --arg character "$EXPECTED_CHARACTER" \^[[0m
claim-one-benbassat-task	UNKNOWN STEP	2026-08-24T12:21:52.5824547Z ^[[36;1m  --arg fp "$EXPECTED_FINGERPRINT" \^[[0m
claim-one-benbassat-task	UNKNOWN STEP	2026-08-24T12:21:52.5824834Z ^[[36;1m  '.transaction == "STAR-TREK-BENBASSAT-SOURCE-REVIEW-V1"^[[0m
claim-one-benbassat-task	UNKNOWN STEP	2026-08-24T12:21:52.5825106Z ^[[36;1m   and .verdict == "pass"^[[0m
claim-one-benbassat-task	UNKNOWN STEP	2026-08-24T12:21:52.5825316Z ^[[36;1m   and .task.id == $task^[[0m
claim-one-benbassat-task	UNKNOWN STEP	2026-08-24T12:21:52.5825705Z ^[[36;1m   and .task.performer == $performer^[[0m
claim-one-benbassat-task	UNKNOWN STEP	2026-08-24T12:21:52.5825941Z ^[[36;1m   and .task.character == $character^[[0m
claim-one-benbassat-task	UNKNOWN STEP	2026-08-24T12:21:52.5826177Z ^[[36;1m   and .task.source_fingerprint == $fp^[[0m
claim-one-benbassat-task	UNKNOWN STEP	2026-08-24T12:21:52.5826451Z ^[[36;1m   and .task.status == "queued"^[[0m
claim-one-benbassat-task	UNKNOWN STEP	2026-08-24T12:21:52.5826672Z ^[[36;1m   and .task.attempts == 0^[[0m
claim-one-benbassat-task	UNKNOWN STEP	2026-08-24T12:21:52.5826937Z ^[[36;1m   and .adjudication.performance_mode == "voice-animation"^[[0m
claim-one-benbassat-task	UNKNOWN STEP	2026-08-24T12:21:52.5827281Z ^[[36;1m   and .adjudication.physical_prosthetic_hint_accepted == false^[[0m
claim-one-benbassat-task	UNKNOWN STEP	2026-08-24T12:21:52.5827635Z ^[[36;1m   and .adjudication.physical_performance_attributed == false^[[0m
claim-one-benbassat-task	UNKNOWN STEP	2026-08-24T12:21:52.5827960Z ^[[36;1m   and .adjudication.maker_attribution == "unresolved"^[[0m
claim-one-benbassat-task	UNKNOWN STEP	2026-08-24T12:21:52.5828247Z ^[[36;1m   and .boundary.canonical_mutation == false^[[0m
claim-one-benbassat-task	UNKNOWN STEP	2026-08-24T12:21:52.5828514Z ^[[36;1m   and .boundary.lease_taken == false' \^[[0m
claim-one-benbassat-task	UNKNOWN STEP	2026-08-24T12:21:52.5828784Z ^[[36;1m  "$REVIEW_ROOT/source-review.json" >/dev/null^[[0m
claim-one-benbassat-task	UNKNOWN STEP	2026-08-24T12:21:52.5829030Z ^[[36;1mpython3 - <<'PY'^[[0m
claim-one-benbassat-task	UNKNOWN STEP	2026-08-24T12:21:52.5829234Z ^[[36;1mfrom pathlib import Path^[[0m
claim-one-benbassat-task	UNKNOWN STEP	2026-08-24T12:21:52.5829449Z ^[[36;1mimport hashlib^[[0m
claim-one-benbassat-task	UNKNOWN STEP	2026-08-24T12:21:52.5829634Z ^[[36;1mimport json^[[0m
claim-one-benbassat-task	UNKNOWN STEP	2026-08-24T12:21:52.5829809Z ^[[36;1mimport os^[[0m
claim-one-benbassat-task	UNKNOWN STEP	2026-08-24T12:21:52.5829976Z ^[[36;1m^[[0m
claim-one-benbassat-task	UNKNOWN STEP	2026-08-24T12:21:52.5830201Z ^[[36;1mpath = Path(os.environ['REVIEW_ROOT']) / 'source-review.json'^[[0m
claim-one-benbassat-task	UNKNOWN STEP	2026-08-24T12:21:52.5830503Z ^[[36;1mreview = json.loads(path.read_text())^[[0m
claim-one-benbassat-task	UNKNOWN STEP	2026-08-24T12:21:52.5830749Z ^[[36;1mexpected = review['review_sha256']^[[0m
claim-one-benbassat-task	UNKNOWN STEP	2026-08-24T12:21:52.5830975Z ^[[36;1mbody = dict(review)^[[0m
claim-one-benbassat-task	UNKNOWN STEP	2026-08-24T12:21:52.5831181Z ^[[36;1mbody.pop('review_sha256', None)^[[0m
claim-one-benbassat-task	UNKNOWN STEP	2026-08-24T12:21:52.5831403Z ^[[36;1mbody.pop('artifact', None)^[[0m
claim-one-benbassat-task	UNKNOWN STEP	2026-08-24T12:21:52.5831599Z ^[[36;1m^[[0m
claim-one-benbassat-task	UNKNOWN STEP	2026-08-24T12:21:52.5831754Z ^[[36;1mdef stable(value):^[[0m
claim-one-benbassat-task	UNKNOWN STEP	2026-08-24T12:21:52.5831952Z ^[[36;1m    if isinstance(value, dict):^[[0m
claim-one-benbassat-task	UNKNOWN STEP	2026-08-24T12:21:52.5832236Z ^[[36;1m        return {key: stable(value[key]) for key in sorted(value)}^[[0m
claim-one-benbassat-task	UNKNOWN STEP	2026-08-24T12:21:52.5832689Z ^[[36;1m    if isinstance(value, list):^[[0m
claim-one-benbassat-task	UNKNOWN STEP	2026-08-24T12:21:52.5833063Z ^[[36;1m        return [stable(item) for item in value]^[[0m
claim-one-benbassat-task	UNKNOWN STEP	2026-08-24T12:21:52.5833305Z ^[[36;1m    return value^[[0m
claim-one-benbassat-task	UNKNOWN STEP	2026-08-24T12:21:52.5833482Z ^[[36;1m^[[0m
claim-one-benbassat-task	UNKNOWN STEP	2026-08-24T12:21:52.5833842Z ^[[36;1mactual = hashlib.sha256((json.dumps(stable(body), indent=2, ensure_ascii=False) + '\n').encode()).hexdigest()^[[0m
claim-one-benbassat-task	UNKNOWN STEP	2026-08-24T12:21:52.5834269Z ^[[36;1mif actual != expected:^[[0m
claim-one-benbassat-task	UNKNOWN STEP	2026-08-24T12:21:52.5834599Z ^[[36;1m    raise SystemExit(f'source review identity mismatch: {actual} != {expected}')^[[0m
claim-one-benbassat-task	UNKNOWN STEP	2026-08-24T12:21:52.5834926Z ^[[36;1mPY^[[0m
claim-one-benbassat-task	UNKNOWN STEP	2026-08-24T12:21:52.5835120Z ^[[36;1mgit checkout --detach "$EXPECTED_MAIN"^[[0m
claim-one-benbassat-task	UNKNOWN STEP	2026-08-24T12:21:52.5835366Z ^[[36;1mnpm ci --ignore-scripts^[[0m
claim-one-benbassat-task	UNKNOWN STEP	2026-08-24T12:21:52.5835688Z ^[[36;1mnode scripts/thesis-rails.mjs validate > "$OUT/thesis-validate-before.log"^[[0m
claim-one-benbassat-task	UNKNOWN STEP	2026-08-24T12:21:52.5836109Z ^[[36;1mnode scripts/thesis-rails.mjs next --json > "$OUT/thesis-next-before.json"^[[0m
claim-one-benbassat-task	UNKNOWN STEP	2026-08-24T12:21:52.5836420Z ^[[36;1mjq -e \^[[0m
claim-one-benbassat-task	UNKNOWN STEP	2026-08-24T12:21:52.5836598Z ^[[36;1m  --arg task "$TASK_ID" \^[[0m
claim-one-benbassat-task	UNKNOWN STEP	2026-08-24T12:21:52.5836847Z ^[[36;1m  --arg performer "$EXPECTED_PERFORMER" \^[[0m
claim-one-benbassat-task	UNKNOWN STEP	2026-08-24T12:21:52.5837115Z ^[[36;1m  --arg character "$EXPECTED_CHARACTER" \^[[0m
claim-one-benbassat-task	UNKNOWN STEP	2026-08-24T12:21:52.5837365Z ^[[36;1m  --arg fp "$EXPECTED_FINGERPRINT" \^[[0m
claim-one-benbassat-task	UNKNOWN STEP	2026-08-24T12:21:52.5837608Z ^[[36;1m  '.phase == "ready-for-one-cycle"^[[0m
claim-one-benbassat-task	UNKNOWN STEP	2026-08-24T12:21:52.5837850Z ^[[36;1m   and .estate_id == "star-trek"^[[0m
claim-one-benbassat-task	UNKNOWN STEP	2026-08-24T12:21:52.5838076Z ^[[36;1m   and .scope_id == "star-trek"^[[0m
claim-one-benbassat-task	UNKNOWN STEP	2026-08-24T12:21:52.5838296Z ^[[36;1m   and .candidate.task_id == $task^[[0m
claim-one-benbassat-task	UNKNOWN STEP	2026-08-24T12:21:52.5838535Z ^[[36;1m   and .candidate.performer == $performer^[[0m
claim-one-benbassat-task	UNKNOWN STEP	2026-08-24T12:21:52.5838790Z ^[[36;1m   and .candidate.character == $character^[[0m
claim-one-benbassat-task	UNKNOWN STEP	2026-08-24T12:21:52.5839043Z ^[[36;1m   and .candidate.source_fingerprint == $fp^[[0m
claim-one-benbassat-task	UNKNOWN STEP	2026-08-24T12:21:52.5839291Z ^[[36;1m   and .candidate.priority == 1330' \^[[0m
claim-one-benbassat-task	UNKNOWN STEP	2026-08-24T12:21:52.5839651Z ^[[36;1m  "$OUT/thesis-next-before.json" >/dev/null^[[0m
claim-one-benbassat-task	UNKNOWN STEP	2026-08-24T12:21:52.5839894Z ^[[36;1mnode - <<'NODE'^[[0m
claim-one-benbassat-task	UNKNOWN STEP	2026-08-24T12:21:52.5840093Z ^[[36;1mconst fs = require('fs');^[[0m
claim-one-benbassat-task	UNKNOWN STEP	2026-08-24T12:21:52.5840397Z ^[[36;1mconst state = JSON.parse(fs.readFileSync('data/AUTOPILOT.json', 'utf8'));^[[0m
claim-one-benbassat-task	UNKNOWN STEP	2026-08-24T12:21:52.5840793Z ^[[36;1mconst trek = state.jobs.filter((row) => row.scope === 'star-trek');^[[0m
claim-one-benbassat-task	UNKNOWN STEP	2026-08-24T12:21:52.5841160Z ^[[36;1mconst task = trek.find((row) => row.id === process.env.TASK_ID);^[[0m
claim-one-benbassat-task	UNKNOWN STEP	2026-08-24T12:21:52.5841444Z ^[[36;1mconst counts = {^[[0m
claim-one-benbassat-task	UNKNOWN STEP	2026-08-24T12:21:52.5841644Z ^[[36;1m  total: trek.length,^[[0m
claim-one-benbassat-task	UNKNOWN STEP	2026-08-24T12:21:52.5841911Z ^[[36;1m  queued: trek.filter((row) => row.status === 'queued').length,^[[0m
claim-one-benbassat-task	UNKNOWN STEP	2026-08-24T12:21:52.5842259Z ^[[36;1m  resolved: trek.filter((row) => row.status === 'resolved').length,^[[0m
claim-one-benbassat-task	UNKNOWN STEP	2026-08-24T12:21:52.5842602Z ^[[36;1m  blocked: trek.filter((row) => row.status === 'blocked').length,^[[0m
claim-one-benbassat-task	UNKNOWN STEP	2026-08-24T12:21:52.5843132Z ^[[36;1m  rejected: trek.filter((row) => row.status === 'rejected').length,^[[0m
claim-one-benbassat-task	UNKNOWN STEP	2026-08-24T12:21:52.5843793Z ^[[36;1m  in_flight: trek.filter((row) => ['leased','drafted','merged'].includes(row.status)).length,^[[0m
claim-one-benbassat-task	UNKNOWN STEP	2026-08-24T12:21:52.5844137Z ^[[36;1m};^[[0m
claim-one-benbassat-task	UNKNOWN STEP	2026-08-24T12:21:52.5844558Z ^[[36;1mif (!task || task.status !== 'queued' || Number(task.attempts || 0) !== 0 || task.lease != null) throw new Error('Benbassat is not an unclaimed queued task');^[[0m
claim-one-benbassat-task	UNKNOWN STEP	2026-08-24T12:21:52.5845142Z ^[[36;1mconst expected = {total:2228,queued:1798,resolved:428,blocked:0,rejected:2,in_flight:0};^[[0m
claim-one-benbassat-task	UNKNOWN STEP	2026-08-24T12:21:52.5845716Z ^[[36;1mif (JSON.stringify(counts) !== JSON.stringify(expected)) throw new Error(`pre-claim queue drifted: ${JSON.stringify(counts)}`);^[[0m
claim-one-benbassat-task	UNKNOWN STEP	2026-08-24T12:21:52.5846310Z ^[[36;1mfs.writeFileSync(process.env.OUT + '/pre-claim.json', JSON.stringify({task, counts}, null, 2) + '\n');^[[0m
claim-one-benbassat-task	UNKNOWN STEP	2026-08-24T12:21:52.5846679Z ^[[36;1mNODE^[[0m
claim-one-benbassat-task	UNKNOWN STEP	2026-08-24T12:21:52.5846952Z ^[[36;1mgh api "/repos/${GITHUB_REPOSITORY}/branches/main" > "$OUT/main-before.json"^[[0m
claim-one-benbassat-task	UNKNOWN STEP	2026-08-24T12:21:52.5847374Z ^[[36;1mtest "$(jq -r .commit.sha "$OUT/main-before.json")" = "$EXPECTED_MAIN"^[[0m
claim-one-benbassat-task	UNKNOWN STEP	2026-08-24T12:21:52.5890063Z shell: /usr/bin/bash --noprofile --norc -e -o pipefail {0}
claim-one-benbassat-task	UNKNOWN STEP	2026-08-24T12:21:52.5890353Z env:
claim-one-benbassat-task	UNKNOWN STEP	2026-08-24T12:21:52.5890581Z   EXPECTED_MAIN: ed79424013b92460d16c01cad4e590eca01e6bff
claim-one-benbassat-task	UNKNOWN STEP	2026-08-24T12:21:52.5890870Z   EXPECTED_TREE: 7f9057770c8e622d71ef41b183811fe47fcdd6ed
claim-one-benbassat-task	UNKNOWN STEP	2026-08-24T12:21:52.5891117Z   TASK_ID: ap_dd7d1c73ed237230cd6e1d0b
claim-one-benbassat-task	UNKNOWN STEP	2026-08-24T12:21:52.5891338Z   EXPECTED_PERFORMER: Nolan North
claim-one-benbassat-task	UNKNOWN STEP	2026-08-24T12:21:52.5891554Z   EXPECTED_CHARACTER: Benbassat
claim-one-benbassat-task	UNKNOWN STEP	2026-08-24T12:21:52.5891868Z   EXPECTED_FINGERPRINT: 78e1384a3a11787064f98516e5759b55b33369d161067804c2d77f2ef6ef8885
claim-one-benbassat-task	UNKNOWN STEP	2026-08-24T12:21:52.5892289Z   SOURCE_REVIEW_BRANCH: agent/star-trek-benbassat-source-review-result-v1
claim-one-benbassat-task	UNKNOWN STEP	2026-08-24T12:21:52.5892679Z   SOURCE_REVIEW_PREFIX: transport/star-trek-benbassat-source-review-v1
claim-one-benbassat-task	UNKNOWN STEP	2026-08-24T12:21:52.5893239Z   RESULT_BRANCH: agent/star-trek-benbassat-claim-result-v1
claim-one-benbassat-task	UNKNOWN STEP	2026-08-24T12:21:52.5893522Z   OUT: /tmp/star-trek-benbassat-claim-v1
claim-one-benbassat-task	UNKNOWN STEP	2026-08-24T12:21:52.5893811Z   REVIEW_ROOT: /tmp/star-trek-benbassat-claim-v1/source-review
claim-one-benbassat-task	UNKNOWN STEP	2026-08-24T12:21:52.5895917Z   GH_TOKEN: ***
claim-one-benbassat-task	UNKNOWN STEP	2026-08-24T12:21:52.5896099Z ##[endgroup]
claim-one-benbassat-task	UNKNOWN STEP	2026-08-24T12:21:53.2000437Z fatal: couldn't find remote ref agent/star-trek-benbassat-source-review-result-v1
claim-one-benbassat-task	UNKNOWN STEP	2026-08-24T12:21:53.2029781Z ##[error]Process completed with exit code 128.
claim-one-benbassat-task	UNKNOWN STEP	2026-08-24T12:21:53.2201154Z Node 20 is being deprecated. This workflow is running with Node 24 by default. If you need to temporarily use Node 20, you can set the ACTIONS_ALLOW_USE_UNSECURE_NODE_VERSION=true environment variable. For more information see: https://github.blog/changelog/2025-09-19-deprecation-of-node-20-on-github-actions-runners/
claim-one-benbassat-task	UNKNOWN STEP	2026-08-24T12:21:53.2202062Z Post job cleanup.
claim-one-benbassat-task	UNKNOWN STEP	2026-08-24T12:21:53.2891670Z [command]/usr/bin/git version
claim-one-benbassat-task	UNKNOWN STEP	2026-08-24T12:21:53.2925775Z git version 2.55.0
claim-one-benbassat-task	UNKNOWN STEP	2026-08-24T12:21:53.2954303Z Temporarily overriding HOME='/home/runner/work/_temp/08fb63be-c5df-4004-ae29-f9197e8d9016' before making global git config changes
claim-one-benbassat-task	UNKNOWN STEP	2026-08-24T12:21:53.2955660Z Adding repository directory to the temporary git global config as a safe directory
claim-one-benbassat-task	UNKNOWN STEP	2026-08-24T12:21:53.2958403Z [command]/usr/bin/git config --global --add safe.directory /home/runner/work/undercast/undercast
claim-one-benbassat-task	UNKNOWN STEP	2026-08-24T12:21:53.2990869Z [command]/usr/bin/git config --local --name-only --get-regexp core\.sshCommand
claim-one-benbassat-task	UNKNOWN STEP	2026-08-24T12:21:53.3020882Z [command]/usr/bin/git submodule foreach --recursive sh -c "git config --local --name-only --get-regexp 'core\.sshCommand' && git config --local --unset-all 'core.sshCommand' || :"
claim-one-benbassat-task	UNKNOWN STEP	2026-08-24T12:21:53.3237513Z [command]/usr/bin/git config --local --name-only --get-regexp http\.https\:\/\/github\.com\/\.extraheader
claim-one-benbassat-task	UNKNOWN STEP	2026-08-24T12:21:53.3260673Z http.https://github.com/.extraheader
claim-one-benbassat-task	UNKNOWN STEP	2026-08-24T12:21:53.3269412Z [command]/usr/bin/git config --local --unset-all http.https://github.com/.extraheader
claim-one-benbassat-task	UNKNOWN STEP	2026-08-24T12:21:53.3298631Z [command]/usr/bin/git submodule foreach --recursive sh -c "git config --local --name-only --get-regexp 'http\.https\:\/\/github\.com\/\.extraheader' && git config --local --unset-all 'http.https://github.com/.extraheader' || :"
claim-one-benbassat-task	UNKNOWN STEP	2026-08-24T12:21:53.3517588Z [command]/usr/bin/git config --local --name-only --get-regexp ^includeIf\.gitdir:
claim-one-benbassat-task	UNKNOWN STEP	2026-08-24T12:21:53.3584974Z [command]/usr/bin/git submodule foreach --recursive git config --local --show-origin --name-only --get-regexp remote.origin.url
claim-one-benbassat-task	UNKNOWN STEP	2026-08-24T12:21:53.3919761Z Cleaning up orphan processes
claim-one-benbassat-task	UNKNOWN STEP	2026-08-24T12:21:53.4156251Z ##[warning]Node.js 20 is deprecated. The following actions target Node.js 20 but are being forced to run on Node.js 24: actions/checkout@v4, actions/setup-node@v4. For more information see: https://github.blog/changelog/2025-09-19-deprecation-of-node-20-on-github-actions-runners/
