independently-adjudicate-benbassat-as-picard-voiceover	Set up job	﻿2026-08-24T19:24:09.8044399Z Current runner version: '2.336.0'
independently-adjudicate-benbassat-as-picard-voiceover	Set up job	2026-08-24T19:24:09.8080403Z ##[group]Runner Image Provisioner
independently-adjudicate-benbassat-as-picard-voiceover	Set up job	2026-08-24T19:24:09.8081600Z Hosted Compute Agent
independently-adjudicate-benbassat-as-picard-voiceover	Set up job	2026-08-24T19:24:09.8082588Z Version: 20260729.566
independently-adjudicate-benbassat-as-picard-voiceover	Set up job	2026-08-24T19:24:09.8083544Z Commit: cf7153fe6e25b664e8693c24944bf2b00355d109
independently-adjudicate-benbassat-as-picard-voiceover	Set up job	2026-08-24T19:24:09.8084861Z Build Date: 2026-07-29T19:17:02Z
independently-adjudicate-benbassat-as-picard-voiceover	Set up job	2026-08-24T19:24:09.8085919Z Worker ID: {115e53cc-ad8e-4c5c-84d2-42192fcf6c1e}
independently-adjudicate-benbassat-as-picard-voiceover	Set up job	2026-08-24T19:24:09.8087090Z Azure Region: eastus
independently-adjudicate-benbassat-as-picard-voiceover	Set up job	2026-08-24T19:24:09.8088230Z ##[endgroup]
independently-adjudicate-benbassat-as-picard-voiceover	Set up job	2026-08-24T19:24:09.8090322Z ##[group]Operating System
independently-adjudicate-benbassat-as-picard-voiceover	Set up job	2026-08-24T19:24:09.8091429Z Ubuntu
independently-adjudicate-benbassat-as-picard-voiceover	Set up job	2026-08-24T19:24:09.8092220Z 24.04.4
independently-adjudicate-benbassat-as-picard-voiceover	Set up job	2026-08-24T19:24:09.8093054Z LTS
independently-adjudicate-benbassat-as-picard-voiceover	Set up job	2026-08-24T19:24:09.8093863Z ##[endgroup]
independently-adjudicate-benbassat-as-picard-voiceover	Set up job	2026-08-24T19:24:09.8094899Z ##[group]Runner Image
independently-adjudicate-benbassat-as-picard-voiceover	Set up job	2026-08-24T19:24:09.8095948Z Image: ubuntu-24.04
independently-adjudicate-benbassat-as-picard-voiceover	Set up job	2026-08-24T19:24:09.8096873Z Version: 20260816.277.1
independently-adjudicate-benbassat-as-picard-voiceover	Set up job	2026-08-24T19:24:09.8098863Z Included Software: https://github.com/actions/runner-images/blob/ubuntu24/20260816.277/images/ubuntu/Ubuntu2404-Readme.md
independently-adjudicate-benbassat-as-picard-voiceover	Set up job	2026-08-24T19:24:09.8101564Z Image Release: https://github.com/actions/runner-images/releases/tag/ubuntu24%2F20260816.277
independently-adjudicate-benbassat-as-picard-voiceover	Set up job	2026-08-24T19:24:09.8103279Z ##[endgroup]
independently-adjudicate-benbassat-as-picard-voiceover	Set up job	2026-08-24T19:24:09.8105036Z ##[group]GITHUB_TOKEN Permissions
independently-adjudicate-benbassat-as-picard-voiceover	Set up job	2026-08-24T19:24:09.8107861Z Contents: write
independently-adjudicate-benbassat-as-picard-voiceover	Set up job	2026-08-24T19:24:09.8108753Z Metadata: read
independently-adjudicate-benbassat-as-picard-voiceover	Set up job	2026-08-24T19:24:09.8109770Z ##[endgroup]
independently-adjudicate-benbassat-as-picard-voiceover	Set up job	2026-08-24T19:24:09.8113130Z Secret source: Actions
independently-adjudicate-benbassat-as-picard-voiceover	Set up job	2026-08-24T19:24:09.8115164Z Prepare workflow directory
independently-adjudicate-benbassat-as-picard-voiceover	Set up job	2026-08-24T19:24:09.8822575Z Prepare all required actions
independently-adjudicate-benbassat-as-picard-voiceover	Set up job	2026-08-24T19:24:09.8890706Z Getting action download info
independently-adjudicate-benbassat-as-picard-voiceover	Set up job	2026-08-24T19:24:10.0603643Z Download action repository 'actions/checkout@v4' (SHA:11d5960a326750d5838078e36cf38b85af677262)
independently-adjudicate-benbassat-as-picard-voiceover	Set up job	2026-08-24T19:24:10.1787889Z Download action repository 'actions/setup-node@v4' (SHA:49933ea5288caeca8642d1e84afbd3f7d6820020)
independently-adjudicate-benbassat-as-picard-voiceover	Set up job	2026-08-24T19:24:10.2696143Z Download action repository 'actions/upload-artifact@v4' (SHA:ea165f8d65b6e75b540449e92b4886f43607fa02)
independently-adjudicate-benbassat-as-picard-voiceover	Set up job	2026-08-24T19:24:10.4759393Z Complete job name: independently-adjudicate-benbassat-as-picard-voiceover
independently-adjudicate-benbassat-as-picard-voiceover	Run actions/checkout@v4	﻿2026-08-24T19:24:10.5452799Z Node 20 is being deprecated. This workflow is running with Node 24 by default. If you need to temporarily use Node 20, you can set the ACTIONS_ALLOW_USE_UNSECURE_NODE_VERSION=true environment variable. For more information see: https://github.blog/changelog/2025-09-19-deprecation-of-node-20-on-github-actions-runners/
independently-adjudicate-benbassat-as-picard-voiceover	Run actions/checkout@v4	2026-08-24T19:24:10.5461777Z ##[group]Run actions/checkout@v4
independently-adjudicate-benbassat-as-picard-voiceover	Run actions/checkout@v4	2026-08-24T19:24:10.5462489Z with:
independently-adjudicate-benbassat-as-picard-voiceover	Run actions/checkout@v4	2026-08-24T19:24:10.5462913Z   fetch-depth: 0
independently-adjudicate-benbassat-as-picard-voiceover	Run actions/checkout@v4	2026-08-24T19:24:10.5463412Z   repository: BigBirdReturns/undercast
independently-adjudicate-benbassat-as-picard-voiceover	Run actions/checkout@v4	2026-08-24T19:24:10.5467862Z   token: ***
independently-adjudicate-benbassat-as-picard-voiceover	Run actions/checkout@v4	2026-08-24T19:24:10.5468306Z   ssh-strict: true
independently-adjudicate-benbassat-as-picard-voiceover	Run actions/checkout@v4	2026-08-24T19:24:10.5468756Z   ssh-user: git
independently-adjudicate-benbassat-as-picard-voiceover	Run actions/checkout@v4	2026-08-24T19:24:10.5469211Z   persist-credentials: true
independently-adjudicate-benbassat-as-picard-voiceover	Run actions/checkout@v4	2026-08-24T19:24:10.5469699Z   clean: true
independently-adjudicate-benbassat-as-picard-voiceover	Run actions/checkout@v4	2026-08-24T19:24:10.5470143Z   sparse-checkout-cone-mode: true
independently-adjudicate-benbassat-as-picard-voiceover	Run actions/checkout@v4	2026-08-24T19:24:10.5470657Z   fetch-tags: false
independently-adjudicate-benbassat-as-picard-voiceover	Run actions/checkout@v4	2026-08-24T19:24:10.5471103Z   show-progress: true
independently-adjudicate-benbassat-as-picard-voiceover	Run actions/checkout@v4	2026-08-24T19:24:10.5471550Z   lfs: false
independently-adjudicate-benbassat-as-picard-voiceover	Run actions/checkout@v4	2026-08-24T19:24:10.5471998Z   submodules: false
independently-adjudicate-benbassat-as-picard-voiceover	Run actions/checkout@v4	2026-08-24T19:24:10.5472481Z   set-safe-directory: true
independently-adjudicate-benbassat-as-picard-voiceover	Run actions/checkout@v4	2026-08-24T19:24:10.5472986Z   allow-unsafe-pr-checkout: false
independently-adjudicate-benbassat-as-picard-voiceover	Run actions/checkout@v4	2026-08-24T19:24:10.5473698Z env:
independently-adjudicate-benbassat-as-picard-voiceover	Run actions/checkout@v4	2026-08-24T19:24:10.5474198Z   EXPECTED_MAIN: ed79424013b92460d16c01cad4e590eca01e6bff
independently-adjudicate-benbassat-as-picard-voiceover	Run actions/checkout@v4	2026-08-24T19:24:10.5474893Z   EXPECTED_TREE: 7f9057770c8e622d71ef41b183811fe47fcdd6ed
independently-adjudicate-benbassat-as-picard-voiceover	Run actions/checkout@v4	2026-08-24T19:24:10.5475523Z   TASK_ID: ap_dd7d1c73ed237230cd6e1d0b
independently-adjudicate-benbassat-as-picard-voiceover	Run actions/checkout@v4	2026-08-24T19:24:10.5476075Z   EXPECTED_PERFORMER: Nolan North
independently-adjudicate-benbassat-as-picard-voiceover	Run actions/checkout@v4	2026-08-24T19:24:10.5476602Z   EXPECTED_CHARACTER: Benbassat
independently-adjudicate-benbassat-as-picard-voiceover	Run actions/checkout@v4	2026-08-24T19:24:10.5477364Z   EXPECTED_FINGERPRINT: 78e1384a3a11787064f98516e5759b55b33369d161067804c2d77f2ef6ef8885
independently-adjudicate-benbassat-as-picard-voiceover	Run actions/checkout@v4	2026-08-24T19:24:10.5478505Z   SOURCE_BRANCH: agent/star-trek-benbassat-source-result-v3
independently-adjudicate-benbassat-as-picard-voiceover	Run actions/checkout@v4	2026-08-24T19:24:10.5479248Z   SOURCE_PREFIX: transport/star-trek-benbassat-source-v3
independently-adjudicate-benbassat-as-picard-voiceover	Run actions/checkout@v4	2026-08-24T19:24:10.5480012Z   RESULT_BRANCH: agent/star-trek-benbassat-source-review-result-v1
independently-adjudicate-benbassat-as-picard-voiceover	Run actions/checkout@v4	2026-08-24T19:24:10.5480802Z   OUT: /tmp/star-trek-benbassat-source-review-recovery-v2
independently-adjudicate-benbassat-as-picard-voiceover	Run actions/checkout@v4	2026-08-24T19:24:10.5481882Z   SOURCE_ROOT: /tmp/star-trek-benbassat-source-review-recovery-v2/source
independently-adjudicate-benbassat-as-picard-voiceover	Run actions/checkout@v4	2026-08-24T19:24:10.5486181Z   GH_TOKEN: ***
independently-adjudicate-benbassat-as-picard-voiceover	Run actions/checkout@v4	2026-08-24T19:24:10.5486609Z ##[endgroup]
independently-adjudicate-benbassat-as-picard-voiceover	Run actions/checkout@v4	2026-08-24T19:24:10.6505881Z Syncing repository: BigBirdReturns/undercast
independently-adjudicate-benbassat-as-picard-voiceover	Run actions/checkout@v4	2026-08-24T19:24:10.6508939Z ##[group]Getting Git version info
independently-adjudicate-benbassat-as-picard-voiceover	Run actions/checkout@v4	2026-08-24T19:24:10.6510459Z Working directory is '/home/runner/work/undercast/undercast'
independently-adjudicate-benbassat-as-picard-voiceover	Run actions/checkout@v4	2026-08-24T19:24:10.6512069Z [command]/usr/bin/git version
independently-adjudicate-benbassat-as-picard-voiceover	Run actions/checkout@v4	2026-08-24T19:24:10.6577059Z git version 2.55.0
independently-adjudicate-benbassat-as-picard-voiceover	Run actions/checkout@v4	2026-08-24T19:24:10.6648010Z ##[endgroup]
independently-adjudicate-benbassat-as-picard-voiceover	Run actions/checkout@v4	2026-08-24T19:24:10.6658344Z Temporarily overriding HOME='/home/runner/work/_temp/8e8eca25-3d00-476b-a42e-c088e5874563' before making global git config changes
independently-adjudicate-benbassat-as-picard-voiceover	Run actions/checkout@v4	2026-08-24T19:24:10.6660521Z Adding repository directory to the temporary git global config as a safe directory
independently-adjudicate-benbassat-as-picard-voiceover	Run actions/checkout@v4	2026-08-24T19:24:10.6662543Z [command]/usr/bin/git config --global --add safe.directory /home/runner/work/undercast/undercast
independently-adjudicate-benbassat-as-picard-voiceover	Run actions/checkout@v4	2026-08-24T19:24:10.6713885Z Deleting the contents of '/home/runner/work/undercast/undercast'
independently-adjudicate-benbassat-as-picard-voiceover	Run actions/checkout@v4	2026-08-24T19:24:10.6718735Z ##[group]Initializing the repository
independently-adjudicate-benbassat-as-picard-voiceover	Run actions/checkout@v4	2026-08-24T19:24:10.6723707Z [command]/usr/bin/git init /home/runner/work/undercast/undercast
independently-adjudicate-benbassat-as-picard-voiceover	Run actions/checkout@v4	2026-08-24T19:24:10.6808181Z hint: Using 'master' as the name for the initial branch. This default branch name
independently-adjudicate-benbassat-as-picard-voiceover	Run actions/checkout@v4	2026-08-24T19:24:10.6809345Z hint: will change to "main" in Git 3.0. To configure the initial branch name
independently-adjudicate-benbassat-as-picard-voiceover	Run actions/checkout@v4	2026-08-24T19:24:10.6810285Z hint: to use in all of your new repositories, which will suppress this warning,
independently-adjudicate-benbassat-as-picard-voiceover	Run actions/checkout@v4	2026-08-24T19:24:10.6811022Z hint: call:
independently-adjudicate-benbassat-as-picard-voiceover	Run actions/checkout@v4	2026-08-24T19:24:10.6811436Z hint:
independently-adjudicate-benbassat-as-picard-voiceover	Run actions/checkout@v4	2026-08-24T19:24:10.6811963Z hint: 	git config --global init.defaultBranch <name>
independently-adjudicate-benbassat-as-picard-voiceover	Run actions/checkout@v4	2026-08-24T19:24:10.6812590Z hint:
independently-adjudicate-benbassat-as-picard-voiceover	Run actions/checkout@v4	2026-08-24T19:24:10.6813170Z hint: Names commonly chosen instead of 'master' are 'main', 'trunk' and
independently-adjudicate-benbassat-as-picard-voiceover	Run actions/checkout@v4	2026-08-24T19:24:10.6814080Z hint: 'development'. The just-created branch can be renamed via this command:
independently-adjudicate-benbassat-as-picard-voiceover	Run actions/checkout@v4	2026-08-24T19:24:10.6814805Z hint:
independently-adjudicate-benbassat-as-picard-voiceover	Run actions/checkout@v4	2026-08-24T19:24:10.6815230Z hint: 	git branch -m <name>
independently-adjudicate-benbassat-as-picard-voiceover	Run actions/checkout@v4	2026-08-24T19:24:10.6815753Z hint:
independently-adjudicate-benbassat-as-picard-voiceover	Run actions/checkout@v4	2026-08-24T19:24:10.6816667Z hint: Disable this message with "git config set advice.defaultBranchName false"
independently-adjudicate-benbassat-as-picard-voiceover	Run actions/checkout@v4	2026-08-24T19:24:10.6821030Z Initialized empty Git repository in /home/runner/work/undercast/undercast/.git/
independently-adjudicate-benbassat-as-picard-voiceover	Run actions/checkout@v4	2026-08-24T19:24:10.6840438Z [command]/usr/bin/git remote add origin https://github.com/BigBirdReturns/undercast
independently-adjudicate-benbassat-as-picard-voiceover	Run actions/checkout@v4	2026-08-24T19:24:10.6879748Z ##[endgroup]
independently-adjudicate-benbassat-as-picard-voiceover	Run actions/checkout@v4	2026-08-24T19:24:10.6881039Z ##[group]Disabling automatic garbage collection
independently-adjudicate-benbassat-as-picard-voiceover	Run actions/checkout@v4	2026-08-24T19:24:10.6883879Z [command]/usr/bin/git config --local gc.auto 0
independently-adjudicate-benbassat-as-picard-voiceover	Run actions/checkout@v4	2026-08-24T19:24:10.6916939Z ##[endgroup]
independently-adjudicate-benbassat-as-picard-voiceover	Run actions/checkout@v4	2026-08-24T19:24:10.6918302Z ##[group]Setting up auth
independently-adjudicate-benbassat-as-picard-voiceover	Run actions/checkout@v4	2026-08-24T19:24:10.6924597Z [command]/usr/bin/git config --local --name-only --get-regexp core\.sshCommand
independently-adjudicate-benbassat-as-picard-voiceover	Run actions/checkout@v4	2026-08-24T19:24:10.6959549Z [command]/usr/bin/git submodule foreach --recursive sh -c "git config --local --name-only --get-regexp 'core\.sshCommand' && git config --local --unset-all 'core.sshCommand' || :"
independently-adjudicate-benbassat-as-picard-voiceover	Run actions/checkout@v4	2026-08-24T19:24:10.7343407Z [command]/usr/bin/git config --local --name-only --get-regexp http\.https\:\/\/github\.com\/\.extraheader
independently-adjudicate-benbassat-as-picard-voiceover	Run actions/checkout@v4	2026-08-24T19:24:10.7386659Z [command]/usr/bin/git submodule foreach --recursive sh -c "git config --local --name-only --get-regexp 'http\.https\:\/\/github\.com\/\.extraheader' && git config --local --unset-all 'http.https://github.com/.extraheader' || :"
independently-adjudicate-benbassat-as-picard-voiceover	Run actions/checkout@v4	2026-08-24T19:24:10.7642806Z [command]/usr/bin/git config --local --name-only --get-regexp ^includeIf\.gitdir:
independently-adjudicate-benbassat-as-picard-voiceover	Run actions/checkout@v4	2026-08-24T19:24:10.7685091Z [command]/usr/bin/git submodule foreach --recursive git config --local --show-origin --name-only --get-regexp remote.origin.url
independently-adjudicate-benbassat-as-picard-voiceover	Run actions/checkout@v4	2026-08-24T19:24:10.7945859Z [command]/usr/bin/git config --local http.https://github.com/.extraheader AUTHORIZATION: basic ***
independently-adjudicate-benbassat-as-picard-voiceover	Run actions/checkout@v4	2026-08-24T19:24:10.7994094Z ##[endgroup]
independently-adjudicate-benbassat-as-picard-voiceover	Run actions/checkout@v4	2026-08-24T19:24:10.7995315Z ##[group]Fetching the repository
independently-adjudicate-benbassat-as-picard-voiceover	Run actions/checkout@v4	2026-08-24T19:24:10.8006653Z [command]/usr/bin/git -c protocol.version=2 fetch --prune --no-recurse-submodules origin +refs/heads/*:refs/remotes/origin/* +refs/tags/*:refs/tags/*
independently-adjudicate-benbassat-as-picard-voiceover	Run actions/checkout@v4	2026-08-24T19:28:04.7335904Z From https://github.com/BigBirdReturns/undercast
independently-adjudicate-benbassat-as-picard-voiceover	Run actions/checkout@v4	2026-08-24T19:28:04.7337114Z  * [new branch]        agent/adapter-sdk-baseline-001 -> origin/agent/adapter-sdk-baseline-001
independently-adjudicate-benbassat-as-picard-voiceover	Run actions/checkout@v4	2026-08-24T19:28:04.7339726Z  * [new branch]        agent/anastasia-cycle-trigger-pr-v1 -> origin/agent/anastasia-cycle-trigger-pr-v1
independently-adjudicate-benbassat-as-picard-voiceover	Run actions/checkout@v4	2026-08-24T19:28:04.7341546Z  * [new branch]        agent/anastasia-finalizer-recovery-trigger-pr-v1 -> origin/agent/anastasia-finalizer-recovery-trigger-pr-v1
independently-adjudicate-benbassat-as-picard-voiceover	Run actions/checkout@v4	2026-08-24T19:28:04.7343499Z  * [new branch]        agent/anastasia-installer-trigger-pr-v1 -> origin/agent/anastasia-installer-trigger-pr-v1
independently-adjudicate-benbassat-as-picard-voiceover	Run actions/checkout@v4	2026-08-24T19:28:04.7345081Z  * [new branch]        agent/anastasia-installer-trigger-pr-v2 -> origin/agent/anastasia-installer-trigger-pr-v2
independently-adjudicate-benbassat-as-picard-voiceover	Run actions/checkout@v4	2026-08-24T19:28:04.7346612Z  * [new branch]        agent/anastasia-rebind-inspection-result-v1 -> origin/agent/anastasia-rebind-inspection-result-v1
independently-adjudicate-benbassat-as-picard-voiceover	Run actions/checkout@v4	2026-08-24T19:28:04.7348302Z  * [new branch]        agent/anastasia-rebind-inspection-v1 -> origin/agent/anastasia-rebind-inspection-v1
independently-adjudicate-benbassat-as-picard-voiceover	Run actions/checkout@v4	2026-08-24T19:28:04.7349671Z  * [new branch]        agent/anastasia-terminal-result-v1 -> origin/agent/anastasia-terminal-result-v1
independently-adjudicate-benbassat-as-picard-voiceover	Run actions/checkout@v4	2026-08-24T19:28:04.7351007Z  * [new branch]        agent/anastasia-terminalizer-v1 -> origin/agent/anastasia-terminalizer-v1
independently-adjudicate-benbassat-as-picard-voiceover	Run actions/checkout@v4	2026-08-24T19:28:04.7352465Z  * [new branch]        agent/anastasia-workflow-blob-trigger-pr-v3 -> origin/agent/anastasia-workflow-blob-trigger-pr-v3
independently-adjudicate-benbassat-as-picard-voiceover	Run actions/checkout@v4	2026-08-24T19:28:04.7354073Z  * [new branch]        agent/anastasia-workflow-blob-trigger-pr-v4 -> origin/agent/anastasia-workflow-blob-trigger-pr-v4
independently-adjudicate-benbassat-as-picard-voiceover	Run actions/checkout@v4	2026-08-24T19:28:04.7355558Z  * [new branch]        agent/archive-contract-full-history -> origin/agent/archive-contract-full-history
independently-adjudicate-benbassat-as-picard-voiceover	Run actions/checkout@v4	2026-08-24T19:28:04.7356953Z  * [new branch]        agent/archive-contract-history-depth -> origin/agent/archive-contract-history-depth
independently-adjudicate-benbassat-as-picard-voiceover	Run actions/checkout@v4	2026-08-24T19:28:04.7358912Z  * [new branch]        agent/audit-operational-evidence-publisher-payload-20260806 -> origin/agent/audit-operational-evidence-publisher-payload-20260806
independently-adjudicate-benbassat-as-picard-voiceover	Run actions/checkout@v4	2026-08-24T19:28:04.7361133Z  * [new branch]        agent/capability-aware-autopilot -> origin/agent/capability-aware-autopilot
independently-adjudicate-benbassat-as-picard-voiceover	Run actions/checkout@v4	2026-08-24T19:28:04.7362349Z  * [new branch]        agent/card-backfill-amortization-build-20260730 -> origin/agent/card-backfill-amortization-build-20260730
independently-adjudicate-benbassat-as-picard-voiceover	Run actions/checkout@v4	2026-08-24T19:28:04.7363699Z  * [new branch]        agent/card-backfill-composite-frontier-001 -> origin/agent/card-backfill-composite-frontier-001
independently-adjudicate-benbassat-as-picard-voiceover	Run actions/checkout@v4	2026-08-24T19:28:04.7364996Z  * [new branch]        agent/card-backfill-frontier-routing-001 -> origin/agent/card-backfill-frontier-routing-001
independently-adjudicate-benbassat-as-picard-voiceover	Run actions/checkout@v4	2026-08-24T19:28:04.7366075Z  * [new branch]        agent/card-backfill-luna-local -> origin/agent/card-backfill-luna-local
independently-adjudicate-benbassat-as-picard-voiceover	Run actions/checkout@v4	2026-08-24T19:28:04.7366990Z  * [new branch]        agent/card-backfill-next-002 -> origin/agent/card-backfill-next-002
independently-adjudicate-benbassat-as-picard-voiceover	Run actions/checkout@v4	2026-08-24T19:28:04.7367816Z  * [new branch]        agent/card-backfill-next-003 -> origin/agent/card-backfill-next-003
independently-adjudicate-benbassat-as-picard-voiceover	Run actions/checkout@v4	2026-08-24T19:28:04.7368465Z  * [new branch]        agent/card-backfill-next-004 -> origin/agent/card-backfill-next-004
independently-adjudicate-benbassat-as-picard-voiceover	Run actions/checkout@v4	2026-08-24T19:28:04.7369374Z  * [new branch]        agent/card-backfill-next-005 -> origin/agent/card-backfill-next-005
independently-adjudicate-benbassat-as-picard-voiceover	Run actions/checkout@v4	2026-08-24T19:28:04.7370256Z  * [new branch]        agent/card-backfill-next-006 -> origin/agent/card-backfill-next-006
independently-adjudicate-benbassat-as-picard-voiceover	Run actions/checkout@v4	2026-08-24T19:28:04.7371171Z  * [new branch]        agent/card-backfill-next-007 -> origin/agent/card-backfill-next-007
independently-adjudicate-benbassat-as-picard-voiceover	Run actions/checkout@v4	2026-08-24T19:28:04.7458057Z  * [new branch]        agent/card-backfill-next-008 -> origin/agent/card-backfill-next-008
independently-adjudicate-benbassat-as-picard-voiceover	Run actions/checkout@v4	2026-08-24T19:28:04.7459389Z  * [new branch]        agent/card-backfill-next-009 -> origin/agent/card-backfill-next-009
independently-adjudicate-benbassat-as-picard-voiceover	Run actions/checkout@v4	2026-08-24T19:28:04.7460422Z  * [new branch]        agent/card-backfill-next-010 -> origin/agent/card-backfill-next-010
independently-adjudicate-benbassat-as-picard-voiceover	Run actions/checkout@v4	2026-08-24T19:28:04.7461290Z  * [new branch]        agent/card-backfill-next-011 -> origin/agent/card-backfill-next-011
independently-adjudicate-benbassat-as-picard-voiceover	Run actions/checkout@v4	2026-08-24T19:28:04.7462200Z  * [new branch]        agent/card-backfill-next-012 -> origin/agent/card-backfill-next-012
independently-adjudicate-benbassat-as-picard-voiceover	Run actions/checkout@v4	2026-08-24T19:28:04.7463397Z  * [new branch]        agent/card-backfill-next-013 -> origin/agent/card-backfill-next-013
independently-adjudicate-benbassat-as-picard-voiceover	Run actions/checkout@v4	2026-08-24T19:28:04.7464187Z  * [new branch]        agent/card-backfill-next-014 -> origin/agent/card-backfill-next-014
independently-adjudicate-benbassat-as-picard-voiceover	Run actions/checkout@v4	2026-08-24T19:28:04.7464936Z  * [new branch]        agent/card-backfill-next-015 -> origin/agent/card-backfill-next-015
independently-adjudicate-benbassat-as-picard-voiceover	Run actions/checkout@v4	2026-08-24T19:28:04.7465750Z  * [new branch]        agent/card-backfill-next-016 -> origin/agent/card-backfill-next-016
independently-adjudicate-benbassat-as-picard-voiceover	Run actions/checkout@v4	2026-08-24T19:28:04.7466544Z  * [new branch]        agent/card-backfill-next-017 -> origin/agent/card-backfill-next-017
independently-adjudicate-benbassat-as-picard-voiceover	Run actions/checkout@v4	2026-08-24T19:28:04.7467330Z  * [new branch]        agent/card-backfill-next-018 -> origin/agent/card-backfill-next-018
independently-adjudicate-benbassat-as-picard-voiceover	Run actions/checkout@v4	2026-08-24T19:28:04.7468521Z  * [new branch]        agent/card-backfill-next-019 -> origin/agent/card-backfill-next-019
independently-adjudicate-benbassat-as-picard-voiceover	Run actions/checkout@v4	2026-08-24T19:28:04.7469411Z  * [new branch]        agent/card-backfill-next-020 -> origin/agent/card-backfill-next-020
independently-adjudicate-benbassat-as-picard-voiceover	Run actions/checkout@v4	2026-08-24T19:28:04.7470277Z  * [new branch]        agent/card-backfill-next-021 -> origin/agent/card-backfill-next-021
independently-adjudicate-benbassat-as-picard-voiceover	Run actions/checkout@v4	2026-08-24T19:28:04.7471162Z  * [new branch]        agent/card-backfill-next-022 -> origin/agent/card-backfill-next-022
independently-adjudicate-benbassat-as-picard-voiceover	Run actions/checkout@v4	2026-08-24T19:28:04.7472038Z  * [new branch]        agent/card-backfill-next-023 -> origin/agent/card-backfill-next-023
independently-adjudicate-benbassat-as-picard-voiceover	Run actions/checkout@v4	2026-08-24T19:28:04.7472895Z  * [new branch]        agent/card-backfill-next-024 -> origin/agent/card-backfill-next-024
independently-adjudicate-benbassat-as-picard-voiceover	Run actions/checkout@v4	2026-08-24T19:28:04.7473730Z  * [new branch]        agent/card-backfill-next-025 -> origin/agent/card-backfill-next-025
independently-adjudicate-benbassat-as-picard-voiceover	Run actions/checkout@v4	2026-08-24T19:28:04.7474593Z  * [new branch]        agent/card-backfill-next-026 -> origin/agent/card-backfill-next-026
independently-adjudicate-benbassat-as-picard-voiceover	Run actions/checkout@v4	2026-08-24T19:28:04.7475474Z  * [new branch]        agent/card-backfill-next-027 -> origin/agent/card-backfill-next-027
independently-adjudicate-benbassat-as-picard-voiceover	Run actions/checkout@v4	2026-08-24T19:28:04.7476391Z  * [new branch]        agent/card-backfill-next-028 -> origin/agent/card-backfill-next-028
independently-adjudicate-benbassat-as-picard-voiceover	Run actions/checkout@v4	2026-08-24T19:28:04.7477255Z  * [new branch]        agent/card-backfill-next-029 -> origin/agent/card-backfill-next-029
independently-adjudicate-benbassat-as-picard-voiceover	Run actions/checkout@v4	2026-08-24T19:28:04.7478327Z  * [new branch]        agent/card-backfill-next-030 -> origin/agent/card-backfill-next-030
independently-adjudicate-benbassat-as-picard-voiceover	Run actions/checkout@v4	2026-08-24T19:28:04.7479480Z  * [new branch]        agent/card-backfill-next-031 -> origin/agent/card-backfill-next-031
independently-adjudicate-benbassat-as-picard-voiceover	Run actions/checkout@v4	2026-08-24T19:28:04.7480348Z  * [new branch]        agent/card-backfill-next-032 -> origin/agent/card-backfill-next-032
independently-adjudicate-benbassat-as-picard-voiceover	Run actions/checkout@v4	2026-08-24T19:28:04.7481225Z  * [new branch]        agent/card-backfill-next-033 -> origin/agent/card-backfill-next-033
independently-adjudicate-benbassat-as-picard-voiceover	Run actions/checkout@v4	2026-08-24T19:28:04.7482025Z  * [new branch]        agent/card-backfill-next-034 -> origin/agent/card-backfill-next-034
independently-adjudicate-benbassat-as-picard-voiceover	Run actions/checkout@v4	2026-08-24T19:28:04.7482821Z  * [new branch]        agent/card-backfill-next-035 -> origin/agent/card-backfill-next-035
independently-adjudicate-benbassat-as-picard-voiceover	Run actions/checkout@v4	2026-08-24T19:28:04.7483350Z  * [new branch]        agent/card-backfill-next-036 -> origin/agent/card-backfill-next-036
independently-adjudicate-benbassat-as-picard-voiceover	Run actions/checkout@v4	2026-08-24T19:28:04.7483869Z  * [new branch]        agent/card-backfill-next-037 -> origin/agent/card-backfill-next-037
independently-adjudicate-benbassat-as-picard-voiceover	Run actions/checkout@v4	2026-08-24T19:28:04.7484379Z  * [new branch]        agent/card-backfill-next-038 -> origin/agent/card-backfill-next-038
independently-adjudicate-benbassat-as-picard-voiceover	Run actions/checkout@v4	2026-08-24T19:28:04.7484926Z  * [new branch]        agent/card-backfill-next-039 -> origin/agent/card-backfill-next-039
independently-adjudicate-benbassat-as-picard-voiceover	Run actions/checkout@v4	2026-08-24T19:28:04.7485442Z  * [new branch]        agent/card-backfill-next-040 -> origin/agent/card-backfill-next-040
independently-adjudicate-benbassat-as-picard-voiceover	Run actions/checkout@v4	2026-08-24T19:28:04.7486097Z  * [new branch]        agent/card-backfill-next-040-render-staging -> origin/agent/card-backfill-next-040-render-staging
independently-adjudicate-benbassat-as-picard-voiceover	Run actions/checkout@v4	2026-08-24T19:28:04.7486889Z  * [new branch]        agent/card-backfill-next-040-retry-staging -> origin/agent/card-backfill-next-040-retry-staging
independently-adjudicate-benbassat-as-picard-voiceover	Run actions/checkout@v4	2026-08-24T19:28:04.7487832Z  * [new branch]        agent/card-backfill-next-041 -> origin/agent/card-backfill-next-041
independently-adjudicate-benbassat-as-picard-voiceover	Run actions/checkout@v4	2026-08-24T19:28:04.7488607Z  * [new branch]        agent/card-backfill-source-v3 -> origin/agent/card-backfill-source-v3
independently-adjudicate-benbassat-as-picard-voiceover	Run actions/checkout@v4	2026-08-24T19:28:04.7489173Z  * [new branch]        agent/card-backfill-uc-007  -> origin/agent/card-backfill-uc-007
independently-adjudicate-benbassat-as-picard-voiceover	Run actions/checkout@v4	2026-08-24T19:28:04.7489875Z  * [new branch]        agent/ci-publisher-custody-frontier-1-20260805 -> origin/agent/ci-publisher-custody-frontier-1-20260805
independently-adjudicate-benbassat-as-picard-voiceover	Run actions/checkout@v4	2026-08-24T19:28:04.7490946Z  * [new branch]        agent/ci-publisher-custody-phase2-20260805 -> origin/agent/ci-publisher-custody-phase2-20260805
independently-adjudicate-benbassat-as-picard-voiceover	Run actions/checkout@v4	2026-08-24T19:28:04.7491862Z  * [new branch]        agent/ci-publisher-custody-phase2-squash-base-v2-20260805 -> origin/agent/ci-publisher-custody-phase2-squash-base-v2-20260805
independently-adjudicate-benbassat-as-picard-voiceover	Run actions/checkout@v4	2026-08-24T19:28:04.7492792Z  * [new branch]        agent/ci-publisher-custody-squash-base-20260805 -> origin/agent/ci-publisher-custody-squash-base-20260805
independently-adjudicate-benbassat-as-picard-voiceover	Run actions/checkout@v4	2026-08-24T19:28:04.7493776Z  * [new branch]        agent/clifford-number-hr-accountability-burden-recovery-11-12 -> origin/agent/clifford-number-hr-accountability-burden-recovery-11-12
independently-adjudicate-benbassat-as-picard-voiceover	Run actions/checkout@v4	2026-08-24T19:28:04.7494852Z  * [new branch]        agent/clifford-number-hr-accountability-consequence-wave-11 -> origin/agent/clifford-number-hr-accountability-consequence-wave-11
independently-adjudicate-benbassat-as-picard-voiceover	Run actions/checkout@v4	2026-08-24T19:28:04.7495877Z  * [new branch]        agent/clifford-number-hr-budget-authority-recourse-wave-14 -> origin/agent/clifford-number-hr-budget-authority-recourse-wave-14
independently-adjudicate-benbassat-as-picard-voiceover	Run actions/checkout@v4	2026-08-24T19:28:04.7496841Z  * [new branch]        agent/clifford-number-hr-burden-allocation-wave-12 -> origin/agent/clifford-number-hr-burden-allocation-wave-12
independently-adjudicate-benbassat-as-picard-voiceover	Run actions/checkout@v4	2026-08-24T19:28:04.7497952Z  * [new branch]        agent/clifford-number-hr-counterpower-effects-wave-05 -> origin/agent/clifford-number-hr-counterpower-effects-wave-05
independently-adjudicate-benbassat-as-picard-voiceover	Run actions/checkout@v4	2026-08-24T19:28:04.7498893Z  * [new branch]        agent/clifford-number-hr-counterpower-effects-wave-06 -> origin/agent/clifford-number-hr-counterpower-effects-wave-06
independently-adjudicate-benbassat-as-picard-voiceover	Run actions/checkout@v4	2026-08-24T19:28:04.7499849Z  * [new branch]        agent/clifford-number-hr-counterpower-intervention-wave-05 -> origin/agent/clifford-number-hr-counterpower-intervention-wave-05
independently-adjudicate-benbassat-as-picard-voiceover	Run actions/checkout@v4	2026-08-24T19:28:04.7500785Z  * [new branch]        agent/clifford-number-hr-deployment-census-wave-04 -> origin/agent/clifford-number-hr-deployment-census-wave-04
independently-adjudicate-benbassat-as-picard-voiceover	Run actions/checkout@v4	2026-08-24T19:28:04.7501603Z  * [new branch]        agent/clifford-number-hr-deployment-wave-04 -> origin/agent/clifford-number-hr-deployment-wave-04
independently-adjudicate-benbassat-as-picard-voiceover	Run actions/checkout@v4	2026-08-24T19:28:04.7502629Z  * [new branch]        agent/clifford-number-hr-disciplinary-ai-cases-wave-03 -> origin/agent/clifford-number-hr-disciplinary-ai-cases-wave-03
independently-adjudicate-benbassat-as-picard-voiceover	Run actions/checkout@v4	2026-08-24T19:28:04.7503530Z  * [new branch]        agent/clifford-number-hr-disciplinary-ai-wave-02 -> origin/agent/clifford-number-hr-disciplinary-ai-wave-02
independently-adjudicate-benbassat-as-picard-voiceover	Run actions/checkout@v4	2026-08-24T19:28:04.7504483Z  * [new branch]        agent/clifford-number-hr-disciplinary-harm-sentinels-wave-08 -> origin/agent/clifford-number-hr-disciplinary-harm-sentinels-wave-08
independently-adjudicate-benbassat-as-picard-voiceover	Run actions/checkout@v4	2026-08-24T19:28:04.7505416Z  * [new branch]        agent/clifford-number-hr-disciplinary-wave-01 -> origin/agent/clifford-number-hr-disciplinary-wave-01
independently-adjudicate-benbassat-as-picard-voiceover	Run actions/checkout@v4	2026-08-24T19:28:04.7506316Z  * [new branch]        agent/clifford-number-hr-dissonance-counterpower-wave-04 -> origin/agent/clifford-number-hr-dissonance-counterpower-wave-04
independently-adjudicate-benbassat-as-picard-voiceover	Run actions/checkout@v4	2026-08-24T19:28:04.7507208Z  * [new branch]        agent/clifford-number-hr-governance-wave-03 -> origin/agent/clifford-number-hr-governance-wave-03
independently-adjudicate-benbassat-as-picard-voiceover	Run actions/checkout@v4	2026-08-24T19:28:04.7508497Z  * [new branch]        agent/clifford-number-hr-implementation-verification-wave-07 -> origin/agent/clifford-number-hr-implementation-verification-wave-07
independently-adjudicate-benbassat-as-picard-voiceover	Run actions/checkout@v4	2026-08-24T19:28:04.7509545Z  * [new branch]        agent/clifford-number-hr-indemnity-cost-transfer-wave-13 -> origin/agent/clifford-number-hr-indemnity-cost-transfer-wave-13
independently-adjudicate-benbassat-as-picard-voiceover	Run actions/checkout@v4	2026-08-24T19:28:04.7510460Z  * [new branch]        agent/clifford-number-hr-learning-audit-wave-07 -> origin/agent/clifford-number-hr-learning-audit-wave-07
independently-adjudicate-benbassat-as-picard-voiceover	Run actions/checkout@v4	2026-08-24T19:28:04.7511318Z  * [new branch]        agent/clifford-number-hr-recurrence-reopen-wave-10 -> origin/agent/clifford-number-hr-recurrence-reopen-wave-10
independently-adjudicate-benbassat-as-picard-voiceover	Run actions/checkout@v4	2026-08-24T19:28:04.7512259Z  * [new branch]        agent/clifford-number-hr-response-prevention-wave-09 -> origin/agent/clifford-number-hr-response-prevention-wave-09
independently-adjudicate-benbassat-as-picard-voiceover	Run actions/checkout@v4	2026-08-24T19:28:04.7513141Z  * [new branch]        agent/clifford-number-hr-selection-wave-01 -> origin/agent/clifford-number-hr-selection-wave-01
independently-adjudicate-benbassat-as-picard-voiceover	Run actions/checkout@v4	2026-08-24T19:28:04.7514133Z  * [new branch]        agent/clifford-number-hr-source-adjudication-wave-02 -> origin/agent/clifford-number-hr-source-adjudication-wave-02
independently-adjudicate-benbassat-as-picard-voiceover	Run actions/checkout@v4	2026-08-24T19:28:04.7514921Z  * [new branch]        agent/collection-only-candidate -> origin/agent/collection-only-candidate
independently-adjudicate-benbassat-as-picard-voiceover	Run actions/checkout@v4	2026-08-24T19:28:04.7515532Z  * [new branch]        agent/collection-only-operations -> origin/agent/collection-only-operations
independently-adjudicate-benbassat-as-picard-voiceover	Run actions/checkout@v4	2026-08-24T19:28:04.7516215Z  * [new branch]        agent/collection-only-operations-p2 -> origin/agent/collection-only-operations-p2
independently-adjudicate-benbassat-as-picard-voiceover	Run actions/checkout@v4	2026-08-24T19:28:04.7516902Z  * [new branch]        agent/corpus-next-after-media-closure -> origin/agent/corpus-next-after-media-closure
independently-adjudicate-benbassat-as-picard-voiceover	Run actions/checkout@v4	2026-08-24T19:28:04.7517726Z  * [new branch]        agent/corpus-operations-mode -> origin/agent/corpus-operations-mode
independently-adjudicate-benbassat-as-picard-voiceover	Run actions/checkout@v4	2026-08-24T19:28:04.7518415Z  * [new branch]        agent/cycle004-still-transport-inspection -> origin/agent/cycle004-still-transport-inspection
independently-adjudicate-benbassat-as-picard-voiceover	Run actions/checkout@v4	2026-08-24T19:28:04.7519163Z  * [new branch]        agent/dispatch-clean-preservation-235227a -> origin/agent/dispatch-clean-preservation-235227a
independently-adjudicate-benbassat-as-picard-voiceover	Run actions/checkout@v4	2026-08-24T19:28:04.7519871Z  * [new branch]        agent/dispatch-preserve-7054b6-v2 -> origin/agent/dispatch-preserve-7054b6-v2
independently-adjudicate-benbassat-as-picard-voiceover	Run actions/checkout@v4	2026-08-24T19:28:04.7520480Z  * [new branch]        agent/doctor-who-activation-001 -> origin/agent/doctor-who-activation-001
independently-adjudicate-benbassat-as-picard-voiceover	Run actions/checkout@v4	2026-08-24T19:28:04.7521178Z  * [new branch]        agent/doctor-who-activation-preflight-001 -> origin/agent/doctor-who-activation-preflight-001
independently-adjudicate-benbassat-as-picard-voiceover	Run actions/checkout@v4	2026-08-24T19:28:04.7522137Z  * [new branch]        agent/doctor-who-certification-001 -> origin/agent/doctor-who-certification-001
independently-adjudicate-benbassat-as-picard-voiceover	Run actions/checkout@v4	2026-08-24T19:28:04.7523120Z  * [new branch]        agent/doctor-who-certified-paused-001 -> origin/agent/doctor-who-certified-paused-001
independently-adjudicate-benbassat-as-picard-voiceover	Run actions/checkout@v4	2026-08-24T19:28:04.7524103Z  * [new branch]        agent/doctor-who-correction-drill-001 -> origin/agent/doctor-who-correction-drill-001
independently-adjudicate-benbassat-as-picard-voiceover	Run actions/checkout@v4	2026-08-24T19:28:04.7525386Z  * [new branch]        agent/doctor-who-correction-drill-001-replay-6cb5d1 -> origin/agent/doctor-who-correction-drill-001-replay-6cb5d1
independently-adjudicate-benbassat-as-picard-voiceover	Run actions/checkout@v4	2026-08-24T19:28:04.7527102Z  * [new branch]        agent/doctor-who-correction-drill-001-replay-6ea135 -> origin/agent/doctor-who-correction-drill-001-replay-6ea135
independently-adjudicate-benbassat-as-picard-voiceover	Run actions/checkout@v4	2026-08-24T19:28:04.7528709Z  * [new branch]        agent/doctor-who-correction-drill-future-safe-repair -> origin/agent/doctor-who-correction-drill-future-safe-repair
independently-adjudicate-benbassat-as-picard-voiceover	Run actions/checkout@v4	2026-08-24T19:28:04.7530142Z  * [new branch]        agent/doctor-who-correction-drill-scope-custody -> origin/agent/doctor-who-correction-drill-scope-custody
independently-adjudicate-benbassat-as-picard-voiceover	Run actions/checkout@v4	2026-08-24T19:28:04.7531351Z  * [new branch]        agent/doctor-who-cycle-002-claim -> origin/agent/doctor-who-cycle-002-claim
independently-adjudicate-benbassat-as-picard-voiceover	Run actions/checkout@v4	2026-08-24T19:28:04.7532353Z  * [new branch]        agent/doctor-who-cycle-002-current -> origin/agent/doctor-who-cycle-002-current
independently-adjudicate-benbassat-as-picard-voiceover	Run actions/checkout@v4	2026-08-24T19:28:04.7533315Z  * [new branch]        agent/doctor-who-cycle-002-gredd -> origin/agent/doctor-who-cycle-002-gredd
independently-adjudicate-benbassat-as-picard-voiceover	Run actions/checkout@v4	2026-08-24T19:28:04.7534381Z  * [new branch]        agent/doctor-who-cycle-002-gredd-current -> origin/agent/doctor-who-cycle-002-gredd-current
independently-adjudicate-benbassat-as-picard-voiceover	Run actions/checkout@v4	2026-08-24T19:28:04.7535471Z  * [new branch]        agent/doctor-who-cycle-003-annette-portrait-review -> origin/agent/doctor-who-cycle-003-annette-portrait-review
independently-adjudicate-benbassat-as-picard-voiceover	Run actions/checkout@v4	2026-08-24T19:28:04.7536312Z  * [new branch]        agent/doctor-who-cycle-003-current-extract -> origin/agent/doctor-who-cycle-003-current-extract
independently-adjudicate-benbassat-as-picard-voiceover	Run actions/checkout@v4	2026-08-24T19:28:04.7537098Z  * [new branch]        agent/doctor-who-cycle-003-current-extract-v2 -> origin/agent/doctor-who-cycle-003-current-extract-v2
independently-adjudicate-benbassat-as-picard-voiceover	Run actions/checkout@v4	2026-08-24T19:28:04.7538674Z  * [new branch]        agent/doctor-who-cycle-003-full-source -> origin/agent/doctor-who-cycle-003-full-source
independently-adjudicate-benbassat-as-picard-voiceover	Run actions/checkout@v4	2026-08-24T19:28:04.7539891Z  * [new branch]        agent/doctor-who-cycle-003-jask-completion -> origin/agent/doctor-who-cycle-003-jask-completion
independently-adjudicate-benbassat-as-picard-voiceover	Run actions/checkout@v4	2026-08-24T19:28:04.7541030Z  * [new branch]        agent/doctor-who-cycle-003-jask-portrait -> origin/agent/doctor-who-cycle-003-jask-portrait
independently-adjudicate-benbassat-as-picard-voiceover	Run actions/checkout@v4	2026-08-24T19:28:04.7542280Z  * [new branch]        agent/doctor-who-cycle-003-margaret-media-review -> origin/agent/doctor-who-cycle-003-margaret-media-review
independently-adjudicate-benbassat-as-picard-voiceover	Run actions/checkout@v4	2026-08-24T19:28:04.7543960Z  * [new branch]        agent/doctor-who-cycle-003-margaret-publication -> origin/agent/doctor-who-cycle-003-margaret-publication
independently-adjudicate-benbassat-as-picard-voiceover	Run actions/checkout@v4	2026-08-24T19:28:04.7545455Z  * [new branch]        agent/doctor-who-cycle-003-materializer-recovery -> origin/agent/doctor-who-cycle-003-materializer-recovery
independently-adjudicate-benbassat-as-picard-voiceover	Run actions/checkout@v4	2026-08-24T19:28:04.7546755Z  * [new branch]        agent/doctor-who-cycle-003-merge-guardian -> origin/agent/doctor-who-cycle-003-merge-guardian
independently-adjudicate-benbassat-as-picard-voiceover	Run actions/checkout@v4	2026-08-24T19:28:04.7548202Z  * [new branch]        agent/doctor-who-cycle-004-full-source -> origin/agent/doctor-who-cycle-004-full-source
independently-adjudicate-benbassat-as-picard-voiceover	Run actions/checkout@v4	2026-08-24T19:28:04.7549328Z  * [new branch]        agent/doctor-who-cycle-004-jask-audio-completion -> origin/agent/doctor-who-cycle-004-jask-audio-completion
independently-adjudicate-benbassat-as-picard-voiceover	Run actions/checkout@v4	2026-08-24T19:28:04.7550176Z  * [new branch]        agent/doctor-who-cycle-004-jask-audio-portrait -> origin/agent/doctor-who-cycle-004-jask-audio-portrait
independently-adjudicate-benbassat-as-picard-voiceover	Run actions/checkout@v4	2026-08-24T19:28:04.7550998Z  * [new branch]        agent/doctor-who-cycle-004-jask-still-correction -> origin/agent/doctor-who-cycle-004-jask-still-correction
independently-adjudicate-benbassat-as-picard-voiceover	Run actions/checkout@v4	2026-08-24T19:28:04.7551795Z  * [new branch]        agent/doctor-who-cycle-004-media-preflight -> origin/agent/doctor-who-cycle-004-media-preflight
independently-adjudicate-benbassat-as-picard-voiceover	Run actions/checkout@v4	2026-08-24T19:28:04.7552520Z  * [new branch]        agent/doctor-who-cycle-004-preflight -> origin/agent/doctor-who-cycle-004-preflight
independently-adjudicate-benbassat-as-picard-voiceover	Run actions/checkout@v4	2026-08-24T19:28:04.7553296Z  * [new branch]        agent/doctor-who-cycle-004-still-correction-source -> origin/agent/doctor-who-cycle-004-still-correction-source
independently-adjudicate-benbassat-as-picard-voiceover	Run actions/checkout@v4	2026-08-24T19:28:04.7554137Z  * [new branch]        agent/doctor-who-cycle-004-still-verification -> origin/agent/doctor-who-cycle-004-still-verification
independently-adjudicate-benbassat-as-picard-voiceover	Run actions/checkout@v4	2026-08-24T19:28:04.7554998Z  * [new branch]        agent/doctor-who-cycle-005-carrier-source-export-v4 -> origin/agent/doctor-who-cycle-005-carrier-source-export-v4
independently-adjudicate-benbassat-as-picard-voiceover	Run actions/checkout@v4	2026-08-24T19:28:04.7555840Z  * [new branch]        agent/doctor-who-cycle-005-kaarsh-completion -> origin/agent/doctor-who-cycle-005-kaarsh-completion
independently-adjudicate-benbassat-as-picard-voiceover	Run actions/checkout@v4	2026-08-24T19:28:04.7556875Z  * [new branch]        agent/doctor-who-cycle-005-kaarsh-still-reattestation -> origin/agent/doctor-who-cycle-005-kaarsh-still-reattestation
independently-adjudicate-benbassat-as-picard-voiceover	Run actions/checkout@v4	2026-08-24T19:28:04.7558482Z  * [new branch]        agent/doctor-who-cycle-005-kaarsh-still-verification -> origin/agent/doctor-who-cycle-005-kaarsh-still-verification
independently-adjudicate-benbassat-as-picard-voiceover	Run actions/checkout@v4	2026-08-24T19:28:04.7559623Z  * [new branch]        agent/doctor-who-cycle-005-preflight -> origin/agent/doctor-who-cycle-005-preflight
independently-adjudicate-benbassat-as-picard-voiceover	Run actions/checkout@v4	2026-08-24T19:28:04.7560399Z  * [new branch]        agent/doctor-who-cycle-006-autopilot-history-fix -> origin/agent/doctor-who-cycle-006-autopilot-history-fix
independently-adjudicate-benbassat-as-picard-voiceover	Run actions/checkout@v4	2026-08-24T19:28:04.7561343Z  * [new branch]        agent/doctor-who-cycle-006-autopilot-history-qualification -> origin/agent/doctor-who-cycle-006-autopilot-history-qualification
independently-adjudicate-benbassat-as-picard-voiceover	Run actions/checkout@v4	2026-08-24T19:28:04.7562317Z  * [new branch]        agent/doctor-who-cycle-006-carrier-source-export-v3 -> origin/agent/doctor-who-cycle-006-carrier-source-export-v3
independently-adjudicate-benbassat-as-picard-voiceover	Run actions/checkout@v4	2026-08-24T19:28:04.7563205Z  * [new branch]        agent/doctor-who-cycle-006-chronology-composability -> origin/agent/doctor-who-cycle-006-chronology-composability
independently-adjudicate-benbassat-as-picard-voiceover	Run actions/checkout@v4	2026-08-24T19:28:04.7564205Z  * [new branch]        agent/doctor-who-cycle-006-chronology-composability-current-main -> origin/agent/doctor-who-cycle-006-chronology-composability-current-main
independently-adjudicate-benbassat-as-picard-voiceover	Run actions/checkout@v4	2026-08-24T19:28:04.7565335Z  * [new branch]        agent/doctor-who-cycle-006-chronology-composability-materializer -> origin/agent/doctor-who-cycle-006-chronology-composability-materializer
independently-adjudicate-benbassat-as-picard-voiceover	Run actions/checkout@v4	2026-08-24T19:28:04.7566453Z  * [new branch]        agent/doctor-who-cycle-006-chronology-composability-qualification -> origin/agent/doctor-who-cycle-006-chronology-composability-qualification
independently-adjudicate-benbassat-as-picard-voiceover	Run actions/checkout@v4	2026-08-24T19:28:04.7567857Z  * [new branch]        agent/doctor-who-cycle-006-chronology-composability-qualification-v2 -> origin/agent/doctor-who-cycle-006-chronology-composability-qualification-v2
independently-adjudicate-benbassat-as-picard-voiceover	Run actions/checkout@v4	2026-08-24T19:28:04.7569390Z  * [new branch]        agent/doctor-who-cycle-006-chronology-composability-qualification-v3 -> origin/agent/doctor-who-cycle-006-chronology-composability-qualification-v3
independently-adjudicate-benbassat-as-picard-voiceover	Run actions/checkout@v4	2026-08-24T19:28:04.7571187Z  * [new branch]        agent/doctor-who-cycle-006-chronology-composable-source-export -> origin/agent/doctor-who-cycle-006-chronology-composable-source-export
independently-adjudicate-benbassat-as-picard-voiceover	Run actions/checkout@v4	2026-08-24T19:28:04.7572873Z  * [new branch]        agent/doctor-who-cycle-006-chronology-correction -> origin/agent/doctor-who-cycle-006-chronology-correction
independently-adjudicate-benbassat-as-picard-voiceover	Run actions/checkout@v4	2026-08-24T19:28:04.7574506Z  * [new branch]        agent/doctor-who-cycle-006-chronology-correction-materializer -> origin/agent/doctor-who-cycle-006-chronology-correction-materializer
independently-adjudicate-benbassat-as-picard-voiceover	Run actions/checkout@v4	2026-08-24T19:28:04.7576096Z  * [new branch]        agent/doctor-who-cycle-006-clean-main-rebind-v3 -> origin/agent/doctor-who-cycle-006-clean-main-rebind-v3
independently-adjudicate-benbassat-as-picard-voiceover	Run actions/checkout@v4	2026-08-24T19:28:04.7577746Z  * [new branch]        agent/doctor-who-cycle-006-clean-main-rebind-v4 -> origin/agent/doctor-who-cycle-006-clean-main-rebind-v4
independently-adjudicate-benbassat-as-picard-voiceover	Run actions/checkout@v4	2026-08-24T19:28:04.7579091Z  * [new branch]        agent/doctor-who-cycle-006-clean-main-rebind-v5 -> origin/agent/doctor-who-cycle-006-clean-main-rebind-v5
independently-adjudicate-benbassat-as-picard-voiceover	Run actions/checkout@v4	2026-08-24T19:28:04.7580426Z  * [new branch]        agent/doctor-who-cycle-006-clean-main-rebind-v6 -> origin/agent/doctor-who-cycle-006-clean-main-rebind-v6
independently-adjudicate-benbassat-as-picard-voiceover	Run actions/checkout@v4	2026-08-24T19:28:04.7581885Z  * [new branch]        agent/doctor-who-cycle-006-current-main-rebind -> origin/agent/doctor-who-cycle-006-current-main-rebind
independently-adjudicate-benbassat-as-picard-voiceover	Run actions/checkout@v4	2026-08-24T19:28:04.7583385Z  * [new branch]        agent/doctor-who-cycle-006-current-main-rebind-v2 -> origin/agent/doctor-who-cycle-006-current-main-rebind-v2
independently-adjudicate-benbassat-as-picard-voiceover	Run actions/checkout@v4	2026-08-24T19:28:04.7584723Z  * [new branch]        agent/doctor-who-cycle-006-kayste-completion -> origin/agent/doctor-who-cycle-006-kayste-completion
independently-adjudicate-benbassat-as-picard-voiceover	Run actions/checkout@v4	2026-08-24T19:28:04.7586058Z  * [new branch]        agent/doctor-who-cycle-006-kayste-completion-v2 -> origin/agent/doctor-who-cycle-006-kayste-completion-v2
independently-adjudicate-benbassat-as-picard-voiceover	Run actions/checkout@v4	2026-08-24T19:28:04.7587653Z  * [new branch]        agent/doctor-who-cycle-006-kayste-completion-v3 -> origin/agent/doctor-who-cycle-006-kayste-completion-v3
independently-adjudicate-benbassat-as-picard-voiceover	Run actions/checkout@v4	2026-08-24T19:28:04.7589071Z  * [new branch]        agent/doctor-who-cycle-006-kayste-completion-v4 -> origin/agent/doctor-who-cycle-006-kayste-completion-v4
independently-adjudicate-benbassat-as-picard-voiceover	Run actions/checkout@v4	2026-08-24T19:28:04.7590717Z  * [new branch]        agent/doctor-who-cycle-006-kayste-completion-v5 -> origin/agent/doctor-who-cycle-006-kayste-completion-v5
independently-adjudicate-benbassat-as-picard-voiceover	Run actions/checkout@v4	2026-08-24T19:28:04.7591986Z  * [new branch]        agent/doctor-who-cycle-006-kayste-completion-v6 -> origin/agent/doctor-who-cycle-006-kayste-completion-v6
independently-adjudicate-benbassat-as-picard-voiceover	Run actions/checkout@v4	2026-08-24T19:28:04.7592833Z  * [new branch]        agent/doctor-who-cycle-006-kayste-media-preflight -> origin/agent/doctor-who-cycle-006-kayste-media-preflight
independently-adjudicate-benbassat-as-picard-voiceover	Run actions/checkout@v4	2026-08-24T19:28:04.7593638Z  * [new branch]        agent/doctor-who-cycle-006-merge-guardian -> origin/agent/doctor-who-cycle-006-merge-guardian
independently-adjudicate-benbassat-as-picard-voiceover	Run actions/checkout@v4	2026-08-24T19:28:04.7594413Z  * [new branch]        agent/doctor-who-cycle-006-postfailure-status -> origin/agent/doctor-who-cycle-006-postfailure-status
independently-adjudicate-benbassat-as-picard-voiceover	Run actions/checkout@v4	2026-08-24T19:28:04.7595158Z  * [new branch]        agent/doctor-who-cycle-006-preflight -> origin/agent/doctor-who-cycle-006-preflight
independently-adjudicate-benbassat-as-picard-voiceover	Run actions/checkout@v4	2026-08-24T19:28:04.7595873Z  * [new branch]        agent/doctor-who-cycle-006-writer-builder -> origin/agent/doctor-who-cycle-006-writer-builder
independently-adjudicate-benbassat-as-picard-voiceover	Run actions/checkout@v4	2026-08-24T19:28:04.7596707Z  * [new branch]        agent/doctor-who-cycle-006-writer-source-publication -> origin/agent/doctor-who-cycle-006-writer-source-publication
independently-adjudicate-benbassat-as-picard-voiceover	Run actions/checkout@v4	2026-08-24T19:28:04.7597841Z  * [new branch]        agent/doctor-who-cycle-006-writer-source-recovery -> origin/agent/doctor-who-cycle-006-writer-source-recovery
independently-adjudicate-benbassat-as-picard-voiceover	Run actions/checkout@v4	2026-08-24T19:28:04.7598679Z  * [new branch]        agent/doctor-who-cycle-007-canonical-proof-v4 -> origin/agent/doctor-who-cycle-007-canonical-proof-v4
independently-adjudicate-benbassat-as-picard-voiceover	Run actions/checkout@v4	2026-08-24T19:28:04.7599744Z  * [new branch]        agent/doctor-who-cycle-007-current-main-source-export -> origin/agent/doctor-who-cycle-007-current-main-source-export
independently-adjudicate-benbassat-as-picard-voiceover	Run actions/checkout@v4	2026-08-24T19:28:04.7601257Z  * [new branch]        agent/doctor-who-cycle-007-current-main-source-export-v2 -> origin/agent/doctor-who-cycle-007-current-main-source-export-v2
independently-adjudicate-benbassat-as-picard-voiceover	Run actions/checkout@v4	2026-08-24T19:28:04.7602499Z  * [new branch]        agent/doctor-who-cycle-007-current-main-source-export-v2-lean -> origin/agent/doctor-who-cycle-007-current-main-source-export-v2-lean
independently-adjudicate-benbassat-as-picard-voiceover	Run actions/checkout@v4	2026-08-24T19:28:04.7603513Z  * [new branch]        agent/doctor-who-cycle-007-current-main-source-export-v3 -> origin/agent/doctor-who-cycle-007-current-main-source-export-v3
independently-adjudicate-benbassat-as-picard-voiceover	Run actions/checkout@v4	2026-08-24T19:28:04.7604714Z  * [new branch]        agent/doctor-who-cycle-007-current-main-source-snapshot-v2 -> origin/agent/doctor-who-cycle-007-current-main-source-snapshot-v2
independently-adjudicate-benbassat-as-picard-voiceover	Run actions/checkout@v4	2026-08-24T19:28:04.7605926Z  * [new branch]        agent/doctor-who-cycle-007-kragar-media-preflight -> origin/agent/doctor-who-cycle-007-kragar-media-preflight
independently-adjudicate-benbassat-as-picard-voiceover	Run actions/checkout@v4	2026-08-24T19:28:04.7606817Z  * [new branch]        agent/doctor-who-cycle-007-kragar-media-prepublish -> origin/agent/doctor-who-cycle-007-kragar-media-prepublish
independently-adjudicate-benbassat-as-picard-voiceover	Run actions/checkout@v4	2026-08-24T19:28:04.7607960Z  * [new branch]        agent/doctor-who-cycle-007-kragar-media-prepublish-v2 -> origin/agent/doctor-who-cycle-007-kragar-media-prepublish-v2
independently-adjudicate-benbassat-as-picard-voiceover	Run actions/checkout@v4	2026-08-24T19:28:04.7608916Z  * [new branch]        agent/doctor-who-cycle-007-kragar-media-review-final -> origin/agent/doctor-who-cycle-007-kragar-media-review-final
independently-adjudicate-benbassat-as-picard-voiceover	Run actions/checkout@v4	2026-08-24T19:28:04.7609795Z  * [new branch]        agent/doctor-who-cycle-007-kragar-media-review-v2 -> origin/agent/doctor-who-cycle-007-kragar-media-review-v2
independently-adjudicate-benbassat-as-picard-voiceover	Run actions/checkout@v4	2026-08-24T19:28:04.7610618Z  * [new branch]        agent/doctor-who-cycle-007-kragar-media-review-v3 -> origin/agent/doctor-who-cycle-007-kragar-media-review-v3
independently-adjudicate-benbassat-as-picard-voiceover	Run actions/checkout@v4	2026-08-24T19:28:04.7611444Z  * [new branch]        agent/doctor-who-cycle-007-kragar-media-terminal -> origin/agent/doctor-who-cycle-007-kragar-media-terminal
independently-adjudicate-benbassat-as-picard-voiceover	Run actions/checkout@v4	2026-08-24T19:28:04.7612261Z  * [new branch]        agent/doctor-who-cycle-007-kragar-product-v14 -> origin/agent/doctor-who-cycle-007-kragar-product-v14
independently-adjudicate-benbassat-as-picard-voiceover	Run actions/checkout@v4	2026-08-24T19:28:04.7613363Z  * [new branch]        agent/doctor-who-cycle-007-post-composability-source-snapshot -> origin/agent/doctor-who-cycle-007-post-composability-source-snapshot
independently-adjudicate-benbassat-as-picard-voiceover	Run actions/checkout@v4	2026-08-24T19:28:04.7614324Z  * [new branch]        agent/doctor-who-cycle-007-post-merge-proof-v1 -> origin/agent/doctor-who-cycle-007-post-merge-proof-v1
independently-adjudicate-benbassat-as-picard-voiceover	Run actions/checkout@v4	2026-08-24T19:28:04.7615287Z  * [new branch]        agent/doctor-who-cycle-007-post-merge-proof-v2 -> origin/agent/doctor-who-cycle-007-post-merge-proof-v2
independently-adjudicate-benbassat-as-picard-voiceover	Run actions/checkout@v4	2026-08-24T19:28:04.7616072Z  * [new branch]        agent/doctor-who-cycle-007-post-merge-proof-v3 -> origin/agent/doctor-who-cycle-007-post-merge-proof-v3
independently-adjudicate-benbassat-as-picard-voiceover	Run actions/checkout@v4	2026-08-24T19:28:04.7616916Z  * [new branch]        agent/doctor-who-cycle-007-preflight -> origin/agent/doctor-who-cycle-007-preflight
independently-adjudicate-benbassat-as-picard-voiceover	Run actions/checkout@v4	2026-08-24T19:28:04.7617899Z  * [new branch]        agent/doctor-who-cycle-007-qualifier-v10 -> origin/agent/doctor-who-cycle-007-qualifier-v10
independently-adjudicate-benbassat-as-picard-voiceover	Run actions/checkout@v4	2026-08-24T19:28:04.7618645Z  * [new branch]        agent/doctor-who-cycle-007-qualifier-v10r -> origin/agent/doctor-who-cycle-007-qualifier-v10r
independently-adjudicate-benbassat-as-picard-voiceover	Run actions/checkout@v4	2026-08-24T19:28:04.7619429Z  * [new branch]        agent/doctor-who-cycle-007-qualifier-v8 -> origin/agent/doctor-who-cycle-007-qualifier-v8
independently-adjudicate-benbassat-as-picard-voiceover	Run actions/checkout@v4	2026-08-24T19:28:04.7620560Z  * [new branch]        agent/doctor-who-cycle-007-qualifier-v9 -> origin/agent/doctor-who-cycle-007-qualifier-v9
independently-adjudicate-benbassat-as-picard-voiceover	Run actions/checkout@v4	2026-08-24T19:28:04.7621730Z  * [new branch]        agent/doctor-who-cycle-007-selection -> origin/agent/doctor-who-cycle-007-selection
independently-adjudicate-benbassat-as-picard-voiceover	Run actions/checkout@v4	2026-08-24T19:28:04.7622902Z  * [new branch]        agent/doctor-who-cycle-007-source-snapshot -> origin/agent/doctor-who-cycle-007-source-snapshot
independently-adjudicate-benbassat-as-picard-voiceover	Run actions/checkout@v4	2026-08-24T19:28:04.7624239Z  * [new branch]        agent/doctor-who-cycle-007-source-snapshot-v2 -> origin/agent/doctor-who-cycle-007-source-snapshot-v2
independently-adjudicate-benbassat-as-picard-voiceover	Run actions/checkout@v4	2026-08-24T19:28:04.7625764Z  * [new branch]        agent/doctor-who-cycle-007-terminal-current-main-proof-v4 -> origin/agent/doctor-who-cycle-007-terminal-current-main-proof-v4
independently-adjudicate-benbassat-as-picard-voiceover	Run actions/checkout@v4	2026-08-24T19:28:04.7627354Z  * [new branch]        agent/doctor-who-cycle-007-transport-comment-census -> origin/agent/doctor-who-cycle-007-transport-comment-census
independently-adjudicate-benbassat-as-picard-voiceover	Run actions/checkout@v4	2026-08-24T19:28:04.7629518Z  * [new branch]        agent/doctor-who-cycle-007-trusted-publisher-v10-denominator-repair -> origin/agent/doctor-who-cycle-007-trusted-publisher-v10-denominator-repair
independently-adjudicate-benbassat-as-picard-voiceover	Run actions/checkout@v4	2026-08-24T19:28:04.7631676Z  * [new branch]        agent/doctor-who-cycle-007-trusted-publisher-v10-installer -> origin/agent/doctor-who-cycle-007-trusted-publisher-v10-installer
independently-adjudicate-benbassat-as-picard-voiceover	Run actions/checkout@v4	2026-08-24T19:28:04.7633535Z  * [new branch]        agent/doctor-who-cycle-007-trusted-publisher-v10-installer-008f -> origin/agent/doctor-who-cycle-007-trusted-publisher-v10-installer-008f
independently-adjudicate-benbassat-as-picard-voiceover	Run actions/checkout@v4	2026-08-24T19:28:04.7635150Z  * [new branch]        agent/doctor-who-cycle-007-v11-finalization -> origin/agent/doctor-who-cycle-007-v11-finalization
independently-adjudicate-benbassat-as-picard-voiceover	Run actions/checkout@v4	2026-08-24T19:28:04.7636406Z  * [new branch]        agent/doctor-who-cycle-007-v12-finalization -> origin/agent/doctor-who-cycle-007-v12-finalization
independently-adjudicate-benbassat-as-picard-voiceover	Run actions/checkout@v4	2026-08-24T19:28:04.7637973Z  * [new branch]        agent/doctor-who-cycle-007-v13-finalization -> origin/agent/doctor-who-cycle-007-v13-finalization
independently-adjudicate-benbassat-as-picard-voiceover	Run actions/checkout@v4	2026-08-24T19:28:04.7638719Z  * [new branch]        agent/doctor-who-cycle-007-v14-finalization -> origin/agent/doctor-who-cycle-007-v14-finalization
independently-adjudicate-benbassat-as-picard-voiceover	Run actions/checkout@v4	2026-08-24T19:28:04.7639627Z  * [new branch]        agent/doctor-who-cycle-007-v14-finalization-copy-do-not-use -> origin/agent/doctor-who-cycle-007-v14-finalization-copy-do-not-use
independently-adjudicate-benbassat-as-picard-voiceover	Run actions/checkout@v4	2026-08-24T19:28:04.7640504Z  * [new branch]        agent/doctor-who-cycle-007-v14-publisher -> origin/agent/doctor-who-cycle-007-v14-publisher
independently-adjudicate-benbassat-as-picard-voiceover	Run actions/checkout@v4	2026-08-24T19:28:04.7641305Z  * [new branch]        agent/doctor-who-cycle-007-v14-publisher-observer -> origin/agent/doctor-who-cycle-007-v14-publisher-observer
independently-adjudicate-benbassat-as-picard-voiceover	Run actions/checkout@v4	2026-08-24T19:28:04.7642188Z  * [new branch]        agent/doctor-who-cycle-007-v15-product-qualification -> origin/agent/doctor-who-cycle-007-v15-product-qualification
independently-adjudicate-benbassat-as-picard-voiceover	Run actions/checkout@v4	2026-08-24T19:28:04.7643120Z  * [new branch]        agent/doctor-who-cycle-007-v15-product-qualification-v2 -> origin/agent/doctor-who-cycle-007-v15-product-qualification-v2
independently-adjudicate-benbassat-as-picard-voiceover	Run actions/checkout@v4	2026-08-24T19:28:04.7643974Z  * [new branch]        agent/doctor-who-cycle-007-v8-finalizer-v1 -> origin/agent/doctor-who-cycle-007-v8-finalizer-v1
independently-adjudicate-benbassat-as-picard-voiceover	Run actions/checkout@v4	2026-08-24T19:28:04.7644770Z  * [new branch]        agent/doctor-who-cycle-007-v8-finalizer-v1-repair -> origin/agent/doctor-who-cycle-007-v8-finalizer-v1-repair
independently-adjudicate-benbassat-as-picard-voiceover	Run actions/checkout@v4	2026-08-24T19:28:04.7646331Z  * [new branch]        agent/doctor-who-cycle-007-v8-finalizer-v2 -> origin/agent/doctor-who-cycle-007-v8-finalizer-v2
independently-adjudicate-benbassat-as-picard-voiceover	Run actions/checkout@v4	2026-08-24T19:28:04.7647572Z  * [new branch]        agent/doctor-who-cycle-007-v8-finalizer-v3 -> origin/agent/doctor-who-cycle-007-v8-finalizer-v3
independently-adjudicate-benbassat-as-picard-voiceover	Run actions/checkout@v4	2026-08-24T19:28:04.7648460Z  * [new branch]        agent/doctor-who-cycle-007-v8-independent-review -> origin/agent/doctor-who-cycle-007-v8-independent-review
independently-adjudicate-benbassat-as-picard-voiceover	Run actions/checkout@v4	2026-08-24T19:28:04.7649345Z  * [new branch]        agent/doctor-who-cycle-007-v8-independent-review-v2 -> origin/agent/doctor-who-cycle-007-v8-independent-review-v2
independently-adjudicate-benbassat-as-picard-voiceover	Run actions/checkout@v4	2026-08-24T19:28:04.7650298Z  * [new branch]        agent/doctor-who-cycle-007-v8-independent-review-v3-probe -> origin/agent/doctor-who-cycle-007-v8-independent-review-v3-probe
independently-adjudicate-benbassat-as-picard-voiceover	Run actions/checkout@v4	2026-08-24T19:28:04.7651269Z  * [new branch]        agent/doctor-who-cycle-007-v8-independent-review-v4-probe -> origin/agent/doctor-who-cycle-007-v8-independent-review-v4-probe
independently-adjudicate-benbassat-as-picard-voiceover	Run actions/checkout@v4	2026-08-24T19:28:04.7652211Z  * [new branch]        agent/doctor-who-cycle-007-v8-independent-review-v5 -> origin/agent/doctor-who-cycle-007-v8-independent-review-v5
independently-adjudicate-benbassat-as-picard-voiceover	Run actions/checkout@v4	2026-08-24T19:28:04.7653031Z  * [new branch]        agent/doctor-who-cycle-007-v8-materializer -> origin/agent/doctor-who-cycle-007-v8-materializer
independently-adjudicate-benbassat-as-picard-voiceover	Run actions/checkout@v4	2026-08-24T19:28:04.7653822Z  * [new branch]        agent/doctor-who-cycle-007-v8-merge-guardian-v1 -> origin/agent/doctor-who-cycle-007-v8-merge-guardian-v1
independently-adjudicate-benbassat-as-picard-voiceover	Run actions/checkout@v4	2026-08-24T19:28:04.7654623Z  * [new branch]        agent/doctor-who-cycle-007-v8-merge-guardian-v2 -> origin/agent/doctor-who-cycle-007-v8-merge-guardian-v2
independently-adjudicate-benbassat-as-picard-voiceover	Run actions/checkout@v4	2026-08-24T19:28:04.7655399Z  * [new branch]        agent/doctor-who-cycle-007-v8-merge-guardian-v3 -> origin/agent/doctor-who-cycle-007-v8-merge-guardian-v3
independently-adjudicate-benbassat-as-picard-voiceover	Run actions/checkout@v4	2026-08-24T19:28:04.7656225Z  * [new branch]        agent/doctor-who-cycle-007-v8-product-qualifier-v1 -> origin/agent/doctor-who-cycle-007-v8-product-qualifier-v1
independently-adjudicate-benbassat-as-picard-voiceover	Run actions/checkout@v4	2026-08-24T19:28:04.7657584Z  * [new branch]        agent/doctor-who-cycle-007-v8-product-qualifier-v2 -> origin/agent/doctor-who-cycle-007-v8-product-qualifier-v2
independently-adjudicate-benbassat-as-picard-voiceover	Run actions/checkout@v4	2026-08-24T19:28:04.7658475Z  * [new branch]        agent/doctor-who-cycle-007-v8-product-qualifier-v3 -> origin/agent/doctor-who-cycle-007-v8-product-qualifier-v3
independently-adjudicate-benbassat-as-picard-voiceover	Run actions/checkout@v4	2026-08-24T19:28:04.7659872Z  * [new branch]        agent/doctor-who-cycle-007-v8-terminal-guardian-v4 -> origin/agent/doctor-who-cycle-007-v8-terminal-guardian-v4
independently-adjudicate-benbassat-as-picard-voiceover	Run actions/checkout@v4	2026-08-24T19:28:04.7661328Z  * [new branch]        agent/doctor-who-cycle-007-writer-builder-squash-temp -> origin/agent/doctor-who-cycle-007-writer-builder-squash-temp
independently-adjudicate-benbassat-as-picard-voiceover	Run actions/checkout@v4	2026-08-24T19:28:04.7662959Z  * [new branch]        agent/doctor-who-cycle-007-writer-builder-squash-temp-v2 -> origin/agent/doctor-who-cycle-007-writer-builder-squash-temp-v2
independently-adjudicate-benbassat-as-picard-voiceover	Run actions/checkout@v4	2026-08-24T19:28:04.7664397Z  * [new branch]        agent/doctor-who-cycle-007-writer-builder-v1 -> origin/agent/doctor-who-cycle-007-writer-builder-v1
independently-adjudicate-benbassat-as-picard-voiceover	Run actions/checkout@v4	2026-08-24T19:28:04.7665708Z  * [new branch]        agent/doctor-who-cycle-007-writer-builder-v2 -> origin/agent/doctor-who-cycle-007-writer-builder-v2
independently-adjudicate-benbassat-as-picard-voiceover	Run actions/checkout@v4	2026-08-24T19:28:04.7666992Z  * [new branch]        agent/doctor-who-cycle-007-writer-builder-v3 -> origin/agent/doctor-who-cycle-007-writer-builder-v3
independently-adjudicate-benbassat-as-picard-voiceover	Run actions/checkout@v4	2026-08-24T19:28:04.7668631Z  * [new branch]        agent/doctor-who-cycle-007-writer-builder-v4-squash-temp -> origin/agent/doctor-who-cycle-007-writer-builder-v4-squash-temp
independently-adjudicate-benbassat-as-picard-voiceover	Run actions/checkout@v4	2026-08-24T19:28:04.7670318Z  * [new branch]        agent/doctor-who-cycle-007-writer-builder-v4-squash-temp-v2 -> origin/agent/doctor-who-cycle-007-writer-builder-v4-squash-temp-v2
independently-adjudicate-benbassat-as-picard-voiceover	Run actions/checkout@v4	2026-08-24T19:28:04.7672029Z  * [new branch]        agent/doctor-who-cycle-007-writer-builder-v6-rebuild -> origin/agent/doctor-who-cycle-007-writer-builder-v6-rebuild
independently-adjudicate-benbassat-as-picard-voiceover	Run actions/checkout@v4	2026-08-24T19:28:04.7673460Z  * [new branch]        agent/doctor-who-cycle-007-writer-builder-v7 -> origin/agent/doctor-who-cycle-007-writer-builder-v7
independently-adjudicate-benbassat-as-picard-voiceover	Run actions/checkout@v4	2026-08-24T19:28:04.7674741Z  * [new branch]        agent/doctor-who-cycle-007-writer-builder-v9 -> origin/agent/doctor-who-cycle-007-writer-builder-v9
independently-adjudicate-benbassat-as-picard-voiceover	Run actions/checkout@v4	2026-08-24T19:28:04.7676730Z  * [new branch]        agent/doctor-who-cycle-008-composability-current-main-v1 -> origin/agent/doctor-who-cycle-008-composability-current-main-v1
independently-adjudicate-benbassat-as-picard-voiceover	Run actions/checkout@v4	2026-08-24T19:28:04.7678586Z  * [new branch]        agent/doctor-who-cycle-008-composability-for-cycle-009 -> origin/agent/doctor-who-cycle-008-composability-for-cycle-009
independently-adjudicate-benbassat-as-picard-voiceover	Run actions/checkout@v4	2026-08-24T19:28:04.7680108Z  * [new branch]        agent/doctor-who-cycle-008-composability-v2 -> origin/agent/doctor-who-cycle-008-composability-v2
independently-adjudicate-benbassat-as-picard-voiceover	Run actions/checkout@v4	2026-08-24T19:28:04.7681671Z  * [new branch]        agent/doctor-who-cycle-008-composability-v3-materializer-v1 -> origin/agent/doctor-who-cycle-008-composability-v3-materializer-v1
independently-adjudicate-benbassat-as-picard-voiceover	Run actions/checkout@v4	2026-08-24T19:28:04.7683341Z  * [new branch]        agent/doctor-who-cycle-008-composability-v3-product -> origin/agent/doctor-who-cycle-008-composability-v3-product
independently-adjudicate-benbassat-as-picard-voiceover	Run actions/checkout@v4	2026-08-24T19:28:04.7685108Z  * [new branch]        agent/doctor-who-cycle-008-composability-v3-qualifier -> origin/agent/doctor-who-cycle-008-composability-v3-qualifier
independently-adjudicate-benbassat-as-picard-voiceover	Run actions/checkout@v4	2026-08-24T19:28:04.7686084Z  * [new branch]        agent/doctor-who-cycle-008-current-main-source-export -> origin/agent/doctor-who-cycle-008-current-main-source-export
independently-adjudicate-benbassat-as-picard-voiceover	Run actions/checkout@v4	2026-08-24T19:28:04.7687035Z  * [new branch]        agent/doctor-who-cycle-008-current-main-source-export-v2 -> origin/agent/doctor-who-cycle-008-current-main-source-export-v2
independently-adjudicate-benbassat-as-picard-voiceover	Run actions/checkout@v4	2026-08-24T19:28:04.7688333Z  * [new branch]        agent/doctor-who-cycle-008-cycle007-finalization-delta-recovery -> origin/agent/doctor-who-cycle-008-cycle007-finalization-delta-recovery
independently-adjudicate-benbassat-as-picard-voiceover	Run actions/checkout@v4	2026-08-24T19:28:04.7689460Z  * [new branch]        agent/doctor-who-cycle-008-cycle007-finalization-delta-recovery-v2 -> origin/agent/doctor-who-cycle-008-cycle007-finalization-delta-recovery-v2
independently-adjudicate-benbassat-as-picard-voiceover	Run actions/checkout@v4	2026-08-24T19:28:04.7690370Z  * [new branch]        agent/doctor-who-cycle-008-preflight -> origin/agent/doctor-who-cycle-008-preflight
independently-adjudicate-benbassat-as-picard-voiceover	Run actions/checkout@v4	2026-08-24T19:28:04.7691307Z  * [new branch]        agent/doctor-who-cycle-008-preflight-v2 -> origin/agent/doctor-who-cycle-008-preflight-v2
independently-adjudicate-benbassat-as-picard-voiceover	Run actions/checkout@v4	2026-08-24T19:28:04.7692018Z  * [new branch]        agent/doctor-who-cycle-008-preflight-v3 -> origin/agent/doctor-who-cycle-008-preflight-v3
independently-adjudicate-benbassat-as-picard-voiceover	Run actions/checkout@v4	2026-08-24T19:28:04.7693237Z  * [new branch]        agent/doctor-who-cycle-009-megnus-jaka-postmerge-settler-v1 -> origin/agent/doctor-who-cycle-009-megnus-jaka-postmerge-settler-v1
independently-adjudicate-benbassat-as-picard-voiceover	Run actions/checkout@v4	2026-08-24T19:28:04.7694672Z  * [new branch]        agent/doctor-who-cycle-009-megnus-jaka-postmerge-v2 -> origin/agent/doctor-who-cycle-009-megnus-jaka-postmerge-v2
independently-adjudicate-benbassat-as-picard-voiceover	Run actions/checkout@v4	2026-08-24T19:28:04.7695476Z  * [new branch]        agent/doctor-who-cycle-010-frontier-v1 -> origin/agent/doctor-who-cycle-010-frontier-v1
independently-adjudicate-benbassat-as-picard-voiceover	Run actions/checkout@v4	2026-08-24T19:28:04.7696318Z  * [new branch]        agent/doctor-who-cycle-010-merx-candidate-current-main-v4 -> origin/agent/doctor-who-cycle-010-merx-candidate-current-main-v4
independently-adjudicate-benbassat-as-picard-voiceover	Run actions/checkout@v4	2026-08-24T19:28:04.7697254Z  * [new branch]        agent/doctor-who-cycle-010-merx-candidate-review-v1 -> origin/agent/doctor-who-cycle-010-merx-candidate-review-v1
independently-adjudicate-benbassat-as-picard-voiceover	Run actions/checkout@v4	2026-08-24T19:28:04.7698310Z  * [new branch]        agent/doctor-who-cycle-010-merx-candidate-v1 -> origin/agent/doctor-who-cycle-010-merx-candidate-v1
independently-adjudicate-benbassat-as-picard-voiceover	Run actions/checkout@v4	2026-08-24T19:28:04.7699073Z  * [new branch]        agent/doctor-who-cycle-010-merx-candidate-v2 -> origin/agent/doctor-who-cycle-010-merx-candidate-v2
independently-adjudicate-benbassat-as-picard-voiceover	Run actions/checkout@v4	2026-08-24T19:28:04.7699816Z  * [new branch]        agent/doctor-who-cycle-010-merx-candidate-v3 -> origin/agent/doctor-who-cycle-010-merx-candidate-v3
independently-adjudicate-benbassat-as-picard-voiceover	Run actions/checkout@v4	2026-08-24T19:28:04.7700667Z  * [new branch]        agent/doctor-who-cycle-010-merx-candidate-v4-current-main -> origin/agent/doctor-who-cycle-010-merx-candidate-v4-current-main
independently-adjudicate-benbassat-as-picard-voiceover	Run actions/checkout@v4	2026-08-24T19:28:04.7701614Z  * [new branch]        agent/doctor-who-cycle-010-merx-candidate-v4-rebound -> origin/agent/doctor-who-cycle-010-merx-candidate-v4-rebound
independently-adjudicate-benbassat-as-picard-voiceover	Run actions/checkout@v4	2026-08-24T19:28:04.7702452Z  * [new branch]        agent/doctor-who-cycle-010-merx-evidence-v1 -> origin/agent/doctor-who-cycle-010-merx-evidence-v1
independently-adjudicate-benbassat-as-picard-voiceover	Run actions/checkout@v4	2026-08-24T19:28:04.7703199Z  * [new branch]        agent/doctor-who-cycle-010-merx-evidence-v2 -> origin/agent/doctor-who-cycle-010-merx-evidence-v2
independently-adjudicate-benbassat-as-picard-voiceover	Run actions/checkout@v4	2026-08-24T19:28:04.7704133Z  * [new branch]        agent/doctor-who-cycle-010-merx-evidence-v3 -> origin/agent/doctor-who-cycle-010-merx-evidence-v3
independently-adjudicate-benbassat-as-picard-voiceover	Run actions/checkout@v4	2026-08-24T19:28:04.7705162Z  * [new branch]        agent/doctor-who-cycle-010-merx-evidence-v4 -> origin/agent/doctor-who-cycle-010-merx-evidence-v4
independently-adjudicate-benbassat-as-picard-voiceover	Run actions/checkout@v4	2026-08-24T19:28:04.7706529Z  * [new branch]        agent/doctor-who-cycle-010-merx-final-product-current-main-v1 -> origin/agent/doctor-who-cycle-010-merx-final-product-current-main-v1
independently-adjudicate-benbassat-as-picard-voiceover	Run actions/checkout@v4	2026-08-24T19:28:04.7707702Z  * [new branch]        agent/doctor-who-cycle-010-merx-final-product-v1 -> origin/agent/doctor-who-cycle-010-merx-final-product-v1
independently-adjudicate-benbassat-as-picard-voiceover	Run actions/checkout@v4	2026-08-24T19:28:04.7708942Z  * [new branch]        agent/doctor-who-cycle-010-merx-final-product-v2 -> origin/agent/doctor-who-cycle-010-merx-final-product-v2
independently-adjudicate-benbassat-as-picard-voiceover	Run actions/checkout@v4	2026-08-24T19:28:04.7710135Z  * [new branch]        agent/doctor-who-cycle-010-merx-final-product-v3 -> origin/agent/doctor-who-cycle-010-merx-final-product-v3
independently-adjudicate-benbassat-as-picard-voiceover	Run actions/checkout@v4	2026-08-24T19:28:04.7711478Z  * [new branch]        agent/doctor-who-cycle-010-merx-final-product-v4 -> origin/agent/doctor-who-cycle-010-merx-final-product-v4
independently-adjudicate-benbassat-as-picard-voiceover	Run actions/checkout@v4	2026-08-24T19:28:04.7713057Z  * [new branch]        agent/doctor-who-cycle-010-merx-final-review-current-main-v1 -> origin/agent/doctor-who-cycle-010-merx-final-review-current-main-v1
independently-adjudicate-benbassat-as-picard-voiceover	Run actions/checkout@v4	2026-08-24T19:28:04.7714639Z  * [new branch]        agent/doctor-who-cycle-010-merx-final-review-v1 -> origin/agent/doctor-who-cycle-010-merx-final-review-v1
independently-adjudicate-benbassat-as-picard-voiceover	Run actions/checkout@v4	2026-08-24T19:28:04.7715957Z  * [new branch]        agent/doctor-who-cycle-010-merx-final-review-v2 -> origin/agent/doctor-who-cycle-010-merx-final-review-v2
independently-adjudicate-benbassat-as-picard-voiceover	Run actions/checkout@v4	2026-08-24T19:28:04.7717308Z  * [new branch]        agent/doctor-who-cycle-010-merx-final-review-v3 -> origin/agent/doctor-who-cycle-010-merx-final-review-v3
independently-adjudicate-benbassat-as-picard-voiceover	Run actions/checkout@v4	2026-08-24T19:28:04.7718850Z  * [new branch]        agent/doctor-who-cycle-010-merx-final-review-v4 -> origin/agent/doctor-who-cycle-010-merx-final-review-v4
independently-adjudicate-benbassat-as-picard-voiceover	Run actions/checkout@v4	2026-08-24T19:28:04.7720459Z  * [new branch]        agent/doctor-who-cycle-010-merx-media-review-v1 -> origin/agent/doctor-who-cycle-010-merx-media-review-v1
independently-adjudicate-benbassat-as-picard-voiceover	Run actions/checkout@v4	2026-08-24T19:28:04.7721948Z  * [new branch]        agent/doctor-who-cycle-010-merx-merger-current-main-v1 -> origin/agent/doctor-who-cycle-010-merx-merger-current-main-v1
independently-adjudicate-benbassat-as-picard-voiceover	Run actions/checkout@v4	2026-08-24T19:28:04.7723403Z  * [new branch]        agent/doctor-who-cycle-010-merx-postmerge-v1 -> origin/agent/doctor-who-cycle-010-merx-postmerge-v1
independently-adjudicate-benbassat-as-picard-voiceover	Run actions/checkout@v4	2026-08-24T19:28:04.7724975Z  * [new branch]        agent/doctor-who-cycle-010-merx-publisher-current-main-v1 -> origin/agent/doctor-who-cycle-010-merx-publisher-current-main-v1
independently-adjudicate-benbassat-as-picard-voiceover	Run actions/checkout@v4	2026-08-24T19:28:04.7726864Z  * [new branch]        agent/doctor-who-cycle-010-merx-reviewed-product-current-main-v1 -> origin/agent/doctor-who-cycle-010-merx-reviewed-product-current-main-v1
independently-adjudicate-benbassat-as-picard-voiceover	Run actions/checkout@v4	2026-08-24T19:28:04.7728645Z  * [new branch]        agent/doctor-who-cycle-010-preflight-v1 -> origin/agent/doctor-who-cycle-010-preflight-v1
independently-adjudicate-benbassat-as-picard-voiceover	Run actions/checkout@v4	2026-08-24T19:28:04.7729898Z  * [new branch]        agent/doctor-who-cycle-010-preflight-v2 -> origin/agent/doctor-who-cycle-010-preflight-v2
independently-adjudicate-benbassat-as-picard-voiceover	Run actions/checkout@v4	2026-08-24T19:28:04.7731122Z  * [new branch]        agent/doctor-who-cycle-011-preflight-v1 -> origin/agent/doctor-who-cycle-011-preflight-v1
independently-adjudicate-benbassat-as-picard-voiceover	Run actions/checkout@v4	2026-08-24T19:28:04.7732550Z  * [new branch]        agent/doctor-who-cycle-011-retire-direct-publisher-v1 -> origin/agent/doctor-who-cycle-011-retire-direct-publisher-v1
independently-adjudicate-benbassat-as-picard-voiceover	Run actions/checkout@v4	2026-08-24T19:28:04.7734123Z  * [new branch]        agent/doctor-who-cycle-012-senstarg-candidate-v1 -> origin/agent/doctor-who-cycle-012-senstarg-candidate-v1
independently-adjudicate-benbassat-as-picard-voiceover	Run actions/checkout@v4	2026-08-24T19:28:04.7735569Z  * [new branch]        agent/doctor-who-cycle-012-senstarg-review-v1 -> origin/agent/doctor-who-cycle-012-senstarg-review-v1
independently-adjudicate-benbassat-as-picard-voiceover	Run actions/checkout@v4	2026-08-24T19:28:04.7736974Z  * [new branch]        agent/doctor-who-cycle-013-shallo-candidate-v1 -> origin/agent/doctor-who-cycle-013-shallo-candidate-v1
independently-adjudicate-benbassat-as-picard-voiceover	Run actions/checkout@v4	2026-08-24T19:28:04.7738532Z  * [new branch]        agent/doctor-who-cycle-014-shrok-candidate-v1 -> origin/agent/doctor-who-cycle-014-shrok-candidate-v1
independently-adjudicate-benbassat-as-picard-voiceover	Run actions/checkout@v4	2026-08-24T19:28:04.7740034Z  * [new branch]        agent/doctor-who-global-cycle-receipt -> origin/agent/doctor-who-global-cycle-receipt
independently-adjudicate-benbassat-as-picard-voiceover	Run actions/checkout@v4	2026-08-24T19:28:04.7741336Z  * [new branch]        agent/doctor-who-gredd-cycle-002-publication -> origin/agent/doctor-who-gredd-cycle-002-publication
independently-adjudicate-benbassat-as-picard-voiceover	Run actions/checkout@v4	2026-08-24T19:28:04.7742876Z  * [new branch]        agent/doctor-who-journal-retirement-presence-custody -> origin/agent/doctor-who-journal-retirement-presence-custody
independently-adjudicate-benbassat-as-picard-voiceover	Run actions/checkout@v4	2026-08-24T19:28:04.7744566Z  * [new branch]        agent/doctor-who-lifecycle-scope-and-terminal-custody -> origin/agent/doctor-who-lifecycle-scope-and-terminal-custody
independently-adjudicate-benbassat-as-picard-voiceover	Run actions/checkout@v4	2026-08-24T19:28:04.7746237Z  * [new branch]        agent/doctor-who-lifecycle-task-id-first-custody -> origin/agent/doctor-who-lifecycle-task-id-first-custody
independently-adjudicate-benbassat-as-picard-voiceover	Run actions/checkout@v4	2026-08-24T19:28:04.7747940Z  * [new branch]        agent/doctor-who-lifecycle-task-id-first-custody-v2 -> origin/agent/doctor-who-lifecycle-task-id-first-custody-v2
independently-adjudicate-benbassat-as-picard-voiceover	Run actions/checkout@v4	2026-08-24T19:28:04.7749548Z  * [new branch]        agent/doctor-who-lifecycle-task-id-first-custody-v3 -> origin/agent/doctor-who-lifecycle-task-id-first-custody-v3
independently-adjudicate-benbassat-as-picard-voiceover	Run actions/checkout@v4	2026-08-24T19:28:04.7751009Z  * [new branch]        agent/doctor-who-pilot-activation-current -> origin/agent/doctor-who-pilot-activation-current
independently-adjudicate-benbassat-as-picard-voiceover	Run actions/checkout@v4	2026-08-24T19:28:04.7752348Z  * [new branch]        agent/doctor-who-pilot-claim-event-custody -> origin/agent/doctor-who-pilot-claim-event-custody
independently-adjudicate-benbassat-as-picard-voiceover	Run actions/checkout@v4	2026-08-24T19:28:04.7753549Z  * [new branch]        agent/doctor-who-pilot-cycle-001 -> origin/agent/doctor-who-pilot-cycle-001
independently-adjudicate-benbassat-as-picard-voiceover	Run actions/checkout@v4	2026-08-24T19:28:04.7754707Z  * [new branch]        agent/doctor-who-pilot-cycle-001-current -> origin/agent/doctor-who-pilot-cycle-001-current
independently-adjudicate-benbassat-as-picard-voiceover	Run actions/checkout@v4	2026-08-24T19:28:04.7756038Z  * [new branch]        agent/doctor-who-pilot-cycle-journal-custody -> origin/agent/doctor-who-pilot-cycle-journal-custody
independently-adjudicate-benbassat-as-picard-voiceover	Run actions/checkout@v4	2026-08-24T19:28:04.7757543Z  * [new branch]        agent/doctor-who-pilot-cycle-review-hotfix -> origin/agent/doctor-who-pilot-cycle-review-hotfix
independently-adjudicate-benbassat-as-picard-voiceover	Run actions/checkout@v4	2026-08-24T19:28:04.7759079Z  * [new branch]        agent/doctor-who-regeneration-001 -> origin/agent/doctor-who-regeneration-001
independently-adjudicate-benbassat-as-picard-voiceover	Run actions/checkout@v4	2026-08-24T19:28:04.7760381Z  * [new branch]        agent/doctor-who-retained-retired-task-custody -> origin/agent/doctor-who-retained-retired-task-custody
independently-adjudicate-benbassat-as-picard-voiceover	Run actions/checkout@v4	2026-08-24T19:28:04.7761825Z  * [new branch]        agent/doctor-who-scope-bound-cycle-receipt -> origin/agent/doctor-who-scope-bound-cycle-receipt
independently-adjudicate-benbassat-as-picard-voiceover	Run actions/checkout@v4	2026-08-24T19:28:04.7763109Z  * [new branch]        agent/doctor-who-semantic-adapter-001 -> origin/agent/doctor-who-semantic-adapter-001
independently-adjudicate-benbassat-as-picard-voiceover	Run actions/checkout@v4	2026-08-24T19:28:04.7764358Z  * [new branch]        agent/doctor-who-source-preservation-001 -> origin/agent/doctor-who-source-preservation-001
independently-adjudicate-benbassat-as-picard-voiceover	Run actions/checkout@v4	2026-08-24T19:28:04.7765553Z  * [new branch]        agent/enwright-cycle-schema-probe -> origin/agent/enwright-cycle-schema-probe
independently-adjudicate-benbassat-as-picard-voiceover	Run actions/checkout@v4	2026-08-24T19:28:04.7766706Z  * [new branch]        agent/enwright-media-candidate-probe -> origin/agent/enwright-media-candidate-probe
independently-adjudicate-benbassat-as-picard-voiceover	Run actions/checkout@v4	2026-08-24T19:28:04.7767962Z  * [new branch]        agent/estate-consolidation-001 -> origin/agent/estate-consolidation-001
independently-adjudicate-benbassat-as-picard-voiceover	Run actions/checkout@v4	2026-08-24T19:28:04.7769019Z  * [new branch]        agent/estate-debt-collection-001 -> origin/agent/estate-debt-collection-001
independently-adjudicate-benbassat-as-picard-voiceover	Run actions/checkout@v4	2026-08-24T19:28:04.7770090Z  * [new branch]        agent/estate-release-finalize-001 -> origin/agent/estate-release-finalize-001
independently-adjudicate-benbassat-as-picard-voiceover	Run actions/checkout@v4	2026-08-24T19:28:04.7771191Z  * [new branch]        agent/export-current-main-result-v1 -> origin/agent/export-current-main-result-v1
independently-adjudicate-benbassat-as-picard-voiceover	Run actions/checkout@v4	2026-08-24T19:28:04.7772301Z  * [new branch]        agent/export-current-main-result-v2 -> origin/agent/export-current-main-result-v2
independently-adjudicate-benbassat-as-picard-voiceover	Run actions/checkout@v4	2026-08-24T19:28:04.7773318Z  * [new branch]        agent/export-current-main-v1 -> origin/agent/export-current-main-v1
independently-adjudicate-benbassat-as-picard-voiceover	Run actions/checkout@v4	2026-08-24T19:28:04.7774238Z  * [new branch]        agent/export-current-main-v2 -> origin/agent/export-current-main-v2
independently-adjudicate-benbassat-as-picard-voiceover	Run actions/checkout@v4	2026-08-24T19:28:04.7775374Z  * [new branch]        agent/extract-maryl-helper-by-sha-result-v2 -> origin/agent/extract-maryl-helper-by-sha-result-v2
independently-adjudicate-benbassat-as-picard-voiceover	Run actions/checkout@v4	2026-08-24T19:28:04.7776640Z  * [new branch]        agent/extract-maryl-helper-by-sha-v2 -> origin/agent/extract-maryl-helper-by-sha-v2
independently-adjudicate-benbassat-as-picard-voiceover	Run actions/checkout@v4	2026-08-24T19:28:04.7778152Z  * [new branch]        agent/extract-maryl-helper-for-queen-v1 -> origin/agent/extract-maryl-helper-for-queen-v1
independently-adjudicate-benbassat-as-picard-voiceover	Run actions/checkout@v4	2026-08-24T19:28:04.7779345Z  * [new branch]        agent/extract-maryl-status-result-v1 -> origin/agent/extract-maryl-status-result-v1
independently-adjudicate-benbassat-as-picard-voiceover	Run actions/checkout@v4	2026-08-24T19:28:04.7780401Z  * [new branch]        agent/extract-maryl-status-v1 -> origin/agent/extract-maryl-status-v1
independently-adjudicate-benbassat-as-picard-voiceover	Run actions/checkout@v4	2026-08-24T19:28:04.7781617Z  * [new branch]        agent/extract-white-rabbit-controller-result-v1 -> origin/agent/extract-white-rabbit-controller-result-v1
independently-adjudicate-benbassat-as-picard-voiceover	Run actions/checkout@v4	2026-08-24T19:28:04.7782978Z  * [new branch]        agent/extract-white-rabbit-controller-v1 -> origin/agent/extract-white-rabbit-controller-v1
independently-adjudicate-benbassat-as-picard-voiceover	Run actions/checkout@v4	2026-08-24T19:28:04.7784162Z  * [new branch]        agent/ferengi-media-enrichment-001 -> origin/agent/ferengi-media-enrichment-001
independently-adjudicate-benbassat-as-picard-voiceover	Run actions/checkout@v4	2026-08-24T19:28:04.7785362Z  * [new branch]        agent/finalize-clean-preservation-7054b6 -> origin/agent/finalize-clean-preservation-7054b6
independently-adjudicate-benbassat-as-picard-voiceover	Run actions/checkout@v4	2026-08-24T19:28:04.7786609Z  * [new branch]        agent/finalize-forced-preserve-7054b6 -> origin/agent/finalize-forced-preserve-7054b6
independently-adjudicate-benbassat-as-picard-voiceover	Run actions/checkout@v4	2026-08-24T19:28:04.7787866Z  * [new branch]        agent/fix-ferengi-role-filter -> origin/agent/fix-ferengi-role-filter
independently-adjudicate-benbassat-as-picard-voiceover	Run actions/checkout@v4	2026-08-24T19:28:04.7788973Z  * [new branch]        agent/full-site-integrity-design-sweep -> origin/agent/full-site-integrity-design-sweep
independently-adjudicate-benbassat-as-picard-voiceover	Run actions/checkout@v4	2026-08-24T19:28:04.7790148Z  * [new branch]        agent/gredd-cycle-002-final-evidence -> origin/agent/gredd-cycle-002-final-evidence
independently-adjudicate-benbassat-as-picard-voiceover	Run actions/checkout@v4	2026-08-24T19:28:04.7791329Z  * [new branch]        agent/gredd-cycle-002-recovery-bootstrap -> origin/agent/gredd-cycle-002-recovery-bootstrap
independently-adjudicate-benbassat-as-picard-voiceover	Run actions/checkout@v4	2026-08-24T19:28:04.7792515Z  * [new branch]        agent/gredd-cycle-002-recovery-rearm -> origin/agent/gredd-cycle-002-recovery-rearm
independently-adjudicate-benbassat-as-picard-voiceover	Run actions/checkout@v4	2026-08-24T19:28:04.7793598Z  * [new branch]        agent/homepage-purpose-and-theme -> origin/agent/homepage-purpose-and-theme
independently-adjudicate-benbassat-as-picard-voiceover	Run actions/checkout@v4	2026-08-24T19:28:04.7794999Z  * [new branch]        agent/inspect-anastasia-candidate-result-v1 -> origin/agent/inspect-anastasia-candidate-result-v1
independently-adjudicate-benbassat-as-picard-voiceover	Run actions/checkout@v4	2026-08-24T19:28:04.7796267Z  * [new branch]        agent/inspect-anastasia-candidate-v1 -> origin/agent/inspect-anastasia-candidate-v1
independently-adjudicate-benbassat-as-picard-voiceover	Run actions/checkout@v4	2026-08-24T19:28:04.7797646Z  * [new branch]        agent/inspect-anastasia-install-result-v1 -> origin/agent/inspect-anastasia-install-result-v1
independently-adjudicate-benbassat-as-picard-voiceover	Run actions/checkout@v4	2026-08-24T19:28:04.7798856Z  * [new branch]        agent/inspect-anastasia-install-v1 -> origin/agent/inspect-anastasia-install-v1
independently-adjudicate-benbassat-as-picard-voiceover	Run actions/checkout@v4	2026-08-24T19:28:04.7800060Z  * [new branch]        agent/inspect-anastasia-runs-all-result-v1 -> origin/agent/inspect-anastasia-runs-all-result-v1
independently-adjudicate-benbassat-as-picard-voiceover	Run actions/checkout@v4	2026-08-24T19:28:04.7801284Z  * [new branch]        agent/inspect-anastasia-runs-all-v1 -> origin/agent/inspect-anastasia-runs-all-v1
independently-adjudicate-benbassat-as-picard-voiceover	Run actions/checkout@v4	2026-08-24T19:28:04.7802490Z  * [new branch]        agent/inspect-star-trek-current-result-v1 -> origin/agent/inspect-star-trek-current-result-v1
independently-adjudicate-benbassat-as-picard-voiceover	Run actions/checkout@v4	2026-08-24T19:28:04.7803677Z  * [new branch]        agent/inspect-star-trek-current-v1 -> origin/agent/inspect-star-trek-current-v1
independently-adjudicate-benbassat-as-picard-voiceover	Run actions/checkout@v4	2026-08-24T19:28:04.7804744Z  * [new branch]        agent/inspect-star-trek-rail-v5 -> origin/agent/inspect-star-trek-rail-v5
independently-adjudicate-benbassat-as-picard-voiceover	Run actions/checkout@v4	2026-08-24T19:28:04.7805850Z  * [new branch]        agent/inspect-star-trek-rail-v5-result -> origin/agent/inspect-star-trek-rail-v5-result
independently-adjudicate-benbassat-as-picard-voiceover	Run actions/checkout@v4	2026-08-24T19:28:04.7807083Z  * [new branch]        agent/inspect-star-trek-rail-v5-snapshot -> origin/agent/inspect-star-trek-rail-v5-snapshot
independently-adjudicate-benbassat-as-picard-voiceover	Run actions/checkout@v4	2026-08-24T19:28:04.7808595Z  * [new branch]        agent/inspect-star-trek-rail-v5-snapshot-result -> origin/agent/inspect-star-trek-rail-v5-snapshot-result
independently-adjudicate-benbassat-as-picard-voiceover	Run actions/checkout@v4	2026-08-24T19:28:04.7809828Z  * [new branch]        agent/inspect-star-trek-sync-v6 -> origin/agent/inspect-star-trek-sync-v6
independently-adjudicate-benbassat-as-picard-voiceover	Run actions/checkout@v4	2026-08-24T19:28:04.7810922Z  * [new branch]        agent/inspect-star-trek-sync-v6-result -> origin/agent/inspect-star-trek-sync-v6-result
independently-adjudicate-benbassat-as-picard-voiceover	Run actions/checkout@v4	2026-08-24T19:28:04.7812141Z  * [new branch]        agent/inspect-star-trek-sync-v6-snapshot -> origin/agent/inspect-star-trek-sync-v6-snapshot
independently-adjudicate-benbassat-as-picard-voiceover	Run actions/checkout@v4	2026-08-24T19:28:04.7813490Z  * [new branch]        agent/inspect-star-trek-sync-v6-snapshot-result -> origin/agent/inspect-star-trek-sync-v6-snapshot-result
independently-adjudicate-benbassat-as-picard-voiceover	Run actions/checkout@v4	2026-08-24T19:28:04.7814985Z  * [new branch]        agent/locate-finalizer-forced-7054b6 -> origin/agent/locate-finalizer-forced-7054b6
independently-adjudicate-benbassat-as-picard-voiceover	Run actions/checkout@v4	2026-08-24T19:28:04.7816165Z  * [new branch]        agent/locate-preserve-dispatch-7054b6 -> origin/agent/locate-preserve-dispatch-7054b6
independently-adjudicate-benbassat-as-picard-voiceover	Run actions/checkout@v4	2026-08-24T19:28:04.7817356Z  * [new branch]        agent/locate-terminal-closure-7f6140 -> origin/agent/locate-terminal-closure-7f6140
independently-adjudicate-benbassat-as-picard-voiceover	Run actions/checkout@v4	2026-08-24T19:28:04.7818660Z  * [new branch]        agent/media-audit-scope-order-repair -> origin/agent/media-audit-scope-order-repair
independently-adjudicate-benbassat-as-picard-voiceover	Run actions/checkout@v4	2026-08-24T19:28:04.7819797Z  * [new branch]        agent/no-user-physical-dependency -> origin/agent/no-user-physical-dependency
independently-adjudicate-benbassat-as-picard-voiceover	Run actions/checkout@v4	2026-08-24T19:28:04.7820977Z  * [new branch]        agent/observe-anastasia-cycle-result-v1 -> origin/agent/observe-anastasia-cycle-result-v1
independently-adjudicate-benbassat-as-picard-voiceover	Run actions/checkout@v4	2026-08-24T19:28:04.7822130Z  * [new branch]        agent/observe-anastasia-cycle-v1 -> origin/agent/observe-anastasia-cycle-v1
independently-adjudicate-benbassat-as-picard-voiceover	Run actions/checkout@v4	2026-08-24T19:28:04.7823309Z  * [new branch]        agent/observe-anastasia-recovery-result-v2 -> origin/agent/observe-anastasia-recovery-result-v2
independently-adjudicate-benbassat-as-picard-voiceover	Run actions/checkout@v4	2026-08-24T19:28:04.7824513Z  * [new branch]        agent/observe-anastasia-recovery-v2 -> origin/agent/observe-anastasia-recovery-v2
independently-adjudicate-benbassat-as-picard-voiceover	Run actions/checkout@v4	2026-08-24T19:28:04.7825841Z  * [new branch]        agent/observe-cycle-011-rastel-cleanup-current-v1 -> origin/agent/observe-cycle-011-rastel-cleanup-current-v1
independently-adjudicate-benbassat-as-picard-voiceover	Run actions/checkout@v4	2026-08-24T19:28:04.7827352Z  * [new branch]        agent/observe-cycle-completed-failure-32546924511 -> origin/agent/observe-cycle-completed-failure-32546924511
independently-adjudicate-benbassat-as-picard-voiceover	Run actions/checkout@v4	2026-08-24T19:28:04.7828858Z  * [new branch]        agent/observe-cycle-v3-current -> origin/agent/observe-cycle-v3-current
independently-adjudicate-benbassat-as-picard-voiceover	Run actions/checkout@v4	2026-08-24T19:28:04.7830145Z  * [new branch]        agent/observe-dispatch-clean-preservation-235227a -> origin/agent/observe-dispatch-clean-preservation-235227a
independently-adjudicate-benbassat-as-picard-voiceover	Run actions/checkout@v4	2026-08-24T19:28:04.7831638Z  * [new branch]        agent/observe-finalize-forced-7054b6 -> origin/agent/observe-finalize-forced-7054b6
independently-adjudicate-benbassat-as-picard-voiceover	Run actions/checkout@v4	2026-08-24T19:28:04.7832788Z  * [new branch]        agent/observe-gredd-recovery-63fadd -> origin/agent/observe-gredd-recovery-63fadd
independently-adjudicate-benbassat-as-picard-voiceover	Run actions/checkout@v4	2026-08-24T19:28:04.7833909Z  * [new branch]        agent/observe-no-golden-cage-d81e33 -> origin/agent/observe-no-golden-cage-d81e33
independently-adjudicate-benbassat-as-picard-voiceover	Run actions/checkout@v4	2026-08-24T19:28:04.7835058Z  * [new branch]        agent/observe-operational-main-25f637 -> origin/agent/observe-operational-main-25f637
independently-adjudicate-benbassat-as-picard-voiceover	Run actions/checkout@v4	2026-08-24T19:28:04.7836136Z  * [new branch]        agent/observe-preserve-7054b6 -> origin/agent/observe-preserve-7054b6
independently-adjudicate-benbassat-as-picard-voiceover	Run actions/checkout@v4	2026-08-24T19:28:04.7837246Z  * [new branch]        agent/observe-preserve-dispatch-7054b6 -> origin/agent/observe-preserve-dispatch-7054b6
independently-adjudicate-benbassat-as-picard-voiceover	Run actions/checkout@v4	2026-08-24T19:28:04.7838483Z  * [new branch]        agent/observe-queen-media-v1 -> origin/agent/observe-queen-media-v1
independently-adjudicate-benbassat-as-picard-voiceover	Run actions/checkout@v4	2026-08-24T19:28:04.7839513Z  * [new branch]        agent/observe-queen-media-v1-result -> origin/agent/observe-queen-media-v1-result
independently-adjudicate-benbassat-as-picard-voiceover	Run actions/checkout@v4	2026-08-24T19:28:04.7840670Z  * [new branch]        agent/observe-star-trek-cycle-result-v1 -> origin/agent/observe-star-trek-cycle-result-v1
independently-adjudicate-benbassat-as-picard-voiceover	Run actions/checkout@v4	2026-08-24T19:28:04.7841856Z  * [new branch]        agent/observe-star-trek-cycle-snapshot-v1 -> origin/agent/observe-star-trek-cycle-snapshot-v1
independently-adjudicate-benbassat-as-picard-voiceover	Run actions/checkout@v4	2026-08-24T19:28:04.7842979Z  * [new branch]        agent/observe-star-trek-cycle-v1 -> origin/agent/observe-star-trek-cycle-v1
independently-adjudicate-benbassat-as-picard-voiceover	Run actions/checkout@v4	2026-08-24T19:28:04.7844010Z  * [new branch]        agent/observe-star-trek-cycle-v3 -> origin/agent/observe-star-trek-cycle-v3
independently-adjudicate-benbassat-as-picard-voiceover	Run actions/checkout@v4	2026-08-24T19:28:04.7845277Z  * [new branch]        agent/observe-star-trek-cycle-v3-result -> origin/agent/observe-star-trek-cycle-v3-result
independently-adjudicate-benbassat-as-picard-voiceover	Run actions/checkout@v4	2026-08-24T19:28:04.7846626Z  * [new branch]        agent/observe-star-trek-cycle-v3-snapshot -> origin/agent/observe-star-trek-cycle-v3-snapshot
independently-adjudicate-benbassat-as-picard-voiceover	Run actions/checkout@v4	2026-08-24T19:28:04.7848209Z  * [new branch]        agent/observe-star-trek-cycle-v3-snapshot-result -> origin/agent/observe-star-trek-cycle-v3-snapshot-result
independently-adjudicate-benbassat-as-picard-voiceover	Run actions/checkout@v4	2026-08-24T19:28:04.7849482Z  * [new branch]        agent/observe-star-trek-cycle-v4 -> origin/agent/observe-star-trek-cycle-v4
independently-adjudicate-benbassat-as-picard-voiceover	Run actions/checkout@v4	2026-08-24T19:28:04.7850788Z  * [new branch]        agent/observe-star-trek-cycle-v4-result -> origin/agent/observe-star-trek-cycle-v4-result
independently-adjudicate-benbassat-as-picard-voiceover	Run actions/checkout@v4	2026-08-24T19:28:04.7852036Z  * [new branch]        agent/observe-star-trek-cycle-v4-snapshot -> origin/agent/observe-star-trek-cycle-v4-snapshot
independently-adjudicate-benbassat-as-picard-voiceover	Run actions/checkout@v4	2026-08-24T19:28:04.7853411Z  * [new branch]        agent/observe-star-trek-cycle-v4-snapshot-result -> origin/agent/observe-star-trek-cycle-v4-snapshot-result
independently-adjudicate-benbassat-as-picard-voiceover	Run actions/checkout@v4	2026-08-24T19:28:04.7854763Z  * [new branch]        agent/observe-terminal-closure-7f6140 -> origin/agent/observe-terminal-closure-7f6140
independently-adjudicate-benbassat-as-picard-voiceover	Run actions/checkout@v4	2026-08-24T19:28:04.7855885Z  * [new branch]        agent/observe-ux-nav-review-release -> origin/agent/observe-ux-nav-review-release
independently-adjudicate-benbassat-as-picard-voiceover	Run actions/checkout@v4	2026-08-24T19:28:04.7857211Z  * [new branch]        agent/operational-evidence-publisher-v3-20260806 -> origin/agent/operational-evidence-publisher-v3-20260806
independently-adjudicate-benbassat-as-picard-voiceover	Run actions/checkout@v4	2026-08-24T19:28:04.7858861Z  * [new branch]        agent/operational-evidence-review-base-37d681f -> origin/agent/operational-evidence-review-base-37d681f
independently-adjudicate-benbassat-as-picard-voiceover	Run actions/checkout@v4	2026-08-24T19:28:04.7860539Z  * [new branch]        agent/operational-evidence-second-desk-direct-publisher-v12 -> origin/agent/operational-evidence-second-desk-direct-publisher-v12
independently-adjudicate-benbassat-as-picard-voiceover	Run actions/checkout@v4	2026-08-24T19:28:04.7862361Z  * [new branch]        agent/operational-evidence-second-desk-publisher-20260806 -> origin/agent/operational-evidence-second-desk-publisher-20260806
independently-adjudicate-benbassat-as-picard-voiceover	Run actions/checkout@v4	2026-08-24T19:28:04.7864209Z  * [new branch]        agent/operational-evidence-second-desk-publisher-v10-trigger -> origin/agent/operational-evidence-second-desk-publisher-v10-trigger
independently-adjudicate-benbassat-as-picard-voiceover	Run actions/checkout@v4	2026-08-24T19:28:04.7866131Z  * [new branch]        agent/operational-evidence-second-desk-publisher-v11-pr-target -> origin/agent/operational-evidence-second-desk-publisher-v11-pr-target
independently-adjudicate-benbassat-as-picard-voiceover	Run actions/checkout@v4	2026-08-24T19:28:04.7868225Z  * [new branch]        agent/operational-evidence-second-desk-publisher-v6-wrapper -> origin/agent/operational-evidence-second-desk-publisher-v6-wrapper
independently-adjudicate-benbassat-as-picard-voiceover	Run actions/checkout@v4	2026-08-24T19:28:04.7870248Z  * [new branch]        agent/operational-evidence-second-desk-publisher-v7-wrapper -> origin/agent/operational-evidence-second-desk-publisher-v7-wrapper
independently-adjudicate-benbassat-as-picard-voiceover	Run actions/checkout@v4	2026-08-24T19:28:04.7872064Z  * [new branch]        agent/operational-evidence-second-desk-publisher-v9-wrapper -> origin/agent/operational-evidence-second-desk-publisher-v9-wrapper
independently-adjudicate-benbassat-as-picard-voiceover	Run actions/checkout@v4	2026-08-24T19:28:04.7873796Z  * [new branch]        agent/operational-evidence-second-desk-refresh-20260806 -> origin/agent/operational-evidence-second-desk-refresh-20260806
independently-adjudicate-benbassat-as-picard-voiceover	Run actions/checkout@v4	2026-08-24T19:28:04.7875350Z  * [new branch]        agent/operational-evidence-second-desk-v11-event -> origin/agent/operational-evidence-second-desk-v11-event
independently-adjudicate-benbassat-as-picard-voiceover	Run actions/checkout@v4	2026-08-24T19:28:04.7876950Z  * [new branch]        agent/operational-evidence-v11-direct-product-staging -> origin/agent/operational-evidence-v11-direct-product-staging
independently-adjudicate-benbassat-as-picard-voiceover	Run actions/checkout@v4	2026-08-24T19:28:04.7878829Z  * [new branch]        agent/operational-evidence-workflow-run-igniter-20260806 -> origin/agent/operational-evidence-workflow-run-igniter-20260806
independently-adjudicate-benbassat-as-picard-voiceover	Run actions/checkout@v4	2026-08-24T19:28:04.7880290Z  * [new branch]        agent/operational-metric-baselines -> origin/agent/operational-metric-baselines
independently-adjudicate-benbassat-as-picard-voiceover	Run actions/checkout@v4	2026-08-24T19:28:04.7881502Z  * [new branch]        agent/operational-metric-ledger-custody -> origin/agent/operational-metric-ledger-custody
independently-adjudicate-benbassat-as-picard-voiceover	Run actions/checkout@v4	2026-08-24T19:28:04.7882756Z  * [new branch]        agent/operational-metrics-custody-002 -> origin/agent/operational-metrics-custody-002
independently-adjudicate-benbassat-as-picard-voiceover	Run actions/checkout@v4	2026-08-24T19:28:04.7883964Z  * [new branch]        agent/operational-metrics-receipt-003 -> origin/agent/operational-metrics-receipt-003
independently-adjudicate-benbassat-as-picard-voiceover	Run actions/checkout@v4	2026-08-24T19:28:04.7885130Z  * [new branch]        agent/operational-reliability-001 -> origin/agent/operational-reliability-001
independently-adjudicate-benbassat-as-picard-voiceover	Run actions/checkout@v4	2026-08-24T19:28:04.7886433Z  * [new branch]        agent/operational-reliability-binary-recovery -> origin/agent/operational-reliability-binary-recovery
independently-adjudicate-benbassat-as-picard-voiceover	Run actions/checkout@v4	2026-08-24T19:28:04.7888046Z  * [new branch]        agent/operational-reliability-drill-receipts -> origin/agent/operational-reliability-drill-receipts
independently-adjudicate-benbassat-as-picard-voiceover	Run actions/checkout@v4	2026-08-24T19:28:04.7889511Z  * [new branch]        agent/operational-reliability-evidence-ledger -> origin/agent/operational-reliability-evidence-ledger
independently-adjudicate-benbassat-as-picard-voiceover	Run actions/checkout@v4	2026-08-24T19:28:04.7891226Z  * [new branch]        agent/operational-reliability-evidence-ledger-v2 -> origin/agent/operational-reliability-evidence-ledger-v2
independently-adjudicate-benbassat-as-picard-voiceover	Run actions/checkout@v4	2026-08-24T19:28:04.7892732Z  * [new branch]        agent/operational-reliability-lockfile-trigger -> origin/agent/operational-reliability-lockfile-trigger
independently-adjudicate-benbassat-as-picard-voiceover	Run actions/checkout@v4	2026-08-24T19:28:04.7894120Z  * [new branch]        agent/operational-reliability-main-proof -> origin/agent/operational-reliability-main-proof
independently-adjudicate-benbassat-as-picard-voiceover	Run actions/checkout@v4	2026-08-24T19:28:04.7895438Z  * [new branch]        agent/operational-reliability-metrics-001 -> origin/agent/operational-reliability-metrics-001
independently-adjudicate-benbassat-as-picard-voiceover	Run actions/checkout@v4	2026-08-24T19:28:04.7896800Z  * [new branch]        agent/operational-reliability-no-golden-cage -> origin/agent/operational-reliability-no-golden-cage
independently-adjudicate-benbassat-as-picard-voiceover	Run actions/checkout@v4	2026-08-24T19:28:04.7898189Z  * [new branch]        agent/post-merge-enwright-proof -> origin/agent/post-merge-enwright-proof
independently-adjudicate-benbassat-as-picard-voiceover	Run actions/checkout@v4	2026-08-24T19:28:04.7899432Z  * [new branch]        agent/probe-anastasia-recovery-now-result-v2 -> origin/agent/probe-anastasia-recovery-now-result-v2
independently-adjudicate-benbassat-as-picard-voiceover	Run actions/checkout@v4	2026-08-24T19:28:04.7900589Z  * [new branch]        agent/probe-cycle-v3-head   -> origin/agent/probe-cycle-v3-head
independently-adjudicate-benbassat-as-picard-voiceover	Run actions/checkout@v4	2026-08-24T19:28:04.7901597Z  * [new branch]        agent/public-trust-corrections-001 -> origin/agent/public-trust-corrections-001
independently-adjudicate-benbassat-as-picard-voiceover	Run actions/checkout@v4	2026-08-24T19:28:04.7902842Z  * [new branch]        agent/public-trust-corrections-mainline-001 -> origin/agent/public-trust-corrections-mainline-001
independently-adjudicate-benbassat-as-picard-voiceover	Run actions/checkout@v4	2026-08-24T19:28:04.7904049Z  * [new branch]        agent/publisher-custody-or-guard -> origin/agent/publisher-custody-or-guard
independently-adjudicate-benbassat-as-picard-voiceover	Run actions/checkout@v4	2026-08-24T19:28:04.7905091Z  * [new branch]        agent/qualify-ux02a-current-main -> origin/agent/qualify-ux02a-current-main
independently-adjudicate-benbassat-as-picard-voiceover	Run actions/checkout@v4	2026-08-24T19:28:04.7906274Z  * [new branch]        agent/queen-cycle-status-snapshot-result-v1 -> origin/agent/queen-cycle-status-snapshot-result-v1
independently-adjudicate-benbassat-as-picard-voiceover	Run actions/checkout@v4	2026-08-24T19:28:04.7907715Z  * [new branch]        agent/queen-cycle-status-snapshot-v1 -> origin/agent/queen-cycle-status-snapshot-v1
independently-adjudicate-benbassat-as-picard-voiceover	Run actions/checkout@v4	2026-08-24T19:28:04.7909052Z  * [new branch]        agent/queen-helper-align-result-v1 -> origin/agent/queen-helper-align-result-v1
independently-adjudicate-benbassat-as-picard-voiceover	Run actions/checkout@v4	2026-08-24T19:28:04.7910076Z  * [new branch]        agent/queen-helper-align-v1 -> origin/agent/queen-helper-align-v1
independently-adjudicate-benbassat-as-picard-voiceover	Run actions/checkout@v4	2026-08-24T19:28:04.7911229Z  * [new branch]        agent/queen-helper-current-prefix-result-v1 -> origin/agent/queen-helper-current-prefix-result-v1
independently-adjudicate-benbassat-as-picard-voiceover	Run actions/checkout@v4	2026-08-24T19:28:04.7912506Z  * [new branch]        agent/queen-helper-current-prefix-v1 -> origin/agent/queen-helper-current-prefix-v1
independently-adjudicate-benbassat-as-picard-voiceover	Run actions/checkout@v4	2026-08-24T19:28:04.7913669Z  * [new branch]        agent/queen-helper-recover-result-v2 -> origin/agent/queen-helper-recover-result-v2
independently-adjudicate-benbassat-as-picard-voiceover	Run actions/checkout@v4	2026-08-24T19:28:04.7914732Z  * [new branch]        agent/queen-helper-recover-v2 -> origin/agent/queen-helper-recover-v2
independently-adjudicate-benbassat-as-picard-voiceover	Run actions/checkout@v4	2026-08-24T19:28:04.7915913Z  * [new branch]        agent/queen-helper-status-snapshot-result-v1 -> origin/agent/queen-helper-status-snapshot-result-v1
independently-adjudicate-benbassat-as-picard-voiceover	Run actions/checkout@v4	2026-08-24T19:28:04.7917206Z  * [new branch]        agent/queen-helper-status-snapshot-v1 -> origin/agent/queen-helper-status-snapshot-v1
independently-adjudicate-benbassat-as-picard-voiceover	Run actions/checkout@v4	2026-08-24T19:28:04.7918430Z  * [new branch]        agent/queen-helper-verify-v1 -> origin/agent/queen-helper-verify-v1
independently-adjudicate-benbassat-as-picard-voiceover	Run actions/checkout@v4	2026-08-24T19:28:04.7919510Z  * [new branch]        agent/queen-source-run-index-result-v1 -> origin/agent/queen-source-run-index-result-v1
independently-adjudicate-benbassat-as-picard-voiceover	Run actions/checkout@v4	2026-08-24T19:28:04.7920609Z  * [new branch]        agent/queen-source-run-index-v1 -> origin/agent/queen-source-run-index-v1
independently-adjudicate-benbassat-as-picard-voiceover	Run actions/checkout@v4	2026-08-24T19:28:04.7921553Z  * [new branch]        agent/rd-wave03-blob-probe  -> origin/agent/rd-wave03-blob-probe
independently-adjudicate-benbassat-as-picard-voiceover	Run actions/checkout@v4	2026-08-24T19:28:04.7922542Z  * [new branch]        agent/read-collection-publish-log -> origin/agent/read-collection-publish-log
independently-adjudicate-benbassat-as-picard-voiceover	Run actions/checkout@v4	2026-08-24T19:28:04.7923583Z  * [new branch]        agent/recover-queen-helper-v4 -> origin/agent/recover-queen-helper-v4
independently-adjudicate-benbassat-as-picard-voiceover	Run actions/checkout@v4	2026-08-24T19:28:04.7924635Z  * [new branch]        agent/register-ux-nav-noscript-fix -> origin/agent/register-ux-nav-noscript-fix
independently-adjudicate-benbassat-as-picard-voiceover	Run actions/checkout@v4	2026-08-24T19:28:04.7925781Z  * [new branch]        agent/register-ux-nav-readonly-release -> origin/agent/register-ux-nav-readonly-release
independently-adjudicate-benbassat-as-picard-voiceover	Run actions/checkout@v4	2026-08-24T19:28:04.7927066Z  * [new branch]        agent/residual-denominator-wave-01 -> origin/agent/residual-denominator-wave-01
independently-adjudicate-benbassat-as-picard-voiceover	Run actions/checkout@v4	2026-08-24T19:28:04.7928540Z  * [new branch]        agent/residual-denominator-wave-01-hardening-stage -> origin/agent/residual-denominator-wave-01-hardening-stage
independently-adjudicate-benbassat-as-picard-voiceover	Run actions/checkout@v4	2026-08-24T19:28:04.7930001Z  * [new branch]        agent/restore-collection-steady-state-after-ux -> origin/agent/restore-collection-steady-state-after-ux
independently-adjudicate-benbassat-as-picard-voiceover	Run actions/checkout@v4	2026-08-24T19:28:04.7931449Z  * [new branch]        agent/retire-doctor-who-cycle-007-v10-payloads -> origin/agent/retire-doctor-who-cycle-007-v10-payloads
independently-adjudicate-benbassat-as-picard-voiceover	Run actions/checkout@v4	2026-08-24T19:28:04.7932900Z  * [new branch]        agent/retire-doctor-who-cycle-007-v10-publisher -> origin/agent/retire-doctor-who-cycle-007-v10-publisher
independently-adjudicate-benbassat-as-picard-voiceover	Run actions/checkout@v4	2026-08-24T19:28:04.7934335Z  * [new branch]        agent/retire-doctor-who-cycle-007-v14-publisher -> origin/agent/retire-doctor-who-cycle-007-v14-publisher
independently-adjudicate-benbassat-as-picard-voiceover	Run actions/checkout@v4	2026-08-24T19:28:04.7935742Z  * [new branch]        agent/retire-estate-preservation-transport -> origin/agent/retire-estate-preservation-transport
independently-adjudicate-benbassat-as-picard-voiceover	Run actions/checkout@v4	2026-08-24T19:28:04.7937170Z  * [new branch]        agent/retire-stale-dec0016-trigger-after-cycle005 -> origin/agent/retire-stale-dec0016-trigger-after-cycle005
independently-adjudicate-benbassat-as-picard-voiceover	Run actions/checkout@v4	2026-08-24T19:28:04.7938747Z  * [new branch]        agent/retire-synthetic-cycle-009-cadence-v1 -> origin/agent/retire-synthetic-cycle-009-cadence-v1
independently-adjudicate-benbassat-as-picard-voiceover	Run actions/checkout@v4	2026-08-24T19:28:04.7940068Z  * [new branch]        agent/retire-unconsumed-wave03-review-fix -> origin/agent/retire-unconsumed-wave03-review-fix
independently-adjudicate-benbassat-as-picard-voiceover	Run actions/checkout@v4	2026-08-24T19:28:04.7941381Z  * [new branch]        agent/retire-unstarted-wave03-hosted-executor -> origin/agent/retire-unstarted-wave03-hosted-executor
independently-adjudicate-benbassat-as-picard-voiceover	Run actions/checkout@v4	2026-08-24T19:28:04.7942548Z  * [new branch]        agent/rolling-gold-waterline -> origin/agent/rolling-gold-waterline
independently-adjudicate-benbassat-as-picard-voiceover	Run actions/checkout@v4	2026-08-24T19:28:04.7943704Z  * [new branch]        agent/scope-local-certification-fixture -> origin/agent/scope-local-certification-fixture
independently-adjudicate-benbassat-as-picard-voiceover	Run actions/checkout@v4	2026-08-24T19:28:04.7945023Z  * [new branch]        agent/site-gold-map-001     -> origin/agent/site-gold-map-001
independently-adjudicate-benbassat-as-picard-voiceover	Run actions/checkout@v4	2026-08-24T19:28:04.7945860Z  * [new branch]        agent/site-gold-map-002     -> origin/agent/site-gold-map-002
independently-adjudicate-benbassat-as-picard-voiceover	Run actions/checkout@v4	2026-08-24T19:28:04.7946910Z  * [new branch]        agent/sitewide-truth-maintenance-handoff -> origin/agent/sitewide-truth-maintenance-handoff
independently-adjudicate-benbassat-as-picard-voiceover	Run actions/checkout@v4	2026-08-24T19:28:04.7948159Z  * [new branch]        agent/snapshot-cycle-v3     -> origin/agent/snapshot-cycle-v3
independently-adjudicate-benbassat-as-picard-voiceover	Run actions/checkout@v4	2026-08-24T19:28:04.7949096Z  * [new branch]        agent/snapshot-cycle-v3-result -> origin/agent/snapshot-cycle-v3-result
independently-adjudicate-benbassat-as-picard-voiceover	Run actions/checkout@v4	2026-08-24T19:28:04.7950013Z  * [new branch]        agent/snapshot-cycle-v4     -> origin/agent/snapshot-cycle-v4
independently-adjudicate-benbassat-as-picard-voiceover	Run actions/checkout@v4	2026-08-24T19:28:04.7950923Z  * [new branch]        agent/snapshot-cycle-v4-live-result -> origin/agent/snapshot-cycle-v4-live-result
independently-adjudicate-benbassat-as-picard-voiceover	Run actions/checkout@v4	2026-08-24T19:28:04.7951609Z  * [new branch]        agent/snapshot-cycle-v5     -> origin/agent/snapshot-cycle-v5
independently-adjudicate-benbassat-as-picard-voiceover	Run actions/checkout@v4	2026-08-24T19:28:04.7952178Z  * [new branch]        agent/snapshot-cycle-v5-live-result -> origin/agent/snapshot-cycle-v5-live-result
independently-adjudicate-benbassat-as-picard-voiceover	Run actions/checkout@v4	2026-08-24T19:28:04.7953202Z  * [new branch]        agent/ssc-rd-wave03-admission-review-finalizer-20260805 -> origin/agent/ssc-rd-wave03-admission-review-finalizer-20260805
independently-adjudicate-benbassat-as-picard-voiceover	Run actions/checkout@v4	2026-08-24T19:28:04.7954245Z  * [new branch]        agent/ssc-rd-wave03-admission-review-product-20260805 -> origin/agent/ssc-rd-wave03-admission-review-product-20260805
independently-adjudicate-benbassat-as-picard-voiceover	Run actions/checkout@v4	2026-08-24T19:28:04.7955179Z  * [new branch]        agent/ssc-rd-wave03-atomic-product-repair -> origin/agent/ssc-rd-wave03-atomic-product-repair
independently-adjudicate-benbassat-as-picard-voiceover	Run actions/checkout@v4	2026-08-24T19:28:04.7955892Z  * [new branch]        agent/ssc-rd-wave03-carrier -> origin/agent/ssc-rd-wave03-carrier
independently-adjudicate-benbassat-as-picard-voiceover	Run actions/checkout@v4	2026-08-24T19:28:04.7956514Z  * [new branch]        agent/ssc-rd-wave03-controller-observer -> origin/agent/ssc-rd-wave03-controller-observer
independently-adjudicate-benbassat-as-picard-voiceover	Run actions/checkout@v4	2026-08-24T19:28:04.7957224Z  * [new branch]        agent/ssc-rd-wave03-controller-v2-cleanup -> origin/agent/ssc-rd-wave03-controller-v2-cleanup
independently-adjudicate-benbassat-as-picard-voiceover	Run actions/checkout@v4	2026-08-24T19:28:04.7958304Z  * [new branch]        agent/ssc-rd-wave03-exact-capture-api-finalizer-20260805 -> origin/agent/ssc-rd-wave03-exact-capture-api-finalizer-20260805
independently-adjudicate-benbassat-as-picard-voiceover	Run actions/checkout@v4	2026-08-24T19:28:04.7959539Z  * [new branch]        agent/ssc-rd-wave03-exact-capture-api-finalizer-base-20260805 -> origin/agent/ssc-rd-wave03-exact-capture-api-finalizer-base-20260805
independently-adjudicate-benbassat-as-picard-voiceover	Run actions/checkout@v4	2026-08-24T19:28:04.7960577Z  * [new branch]        agent/ssc-rd-wave03-exact-capture-api-finalizer-v2-20260805 -> origin/agent/ssc-rd-wave03-exact-capture-api-finalizer-v2-20260805
independently-adjudicate-benbassat-as-picard-voiceover	Run actions/checkout@v4	2026-08-24T19:28:04.7961595Z  * [new branch]        agent/ssc-rd-wave03-exact-capture-api-finalizer-v3-20260805 -> origin/agent/ssc-rd-wave03-exact-capture-api-finalizer-v3-20260805
independently-adjudicate-benbassat-as-picard-voiceover	Run actions/checkout@v4	2026-08-24T19:28:04.7962582Z  * [new branch]        agent/ssc-rd-wave03-exact-capture-api-finalizer-v4-20260805 -> origin/agent/ssc-rd-wave03-exact-capture-api-finalizer-v4-20260805
independently-adjudicate-benbassat-as-picard-voiceover	Run actions/checkout@v4	2026-08-24T19:28:04.7963554Z  * [new branch]        agent/ssc-rd-wave03-exact-capture-api-publisher-v1-20260805 -> origin/agent/ssc-rd-wave03-exact-capture-api-publisher-v1-20260805
independently-adjudicate-benbassat-as-picard-voiceover	Run actions/checkout@v4	2026-08-24T19:28:04.7964485Z  * [new branch]        agent/ssc-rd-wave03-exact-capture-base-20260805 -> origin/agent/ssc-rd-wave03-exact-capture-base-20260805
independently-adjudicate-benbassat-as-picard-voiceover	Run actions/checkout@v4	2026-08-24T19:28:04.7965383Z  * [new branch]        agent/ssc-rd-wave03-exact-capture-blob-export-20260805 -> origin/agent/ssc-rd-wave03-exact-capture-blob-export-20260805
independently-adjudicate-benbassat-as-picard-voiceover	Run actions/checkout@v4	2026-08-24T19:28:04.7966338Z  * [new branch]        agent/ssc-rd-wave03-exact-capture-drift-resolver-20260805 -> origin/agent/ssc-rd-wave03-exact-capture-drift-resolver-20260805
independently-adjudicate-benbassat-as-picard-voiceover	Run actions/checkout@v4	2026-08-24T19:28:04.7967294Z  * [new branch]        agent/ssc-rd-wave03-exact-capture-finalizer-20260805 -> origin/agent/ssc-rd-wave03-exact-capture-finalizer-20260805
independently-adjudicate-benbassat-as-picard-voiceover	Run actions/checkout@v4	2026-08-24T19:28:04.7968545Z  * [new branch]        agent/ssc-rd-wave03-exact-capture-finalizer-base-20260805 -> origin/agent/ssc-rd-wave03-exact-capture-finalizer-base-20260805
independently-adjudicate-benbassat-as-picard-voiceover	Run actions/checkout@v4	2026-08-24T19:28:04.7969513Z  * [new branch]        agent/ssc-rd-wave03-exact-capture-finalizer-v2-20260805 -> origin/agent/ssc-rd-wave03-exact-capture-finalizer-v2-20260805
independently-adjudicate-benbassat-as-picard-voiceover	Run actions/checkout@v4	2026-08-24T19:28:04.7970733Z  * [new branch]        agent/ssc-rd-wave03-exact-capture-finalizer-v2-base-20260805 -> origin/agent/ssc-rd-wave03-exact-capture-finalizer-v2-base-20260805
independently-adjudicate-benbassat-as-picard-voiceover	Run actions/checkout@v4	2026-08-24T19:28:04.7971732Z  * [new branch]        agent/ssc-rd-wave03-exact-capture-finalizer-v3-20260805 -> origin/agent/ssc-rd-wave03-exact-capture-finalizer-v3-20260805
independently-adjudicate-benbassat-as-picard-voiceover	Run actions/checkout@v4	2026-08-24T19:28:04.7972695Z  * [new branch]        agent/ssc-rd-wave03-exact-capture-finalizer-v3-base-20260805 -> origin/agent/ssc-rd-wave03-exact-capture-finalizer-v3-base-20260805
independently-adjudicate-benbassat-as-picard-voiceover	Run actions/checkout@v4	2026-08-24T19:28:04.7973644Z  * [new branch]        agent/ssc-rd-wave03-exact-capture-finalizer-v4-20260805 -> origin/agent/ssc-rd-wave03-exact-capture-finalizer-v4-20260805
independently-adjudicate-benbassat-as-picard-voiceover	Run actions/checkout@v4	2026-08-24T19:28:04.7974587Z  * [new branch]        agent/ssc-rd-wave03-exact-capture-finalizer-v4-base-20260805 -> origin/agent/ssc-rd-wave03-exact-capture-finalizer-v4-base-20260805
independently-adjudicate-benbassat-as-picard-voiceover	Run actions/checkout@v4	2026-08-24T19:28:04.7975576Z  * [new branch]        agent/ssc-rd-wave03-exact-capture-materializer-v2-20260805 -> origin/agent/ssc-rd-wave03-exact-capture-materializer-v2-20260805
independently-adjudicate-benbassat-as-picard-voiceover	Run actions/checkout@v4	2026-08-24T19:28:04.7976575Z  * [new branch]        agent/ssc-rd-wave03-exact-capture-materializer-v3-20260805 -> origin/agent/ssc-rd-wave03-exact-capture-materializer-v3-20260805
independently-adjudicate-benbassat-as-picard-voiceover	Run actions/checkout@v4	2026-08-24T19:28:04.7977729Z  * [new branch]        agent/ssc-rd-wave03-exact-capture-materializer-v4-20260805 -> origin/agent/ssc-rd-wave03-exact-capture-materializer-v4-20260805
independently-adjudicate-benbassat-as-picard-voiceover	Run actions/checkout@v4	2026-08-24T19:28:04.7978706Z  * [new branch]        agent/ssc-rd-wave03-exact-capture-materializer-v5-20260805 -> origin/agent/ssc-rd-wave03-exact-capture-materializer-v5-20260805
independently-adjudicate-benbassat-as-picard-voiceover	Run actions/checkout@v4	2026-08-24T19:28:04.7979671Z  * [new branch]        agent/ssc-rd-wave03-exact-capture-materializer-v6-20260805 -> origin/agent/ssc-rd-wave03-exact-capture-materializer-v6-20260805
independently-adjudicate-benbassat-as-picard-voiceover	Run actions/checkout@v4	2026-08-24T19:28:04.7980587Z  * [new branch]        agent/ssc-rd-wave03-exact-capture-product-20260805 -> origin/agent/ssc-rd-wave03-exact-capture-product-20260805
independently-adjudicate-benbassat-as-picard-voiceover	Run actions/checkout@v4	2026-08-24T19:28:04.7981490Z  * [new branch]        agent/ssc-rd-wave03-exact-capture-settlement-20260805 -> origin/agent/ssc-rd-wave03-exact-capture-settlement-20260805
independently-adjudicate-benbassat-as-picard-voiceover	Run actions/checkout@v4	2026-08-24T19:28:04.7982590Z  * [new branch]        agent/ssc-rd-wave03-exact-capture-settlement-base-20260805 -> origin/agent/ssc-rd-wave03-exact-capture-settlement-base-20260805
independently-adjudicate-benbassat-as-picard-voiceover	Run actions/checkout@v4	2026-08-24T19:28:04.7983557Z  * [new branch]        agent/ssc-rd-wave03-exact-capture-settlement-v2-20260805 -> origin/agent/ssc-rd-wave03-exact-capture-settlement-v2-20260805
independently-adjudicate-benbassat-as-picard-voiceover	Run actions/checkout@v4	2026-08-24T19:28:04.7984555Z  * [new branch]        agent/ssc-rd-wave03-exact-capture-settlement-v2-base-20260805 -> origin/agent/ssc-rd-wave03-exact-capture-settlement-v2-base-20260805
independently-adjudicate-benbassat-as-picard-voiceover	Run actions/checkout@v4	2026-08-24T19:28:04.7985540Z  * [new branch]        agent/ssc-rd-wave03-exact-capture-supervisor-v2-20260805 -> origin/agent/ssc-rd-wave03-exact-capture-supervisor-v2-20260805
independently-adjudicate-benbassat-as-picard-voiceover	Run actions/checkout@v4	2026-08-24T19:28:04.7986509Z  * [new branch]        agent/ssc-rd-wave03-exact-capture-supervisor-v2-base-20260805 -> origin/agent/ssc-rd-wave03-exact-capture-supervisor-v2-base-20260805
independently-adjudicate-benbassat-as-picard-voiceover	Run actions/checkout@v4	2026-08-24T19:28:04.7987722Z  * [new branch]        agent/ssc-rd-wave03-exact-capture-supervisor-v3-20260805 -> origin/agent/ssc-rd-wave03-exact-capture-supervisor-v3-20260805
independently-adjudicate-benbassat-as-picard-voiceover	Run actions/checkout@v4	2026-08-24T19:28:04.7988733Z  * [new branch]        agent/ssc-rd-wave03-exact-capture-supervisor-v3-base-20260805 -> origin/agent/ssc-rd-wave03-exact-capture-supervisor-v3-base-20260805
independently-adjudicate-benbassat-as-picard-voiceover	Run actions/checkout@v4	2026-08-24T19:28:04.7990286Z  * [new branch]        agent/ssc-rd-wave03-exact-capture-terminal-finalizer-20260805 -> origin/agent/ssc-rd-wave03-exact-capture-terminal-finalizer-20260805
independently-adjudicate-benbassat-as-picard-voiceover	Run actions/checkout@v4	2026-08-24T19:28:04.7991374Z  * [new branch]        agent/ssc-rd-wave03-exact-capture-terminal-finalizer-base-20260805 -> origin/agent/ssc-rd-wave03-exact-capture-terminal-finalizer-base-20260805
independently-adjudicate-benbassat-as-picard-voiceover	Run actions/checkout@v4	2026-08-24T19:28:04.7992480Z  * [new branch]        agent/ssc-rd-wave03-exact-capture-terminal-supervisor-20260805 -> origin/agent/ssc-rd-wave03-exact-capture-terminal-supervisor-20260805
independently-adjudicate-benbassat-as-picard-voiceover	Run actions/checkout@v4	2026-08-24T19:28:04.7993589Z  * [new branch]        agent/ssc-rd-wave03-exact-capture-terminal-supervisor-base-20260805 -> origin/agent/ssc-rd-wave03-exact-capture-terminal-supervisor-base-20260805
independently-adjudicate-benbassat-as-picard-voiceover	Run actions/checkout@v4	2026-08-24T19:28:04.7994664Z  * [new branch]        agent/ssc-rd-wave03-executor-observer -> origin/agent/ssc-rd-wave03-executor-observer
independently-adjudicate-benbassat-as-picard-voiceover	Run actions/checkout@v4	2026-08-24T19:28:04.7995387Z  * [new branch]        agent/ssc-rd-wave03-failure-source-export -> origin/agent/ssc-rd-wave03-failure-source-export
independently-adjudicate-benbassat-as-picard-voiceover	Run actions/checkout@v4	2026-08-24T19:28:04.7996169Z  * [new branch]        agent/ssc-rd-wave03-final-integration-base-v2 -> origin/agent/ssc-rd-wave03-final-integration-base-v2
independently-adjudicate-benbassat-as-picard-voiceover	Run actions/checkout@v4	2026-08-24T19:28:04.7996961Z  * [new branch]        agent/ssc-rd-wave03-final-integration-base-v3 -> origin/agent/ssc-rd-wave03-final-integration-base-v3
independently-adjudicate-benbassat-as-picard-voiceover	Run actions/checkout@v4	2026-08-24T19:28:04.7997918Z  * [new branch]        agent/ssc-rd-wave03-final-integration-v1 -> origin/agent/ssc-rd-wave03-final-integration-v1
independently-adjudicate-benbassat-as-picard-voiceover	Run actions/checkout@v4	2026-08-24T19:28:04.7998652Z  * [new branch]        agent/ssc-rd-wave03-final-integration-v2 -> origin/agent/ssc-rd-wave03-final-integration-v2
independently-adjudicate-benbassat-as-picard-voiceover	Run actions/checkout@v4	2026-08-24T19:28:04.7999406Z  * [new branch]        agent/ssc-rd-wave03-final-integration-v3 -> origin/agent/ssc-rd-wave03-final-integration-v3
independently-adjudicate-benbassat-as-picard-voiceover	Run actions/checkout@v4	2026-08-24T19:28:04.8000107Z  * [new branch]        agent/ssc-rd-wave03-hosted-executor -> origin/agent/ssc-rd-wave03-hosted-executor
independently-adjudicate-benbassat-as-picard-voiceover	Run actions/checkout@v4	2026-08-24T19:28:04.8000792Z  * [new branch]        agent/ssc-rd-wave03-hosted-executor-v2 -> origin/agent/ssc-rd-wave03-hosted-executor-v2
independently-adjudicate-benbassat-as-picard-voiceover	Run actions/checkout@v4	2026-08-24T19:28:04.8001487Z  * [new branch]        agent/ssc-rd-wave03-pr-qualification-v1 -> origin/agent/ssc-rd-wave03-pr-qualification-v1
independently-adjudicate-benbassat-as-picard-voiceover	Run actions/checkout@v4	2026-08-24T19:28:04.8002182Z  * [new branch]        agent/ssc-rd-wave03-pr-qualification-v2 -> origin/agent/ssc-rd-wave03-pr-qualification-v2
independently-adjudicate-benbassat-as-picard-voiceover	Run actions/checkout@v4	2026-08-24T19:28:04.8002886Z  * [new branch]        agent/ssc-rd-wave03-qualification-lint -> origin/agent/ssc-rd-wave03-qualification-lint
independently-adjudicate-benbassat-as-picard-voiceover	Run actions/checkout@v4	2026-08-24T19:28:04.8003697Z  * [new branch]        agent/ssc-rd-wave03-successor-route-capture-20260805 -> origin/agent/ssc-rd-wave03-successor-route-capture-20260805
independently-adjudicate-benbassat-as-picard-voiceover	Run actions/checkout@v4	2026-08-24T19:28:04.8004632Z  * [new branch]        agent/ssc-rd-wave03-successor-route-capture-v2-20260805 -> origin/agent/ssc-rd-wave03-successor-route-capture-v2-20260805
independently-adjudicate-benbassat-as-picard-voiceover	Run actions/checkout@v4	2026-08-24T19:28:04.8005808Z  * [new branch]        agent/ssc-rd-wave03-successor-route-census-product-20260805 -> origin/agent/ssc-rd-wave03-successor-route-census-product-20260805
independently-adjudicate-benbassat-as-picard-voiceover	Run actions/checkout@v4	2026-08-24T19:28:04.8006820Z  * [new branch]        agent/ssc-rd-wave03-successor-route-materializer-20260805 -> origin/agent/ssc-rd-wave03-successor-route-materializer-20260805
independently-adjudicate-benbassat-as-picard-voiceover	Run actions/checkout@v4	2026-08-24T19:28:04.8007942Z  * [new branch]        agent/ssc-rd-wave03-successor-route-observer-20260805 -> origin/agent/ssc-rd-wave03-successor-route-observer-20260805
independently-adjudicate-benbassat-as-picard-voiceover	Run actions/checkout@v4	2026-08-24T19:28:04.8008727Z  * [new branch]        agent/ssc-rd-wave03-v2-review-fix -> origin/agent/ssc-rd-wave03-v2-review-fix
independently-adjudicate-benbassat-as-picard-voiceover	Run actions/checkout@v4	2026-08-24T19:28:04.8009420Z  * [new branch]        agent/ssc-rd-wave03-v2-review-fix-register -> origin/agent/ssc-rd-wave03-v2-review-fix-register
independently-adjudicate-benbassat-as-picard-voiceover	Run actions/checkout@v4	2026-08-24T19:28:04.8010174Z  * [new branch]        agent/ssc-rd-wave03-v2-review-fix-trigger -> origin/agent/ssc-rd-wave03-v2-review-fix-trigger
independently-adjudicate-benbassat-as-picard-voiceover	Run actions/checkout@v4	2026-08-24T19:28:04.8010957Z  * [new branch]        agent/ssc-rd-wave03-xcap-contract-materializer -> origin/agent/ssc-rd-wave03-xcap-contract-materializer
independently-adjudicate-benbassat-as-picard-voiceover	Run actions/checkout@v4	2026-08-24T19:28:04.8011638Z  * [new branch]        agent/ssc-rd01-wave03-intake -> origin/agent/ssc-rd01-wave03-intake
independently-adjudicate-benbassat-as-picard-voiceover	Run actions/checkout@v4	2026-08-24T19:28:04.8012200Z  * [new branch]        agent/ssc-rd01-wave03-intake-v2 -> origin/agent/ssc-rd01-wave03-intake-v2
independently-adjudicate-benbassat-as-picard-voiceover	Run actions/checkout@v4	2026-08-24T19:28:04.8012823Z  * [new branch]        agent/ssc-rd01-wave03-repair-staging -> origin/agent/ssc-rd01-wave03-repair-staging
independently-adjudicate-benbassat-as-picard-voiceover	Run actions/checkout@v4	2026-08-24T19:28:04.8013412Z  * [new branch]        agent/ssc-rd02-wave03-intake -> origin/agent/ssc-rd02-wave03-intake
independently-adjudicate-benbassat-as-picard-voiceover	Run actions/checkout@v4	2026-08-24T19:28:04.8013977Z  * [new branch]        agent/ssc-rd02-wave03-intake-v2 -> origin/agent/ssc-rd02-wave03-intake-v2
independently-adjudicate-benbassat-as-picard-voiceover	Run actions/checkout@v4	2026-08-24T19:28:04.8014584Z  * [new branch]        agent/ssc-rd02-wave03-repair-staging -> origin/agent/ssc-rd02-wave03-repair-staging
independently-adjudicate-benbassat-as-picard-voiceover	Run actions/checkout@v4	2026-08-24T19:28:04.8015312Z  * [new branch]        agent/ssc-rd03-wave03-intake -> origin/agent/ssc-rd03-wave03-intake
independently-adjudicate-benbassat-as-picard-voiceover	Run actions/checkout@v4	2026-08-24T19:28:04.8015842Z  * [new branch]        agent/ssc-rd03-wave03-intake-v2 -> origin/agent/ssc-rd03-wave03-intake-v2
independently-adjudicate-benbassat-as-picard-voiceover	Run actions/checkout@v4	2026-08-24T19:28:04.8016426Z  * [new branch]        agent/ssc-rd03-wave03-repair-staging -> origin/agent/ssc-rd03-wave03-repair-staging
independently-adjudicate-benbassat-as-picard-voiceover	Run actions/checkout@v4	2026-08-24T19:28:04.8017002Z  * [new branch]        agent/ssc-rd04-wave03-intake -> origin/agent/ssc-rd04-wave03-intake
independently-adjudicate-benbassat-as-picard-voiceover	Run actions/checkout@v4	2026-08-24T19:28:04.8017695Z  * [new branch]        agent/ssc-rd04-wave03-intake-v2 -> origin/agent/ssc-rd04-wave03-intake-v2
independently-adjudicate-benbassat-as-picard-voiceover	Run actions/checkout@v4	2026-08-24T19:28:04.8018305Z  * [new branch]        agent/ssc-rd04-wave03-repair-staging -> origin/agent/ssc-rd04-wave03-repair-staging
independently-adjudicate-benbassat-as-picard-voiceover	Run actions/checkout@v4	2026-08-24T19:28:04.8018897Z  * [new branch]        agent/ssc-rd05-wave03-intake -> origin/agent/ssc-rd05-wave03-intake
independently-adjudicate-benbassat-as-picard-voiceover	Run actions/checkout@v4	2026-08-24T19:28:04.8019437Z  * [new branch]        agent/ssc-rd05-wave03-intake-v2 -> origin/agent/ssc-rd05-wave03-intake-v2
independently-adjudicate-benbassat-as-picard-voiceover	Run actions/checkout@v4	2026-08-24T19:28:04.8020024Z  * [new branch]        agent/ssc-rd05-wave03-repair-staging -> origin/agent/ssc-rd05-wave03-repair-staging
independently-adjudicate-benbassat-as-picard-voiceover	Run actions/checkout@v4	2026-08-24T19:28:04.8020612Z  * [new branch]        agent/ssc-rd06-wave03-intake -> origin/agent/ssc-rd06-wave03-intake
independently-adjudicate-benbassat-as-picard-voiceover	Run actions/checkout@v4	2026-08-24T19:28:04.8021151Z  * [new branch]        agent/ssc-rd06-wave03-intake-v2 -> origin/agent/ssc-rd06-wave03-intake-v2
independently-adjudicate-benbassat-as-picard-voiceover	Run actions/checkout@v4	2026-08-24T19:28:04.8021737Z  * [new branch]        agent/ssc-rd06-wave03-repair-staging -> origin/agent/ssc-rd06-wave03-repair-staging
independently-adjudicate-benbassat-as-picard-voiceover	Run actions/checkout@v4	2026-08-24T19:28:04.8022432Z  * [new branch]        agent/star-trek-alice-candidate-rebased-v1 -> origin/agent/star-trek-alice-candidate-rebased-v1
independently-adjudicate-benbassat-as-picard-voiceover	Run actions/checkout@v4	2026-08-24T19:28:04.8023131Z  * [new branch]        agent/star-trek-alice-candidate-v1 -> origin/agent/star-trek-alice-candidate-v1
independently-adjudicate-benbassat-as-picard-voiceover	Run actions/checkout@v4	2026-08-24T19:28:04.8023791Z  * [new branch]        agent/star-trek-alice-claim-result-v1 -> origin/agent/star-trek-alice-claim-result-v1
independently-adjudicate-benbassat-as-picard-voiceover	Run actions/checkout@v4	2026-08-24T19:28:04.8024413Z  * [new branch]        agent/star-trek-alice-claim-v1 -> origin/agent/star-trek-alice-claim-v1
independently-adjudicate-benbassat-as-picard-voiceover	Run actions/checkout@v4	2026-08-24T19:28:04.8025169Z  * [new branch]        agent/star-trek-alice-finalizer-live-probe-result-v1 -> origin/agent/star-trek-alice-finalizer-live-probe-result-v1
independently-adjudicate-benbassat-as-picard-voiceover	Run actions/checkout@v4	2026-08-24T19:28:04.8026233Z  * [new branch]        agent/star-trek-alice-finalizer-live-probe-result-v2 -> origin/agent/star-trek-alice-finalizer-live-probe-result-v2
independently-adjudicate-benbassat-as-picard-voiceover	Run actions/checkout@v4	2026-08-24T19:28:04.8027142Z  * [new branch]        agent/star-trek-alice-finalizer-live-probe-result-v3 -> origin/agent/star-trek-alice-finalizer-live-probe-result-v3
independently-adjudicate-benbassat-as-picard-voiceover	Run actions/checkout@v4	2026-08-24T19:28:04.8028186Z  * [new branch]        agent/star-trek-alice-finalizer-live-probe-v1 -> origin/agent/star-trek-alice-finalizer-live-probe-v1
independently-adjudicate-benbassat-as-picard-voiceover	Run actions/checkout@v4	2026-08-24T19:28:04.8028981Z  * [new branch]        agent/star-trek-alice-finalizer-live-probe-v2 -> origin/agent/star-trek-alice-finalizer-live-probe-v2
independently-adjudicate-benbassat-as-picard-voiceover	Run actions/checkout@v4	2026-08-24T19:28:04.8029813Z  * [new branch]        agent/star-trek-alice-finalizer-observer-result-v1 -> origin/agent/star-trek-alice-finalizer-observer-result-v1
independently-adjudicate-benbassat-as-picard-voiceover	Run actions/checkout@v4	2026-08-24T19:28:04.8030678Z  * [new branch]        agent/star-trek-alice-finalizer-observer-result-v2 -> origin/agent/star-trek-alice-finalizer-observer-result-v2
independently-adjudicate-benbassat-as-picard-voiceover	Run actions/checkout@v4	2026-08-24T19:28:04.8031536Z  * [new branch]        agent/star-trek-alice-finalizer-observer-result-v3 -> origin/agent/star-trek-alice-finalizer-observer-result-v3
independently-adjudicate-benbassat-as-picard-voiceover	Run actions/checkout@v4	2026-08-24T19:28:04.8032380Z  * [new branch]        agent/star-trek-alice-finalizer-observer-result-v4 -> origin/agent/star-trek-alice-finalizer-observer-result-v4
independently-adjudicate-benbassat-as-picard-voiceover	Run actions/checkout@v4	2026-08-24T19:28:04.8033230Z  * [new branch]        agent/star-trek-alice-finalizer-observer-result-v5 -> origin/agent/star-trek-alice-finalizer-observer-result-v5
independently-adjudicate-benbassat-as-picard-voiceover	Run actions/checkout@v4	2026-08-24T19:28:04.8034069Z  * [new branch]        agent/star-trek-alice-finalizer-observer-result-v6 -> origin/agent/star-trek-alice-finalizer-observer-result-v6
independently-adjudicate-benbassat-as-picard-voiceover	Run actions/checkout@v4	2026-08-24T19:28:04.8034910Z  * [new branch]        agent/star-trek-alice-finalizer-observer-result-v7 -> origin/agent/star-trek-alice-finalizer-observer-result-v7
independently-adjudicate-benbassat-as-picard-voiceover	Run actions/checkout@v4	2026-08-24T19:28:04.8035722Z  * [new branch]        agent/star-trek-alice-finalizer-observer-v1 -> origin/agent/star-trek-alice-finalizer-observer-v1
independently-adjudicate-benbassat-as-picard-voiceover	Run actions/checkout@v4	2026-08-24T19:28:04.8036624Z  * [new branch]        agent/star-trek-alice-finalizer-result-v1 -> origin/agent/star-trek-alice-finalizer-result-v1
independently-adjudicate-benbassat-as-picard-voiceover	Run actions/checkout@v4	2026-08-24T19:28:04.8037651Z  * [new branch]        agent/star-trek-alice-finalizer-source-recovery-result-v1 -> origin/agent/star-trek-alice-finalizer-source-recovery-result-v1
independently-adjudicate-benbassat-as-picard-voiceover	Run actions/checkout@v4	2026-08-24T19:28:04.8038480Z  * [new branch]        agent/star-trek-alice-finalizer-v1 -> origin/agent/star-trek-alice-finalizer-v1
independently-adjudicate-benbassat-as-picard-voiceover	Run actions/checkout@v4	2026-08-24T19:28:04.8039140Z  * [new branch]        agent/star-trek-alice-media-result-v1 -> origin/agent/star-trek-alice-media-result-v1
independently-adjudicate-benbassat-as-picard-voiceover	Run actions/checkout@v4	2026-08-24T19:28:04.8039757Z  * [new branch]        agent/star-trek-alice-media-v1 -> origin/agent/star-trek-alice-media-v1
independently-adjudicate-benbassat-as-picard-voiceover	Run actions/checkout@v4	2026-08-24T19:28:04.8040573Z  * [new branch]        agent/star-trek-alice-pages-terminalizer-observer-result-v1 -> origin/agent/star-trek-alice-pages-terminalizer-observer-result-v1
independently-adjudicate-benbassat-as-picard-voiceover	Run actions/checkout@v4	2026-08-24T19:28:04.8041584Z  * [new branch]        agent/star-trek-alice-pages-terminalizer-observer-v1 -> origin/agent/star-trek-alice-pages-terminalizer-observer-v1
independently-adjudicate-benbassat-as-picard-voiceover	Run actions/checkout@v4	2026-08-24T19:28:04.8042444Z  * [new branch]        agent/star-trek-alice-pages-terminalizer-v1 -> origin/agent/star-trek-alice-pages-terminalizer-v1
independently-adjudicate-benbassat-as-picard-voiceover	Run actions/checkout@v4	2026-08-24T19:28:04.8043130Z  * [new branch]        agent/star-trek-alice-publish-v1 -> origin/agent/star-trek-alice-publish-v1
independently-adjudicate-benbassat-as-picard-voiceover	Run actions/checkout@v4	2026-08-24T19:28:04.8043828Z  * [new branch]        agent/star-trek-alice-qualification-result-v1 -> origin/agent/star-trek-alice-qualification-result-v1
independently-adjudicate-benbassat-as-picard-voiceover	Run actions/checkout@v4	2026-08-24T19:28:04.8044611Z  * [new branch]        agent/star-trek-alice-qualification-result-v3 -> origin/agent/star-trek-alice-qualification-result-v3
independently-adjudicate-benbassat-as-picard-voiceover	Run actions/checkout@v4	2026-08-24T19:28:04.8045379Z  * [new branch]        agent/star-trek-alice-qualification-v1 -> origin/agent/star-trek-alice-qualification-v1
independently-adjudicate-benbassat-as-picard-voiceover	Run actions/checkout@v4	2026-08-24T19:28:04.8046069Z  * [new branch]        agent/star-trek-alice-qualification-v2 -> origin/agent/star-trek-alice-qualification-v2
independently-adjudicate-benbassat-as-picard-voiceover	Run actions/checkout@v4	2026-08-24T19:28:04.8046746Z  * [new branch]        agent/star-trek-alice-qualification-v3 -> origin/agent/star-trek-alice-qualification-v3
independently-adjudicate-benbassat-as-picard-voiceover	Run actions/checkout@v4	2026-08-24T19:28:04.8047687Z  * [new branch]        agent/star-trek-alice-review-v1 -> origin/agent/star-trek-alice-review-v1
independently-adjudicate-benbassat-as-picard-voiceover	Run actions/checkout@v4	2026-08-24T19:28:04.8048396Z  * [new branch]        agent/star-trek-alice-stage-observer-result-v1 -> origin/agent/star-trek-alice-stage-observer-result-v1
independently-adjudicate-benbassat-as-picard-voiceover	Run actions/checkout@v4	2026-08-24T19:28:04.8049201Z  * [new branch]        agent/star-trek-alice-stage-observer-result-v4 -> origin/agent/star-trek-alice-stage-observer-result-v4
independently-adjudicate-benbassat-as-picard-voiceover	Run actions/checkout@v4	2026-08-24T19:28:04.8049960Z  * [new branch]        agent/star-trek-alice-stage-observer-v1 -> origin/agent/star-trek-alice-stage-observer-v1
independently-adjudicate-benbassat-as-picard-voiceover	Run actions/checkout@v4	2026-08-24T19:28:04.8050657Z  * [new branch]        agent/star-trek-alice-stage-observer-v2 -> origin/agent/star-trek-alice-stage-observer-v2
independently-adjudicate-benbassat-as-picard-voiceover	Run actions/checkout@v4	2026-08-24T19:28:04.8051342Z  * [new branch]        agent/star-trek-alice-stage-observer-v3 -> origin/agent/star-trek-alice-stage-observer-v3
independently-adjudicate-benbassat-as-picard-voiceover	Run actions/checkout@v4	2026-08-24T19:28:04.8052011Z  * [new branch]        agent/star-trek-alice-stage-observer-v4 -> origin/agent/star-trek-alice-stage-observer-v4
independently-adjudicate-benbassat-as-picard-voiceover	Run actions/checkout@v4	2026-08-24T19:28:04.8052693Z  * [new branch]        agent/star-trek-alice-stage-repair-v2 -> origin/agent/star-trek-alice-stage-repair-v2
independently-adjudicate-benbassat-as-picard-voiceover	Run actions/checkout@v4	2026-08-24T19:28:04.8053347Z  * [new branch]        agent/star-trek-alice-stage-result-v1 -> origin/agent/star-trek-alice-stage-result-v1
independently-adjudicate-benbassat-as-picard-voiceover	Run actions/checkout@v4	2026-08-24T19:28:04.8053954Z  * [new branch]        agent/star-trek-alice-stage-v1 -> origin/agent/star-trek-alice-stage-v1
independently-adjudicate-benbassat-as-picard-voiceover	Run actions/checkout@v4	2026-08-24T19:28:04.8054640Z  * [new branch]        agent/star-trek-anastasia-candidate-rebased-v1 -> origin/agent/star-trek-anastasia-candidate-rebased-v1
independently-adjudicate-benbassat-as-picard-voiceover	Run actions/checkout@v4	2026-08-24T19:28:04.8055391Z  * [new branch]        agent/star-trek-anastasia-candidate-v1 -> origin/agent/star-trek-anastasia-candidate-v1
independently-adjudicate-benbassat-as-picard-voiceover	Run actions/checkout@v4	2026-08-24T19:28:04.8056106Z  * [new branch]        agent/star-trek-anastasia-cycle-trigger-v1 -> origin/agent/star-trek-anastasia-cycle-trigger-v1
independently-adjudicate-benbassat-as-picard-voiceover	Run actions/checkout@v4	2026-08-24T19:28:04.8056794Z  * [new branch]        agent/star-trek-anastasia-cycle-v1 -> origin/agent/star-trek-anastasia-cycle-v1
independently-adjudicate-benbassat-as-picard-voiceover	Run actions/checkout@v4	2026-08-24T19:28:04.8057882Z  * [new branch]        agent/star-trek-anastasia-ds9-diagnostic-20260823-v1 -> origin/agent/star-trek-anastasia-ds9-diagnostic-20260823-v1
independently-adjudicate-benbassat-as-picard-voiceover	Run actions/checkout@v4	2026-08-24T19:28:04.8058900Z  * [new branch]        agent/star-trek-anastasia-ds9-diagnostic-result-20260823-v1 -> origin/agent/star-trek-anastasia-ds9-diagnostic-result-20260823-v1
independently-adjudicate-benbassat-as-picard-voiceover	Run actions/checkout@v4	2026-08-24T19:28:04.8059885Z  * [new branch]        agent/star-trek-anastasia-ds9-observer-20260823-v1 -> origin/agent/star-trek-anastasia-ds9-observer-20260823-v1
independently-adjudicate-benbassat-as-picard-voiceover	Run actions/checkout@v4	2026-08-24T19:28:04.8060816Z  * [new branch]        agent/star-trek-anastasia-ds9-observer-result-20260823-v1 -> origin/agent/star-trek-anastasia-ds9-observer-result-20260823-v1
independently-adjudicate-benbassat-as-picard-voiceover	Run actions/checkout@v4	2026-08-24T19:28:04.8061716Z  * [new branch]        agent/star-trek-anastasia-finalizer-only-v3 -> origin/agent/star-trek-anastasia-finalizer-only-v3
independently-adjudicate-benbassat-as-picard-voiceover	Run actions/checkout@v4	2026-08-24T19:28:04.8062528Z  * [new branch]        agent/star-trek-anastasia-finalizer-recovery-v2 -> origin/agent/star-trek-anastasia-finalizer-recovery-v2
independently-adjudicate-benbassat-as-picard-voiceover	Run actions/checkout@v4	2026-08-24T19:28:04.8063372Z  * [new branch]        agent/star-trek-anastasia-finalizer-recovery-v3 -> origin/agent/star-trek-anastasia-finalizer-recovery-v3
independently-adjudicate-benbassat-as-picard-voiceover	Run actions/checkout@v4	2026-08-24T19:28:04.8064169Z  * [new branch]        agent/star-trek-anastasia-media-result-v1 -> origin/agent/star-trek-anastasia-media-result-v1
independently-adjudicate-benbassat-as-picard-voiceover	Run actions/checkout@v4	2026-08-24T19:28:04.8064871Z  * [new branch]        agent/star-trek-anastasia-media-v1 -> origin/agent/star-trek-anastasia-media-v1
independently-adjudicate-benbassat-as-picard-voiceover	Run actions/checkout@v4	2026-08-24T19:28:04.8065619Z  * [new branch]        agent/star-trek-anastasia-recovery-result-v3 -> origin/agent/star-trek-anastasia-recovery-result-v3
independently-adjudicate-benbassat-as-picard-voiceover	Run actions/checkout@v4	2026-08-24T19:28:04.8066416Z  * [new branch]        agent/star-trek-benbassat-boundary-observer-v1 -> origin/agent/star-trek-benbassat-boundary-observer-v1
independently-adjudicate-benbassat-as-picard-voiceover	Run actions/checkout@v4	2026-08-24T19:28:04.8067213Z  * [new branch]        agent/star-trek-benbassat-boundary-observer-v2 -> origin/agent/star-trek-benbassat-boundary-observer-v2
independently-adjudicate-benbassat-as-picard-voiceover	Run actions/checkout@v4	2026-08-24T19:28:04.8068263Z  * [new branch]        agent/star-trek-benbassat-candidate-diagnosis-result-v1 -> origin/agent/star-trek-benbassat-candidate-diagnosis-result-v1
independently-adjudicate-benbassat-as-picard-voiceover	Run actions/checkout@v4	2026-08-24T19:28:04.8069375Z  * [new branch]        agent/star-trek-benbassat-candidate-observer-result-v1 -> origin/agent/star-trek-benbassat-candidate-observer-result-v1
independently-adjudicate-benbassat-as-picard-voiceover	Run actions/checkout@v4	2026-08-24T19:28:04.8070272Z  * [new branch]        agent/star-trek-benbassat-candidate-observer-v1 -> origin/agent/star-trek-benbassat-candidate-observer-v1
independently-adjudicate-benbassat-as-picard-voiceover	Run actions/checkout@v4	2026-08-24T19:28:04.8071047Z  * [new branch]        agent/star-trek-benbassat-candidate-v1 -> origin/agent/star-trek-benbassat-candidate-v1
independently-adjudicate-benbassat-as-picard-voiceover	Run actions/checkout@v4	2026-08-24T19:28:04.8071937Z  * [new branch]        agent/star-trek-benbassat-claim-recovery-diagnostic-result-v2 -> origin/agent/star-trek-benbassat-claim-recovery-diagnostic-result-v2
independently-adjudicate-benbassat-as-picard-voiceover	Run actions/checkout@v4	2026-08-24T19:28:04.8072938Z  * [new branch]        agent/star-trek-benbassat-claim-recovery-diagnostic-v2 -> origin/agent/star-trek-benbassat-claim-recovery-diagnostic-v2
independently-adjudicate-benbassat-as-picard-voiceover	Run actions/checkout@v4	2026-08-24T19:28:04.8073935Z  * [new branch]        agent/star-trek-benbassat-claim-recovery-monitor-result-v1 -> origin/agent/star-trek-benbassat-claim-recovery-monitor-result-v1
independently-adjudicate-benbassat-as-picard-voiceover	Run actions/checkout@v4	2026-08-24T19:28:04.8074906Z  * [new branch]        agent/star-trek-benbassat-claim-recovery-monitor-v1 -> origin/agent/star-trek-benbassat-claim-recovery-monitor-v1
independently-adjudicate-benbassat-as-picard-voiceover	Run actions/checkout@v4	2026-08-24T19:28:04.8075819Z  * [new branch]        agent/star-trek-benbassat-claim-recovery-observer-v1 -> origin/agent/star-trek-benbassat-claim-recovery-observer-v1
independently-adjudicate-benbassat-as-picard-voiceover	Run actions/checkout@v4	2026-08-24T19:28:04.8076592Z  * [new branch]        agent/star-trek-benbassat-claim-v1 -> origin/agent/star-trek-benbassat-claim-v1
independently-adjudicate-benbassat-as-picard-voiceover	Run actions/checkout@v4	2026-08-24T19:28:04.8077304Z  * [new branch]        agent/star-trek-benbassat-finalizer-status-v1 -> origin/agent/star-trek-benbassat-finalizer-status-v1
independently-adjudicate-benbassat-as-picard-voiceover	Run actions/checkout@v4	2026-08-24T19:28:04.8078268Z  * [new branch]        agent/star-trek-benbassat-finalizer-v1 -> origin/agent/star-trek-benbassat-finalizer-v1
independently-adjudicate-benbassat-as-picard-voiceover	Run actions/checkout@v4	2026-08-24T19:28:04.8079059Z  * [new branch]        agent/star-trek-benbassat-independent-review-v1 -> origin/agent/star-trek-benbassat-independent-review-v1
independently-adjudicate-benbassat-as-picard-voiceover	Run actions/checkout@v4	2026-08-24T19:28:04.8079797Z  * [new branch]        agent/star-trek-benbassat-media-v1 -> origin/agent/star-trek-benbassat-media-v1
independently-adjudicate-benbassat-as-picard-voiceover	Run actions/checkout@v4	2026-08-24T19:28:04.8080691Z  * [new branch]        agent/star-trek-benbassat-preproduct-settlement-v1 -> origin/agent/star-trek-benbassat-preproduct-settlement-v1
independently-adjudicate-benbassat-as-picard-voiceover	Run actions/checkout@v4	2026-08-24T19:28:04.8081613Z  * [new branch]        agent/star-trek-benbassat-public-settlement-result-v1 -> origin/agent/star-trek-benbassat-public-settlement-result-v1
independently-adjudicate-benbassat-as-picard-voiceover	Run actions/checkout@v4	2026-08-24T19:28:04.8082491Z  * [new branch]        agent/star-trek-benbassat-public-settlement-v1 -> origin/agent/star-trek-benbassat-public-settlement-v1
independently-adjudicate-benbassat-as-picard-voiceover	Run actions/checkout@v4	2026-08-24T19:28:04.8083318Z  * [new branch]        agent/star-trek-benbassat-run-observer-result-v1 -> origin/agent/star-trek-benbassat-run-observer-result-v1
independently-adjudicate-benbassat-as-picard-voiceover	Run actions/checkout@v4	2026-08-24T19:28:04.8084104Z  * [new branch]        agent/star-trek-benbassat-run-observer-v1 -> origin/agent/star-trek-benbassat-run-observer-v1
independently-adjudicate-benbassat-as-picard-voiceover	Run actions/checkout@v4	2026-08-24T19:28:04.8084876Z  * [new branch]        agent/star-trek-benbassat-source-result-v3 -> origin/agent/star-trek-benbassat-source-result-v3
independently-adjudicate-benbassat-as-picard-voiceover	Run actions/checkout@v4	2026-08-24T19:28:04.8085844Z  * [new branch]        agent/star-trek-benbassat-source-review-recovery-monitor-result-v1 -> origin/agent/star-trek-benbassat-source-review-recovery-monitor-result-v1
independently-adjudicate-benbassat-as-picard-voiceover	Run actions/checkout@v4	2026-08-24T19:28:04.8086951Z  * [new branch]        agent/star-trek-benbassat-source-review-recovery-monitor-v1 -> origin/agent/star-trek-benbassat-source-review-recovery-monitor-v1
independently-adjudicate-benbassat-as-picard-voiceover	Run actions/checkout@v4	2026-08-24T19:28:04.8088079Z  * [new branch]        agent/star-trek-benbassat-source-review-recovery-v2 -> origin/agent/star-trek-benbassat-source-review-recovery-v2
independently-adjudicate-benbassat-as-picard-voiceover	Run actions/checkout@v4	2026-08-24T19:28:04.8088903Z  * [new branch]        agent/star-trek-benbassat-source-review-v1 -> origin/agent/star-trek-benbassat-source-review-v1
independently-adjudicate-benbassat-as-picard-voiceover	Run actions/checkout@v4	2026-08-24T19:28:04.8089604Z  * [new branch]        agent/star-trek-benbassat-source-v3 -> origin/agent/star-trek-benbassat-source-v3
independently-adjudicate-benbassat-as-picard-voiceover	Run actions/checkout@v4	2026-08-24T19:28:04.8090387Z  * [new branch]        agent/star-trek-benbassat-terminal-observer-result-v1 -> origin/agent/star-trek-benbassat-terminal-observer-result-v1
independently-adjudicate-benbassat-as-picard-voiceover	Run actions/checkout@v4	2026-08-24T19:28:04.8091255Z  * [new branch]        agent/star-trek-benbassat-terminal-observer-v1 -> origin/agent/star-trek-benbassat-terminal-observer-v1
independently-adjudicate-benbassat-as-picard-voiceover	Run actions/checkout@v4	2026-08-24T19:28:04.8092140Z  * [new branch]        agent/star-trek-cadmar-cleanup-v1 -> origin/agent/star-trek-cadmar-cleanup-v1
independently-adjudicate-benbassat-as-picard-voiceover	Run actions/checkout@v4	2026-08-24T19:28:04.8092803Z  * [new branch]        agent/star-trek-cadmar-cycle-locator-v2 -> origin/agent/star-trek-cadmar-cycle-locator-v2
independently-adjudicate-benbassat-as-picard-voiceover	Run actions/checkout@v4	2026-08-24T19:28:04.8093491Z  * [new branch]        agent/star-trek-cadmar-cycle-locator-v3 -> origin/agent/star-trek-cadmar-cycle-locator-v3
independently-adjudicate-benbassat-as-picard-voiceover	Run actions/checkout@v4	2026-08-24T19:28:04.8094164Z  * [new branch]        agent/star-trek-cadmar-media-prep-v1 -> origin/agent/star-trek-cadmar-media-prep-v1
independently-adjudicate-benbassat-as-picard-voiceover	Run actions/checkout@v4	2026-08-24T19:28:04.8094837Z  * [new branch]        agent/star-trek-cadmar-media-product-v1 -> origin/agent/star-trek-cadmar-media-product-v1
independently-adjudicate-benbassat-as-picard-voiceover	Run actions/checkout@v4	2026-08-24T19:28:04.8095516Z  * [new branch]        agent/star-trek-cadmar-media-scout-v1 -> origin/agent/star-trek-cadmar-media-scout-v1
independently-adjudicate-benbassat-as-picard-voiceover	Run actions/checkout@v4	2026-08-24T19:28:04.8096169Z  * [new branch]        agent/star-trek-cadmar-media-scout-v2 -> origin/agent/star-trek-cadmar-media-scout-v2
independently-adjudicate-benbassat-as-picard-voiceover	Run actions/checkout@v4	2026-08-24T19:28:04.8096798Z  * [new branch]        agent/star-trek-cadmar-media-v1 -> origin/agent/star-trek-cadmar-media-v1
independently-adjudicate-benbassat-as-picard-voiceover	Run actions/checkout@v4	2026-08-24T19:28:04.8097591Z  * [new branch]        agent/star-trek-cadmar-monitor-result-v1 -> origin/agent/star-trek-cadmar-monitor-result-v1
independently-adjudicate-benbassat-as-picard-voiceover	Run actions/checkout@v4	2026-08-24T19:28:04.8098262Z  * [new branch]        agent/star-trek-cadmar-monitor-v1 -> origin/agent/star-trek-cadmar-monitor-v1
independently-adjudicate-benbassat-as-picard-voiceover	Run actions/checkout@v4	2026-08-24T19:28:04.8099026Z  * [new branch]        agent/star-trek-cadmar-program-diagnostic-locator-v1 -> origin/agent/star-trek-cadmar-program-diagnostic-locator-v1
independently-adjudicate-benbassat-as-picard-voiceover	Run actions/checkout@v4	2026-08-24T19:28:04.8099879Z  * [new branch]        agent/star-trek-cadmar-program-diagnostic-v1 -> origin/agent/star-trek-cadmar-program-diagnostic-v1
independently-adjudicate-benbassat-as-picard-voiceover	Run actions/checkout@v4	2026-08-24T19:28:04.8100651Z  * [new branch]        agent/star-trek-cadmar-program-recovery-v1 -> origin/agent/star-trek-cadmar-program-recovery-v1
independently-adjudicate-benbassat-as-picard-voiceover	Run actions/checkout@v4	2026-08-24T19:28:04.8101395Z  * [new branch]        agent/star-trek-cadmar-program-recovery-v2 -> origin/agent/star-trek-cadmar-program-recovery-v2
independently-adjudicate-benbassat-as-picard-voiceover	Run actions/checkout@v4	2026-08-24T19:28:04.8102285Z  * [new branch]        agent/star-trek-cadmar-source-probe-v1 -> origin/agent/star-trek-cadmar-source-probe-v1
independently-adjudicate-benbassat-as-picard-voiceover	Run actions/checkout@v4	2026-08-24T19:28:04.8102985Z  * [new branch]        agent/star-trek-cadmar-terminalizer-v1 -> origin/agent/star-trek-cadmar-terminalizer-v1
independently-adjudicate-benbassat-as-picard-voiceover	Run actions/checkout@v4	2026-08-24T19:28:04.8103749Z  * [new branch]        agent/star-trek-continuation-terminal-result-v1 -> origin/agent/star-trek-continuation-terminal-result-v1
independently-adjudicate-benbassat-as-picard-voiceover	Run actions/checkout@v4	2026-08-24T19:28:04.8104541Z  * [new branch]        agent/star-trek-continuation-terminal-v2 -> origin/agent/star-trek-continuation-terminal-v2
independently-adjudicate-benbassat-as-picard-voiceover	Run actions/checkout@v4	2026-08-24T19:28:04.8105261Z  * [new branch]        agent/star-trek-continuation-terminal-v3 -> origin/agent/star-trek-continuation-terminal-v3
independently-adjudicate-benbassat-as-picard-voiceover	Run actions/checkout@v4	2026-08-24T19:28:04.8105962Z  * [new branch]        agent/star-trek-continuation-terminal-v4 -> origin/agent/star-trek-continuation-terminal-v4
independently-adjudicate-benbassat-as-picard-voiceover	Run actions/checkout@v4	2026-08-24T19:28:04.8106705Z  * [new branch]        agent/star-trek-continuation-terminalizer-v2 -> origin/agent/star-trek-continuation-terminalizer-v2
independently-adjudicate-benbassat-as-picard-voiceover	Run actions/checkout@v4	2026-08-24T19:28:04.8107711Z  * [new branch]        agent/star-trek-continuation-workflow-lint-v1 -> origin/agent/star-trek-continuation-workflow-lint-v1
independently-adjudicate-benbassat-as-picard-voiceover	Run actions/checkout@v4	2026-08-24T19:28:04.8108459Z  * [new branch]        agent/star-trek-curzon-media-prep-v1 -> origin/agent/star-trek-curzon-media-prep-v1
independently-adjudicate-benbassat-as-picard-voiceover	Run actions/checkout@v4	2026-08-24T19:28:04.8109158Z  * [new branch]        agent/star-trek-cycle-recovery-result-v1 -> origin/agent/star-trek-cycle-recovery-result-v1
independently-adjudicate-benbassat-as-picard-voiceover	Run actions/checkout@v4	2026-08-24T19:28:04.8109855Z  * [new branch]        agent/star-trek-cycle-retry-result-v1 -> origin/agent/star-trek-cycle-retry-result-v1
independently-adjudicate-benbassat-as-picard-voiceover	Run actions/checkout@v4	2026-08-24T19:28:04.8110580Z  * [new branch]        agent/star-trek-cycle-terminal-diagnostic-v1 -> origin/agent/star-trek-cycle-terminal-diagnostic-v1
independently-adjudicate-benbassat-as-picard-voiceover	Run actions/checkout@v4	2026-08-24T19:28:04.8111391Z  * [new branch]        agent/star-trek-doohan-rail-custodian-result-v2 -> origin/agent/star-trek-doohan-rail-custodian-result-v2
independently-adjudicate-benbassat-as-picard-voiceover	Run actions/checkout@v4	2026-08-24T19:28:04.8112158Z  * [new branch]        agent/star-trek-doohan-rail-custodian-v2 -> origin/agent/star-trek-doohan-rail-custodian-v2
independently-adjudicate-benbassat-as-picard-voiceover	Run actions/checkout@v4	2026-08-24T19:28:04.8113065Z  * [new branch]        agent/star-trek-enwright-completion -> origin/agent/star-trek-enwright-completion
independently-adjudicate-benbassat-as-picard-voiceover	Run actions/checkout@v4	2026-08-24T19:28:04.8113668Z  * [new branch]        agent/star-trek-ferengi-gold -> origin/agent/star-trek-ferengi-gold
independently-adjudicate-benbassat-as-picard-voiceover	Run actions/checkout@v4	2026-08-24T19:28:04.8114227Z  * [new branch]        agent/star-trek-gold-completion -> origin/agent/star-trek-gold-completion
independently-adjudicate-benbassat-as-picard-voiceover	Run actions/checkout@v4	2026-08-24T19:28:04.8114805Z  * [new branch]        agent/star-trek-gold-operator -> origin/agent/star-trek-gold-operator
independently-adjudicate-benbassat-as-picard-voiceover	Run actions/checkout@v4	2026-08-24T19:28:04.8115556Z  * [new branch]        agent/star-trek-kukulkan-custody-diagnostic-result-v1 -> origin/agent/star-trek-kukulkan-custody-diagnostic-result-v1
independently-adjudicate-benbassat-as-picard-voiceover	Run actions/checkout@v4	2026-08-24T19:28:04.8116483Z  * [new branch]        agent/star-trek-kukulkan-execution-custody-result-v1 -> origin/agent/star-trek-kukulkan-execution-custody-result-v1
independently-adjudicate-benbassat-as-picard-voiceover	Run actions/checkout@v4	2026-08-24T19:28:04.8117361Z  * [new branch]        agent/star-trek-kzinti-controller-text-export-v1 -> origin/agent/star-trek-kzinti-controller-text-export-v1
independently-adjudicate-benbassat-as-picard-voiceover	Run actions/checkout@v4	2026-08-24T19:28:04.8118405Z  * [new branch]        agent/star-trek-kzinti-controller-text-result-v1 -> origin/agent/star-trek-kzinti-controller-text-result-v1
independently-adjudicate-benbassat-as-picard-voiceover	Run actions/checkout@v4	2026-08-24T19:28:04.8119281Z  * [new branch]        agent/star-trek-lwaxana-rejection-terminal-result-v1 -> origin/agent/star-trek-lwaxana-rejection-terminal-result-v1
independently-adjudicate-benbassat-as-picard-voiceover	Run actions/checkout@v4	2026-08-24T19:28:04.8120085Z  * [new branch]        agent/star-trek-media-debt-closure-002 -> origin/agent/star-trek-media-debt-closure-002
independently-adjudicate-benbassat-as-picard-voiceover	Run actions/checkout@v4	2026-08-24T19:28:04.8120767Z  * [new branch]        agent/star-trek-media-debt-closure-003 -> origin/agent/star-trek-media-debt-closure-003
independently-adjudicate-benbassat-as-picard-voiceover	Run actions/checkout@v4	2026-08-24T19:28:04.8121491Z  * [new branch]        agent/star-trek-next-boundary-inspector-v1 -> origin/agent/star-trek-next-boundary-inspector-v1
independently-adjudicate-benbassat-as-picard-voiceover	Run actions/checkout@v4	2026-08-24T19:28:04.8122222Z  * [new branch]        agent/star-trek-next-boundary-result-v1 -> origin/agent/star-trek-next-boundary-result-v1
independently-adjudicate-benbassat-as-picard-voiceover	Run actions/checkout@v4	2026-08-24T19:28:04.8122937Z  * [new branch]        agent/star-trek-next-bounded-cycle-claim -> origin/agent/star-trek-next-bounded-cycle-claim
independently-adjudicate-benbassat-as-picard-voiceover	Run actions/checkout@v4	2026-08-24T19:28:04.8123729Z  * [new branch]        agent/star-trek-population-001 -> origin/agent/star-trek-population-001
independently-adjudicate-benbassat-as-picard-voiceover	Run actions/checkout@v4	2026-08-24T19:28:04.8124299Z  * [new branch]        agent/star-trek-population-002 -> origin/agent/star-trek-population-002
independently-adjudicate-benbassat-as-picard-voiceover	Run actions/checkout@v4	2026-08-24T19:28:04.8124917Z  * [new branch]        agent/star-trek-post-benbassat-next-v1 -> origin/agent/star-trek-post-benbassat-next-v1
independently-adjudicate-benbassat-as-picard-voiceover	Run actions/checkout@v4	2026-08-24T19:28:04.8125646Z  * [new branch]        agent/star-trek-post-kzinti-continuation-v1 -> origin/agent/star-trek-post-kzinti-continuation-v1
independently-adjudicate-benbassat-as-picard-voiceover	Run actions/checkout@v4	2026-08-24T19:28:04.8126401Z  * [new branch]        agent/star-trek-post-kzinti-continuation-v2 -> origin/agent/star-trek-post-kzinti-continuation-v2
independently-adjudicate-benbassat-as-picard-voiceover	Run actions/checkout@v4	2026-08-24T19:28:04.8127136Z  * [new branch]        agent/star-trek-post-kzinti-doohan-probe-v1 -> origin/agent/star-trek-post-kzinti-doohan-probe-v1
independently-adjudicate-benbassat-as-picard-voiceover	Run actions/checkout@v4	2026-08-24T19:28:04.8128102Z  * [new branch]        agent/star-trek-post-lorot-continuation-result-v1 -> origin/agent/star-trek-post-lorot-continuation-result-v1
independently-adjudicate-benbassat-as-picard-voiceover	Run actions/checkout@v4	2026-08-24T19:28:04.8128974Z  * [new branch]        agent/star-trek-post-lorot-terminalizer-status-v1 -> origin/agent/star-trek-post-lorot-terminalizer-status-v1
independently-adjudicate-benbassat-as-picard-voiceover	Run actions/checkout@v4	2026-08-24T19:28:04.8129943Z  * [new branch]        agent/star-trek-post-lwaxana-rejection-continuation-result-v1 -> origin/agent/star-trek-post-lwaxana-rejection-continuation-result-v1
independently-adjudicate-benbassat-as-picard-voiceover	Run actions/checkout@v4	2026-08-24T19:28:04.8130835Z  * [new branch]        agent/star-trek-queen-hearts-cycle-v1 -> origin/agent/star-trek-queen-hearts-cycle-v1
independently-adjudicate-benbassat-as-picard-voiceover	Run actions/checkout@v4	2026-08-24T19:28:04.8131571Z  * [new branch]        agent/star-trek-queen-hearts-media-result-v1 -> origin/agent/star-trek-queen-hearts-media-result-v1
independently-adjudicate-benbassat-as-picard-voiceover	Run actions/checkout@v4	2026-08-24T19:28:04.8132292Z  * [new branch]        agent/star-trek-queen-hearts-media-v1 -> origin/agent/star-trek-queen-hearts-media-v1
independently-adjudicate-benbassat-as-picard-voiceover	Run actions/checkout@v4	2026-08-24T19:28:04.8132959Z  * [new branch]        agent/star-trek-queen-hearts-source-v1 -> origin/agent/star-trek-queen-hearts-source-v1
independently-adjudicate-benbassat-as-picard-voiceover	Run actions/checkout@v4	2026-08-24T19:28:04.8133645Z  * [new branch]        agent/star-trek-queen-hearts-source-v10 -> origin/agent/star-trek-queen-hearts-source-v10
independently-adjudicate-benbassat-as-picard-voiceover	Run actions/checkout@v4	2026-08-24T19:28:04.8134514Z  * [new branch]        agent/star-trek-queen-hearts-source-v11 -> origin/agent/star-trek-queen-hearts-source-v11
independently-adjudicate-benbassat-as-picard-voiceover	Run actions/checkout@v4	2026-08-24T19:28:04.8135575Z  * [new branch]        agent/star-trek-queen-hearts-source-v12 -> origin/agent/star-trek-queen-hearts-source-v12
independently-adjudicate-benbassat-as-picard-voiceover	Run actions/checkout@v4	2026-08-24T19:28:04.8154933Z  * [new branch]        agent/star-trek-queen-hearts-source-v13 -> origin/agent/star-trek-queen-hearts-source-v13
independently-adjudicate-benbassat-as-picard-voiceover	Run actions/checkout@v4	2026-08-24T19:28:04.8155687Z  * [new branch]        agent/star-trek-queen-hearts-source-v14 -> origin/agent/star-trek-queen-hearts-source-v14
independently-adjudicate-benbassat-as-picard-voiceover	Run actions/checkout@v4	2026-08-24T19:28:04.8156379Z  * [new branch]        agent/star-trek-queen-hearts-source-v15 -> origin/agent/star-trek-queen-hearts-source-v15
independently-adjudicate-benbassat-as-picard-voiceover	Run actions/checkout@v4	2026-08-24T19:28:04.8157066Z  * [new branch]        agent/star-trek-queen-hearts-source-v2 -> origin/agent/star-trek-queen-hearts-source-v2
independently-adjudicate-benbassat-as-picard-voiceover	Run actions/checkout@v4	2026-08-24T19:28:04.8157979Z  * [new branch]        agent/star-trek-queen-hearts-source-v3 -> origin/agent/star-trek-queen-hearts-source-v3
independently-adjudicate-benbassat-as-picard-voiceover	Run actions/checkout@v4	2026-08-24T19:28:04.8158666Z  * [new branch]        agent/star-trek-queen-hearts-source-v4 -> origin/agent/star-trek-queen-hearts-source-v4
independently-adjudicate-benbassat-as-picard-voiceover	Run actions/checkout@v4	2026-08-24T19:28:04.8159333Z  * [new branch]        agent/star-trek-queen-hearts-source-v5 -> origin/agent/star-trek-queen-hearts-source-v5
independently-adjudicate-benbassat-as-picard-voiceover	Run actions/checkout@v4	2026-08-24T19:28:04.8159992Z  * [new branch]        agent/star-trek-queen-hearts-source-v6 -> origin/agent/star-trek-queen-hearts-source-v6
independently-adjudicate-benbassat-as-picard-voiceover	Run actions/checkout@v4	2026-08-24T19:28:04.8160651Z  * [new branch]        agent/star-trek-queen-hearts-source-v7 -> origin/agent/star-trek-queen-hearts-source-v7
independently-adjudicate-benbassat-as-picard-voiceover	Run actions/checkout@v4	2026-08-24T19:28:04.8161300Z  * [new branch]        agent/star-trek-queen-hearts-source-v8 -> origin/agent/star-trek-queen-hearts-source-v8
independently-adjudicate-benbassat-as-picard-voiceover	Run actions/checkout@v4	2026-08-24T19:28:04.8161952Z  * [new branch]        agent/star-trek-queen-hearts-source-v9 -> origin/agent/star-trek-queen-hearts-source-v9
independently-adjudicate-benbassat-as-picard-voiceover	Run actions/checkout@v4	2026-08-24T19:28:04.8162707Z  * [new branch]        agent/star-trek-queen-of-hearts-source-media-v1 -> origin/agent/star-trek-queen-of-hearts-source-media-v1
independently-adjudicate-benbassat-as-picard-voiceover	Run actions/checkout@v4	2026-08-24T19:28:04.8163716Z  * [new branch]        agent/star-trek-rolling-continuation-v1 -> origin/agent/star-trek-rolling-continuation-v1
independently-adjudicate-benbassat-as-picard-voiceover	Run actions/checkout@v4	2026-08-24T19:28:04.8164475Z  * [new branch]        agent/star-trek-rolling-terminal-result-v1 -> origin/agent/star-trek-rolling-terminal-result-v1
independently-adjudicate-benbassat-as-picard-voiceover	Run actions/checkout@v4	2026-08-24T19:28:04.8165187Z  * [new branch]        agent/supervise-star-trek-cycle-v1 -> origin/agent/supervise-star-trek-cycle-v1
independently-adjudicate-benbassat-as-picard-voiceover	Run actions/checkout@v4	2026-08-24T19:28:04.8165825Z  * [new branch]        agent/thesis-continuation-rails-v1 -> origin/agent/thesis-continuation-rails-v1
independently-adjudicate-benbassat-as-picard-voiceover	Run actions/checkout@v4	2026-08-24T19:28:04.8166380Z  * [new branch]        agent/trek-cycle-001        -> origin/agent/trek-cycle-001
independently-adjudicate-benbassat-as-picard-voiceover	Run actions/checkout@v4	2026-08-24T19:28:04.8166890Z  * [new branch]        agent/trek-cycle-001-success -> origin/agent/trek-cycle-001-success
independently-adjudicate-benbassat-as-picard-voiceover	Run actions/checkout@v4	2026-08-24T19:28:04.8167637Z  * [new branch]        agent/trek-media-baseline-closure -> origin/agent/trek-media-baseline-closure
independently-adjudicate-benbassat-as-picard-voiceover	Run actions/checkout@v4	2026-08-24T19:28:04.8168266Z  * [new branch]        agent/trigger-ux-02-dec0016-launch -> origin/agent/trigger-ux-02-dec0016-launch
independently-adjudicate-benbassat-as-picard-voiceover	Run actions/checkout@v4	2026-08-24T19:28:04.8168892Z  * [new branch]        agent/ux-01-context-compatibility -> origin/agent/ux-01-context-compatibility
independently-adjudicate-benbassat-as-picard-voiceover	Run actions/checkout@v4	2026-08-24T19:28:04.8169465Z  * [new branch]        agent/ux-01-source-extract  -> origin/agent/ux-01-source-extract
independently-adjudicate-benbassat-as-picard-voiceover	Run actions/checkout@v4	2026-08-24T19:28:04.8170040Z  * [new branch]        agent/ux-02-dec0016-carrier-stage-2 -> origin/agent/ux-02-dec0016-carrier-stage-2
independently-adjudicate-benbassat-as-picard-voiceover	Run actions/checkout@v4	2026-08-24T19:28:04.8170676Z  * [new branch]        agent/ux-02-dec0016-checkout-export -> origin/agent/ux-02-dec0016-checkout-export
independently-adjudicate-benbassat-as-picard-voiceover	Run actions/checkout@v4	2026-08-24T19:28:04.8171249Z  * [new branch]        agent/ux-02-dec0016-compose -> origin/agent/ux-02-dec0016-compose
independently-adjudicate-benbassat-as-picard-voiceover	Run actions/checkout@v4	2026-08-24T19:28:04.8171743Z  * [new branch]        agent/ux-02-dec0016-execute -> origin/agent/ux-02-dec0016-execute
independently-adjudicate-benbassat-as-picard-voiceover	Run actions/checkout@v4	2026-08-24T19:28:04.8172354Z  * [new branch]        agent/ux-02-dec0016-final-materializer -> origin/agent/ux-02-dec0016-final-materializer
independently-adjudicate-benbassat-as-picard-voiceover	Run actions/checkout@v4	2026-08-24T19:28:04.8172971Z  * [new branch]        agent/ux-02-dec0016-kick-main -> origin/agent/ux-02-dec0016-kick-main
independently-adjudicate-benbassat-as-picard-voiceover	Run actions/checkout@v4	2026-08-24T19:28:04.8173577Z  * [new branch]        agent/ux-02-dec0016-launcher-cleanup -> origin/agent/ux-02-dec0016-launcher-cleanup
independently-adjudicate-benbassat-as-picard-voiceover	Run actions/checkout@v4	2026-08-24T19:28:04.8174366Z  * [new branch]        agent/ux-02-dec0016-launcher-main -> origin/agent/ux-02-dec0016-launcher-main
independently-adjudicate-benbassat-as-picard-voiceover	Run actions/checkout@v4	2026-08-24T19:28:04.8174953Z  * [new branch]        agent/ux-02-dec0016-merge-sha-fix -> origin/agent/ux-02-dec0016-merge-sha-fix
independently-adjudicate-benbassat-as-picard-voiceover	Run actions/checkout@v4	2026-08-24T19:28:04.8175524Z  * [new branch]        agent/ux-02-dec0016-policy-inline -> origin/agent/ux-02-dec0016-policy-inline
independently-adjudicate-benbassat-as-picard-voiceover	Run actions/checkout@v4	2026-08-24T19:28:04.8176090Z  * [new branch]        agent/ux-02-dec0016-policy-writer -> origin/agent/ux-02-dec0016-policy-writer
independently-adjudicate-benbassat-as-picard-voiceover	Run actions/checkout@v4	2026-08-24T19:28:04.8176715Z  * [new branch]        agent/ux-02-dec0016-pr-launcher-config -> origin/agent/ux-02-dec0016-pr-launcher-config
independently-adjudicate-benbassat-as-picard-voiceover	Run actions/checkout@v4	2026-08-24T19:28:04.8177335Z  * [new branch]        agent/ux-02-dec0016-pr-target -> origin/agent/ux-02-dec0016-pr-target
independently-adjudicate-benbassat-as-picard-voiceover	Run actions/checkout@v4	2026-08-24T19:28:04.8178014Z  * [new branch]        agent/ux-02-dec0016-pr305-guard -> origin/agent/ux-02-dec0016-pr305-guard
independently-adjudicate-benbassat-as-picard-voiceover	Run actions/checkout@v4	2026-08-24T19:28:04.8178662Z  * [new branch]        agent/ux-02-dec0016-precheckout-receipt -> origin/agent/ux-02-dec0016-precheckout-receipt
independently-adjudicate-benbassat-as-picard-voiceover	Run actions/checkout@v4	2026-08-24T19:28:04.8179312Z  * [new branch]        agent/ux-02-dec0016-push-receipt -> origin/agent/ux-02-dec0016-push-receipt
independently-adjudicate-benbassat-as-picard-voiceover	Run actions/checkout@v4	2026-08-24T19:28:04.8179869Z  * [new branch]        agent/ux-02-dec0016-receipts -> origin/agent/ux-02-dec0016-receipts
independently-adjudicate-benbassat-as-picard-voiceover	Run actions/checkout@v4	2026-08-24T19:28:04.8180461Z  * [new branch]        agent/ux-02-dec0016-registered-route -> origin/agent/ux-02-dec0016-registered-route
independently-adjudicate-benbassat-as-picard-voiceover	Run actions/checkout@v4	2026-08-24T19:28:04.8181073Z  * [new branch]        agent/ux-02-dec0016-runid-guard -> origin/agent/ux-02-dec0016-runid-guard
independently-adjudicate-benbassat-as-picard-voiceover	Run actions/checkout@v4	2026-08-24T19:28:04.8181643Z  * [new branch]        agent/ux-02-dec0016-workflow-run -> origin/agent/ux-02-dec0016-workflow-run
independently-adjudicate-benbassat-as-picard-voiceover	Run actions/checkout@v4	2026-08-24T19:28:04.8182197Z  * [new branch]        agent/ux-02-dec0016-writer-body -> origin/agent/ux-02-dec0016-writer-body
independently-adjudicate-benbassat-as-picard-voiceover	Run actions/checkout@v4	2026-08-24T19:28:04.8182753Z  * [new branch]        agent/ux-02-decision-receipt-fix -> origin/agent/ux-02-decision-receipt-fix
independently-adjudicate-benbassat-as-picard-voiceover	Run actions/checkout@v4	2026-08-24T19:28:04.8183564Z  * [new branch]        agent/ux-02-navigation-continuity-dec0015-v2 -> origin/agent/ux-02-navigation-continuity-dec0015-v2
independently-adjudicate-benbassat-as-picard-voiceover	Run actions/checkout@v4	2026-08-24T19:28:04.8184250Z  * [new branch]        agent/ux-02-navigation-parity -> origin/agent/ux-02-navigation-parity
independently-adjudicate-benbassat-as-picard-voiceover	Run actions/checkout@v4	2026-08-24T19:28:04.8184853Z  * [new branch]        agent/ux-02-qualified-product-4fe -> origin/agent/ux-02-qualified-product-4fe
independently-adjudicate-benbassat-as-picard-voiceover	Run actions/checkout@v4	2026-08-24T19:28:04.8185525Z  * [new branch]        agent/ux-02-qualified-source-export -> origin/agent/ux-02-qualified-source-export
independently-adjudicate-benbassat-as-picard-voiceover	Run actions/checkout@v4	2026-08-24T19:28:04.8186172Z  * [new branch]        agent/ux-02-semantic-script-export -> origin/agent/ux-02-semantic-script-export
independently-adjudicate-benbassat-as-picard-voiceover	Run actions/checkout@v4	2026-08-24T19:28:04.8186746Z  * [new branch]        agent/ux-02-visual-recovery -> origin/agent/ux-02-visual-recovery
independently-adjudicate-benbassat-as-picard-voiceover	Run actions/checkout@v4	2026-08-24T19:28:04.8187314Z  * [new branch]        agent/ux-02a-archive-materializer -> origin/agent/ux-02a-archive-materializer
independently-adjudicate-benbassat-as-picard-voiceover	Run actions/checkout@v4	2026-08-24T19:28:04.8188067Z  * [new branch]        agent/ux-02a-current-main-product -> origin/agent/ux-02a-current-main-product
independently-adjudicate-benbassat-as-picard-voiceover	Run actions/checkout@v4	2026-08-24T19:28:04.8188658Z  * [new branch]        agent/ux-02a-review-carrier-v2 -> origin/agent/ux-02a-review-carrier-v2
independently-adjudicate-benbassat-as-picard-voiceover	Run actions/checkout@v4	2026-08-24T19:28:04.8189196Z  * [new branch]        agent/ux-02a-script-runner  -> origin/agent/ux-02a-script-runner
independently-adjudicate-benbassat-as-picard-voiceover	Run actions/checkout@v4	2026-08-24T19:28:04.8189709Z  * [new branch]        agent/ux-03-mobile-density  -> origin/agent/ux-03-mobile-density
independently-adjudicate-benbassat-as-picard-voiceover	Run actions/checkout@v4	2026-08-24T19:28:04.8190226Z  * [new branch]        agent/ux-03-post-merge-proof -> origin/agent/ux-03-post-merge-proof
independently-adjudicate-benbassat-as-picard-voiceover	Run actions/checkout@v4	2026-08-24T19:28:04.8190747Z  * [new branch]        agent/ux-04-makers-discovery -> origin/agent/ux-04-makers-discovery
independently-adjudicate-benbassat-as-picard-voiceover	Run actions/checkout@v4	2026-08-24T19:28:04.8191313Z  * [new branch]        agent/ux-nav-materializer-export -> origin/agent/ux-nav-materializer-export
independently-adjudicate-benbassat-as-picard-voiceover	Run actions/checkout@v4	2026-08-24T19:28:04.8191886Z  * [new branch]        agent/ux-nav-noscript-export -> origin/agent/ux-nav-noscript-export
independently-adjudicate-benbassat-as-picard-voiceover	Run actions/checkout@v4	2026-08-24T19:28:04.8192449Z  * [new branch]        agent/ux-nav-noscript-fix-carrier -> origin/agent/ux-nav-noscript-fix-carrier
independently-adjudicate-benbassat-as-picard-voiceover	Run actions/checkout@v4	2026-08-24T19:28:04.8193033Z  * [new branch]        agent/ux-nav-review-release-v2 -> origin/agent/ux-nav-review-release-v2
independently-adjudicate-benbassat-as-picard-voiceover	Run actions/checkout@v4	2026-08-24T19:28:04.8193763Z  * [new branch]        agent/ux02a-carrier-sync-trigger -> origin/agent/ux02a-carrier-sync-trigger
independently-adjudicate-benbassat-as-picard-voiceover	Run actions/checkout@v4	2026-08-24T19:28:04.8194385Z  * [new branch]        agent/ux02a-carrier-sync-trigger-v2 -> origin/agent/ux02a-carrier-sync-trigger-v2
independently-adjudicate-benbassat-as-picard-voiceover	Run actions/checkout@v4	2026-08-24T19:28:04.8195029Z  * [new branch]        agent/ux02a-contract-repair-export -> origin/agent/ux02a-contract-repair-export
independently-adjudicate-benbassat-as-picard-voiceover	Run actions/checkout@v4	2026-08-24T19:28:04.8195636Z  * [new branch]        agent/ux02a-current-main-export -> origin/agent/ux02a-current-main-export
independently-adjudicate-benbassat-as-picard-voiceover	Run actions/checkout@v4	2026-08-24T19:28:04.8196409Z  * [new branch]        agent/ux02a-current-main-trigger -> origin/agent/ux02a-current-main-trigger
independently-adjudicate-benbassat-as-picard-voiceover	Run actions/checkout@v4	2026-08-24T19:28:04.8197231Z  * [new branch]        agent/ux02a-main-push-installer -> origin/agent/ux02a-main-push-installer
independently-adjudicate-benbassat-as-picard-voiceover	Run actions/checkout@v4	2026-08-24T19:28:04.8198038Z  * [new branch]        agent/ux02a-policy-export   -> origin/agent/ux02a-policy-export
independently-adjudicate-benbassat-as-picard-voiceover	Run actions/checkout@v4	2026-08-24T19:28:04.8198587Z  * [new branch]        agent/ux02a-push-trigger-2  -> origin/agent/ux02a-push-trigger-2
independently-adjudicate-benbassat-as-picard-voiceover	Run actions/checkout@v4	2026-08-24T19:28:04.8199310Z  * [new branch]        agent/verify-doctor-who-legacy-ref-neutralization -> origin/agent/verify-doctor-who-legacy-ref-neutralization
independently-adjudicate-benbassat-as-picard-voiceover	Run actions/checkout@v4	2026-08-24T19:28:04.8200222Z  * [new branch]        agent/verify-doctor-who-legacy-ref-neutralization-v2 -> origin/agent/verify-doctor-who-legacy-ref-neutralization-v2
independently-adjudicate-benbassat-as-picard-voiceover	Run actions/checkout@v4	2026-08-24T19:28:04.8201030Z  * [new branch]        agent/verify-terminal-closure-7f6140 -> origin/agent/verify-terminal-closure-7f6140
independently-adjudicate-benbassat-as-picard-voiceover	Run actions/checkout@v4	2026-08-24T19:28:04.8201673Z  * [new branch]        chore/reconcile-waterline-handoff -> origin/chore/reconcile-waterline-handoff
independently-adjudicate-benbassat-as-picard-voiceover	Run actions/checkout@v4	2026-08-24T19:28:04.8202179Z  * [new branch]        main                        -> origin/main
independently-adjudicate-benbassat-as-picard-voiceover	Run actions/checkout@v4	2026-08-24T19:28:04.8202837Z  * [new branch]        observer/cycle012-senstarg-candidate-transition-v1 -> origin/observer/cycle012-senstarg-candidate-transition-v1
independently-adjudicate-benbassat-as-picard-voiceover	Run actions/checkout@v4	2026-08-24T19:28:04.8203695Z  * [new branch]        observer/cycle012-senstarg-review-transition-v1 -> origin/observer/cycle012-senstarg-review-transition-v1
independently-adjudicate-benbassat-as-picard-voiceover	Run actions/checkout@v4	2026-08-24T19:28:04.8204704Z  * [new branch]        probe-doctor-who-cycle-015-finalize-20260812 -> origin/probe-doctor-who-cycle-015-finalize-20260812
independently-adjudicate-benbassat-as-picard-voiceover	Run actions/checkout@v4	2026-08-24T19:28:04.8205482Z  * [new branch]        probe-doctor-who-next-candidate-20260812 -> origin/probe-doctor-who-next-candidate-20260812
independently-adjudicate-benbassat-as-picard-voiceover	Run actions/checkout@v4	2026-08-24T19:28:04.8206203Z  * [new branch]        probe-pages-cycle-015-deploy-20260812 -> origin/probe-pages-cycle-015-deploy-20260812
independently-adjudicate-benbassat-as-picard-voiceover	Run actions/checkout@v4	2026-08-24T19:28:04.8206839Z  * [new branch]        probe-release-tool-do-not-use -> origin/probe-release-tool-do-not-use
independently-adjudicate-benbassat-as-picard-voiceover	Run actions/checkout@v4	2026-08-24T19:28:04.8207621Z  * [new branch]        repair/cycle012-senstarg-candidate-env -> origin/repair/cycle012-senstarg-candidate-env
independently-adjudicate-benbassat-as-picard-voiceover	Run actions/checkout@v4	2026-08-24T19:28:04.8208310Z  * [new tag]           archive/agent/dec0010-site-tokens-spark -> archive/agent/dec0010-site-tokens-spark
independently-adjudicate-benbassat-as-picard-voiceover	Run actions/checkout@v4	2026-08-24T19:28:04.8208961Z  * [new tag]           archive/agent/dec0011-cross-platform-gate -> archive/agent/dec0011-cross-platform-gate
independently-adjudicate-benbassat-as-picard-voiceover	Run actions/checkout@v4	2026-08-24T19:28:04.8209593Z  * [new tag]           archive/agent/ds9-decision-authoring -> archive/agent/ds9-decision-authoring
independently-adjudicate-benbassat-as-picard-voiceover	Run actions/checkout@v4	2026-08-24T19:28:04.8210226Z  * [new tag]           archive/agent/five-year-operating-system -> archive/agent/five-year-operating-system
independently-adjudicate-benbassat-as-picard-voiceover	Run actions/checkout@v4	2026-08-24T19:28:04.8210795Z  * [new tag]           archive/agent/luna-autopilot -> archive/agent/luna-autopilot
independently-adjudicate-benbassat-as-picard-voiceover	Run actions/checkout@v4	2026-08-24T19:28:04.8211320Z  * [new tag]           archive/agent/pr55-semantic-review -> archive/agent/pr55-semantic-review
independently-adjudicate-benbassat-as-picard-voiceover	Run actions/checkout@v4	2026-08-24T19:28:04.8211874Z  * [new tag]           archive/agent/preservation-rescue -> archive/agent/preservation-rescue
independently-adjudicate-benbassat-as-picard-voiceover	Run actions/checkout@v4	2026-08-24T19:28:04.8212448Z  * [new tag]           archive/agent/star-trek-media-audit -> archive/agent/star-trek-media-audit
independently-adjudicate-benbassat-as-picard-voiceover	Run actions/checkout@v4	2026-08-24T19:28:04.8213054Z  * [new tag]           archive/agent/trek-exact-subject-audit -> archive/agent/trek-exact-subject-audit
independently-adjudicate-benbassat-as-picard-voiceover	Run actions/checkout@v4	2026-08-24T19:28:04.8213692Z  * [new tag]           archive/agent/trusted-foundation-receipt -> archive/agent/trusted-foundation-receipt
independently-adjudicate-benbassat-as-picard-voiceover	Run actions/checkout@v4	2026-08-24T19:28:04.8214517Z  * [new tag]           archive/chore/remove-promotion-scaffolding -> archive/chore/remove-promotion-scaffolding
independently-adjudicate-benbassat-as-picard-voiceover	Run actions/checkout@v4	2026-08-24T19:28:04.8215167Z  * [new tag]           archive/claude/coding-session-1u1llu -> archive/claude/coding-session-1u1llu
independently-adjudicate-benbassat-as-picard-voiceover	Run actions/checkout@v4	2026-08-24T19:28:04.8215721Z  * [new tag]           archive/claude/decision-tooling -> archive/claude/decision-tooling
independently-adjudicate-benbassat-as-picard-voiceover	Run actions/checkout@v4	2026-08-24T19:28:04.8216225Z  * [new tag]           archive/claude/ds9-census   -> archive/claude/ds9-census
independently-adjudicate-benbassat-as-picard-voiceover	Run actions/checkout@v4	2026-08-24T19:28:04.8216698Z  * [new tag]           archive/claude/ds9-eligibility -> archive/claude/ds9-eligibility
independently-adjudicate-benbassat-as-picard-voiceover	Run actions/checkout@v4	2026-08-24T19:28:04.8217231Z  * [new tag]           archive/claude/ds9-maker-attribution -> archive/claude/ds9-maker-attribution
independently-adjudicate-benbassat-as-picard-voiceover	Run actions/checkout@v4	2026-08-24T19:28:04.8217938Z  * [new tag]           archive/claude/final-task-2vmzpr -> archive/claude/final-task-2vmzpr
independently-adjudicate-benbassat-as-picard-voiceover	Run actions/checkout@v4	2026-08-24T19:28:04.8218529Z  * [new tag]           archive/claude/fix-projection-drift -> archive/claude/fix-projection-drift
independently-adjudicate-benbassat-as-picard-voiceover	Run actions/checkout@v4	2026-08-24T19:28:04.8219099Z  * [new tag]           archive/claude/full-canon-census -> archive/claude/full-canon-census
independently-adjudicate-benbassat-as-picard-voiceover	Run actions/checkout@v4	2026-08-24T19:28:04.8219607Z  * [new tag]           archive/claude/homepage-flip -> archive/claude/homepage-flip
independently-adjudicate-benbassat-as-picard-voiceover	Run actions/checkout@v4	2026-08-24T19:28:04.8220137Z  * [new tag]           archive/claude/product-constitution -> archive/claude/product-constitution
independently-adjudicate-benbassat-as-picard-voiceover	Run actions/checkout@v4	2026-08-24T19:28:04.8220747Z  * [new tag]           archive/claude/retire-comparison-seam -> archive/claude/retire-comparison-seam
independently-adjudicate-benbassat-as-picard-voiceover	Run actions/checkout@v4	2026-08-24T19:28:04.8221326Z  * [new tag]           archive/claude/work-review-ex7ape -> archive/claude/work-review-ex7ape
independently-adjudicate-benbassat-as-picard-voiceover	Run actions/checkout@v4	2026-08-24T19:28:04.8221877Z  * [new tag]           archive/codex/a11y-durable-records -> archive/codex/a11y-durable-records
independently-adjudicate-benbassat-as-picard-voiceover	Run actions/checkout@v4	2026-08-24T19:28:04.8222408Z  * [new tag]           archive/codex/archive-contract -> archive/codex/archive-contract
independently-adjudicate-benbassat-as-picard-voiceover	Run actions/checkout@v4	2026-08-24T19:28:04.8222946Z  * [new tag]           archive/codex/constellation-graph -> archive/codex/constellation-graph
independently-adjudicate-benbassat-as-picard-voiceover	Run actions/checkout@v4	2026-08-24T19:28:04.8223591Z  * [new tag]           archive/codex/constellations-contextual-nav -> archive/codex/constellations-contextual-nav
independently-adjudicate-benbassat-as-picard-voiceover	Run actions/checkout@v4	2026-08-24T19:28:04.8224478Z  * [new tag]           archive/codex/enforce-real-image-policy -> archive/codex/enforce-real-image-policy
independently-adjudicate-benbassat-as-picard-voiceover	Run actions/checkout@v4	2026-08-24T19:28:04.8225101Z  * [new tag]           archive/codex/ferengi-completeness -> archive/codex/ferengi-completeness
independently-adjudicate-benbassat-as-picard-voiceover	Run actions/checkout@v4	2026-08-24T19:28:04.8225660Z  * [new tag]           archive/codex/fix-comparison-wipe -> archive/codex/fix-comparison-wipe
independently-adjudicate-benbassat-as-picard-voiceover	Run actions/checkout@v4	2026-08-24T19:28:04.8226194Z  * [new tag]           archive/codex/franchise-census -> archive/codex/franchise-census
independently-adjudicate-benbassat-as-picard-voiceover	Run actions/checkout@v4	2026-08-24T19:28:04.8226764Z  * [new tag]           archive/codex/full-rendered-site-audit -> archive/codex/full-rendered-site-audit
independently-adjudicate-benbassat-as-picard-voiceover	Run actions/checkout@v4	2026-08-24T19:28:04.8227325Z  * [new tag]           archive/codex/image-focus-pass -> archive/codex/image-focus-pass
independently-adjudicate-benbassat-as-picard-voiceover	Run actions/checkout@v4	2026-08-24T19:28:04.8227960Z  * [new tag]           archive/codex/morn-face-alignment -> archive/codex/morn-face-alignment
independently-adjudicate-benbassat-as-picard-voiceover	Run actions/checkout@v4	2026-08-24T19:28:04.8228613Z  * [new tag]           archive/codex/photos-changelings-placeholders -> archive/codex/photos-changelings-placeholders
independently-adjudicate-benbassat-as-picard-voiceover	Run actions/checkout@v4	2026-08-24T19:28:04.8229310Z  * [new tag]           archive/codex/polish-seams-correctness -> archive/codex/polish-seams-correctness
independently-adjudicate-benbassat-as-picard-voiceover	Run actions/checkout@v4	2026-08-24T19:28:04.8229859Z  * [new tag]           archive/codex/recognition-wipe -> archive/codex/recognition-wipe
independently-adjudicate-benbassat-as-picard-voiceover	Run actions/checkout@v4	2026-08-24T19:28:04.8230348Z  * [new tag]           archive/codex/roster-quality -> archive/codex/roster-quality
independently-adjudicate-benbassat-as-picard-voiceover	Run actions/checkout@v4	2026-08-24T19:28:04.8230823Z  * [new tag]           archive/codex/site-cohesion -> archive/codex/site-cohesion
independently-adjudicate-benbassat-as-picard-voiceover	Run actions/checkout@v4	2026-08-24T19:28:04.8231413Z  * [new tag]           archive/codex/species-navigation-visual-audit -> archive/codex/species-navigation-visual-audit
independently-adjudicate-benbassat-as-picard-voiceover	Run actions/checkout@v4	2026-08-24T19:28:04.8231963Z  * [new tag]           media-0001                  -> media-0001
independently-adjudicate-benbassat-as-picard-voiceover	Run actions/checkout@v4	2026-08-24T19:28:04.8232316Z  * [new tag]           media-0002                  -> media-0002
independently-adjudicate-benbassat-as-picard-voiceover	Run actions/checkout@v4	2026-08-24T19:28:04.8232650Z  * [new tag]           media-0003                  -> media-0003
independently-adjudicate-benbassat-as-picard-voiceover	Run actions/checkout@v4	2026-08-24T19:28:04.8233102Z  * [new tag]           preservation-20260721-3bbec746c478 -> preservation-20260721-3bbec746c478
independently-adjudicate-benbassat-as-picard-voiceover	Run actions/checkout@v4	2026-08-24T19:28:04.8233824Z  * [new tag]           preservation-20260721-8f2983cf8939 -> preservation-20260721-8f2983cf8939
independently-adjudicate-benbassat-as-picard-voiceover	Run actions/checkout@v4	2026-08-24T19:28:04.8234378Z  * [new tag]           preservation-20260721-b093da64e587 -> preservation-20260721-b093da64e587
independently-adjudicate-benbassat-as-picard-voiceover	Run actions/checkout@v4	2026-08-24T19:28:04.8234913Z  * [new tag]           preservation-20260721-ee99b91913c6 -> preservation-20260721-ee99b91913c6
independently-adjudicate-benbassat-as-picard-voiceover	Run actions/checkout@v4	2026-08-24T19:28:04.8235448Z  * [new tag]           preservation-20260801-7054b6e620ee -> preservation-20260801-7054b6e620ee
independently-adjudicate-benbassat-as-picard-voiceover	Run actions/checkout@v4	2026-08-24T19:28:04.8235979Z  * [new tag]           preservation-20260801-788af7e3ad7f -> preservation-20260801-788af7e3ad7f
independently-adjudicate-benbassat-as-picard-voiceover	Run actions/checkout@v4	2026-08-24T19:28:04.8236508Z  * [new tag]           preservation-20260801-9c5e814821eb -> preservation-20260801-9c5e814821eb
independently-adjudicate-benbassat-as-picard-voiceover	Run actions/checkout@v4	2026-08-24T19:28:04.8237037Z  * [new tag]           preservation-20260801-d723f84bc17a -> preservation-20260801-d723f84bc17a
independently-adjudicate-benbassat-as-picard-voiceover	Run actions/checkout@v4	2026-08-24T19:28:04.8237885Z  * [new tag]           preservation-doctor-who-169391a8bf64 -> preservation-doctor-who-169391a8bf64
independently-adjudicate-benbassat-as-picard-voiceover	Run actions/checkout@v4	2026-08-24T19:28:04.8239553Z [command]/usr/bin/git branch --list --remote origin/agent/star-trek-benbassat-source-review-recovery-v2
independently-adjudicate-benbassat-as-picard-voiceover	Run actions/checkout@v4	2026-08-24T19:28:04.8240127Z   origin/agent/star-trek-benbassat-source-review-recovery-v2
independently-adjudicate-benbassat-as-picard-voiceover	Run actions/checkout@v4	2026-08-24T19:28:04.8241044Z [command]/usr/bin/git rev-parse refs/remotes/origin/agent/star-trek-benbassat-source-review-recovery-v2
independently-adjudicate-benbassat-as-picard-voiceover	Run actions/checkout@v4	2026-08-24T19:28:04.8241547Z ff28f1d7712bef9a7431ceffcb55119b8522e6ea
independently-adjudicate-benbassat-as-picard-voiceover	Run actions/checkout@v4	2026-08-24T19:28:04.8242288Z ##[endgroup]
independently-adjudicate-benbassat-as-picard-voiceover	Run actions/checkout@v4	2026-08-24T19:28:04.8242651Z ##[group]Determining the checkout info
independently-adjudicate-benbassat-as-picard-voiceover	Run actions/checkout@v4	2026-08-24T19:28:04.8243040Z ##[endgroup]
independently-adjudicate-benbassat-as-picard-voiceover	Run actions/checkout@v4	2026-08-24T19:28:04.8243274Z [command]/usr/bin/git sparse-checkout disable
independently-adjudicate-benbassat-as-picard-voiceover	Run actions/checkout@v4	2026-08-24T19:28:04.8243944Z [command]/usr/bin/git config --local --unset-all extensions.worktreeConfig
independently-adjudicate-benbassat-as-picard-voiceover	Run actions/checkout@v4	2026-08-24T19:28:04.8244722Z ##[group]Checking out the ref
independently-adjudicate-benbassat-as-picard-voiceover	Run actions/checkout@v4	2026-08-24T19:28:04.8245552Z [command]/usr/bin/git checkout --progress --force -B agent/star-trek-benbassat-source-review-recovery-v2 refs/remotes/origin/agent/star-trek-benbassat-source-review-recovery-v2
independently-adjudicate-benbassat-as-picard-voiceover	Run actions/checkout@v4	2026-08-24T19:28:05.7769432Z Updating files:  40% (1764/4378)
independently-adjudicate-benbassat-as-picard-voiceover	Run actions/checkout@v4	2026-08-24T19:28:05.7914348Z Updating files:  41% (1795/4378)
independently-adjudicate-benbassat-as-picard-voiceover	Run actions/checkout@v4	2026-08-24T19:28:05.7953085Z Updating files:  42% (1839/4378)
independently-adjudicate-benbassat-as-picard-voiceover	Run actions/checkout@v4	2026-08-24T19:28:05.8012561Z Updating files:  43% (1883/4378)
independently-adjudicate-benbassat-as-picard-voiceover	Run actions/checkout@v4	2026-08-24T19:28:05.8089677Z Updating files:  44% (1927/4378)
independently-adjudicate-benbassat-as-picard-voiceover	Run actions/checkout@v4	2026-08-24T19:28:05.8190294Z Updating files:  45% (1971/4378)
independently-adjudicate-benbassat-as-picard-voiceover	Run actions/checkout@v4	2026-08-24T19:28:05.8412591Z Updating files:  46% (2014/4378)
independently-adjudicate-benbassat-as-picard-voiceover	Run actions/checkout@v4	2026-08-24T19:28:05.8515575Z Updating files:  47% (2058/4378)
independently-adjudicate-benbassat-as-picard-voiceover	Run actions/checkout@v4	2026-08-24T19:28:05.8580051Z Updating files:  48% (2102/4378)
independently-adjudicate-benbassat-as-picard-voiceover	Run actions/checkout@v4	2026-08-24T19:28:05.8644686Z Updating files:  49% (2146/4378)
independently-adjudicate-benbassat-as-picard-voiceover	Run actions/checkout@v4	2026-08-24T19:28:05.8875371Z Updating files:  50% (2189/4378)
independently-adjudicate-benbassat-as-picard-voiceover	Run actions/checkout@v4	2026-08-24T19:28:05.9005165Z Updating files:  51% (2233/4378)
independently-adjudicate-benbassat-as-picard-voiceover	Run actions/checkout@v4	2026-08-24T19:28:05.9082636Z Updating files:  52% (2277/4378)
independently-adjudicate-benbassat-as-picard-voiceover	Run actions/checkout@v4	2026-08-24T19:28:05.9251656Z Updating files:  53% (2321/4378)
independently-adjudicate-benbassat-as-picard-voiceover	Run actions/checkout@v4	2026-08-24T19:28:05.9416430Z Updating files:  54% (2365/4378)
independently-adjudicate-benbassat-as-picard-voiceover	Run actions/checkout@v4	2026-08-24T19:28:05.9522382Z Updating files:  55% (2408/4378)
independently-adjudicate-benbassat-as-picard-voiceover	Run actions/checkout@v4	2026-08-24T19:28:05.9678183Z Updating files:  56% (2452/4378)
independently-adjudicate-benbassat-as-picard-voiceover	Run actions/checkout@v4	2026-08-24T19:28:05.9775729Z Updating files:  57% (2496/4378)
independently-adjudicate-benbassat-as-picard-voiceover	Run actions/checkout@v4	2026-08-24T19:28:05.9864329Z Updating files:  58% (2540/4378)
independently-adjudicate-benbassat-as-picard-voiceover	Run actions/checkout@v4	2026-08-24T19:28:05.9968960Z Updating files:  59% (2584/4378)
independently-adjudicate-benbassat-as-picard-voiceover	Run actions/checkout@v4	2026-08-24T19:28:06.0116883Z Updating files:  60% (2627/4378)
independently-adjudicate-benbassat-as-picard-voiceover	Run actions/checkout@v4	2026-08-24T19:28:06.0206291Z Updating files:  61% (2671/4378)
independently-adjudicate-benbassat-as-picard-voiceover	Run actions/checkout@v4	2026-08-24T19:28:06.0350596Z Updating files:  62% (2715/4378)
independently-adjudicate-benbassat-as-picard-voiceover	Run actions/checkout@v4	2026-08-24T19:28:06.0416605Z Updating files:  63% (2759/4378)
independently-adjudicate-benbassat-as-picard-voiceover	Run actions/checkout@v4	2026-08-24T19:28:06.0510079Z Updating files:  64% (2802/4378)
independently-adjudicate-benbassat-as-picard-voiceover	Run actions/checkout@v4	2026-08-24T19:28:06.0596635Z Updating files:  65% (2846/4378)
independently-adjudicate-benbassat-as-picard-voiceover	Run actions/checkout@v4	2026-08-24T19:28:06.0699464Z Updating files:  66% (2890/4378)
independently-adjudicate-benbassat-as-picard-voiceover	Run actions/checkout@v4	2026-08-24T19:28:06.0791998Z Updating files:  67% (2934/4378)
independently-adjudicate-benbassat-as-picard-voiceover	Run actions/checkout@v4	2026-08-24T19:28:06.0858399Z Updating files:  68% (2978/4378)
independently-adjudicate-benbassat-as-picard-voiceover	Run actions/checkout@v4	2026-08-24T19:28:06.0937229Z Updating files:  69% (3021/4378)
independently-adjudicate-benbassat-as-picard-voiceover	Run actions/checkout@v4	2026-08-24T19:28:06.1002027Z Updating files:  70% (3065/4378)
independently-adjudicate-benbassat-as-picard-voiceover	Run actions/checkout@v4	2026-08-24T19:28:06.1083691Z Updating files:  71% (3109/4378)
independently-adjudicate-benbassat-as-picard-voiceover	Run actions/checkout@v4	2026-08-24T19:28:06.1145376Z Updating files:  72% (3153/4378)
independently-adjudicate-benbassat-as-picard-voiceover	Run actions/checkout@v4	2026-08-24T19:28:06.1206565Z Updating files:  73% (3196/4378)
independently-adjudicate-benbassat-as-picard-voiceover	Run actions/checkout@v4	2026-08-24T19:28:06.1282427Z Updating files:  74% (3240/4378)
independently-adjudicate-benbassat-as-picard-voiceover	Run actions/checkout@v4	2026-08-24T19:28:06.1347708Z Updating files:  75% (3284/4378)
independently-adjudicate-benbassat-as-picard-voiceover	Run actions/checkout@v4	2026-08-24T19:28:06.1439600Z Updating files:  76% (3328/4378)
independently-adjudicate-benbassat-as-picard-voiceover	Run actions/checkout@v4	2026-08-24T19:28:06.1505919Z Updating files:  77% (3372/4378)
independently-adjudicate-benbassat-as-picard-voiceover	Run actions/checkout@v4	2026-08-24T19:28:06.1576377Z Updating files:  78% (3415/4378)
independently-adjudicate-benbassat-as-picard-voiceover	Run actions/checkout@v4	2026-08-24T19:28:06.1651584Z Updating files:  79% (3459/4378)
independently-adjudicate-benbassat-as-picard-voiceover	Run actions/checkout@v4	2026-08-24T19:28:06.1733335Z Updating files:  80% (3503/4378)
independently-adjudicate-benbassat-as-picard-voiceover	Run actions/checkout@v4	2026-08-24T19:28:06.1796859Z Updating files:  81% (3547/4378)
independently-adjudicate-benbassat-as-picard-voiceover	Run actions/checkout@v4	2026-08-24T19:28:06.1868922Z Updating files:  82% (3590/4378)
independently-adjudicate-benbassat-as-picard-voiceover	Run actions/checkout@v4	2026-08-24T19:28:06.1954833Z Updating files:  83% (3634/4378)
independently-adjudicate-benbassat-as-picard-voiceover	Run actions/checkout@v4	2026-08-24T19:28:06.2012512Z Updating files:  84% (3678/4378)
independently-adjudicate-benbassat-as-picard-voiceover	Run actions/checkout@v4	2026-08-24T19:28:06.2094533Z Updating files:  85% (3722/4378)
independently-adjudicate-benbassat-as-picard-voiceover	Run actions/checkout@v4	2026-08-24T19:28:06.2166443Z Updating files:  86% (3766/4378)
independently-adjudicate-benbassat-as-picard-voiceover	Run actions/checkout@v4	2026-08-24T19:28:06.2222666Z Updating files:  87% (3809/4378)
independently-adjudicate-benbassat-as-picard-voiceover	Run actions/checkout@v4	2026-08-24T19:28:06.2349735Z Updating files:  88% (3853/4378)
independently-adjudicate-benbassat-as-picard-voiceover	Run actions/checkout@v4	2026-08-24T19:28:06.2405626Z Updating files:  89% (3897/4378)
independently-adjudicate-benbassat-as-picard-voiceover	Run actions/checkout@v4	2026-08-24T19:28:06.2474294Z Updating files:  90% (3941/4378)
independently-adjudicate-benbassat-as-picard-voiceover	Run actions/checkout@v4	2026-08-24T19:28:06.2529849Z Updating files:  91% (3984/4378)
independently-adjudicate-benbassat-as-picard-voiceover	Run actions/checkout@v4	2026-08-24T19:28:06.2590153Z Updating files:  92% (4028/4378)
independently-adjudicate-benbassat-as-picard-voiceover	Run actions/checkout@v4	2026-08-24T19:28:06.2642469Z Updating files:  93% (4072/4378)
independently-adjudicate-benbassat-as-picard-voiceover	Run actions/checkout@v4	2026-08-24T19:28:06.2684134Z Updating files:  94% (4116/4378)
independently-adjudicate-benbassat-as-picard-voiceover	Run actions/checkout@v4	2026-08-24T19:28:06.2729693Z Updating files:  95% (4160/4378)
independently-adjudicate-benbassat-as-picard-voiceover	Run actions/checkout@v4	2026-08-24T19:28:06.2769189Z Updating files:  96% (4203/4378)
independently-adjudicate-benbassat-as-picard-voiceover	Run actions/checkout@v4	2026-08-24T19:28:06.2803962Z Updating files:  97% (4247/4378)
independently-adjudicate-benbassat-as-picard-voiceover	Run actions/checkout@v4	2026-08-24T19:28:06.2838233Z Updating files:  98% (4291/4378)
independently-adjudicate-benbassat-as-picard-voiceover	Run actions/checkout@v4	2026-08-24T19:28:06.2996271Z Updating files:  99% (4335/4378)
independently-adjudicate-benbassat-as-picard-voiceover	Run actions/checkout@v4	2026-08-24T19:28:06.2996682Z Updating files: 100% (4378/4378)
independently-adjudicate-benbassat-as-picard-voiceover	Run actions/checkout@v4	2026-08-24T19:28:06.2996963Z Updating files: 100% (4378/4378), done.
independently-adjudicate-benbassat-as-picard-voiceover	Run actions/checkout@v4	2026-08-24T19:28:06.3049373Z Switched to a new branch 'agent/star-trek-benbassat-source-review-recovery-v2'
independently-adjudicate-benbassat-as-picard-voiceover	Run actions/checkout@v4	2026-08-24T19:28:06.3052886Z branch 'agent/star-trek-benbassat-source-review-recovery-v2' set up to track 'origin/agent/star-trek-benbassat-source-review-recovery-v2'.
independently-adjudicate-benbassat-as-picard-voiceover	Run actions/checkout@v4	2026-08-24T19:28:06.3193936Z ##[endgroup]
independently-adjudicate-benbassat-as-picard-voiceover	Run actions/checkout@v4	2026-08-24T19:28:06.3243853Z [command]/usr/bin/git log -1 --format=%H
independently-adjudicate-benbassat-as-picard-voiceover	Run actions/checkout@v4	2026-08-24T19:28:06.3274899Z ff28f1d7712bef9a7431ceffcb55119b8522e6ea
independently-adjudicate-benbassat-as-picard-voiceover	Run actions/setup-node@v4	﻿2026-08-24T19:28:06.3527719Z Node 20 is being deprecated. This workflow is running with Node 24 by default. If you need to temporarily use Node 20, you can set the ACTIONS_ALLOW_USE_UNSECURE_NODE_VERSION=true environment variable. For more information see: https://github.blog/changelog/2025-09-19-deprecation-of-node-20-on-github-actions-runners/
independently-adjudicate-benbassat-as-picard-voiceover	Run actions/setup-node@v4	2026-08-24T19:28:06.3529387Z ##[group]Run actions/setup-node@v4
independently-adjudicate-benbassat-as-picard-voiceover	Run actions/setup-node@v4	2026-08-24T19:28:06.3529655Z with:
independently-adjudicate-benbassat-as-picard-voiceover	Run actions/setup-node@v4	2026-08-24T19:28:06.3529864Z   node-version: 24
independently-adjudicate-benbassat-as-picard-voiceover	Run actions/setup-node@v4	2026-08-24T19:28:06.3530078Z   cache: npm
independently-adjudicate-benbassat-as-picard-voiceover	Run actions/setup-node@v4	2026-08-24T19:28:06.3530281Z   always-auth: false
independently-adjudicate-benbassat-as-picard-voiceover	Run actions/setup-node@v4	2026-08-24T19:28:06.3530502Z   check-latest: false
independently-adjudicate-benbassat-as-picard-voiceover	Run actions/setup-node@v4	2026-08-24T19:28:06.3533106Z   token: ***
independently-adjudicate-benbassat-as-picard-voiceover	Run actions/setup-node@v4	2026-08-24T19:28:06.3533303Z env:
independently-adjudicate-benbassat-as-picard-voiceover	Run actions/setup-node@v4	2026-08-24T19:28:06.3533568Z   EXPECTED_MAIN: ed79424013b92460d16c01cad4e590eca01e6bff
independently-adjudicate-benbassat-as-picard-voiceover	Run actions/setup-node@v4	2026-08-24T19:28:06.3533941Z   EXPECTED_TREE: 7f9057770c8e622d71ef41b183811fe47fcdd6ed
independently-adjudicate-benbassat-as-picard-voiceover	Run actions/setup-node@v4	2026-08-24T19:28:06.3534250Z   TASK_ID: ap_dd7d1c73ed237230cd6e1d0b
independently-adjudicate-benbassat-as-picard-voiceover	Run actions/setup-node@v4	2026-08-24T19:28:06.3534523Z   EXPECTED_PERFORMER: Nolan North
independently-adjudicate-benbassat-as-picard-voiceover	Run actions/setup-node@v4	2026-08-24T19:28:06.3534782Z   EXPECTED_CHARACTER: Benbassat
independently-adjudicate-benbassat-as-picard-voiceover	Run actions/setup-node@v4	2026-08-24T19:28:06.3535211Z   EXPECTED_FINGERPRINT: 78e1384a3a11787064f98516e5759b55b33369d161067804c2d77f2ef6ef8885
independently-adjudicate-benbassat-as-picard-voiceover	Run actions/setup-node@v4	2026-08-24T19:28:06.3535713Z   SOURCE_BRANCH: agent/star-trek-benbassat-source-result-v3
independently-adjudicate-benbassat-as-picard-voiceover	Run actions/setup-node@v4	2026-08-24T19:28:06.3536097Z   SOURCE_PREFIX: transport/star-trek-benbassat-source-v3
independently-adjudicate-benbassat-as-picard-voiceover	Run actions/setup-node@v4	2026-08-24T19:28:06.3536496Z   RESULT_BRANCH: agent/star-trek-benbassat-source-review-result-v1
independently-adjudicate-benbassat-as-picard-voiceover	Run actions/setup-node@v4	2026-08-24T19:28:06.3536910Z   OUT: /tmp/star-trek-benbassat-source-review-recovery-v2
independently-adjudicate-benbassat-as-picard-voiceover	Run actions/setup-node@v4	2026-08-24T19:28:06.3537335Z   SOURCE_ROOT: /tmp/star-trek-benbassat-source-review-recovery-v2/source
independently-adjudicate-benbassat-as-picard-voiceover	Run actions/setup-node@v4	2026-08-24T19:28:06.3540358Z   GH_TOKEN: ***
independently-adjudicate-benbassat-as-picard-voiceover	Run actions/setup-node@v4	2026-08-24T19:28:06.3540563Z ##[endgroup]
independently-adjudicate-benbassat-as-picard-voiceover	Run actions/setup-node@v4	2026-08-24T19:28:06.4988579Z Found in cache @ /opt/hostedtoolcache/node/24.19.0/x64
independently-adjudicate-benbassat-as-picard-voiceover	Run actions/setup-node@v4	2026-08-24T19:28:06.4993768Z (node:2369) [DEP0040] DeprecationWarning: The `punycode` module is deprecated. Please use a userland alternative instead.
independently-adjudicate-benbassat-as-picard-voiceover	Run actions/setup-node@v4	2026-08-24T19:28:06.4994881Z (Use `node --trace-deprecation ...` to show where the warning was created)
independently-adjudicate-benbassat-as-picard-voiceover	Run actions/setup-node@v4	2026-08-24T19:28:06.4996655Z ##[group]Environment details
independently-adjudicate-benbassat-as-picard-voiceover	Run actions/setup-node@v4	2026-08-24T19:28:06.8426711Z node: v24.19.0
independently-adjudicate-benbassat-as-picard-voiceover	Run actions/setup-node@v4	2026-08-24T19:28:06.8427175Z npm: 11.17.0
independently-adjudicate-benbassat-as-picard-voiceover	Run actions/setup-node@v4	2026-08-24T19:28:06.8427777Z yarn: 1.22.22
independently-adjudicate-benbassat-as-picard-voiceover	Run actions/setup-node@v4	2026-08-24T19:28:06.8429600Z ##[endgroup]
independently-adjudicate-benbassat-as-picard-voiceover	Run actions/setup-node@v4	2026-08-24T19:28:06.8476805Z [command]/opt/hostedtoolcache/node/24.19.0/x64/bin/npm config get cache
independently-adjudicate-benbassat-as-picard-voiceover	Run actions/setup-node@v4	2026-08-24T19:28:06.9514172Z /home/runner/.npm
independently-adjudicate-benbassat-as-picard-voiceover	Run actions/setup-node@v4	2026-08-24T19:28:07.0682969Z Cache hit for: node-cache-Linux-x64-npm-f15ee16cadfb16c2733639dda1f0b58735a8af6e775ef040c2dea200bcc3360b
independently-adjudicate-benbassat-as-picard-voiceover	Run actions/setup-node@v4	2026-08-24T19:28:07.0787723Z (node:2369) [DEP0169] DeprecationWarning: `url.parse()` behavior is not standardized and prone to errors that have security implications. Use the WHATWG URL API instead. CVEs are not issued for `url.parse()` vulnerabilities.
independently-adjudicate-benbassat-as-picard-voiceover	Run actions/setup-node@v4	2026-08-24T19:28:07.2701680Z Received 3853891 of 3853891 (100.0%), 28.1 MBs/sec
independently-adjudicate-benbassat-as-picard-voiceover	Run actions/setup-node@v4	2026-08-24T19:28:07.2702436Z Cache Size: ~4 MB (3853891 B)
independently-adjudicate-benbassat-as-picard-voiceover	Run actions/setup-node@v4	2026-08-24T19:28:07.2729871Z [command]/usr/bin/tar -xf /home/runner/work/_temp/759411bd-b174-425a-9cd3-67b68c34baf7/cache.tzst -P -C /home/runner/work/undercast/undercast --use-compress-program unzstd
independently-adjudicate-benbassat-as-picard-voiceover	Run actions/setup-node@v4	2026-08-24T19:28:07.2870077Z Cache restored successfully
independently-adjudicate-benbassat-as-picard-voiceover	Run actions/setup-node@v4	2026-08-24T19:28:07.2877297Z Cache restored from key: node-cache-Linux-x64-npm-f15ee16cadfb16c2733639dda1f0b58735a8af6e775ef040c2dea200bcc3360b
independently-adjudicate-benbassat-as-picard-voiceover	Verify frozen Benbassat source and live rail	﻿2026-08-24T19:28:07.3037038Z ##[group]Run set -Eeuo pipefail
independently-adjudicate-benbassat-as-picard-voiceover	Verify frozen Benbassat source and live rail	2026-08-24T19:28:07.3037927Z ^[[36;1mset -Eeuo pipefail^[[0m
independently-adjudicate-benbassat-as-picard-voiceover	Verify frozen Benbassat source and live rail	2026-08-24T19:28:07.3038209Z ^[[36;1mrm -rf "$OUT"^[[0m
independently-adjudicate-benbassat-as-picard-voiceover	Verify frozen Benbassat source and live rail	2026-08-24T19:28:07.3038460Z ^[[36;1mmkdir -p "$SOURCE_ROOT"^[[0m
independently-adjudicate-benbassat-as-picard-voiceover	Verify frozen Benbassat source and live rail	2026-08-24T19:28:07.3038861Z ^[[36;1mtest -z "$(git ls-remote --heads origin "refs/heads/${RESULT_BRANCH}")"^[[0m
independently-adjudicate-benbassat-as-picard-voiceover	Verify frozen Benbassat source and live rail	2026-08-24T19:28:07.3039337Z ^[[36;1mgit fetch --no-tags origin main "$SOURCE_BRANCH"^[[0m
independently-adjudicate-benbassat-as-picard-voiceover	Verify frozen Benbassat source and live rail	2026-08-24T19:28:07.3040002Z ^[[36;1mtest "$(git rev-parse refs/remotes/origin/main)" = "$EXPECTED_MAIN"^[[0m
independently-adjudicate-benbassat-as-picard-voiceover	Verify frozen Benbassat source and live rail	2026-08-24T19:28:07.3040485Z ^[[36;1mtest "$(git show -s --format=%T "$EXPECTED_MAIN")" = "$EXPECTED_TREE"^[[0m
independently-adjudicate-benbassat-as-picard-voiceover	Verify frozen Benbassat source and live rail	2026-08-24T19:28:07.3041053Z ^[[36;1mgit archive "refs/remotes/origin/${SOURCE_BRANCH}" "$SOURCE_PREFIX" | tar -x -C "$OUT"^[[0m
independently-adjudicate-benbassat-as-picard-voiceover	Verify frozen Benbassat source and live rail	2026-08-24T19:28:07.3041546Z ^[[36;1mcp -a "$OUT/$SOURCE_PREFIX"/. "$SOURCE_ROOT"/^[[0m
independently-adjudicate-benbassat-as-picard-voiceover	Verify frozen Benbassat source and live rail	2026-08-24T19:28:07.3041884Z ^[[36;1mwhile read -r digest original_path; do^[[0m
independently-adjudicate-benbassat-as-picard-voiceover	Verify frozen Benbassat source and live rail	2026-08-24T19:28:07.3042240Z ^[[36;1m  file="$SOURCE_ROOT/$(basename "$original_path")"^[[0m
independently-adjudicate-benbassat-as-picard-voiceover	Verify frozen Benbassat source and live rail	2026-08-24T19:28:07.3042612Z ^[[36;1m  test -f "$file"^[[0m
independently-adjudicate-benbassat-as-picard-voiceover	Verify frozen Benbassat source and live rail	2026-08-24T19:28:07.3042927Z ^[[36;1m  test "$(sha256sum "$file" | awk '{print $1}')" = "$digest"^[[0m
independently-adjudicate-benbassat-as-picard-voiceover	Verify frozen Benbassat source and live rail	2026-08-24T19:28:07.3043303Z ^[[36;1mdone < "$SOURCE_ROOT/manifest.sha256"^[[0m
independently-adjudicate-benbassat-as-picard-voiceover	Verify frozen Benbassat source and live rail	2026-08-24T19:28:07.3043592Z ^[[36;1mjq -e \^[[0m
independently-adjudicate-benbassat-as-picard-voiceover	Verify frozen Benbassat source and live rail	2026-08-24T19:28:07.3043829Z ^[[36;1m  --arg parent "$EXPECTED_MAIN" \^[[0m
independently-adjudicate-benbassat-as-picard-voiceover	Verify frozen Benbassat source and live rail	2026-08-24T19:28:07.3044131Z ^[[36;1m  --arg tree "$EXPECTED_TREE" \^[[0m
independently-adjudicate-benbassat-as-picard-voiceover	Verify frozen Benbassat source and live rail	2026-08-24T19:28:07.3044406Z ^[[36;1m  --arg task "$TASK_ID" \^[[0m
independently-adjudicate-benbassat-as-picard-voiceover	Verify frozen Benbassat source and live rail	2026-08-24T19:28:07.3044701Z ^[[36;1m  --arg performer "$EXPECTED_PERFORMER" \^[[0m
independently-adjudicate-benbassat-as-picard-voiceover	Verify frozen Benbassat source and live rail	2026-08-24T19:28:07.3045025Z ^[[36;1m  --arg character "$EXPECTED_CHARACTER" \^[[0m
independently-adjudicate-benbassat-as-picard-voiceover	Verify frozen Benbassat source and live rail	2026-08-24T19:28:07.3045332Z ^[[36;1m  --arg fp "$EXPECTED_FINGERPRINT" \^[[0m
independently-adjudicate-benbassat-as-picard-voiceover	Verify frozen Benbassat source and live rail	2026-08-24T19:28:07.3045705Z ^[[36;1m  '.transaction == "STAR-TREK-BENBASSAT-SOURCE-PROBE-V3"^[[0m
independently-adjudicate-benbassat-as-picard-voiceover	Verify frozen Benbassat source and live rail	2026-08-24T19:28:07.3046151Z ^[[36;1m   and .status == "source-frozen-pending-performance-mode-review"^[[0m
independently-adjudicate-benbassat-as-picard-voiceover	Verify frozen Benbassat source and live rail	2026-08-24T19:28:07.3046546Z ^[[36;1m   and .canonical_parent == $parent^[[0m
independently-adjudicate-benbassat-as-picard-voiceover	Verify frozen Benbassat source and live rail	2026-08-24T19:28:07.3046838Z ^[[36;1m   and .canonical_tree == $tree^[[0m
independently-adjudicate-benbassat-as-picard-voiceover	Verify frozen Benbassat source and live rail	2026-08-24T19:28:07.3047109Z ^[[36;1m   and .task.id == $task^[[0m
independently-adjudicate-benbassat-as-picard-voiceover	Verify frozen Benbassat source and live rail	2026-08-24T19:28:07.3047762Z ^[[36;1m   and .task.performer == $performer^[[0m
independently-adjudicate-benbassat-as-picard-voiceover	Verify frozen Benbassat source and live rail	2026-08-24T19:28:07.3048079Z ^[[36;1m   and .task.character == $character^[[0m
independently-adjudicate-benbassat-as-picard-voiceover	Verify frozen Benbassat source and live rail	2026-08-24T19:28:07.3048372Z ^[[36;1m   and .task.source_fingerprint == $fp^[[0m
independently-adjudicate-benbassat-as-picard-voiceover	Verify frozen Benbassat source and live rail	2026-08-24T19:28:07.3048683Z ^[[36;1m   and .task.status == "queued"^[[0m
independently-adjudicate-benbassat-as-picard-voiceover	Verify frozen Benbassat source and live rail	2026-08-24T19:28:07.3048961Z ^[[36;1m   and .task.attempts == 0^[[0m
independently-adjudicate-benbassat-as-picard-voiceover	Verify frozen Benbassat source and live rail	2026-08-24T19:28:07.3049237Z ^[[36;1m   and .performer_present == true^[[0m
independently-adjudicate-benbassat-as-picard-voiceover	Verify frozen Benbassat source and live rail	2026-08-24T19:28:07.3049557Z ^[[36;1m   and (.attribution_markers.voice | length) > 0^[[0m
independently-adjudicate-benbassat-as-picard-voiceover	Verify frozen Benbassat source and live rail	2026-08-24T19:28:07.3049928Z ^[[36;1m   and (.attribution_markers.physical | length) == 0^[[0m
independently-adjudicate-benbassat-as-picard-voiceover	Verify frozen Benbassat source and live rail	2026-08-24T19:28:07.3050305Z ^[[36;1m   and (.attribution_markers.prosthetic | length) == 0^[[0m
independently-adjudicate-benbassat-as-picard-voiceover	Verify frozen Benbassat source and live rail	2026-08-24T19:28:07.3050646Z ^[[36;1m   and .canonical_mutation == false^[[0m
independently-adjudicate-benbassat-as-picard-voiceover	Verify frozen Benbassat source and live rail	2026-08-24T19:28:07.3050933Z ^[[36;1m   and .lease_taken == false' \^[[0m
independently-adjudicate-benbassat-as-picard-voiceover	Verify frozen Benbassat source and live rail	2026-08-24T19:28:07.3051243Z ^[[36;1m  "$SOURCE_ROOT/source-probe.json" >/dev/null^[[0m
independently-adjudicate-benbassat-as-picard-voiceover	Verify frozen Benbassat source and live rail	2026-08-24T19:28:07.3051551Z ^[[36;1mpython3 - <<'PY'^[[0m
independently-adjudicate-benbassat-as-picard-voiceover	Verify frozen Benbassat source and live rail	2026-08-24T19:28:07.3051788Z ^[[36;1mfrom pathlib import Path^[[0m
independently-adjudicate-benbassat-as-picard-voiceover	Verify frozen Benbassat source and live rail	2026-08-24T19:28:07.3052051Z ^[[36;1mimport hashlib,json,os^[[0m
independently-adjudicate-benbassat-as-picard-voiceover	Verify frozen Benbassat source and live rail	2026-08-24T19:28:07.3052373Z ^[[36;1mpath=Path(os.environ['SOURCE_ROOT'])/'source-probe.json'^[[0m
independently-adjudicate-benbassat-as-picard-voiceover	Verify frozen Benbassat source and live rail	2026-08-24T19:28:07.3053085Z ^[[36;1mpayload=json.loads(path.read_text()); expected=payload['receipt_sha256']; body=dict(payload); body.pop('receipt_sha256',None); body.pop('artifact',None)^[[0m
independently-adjudicate-benbassat-as-picard-voiceover	Verify frozen Benbassat source and live rail	2026-08-24T19:28:07.3053720Z ^[[36;1mdef stable(v):^[[0m
independently-adjudicate-benbassat-as-picard-voiceover	Verify frozen Benbassat source and live rail	2026-08-24T19:28:07.3054056Z ^[[36;1m    if isinstance(v,dict): return {k:stable(v[k]) for k in sorted(v)}^[[0m
independently-adjudicate-benbassat-as-picard-voiceover	Verify frozen Benbassat source and live rail	2026-08-24T19:28:07.3054479Z ^[[36;1m    if isinstance(v,list): return [stable(x) for x in v]^[[0m
independently-adjudicate-benbassat-as-picard-voiceover	Verify frozen Benbassat source and live rail	2026-08-24T19:28:07.3054788Z ^[[36;1m    return v^[[0m
independently-adjudicate-benbassat-as-picard-voiceover	Verify frozen Benbassat source and live rail	2026-08-24T19:28:07.3055224Z ^[[36;1mactual=hashlib.sha256((json.dumps(stable(body),indent=2,ensure_ascii=False)+'\n').encode()).hexdigest()^[[0m
independently-adjudicate-benbassat-as-picard-voiceover	Verify frozen Benbassat source and live rail	2026-08-24T19:28:07.3055921Z ^[[36;1mif actual!=expected: raise SystemExit(f'source receipt identity mismatch: {actual} != {expected}')^[[0m
independently-adjudicate-benbassat-as-picard-voiceover	Verify frozen Benbassat source and live rail	2026-08-24T19:28:07.3056585Z ^[[36;1mPY^[[0m
independently-adjudicate-benbassat-as-picard-voiceover	Verify frozen Benbassat source and live rail	2026-08-24T19:28:07.3056818Z ^[[36;1mgit checkout --detach "$EXPECTED_MAIN"^[[0m
independently-adjudicate-benbassat-as-picard-voiceover	Verify frozen Benbassat source and live rail	2026-08-24T19:28:07.3057126Z ^[[36;1mnpm ci --ignore-scripts^[[0m
independently-adjudicate-benbassat-as-picard-voiceover	Verify frozen Benbassat source and live rail	2026-08-24T19:28:07.3057718Z ^[[36;1mnode scripts/thesis-rails.mjs validate > "$OUT/thesis-validate.log"^[[0m
independently-adjudicate-benbassat-as-picard-voiceover	Verify frozen Benbassat source and live rail	2026-08-24T19:28:07.3058335Z ^[[36;1mnode scripts/thesis-rails.mjs next --json > "$OUT/thesis-next.json"^[[0m
independently-adjudicate-benbassat-as-picard-voiceover	Verify frozen Benbassat source and live rail	2026-08-24T19:28:07.3058695Z ^[[36;1mjq -e \^[[0m
independently-adjudicate-benbassat-as-picard-voiceover	Verify frozen Benbassat source and live rail	2026-08-24T19:28:07.3058910Z ^[[36;1m  --arg task "$TASK_ID" \^[[0m
independently-adjudicate-benbassat-as-picard-voiceover	Verify frozen Benbassat source and live rail	2026-08-24T19:28:07.3059209Z ^[[36;1m  --arg performer "$EXPECTED_PERFORMER" \^[[0m
independently-adjudicate-benbassat-as-picard-voiceover	Verify frozen Benbassat source and live rail	2026-08-24T19:28:07.3059531Z ^[[36;1m  --arg character "$EXPECTED_CHARACTER" \^[[0m
independently-adjudicate-benbassat-as-picard-voiceover	Verify frozen Benbassat source and live rail	2026-08-24T19:28:07.3059833Z ^[[36;1m  --arg fp "$EXPECTED_FINGERPRINT" \^[[0m
independently-adjudicate-benbassat-as-picard-voiceover	Verify frozen Benbassat source and live rail	2026-08-24T19:28:07.3060134Z ^[[36;1m  '.phase == "ready-for-one-cycle"^[[0m
independently-adjudicate-benbassat-as-picard-voiceover	Verify frozen Benbassat source and live rail	2026-08-24T19:28:07.3060437Z ^[[36;1m   and .candidate.task_id == $task^[[0m
independently-adjudicate-benbassat-as-picard-voiceover	Verify frozen Benbassat source and live rail	2026-08-24T19:28:07.3060731Z ^[[36;1m   and .candidate.performer == $performer^[[0m
independently-adjudicate-benbassat-as-picard-voiceover	Verify frozen Benbassat source and live rail	2026-08-24T19:28:07.3061031Z ^[[36;1m   and .candidate.character == $character^[[0m
independently-adjudicate-benbassat-as-picard-voiceover	Verify frozen Benbassat source and live rail	2026-08-24T19:28:07.3061357Z ^[[36;1m   and .candidate.source_fingerprint == $fp' \^[[0m
independently-adjudicate-benbassat-as-picard-voiceover	Verify frozen Benbassat source and live rail	2026-08-24T19:28:07.3061683Z ^[[36;1m  "$OUT/thesis-next.json" >/dev/null^[[0m
independently-adjudicate-benbassat-as-picard-voiceover	Verify frozen Benbassat source and live rail	2026-08-24T19:28:07.3062087Z ^[[36;1mgh api "/repos/${GITHUB_REPOSITORY}/branches/main" > "$OUT/main-before.json"^[[0m
independently-adjudicate-benbassat-as-picard-voiceover	Verify frozen Benbassat source and live rail	2026-08-24T19:28:07.3062604Z ^[[36;1mtest "$(jq -r .commit.sha "$OUT/main-before.json")" = "$EXPECTED_MAIN"^[[0m
independently-adjudicate-benbassat-as-picard-voiceover	Verify frozen Benbassat source and live rail	2026-08-24T19:28:07.3114948Z shell: /usr/bin/bash --noprofile --norc -e -o pipefail {0}
independently-adjudicate-benbassat-as-picard-voiceover	Verify frozen Benbassat source and live rail	2026-08-24T19:28:07.3115321Z env:
independently-adjudicate-benbassat-as-picard-voiceover	Verify frozen Benbassat source and live rail	2026-08-24T19:28:07.3115592Z   EXPECTED_MAIN: ed79424013b92460d16c01cad4e590eca01e6bff
independently-adjudicate-benbassat-as-picard-voiceover	Verify frozen Benbassat source and live rail	2026-08-24T19:28:07.3115983Z   EXPECTED_TREE: 7f9057770c8e622d71ef41b183811fe47fcdd6ed
independently-adjudicate-benbassat-as-picard-voiceover	Verify frozen Benbassat source and live rail	2026-08-24T19:28:07.3116298Z   TASK_ID: ap_dd7d1c73ed237230cd6e1d0b
independently-adjudicate-benbassat-as-picard-voiceover	Verify frozen Benbassat source and live rail	2026-08-24T19:28:07.3116574Z   EXPECTED_PERFORMER: Nolan North
independently-adjudicate-benbassat-as-picard-voiceover	Verify frozen Benbassat source and live rail	2026-08-24T19:28:07.3116836Z   EXPECTED_CHARACTER: Benbassat
independently-adjudicate-benbassat-as-picard-voiceover	Verify frozen Benbassat source and live rail	2026-08-24T19:28:07.3117249Z   EXPECTED_FINGERPRINT: 78e1384a3a11787064f98516e5759b55b33369d161067804c2d77f2ef6ef8885
independently-adjudicate-benbassat-as-picard-voiceover	Verify frozen Benbassat source and live rail	2026-08-24T19:28:07.3118026Z   SOURCE_BRANCH: agent/star-trek-benbassat-source-result-v3
independently-adjudicate-benbassat-as-picard-voiceover	Verify frozen Benbassat source and live rail	2026-08-24T19:28:07.3118420Z   SOURCE_PREFIX: transport/star-trek-benbassat-source-v3
independently-adjudicate-benbassat-as-picard-voiceover	Verify frozen Benbassat source and live rail	2026-08-24T19:28:07.3118828Z   RESULT_BRANCH: agent/star-trek-benbassat-source-review-result-v1
independently-adjudicate-benbassat-as-picard-voiceover	Verify frozen Benbassat source and live rail	2026-08-24T19:28:07.3119280Z   OUT: /tmp/star-trek-benbassat-source-review-recovery-v2
independently-adjudicate-benbassat-as-picard-voiceover	Verify frozen Benbassat source and live rail	2026-08-24T19:28:07.3119715Z   SOURCE_ROOT: /tmp/star-trek-benbassat-source-review-recovery-v2/source
independently-adjudicate-benbassat-as-picard-voiceover	Verify frozen Benbassat source and live rail	2026-08-24T19:28:07.3122590Z   GH_TOKEN: ***
independently-adjudicate-benbassat-as-picard-voiceover	Verify frozen Benbassat source and live rail	2026-08-24T19:28:07.3122821Z ##[endgroup]
independently-adjudicate-benbassat-as-picard-voiceover	Verify frozen Benbassat source and live rail	2026-08-24T19:28:08.5228454Z From https://github.com/BigBirdReturns/undercast
independently-adjudicate-benbassat-as-picard-voiceover	Verify frozen Benbassat source and live rail	2026-08-24T19:28:08.5229665Z  * branch              main       -> FETCH_HEAD
independently-adjudicate-benbassat-as-picard-voiceover	Verify frozen Benbassat source and live rail	2026-08-24T19:28:08.5230567Z  * branch              agent/star-trek-benbassat-source-result-v3 -> FETCH_HEAD
independently-adjudicate-benbassat-as-picard-voiceover	Verify frozen Benbassat source and live rail	2026-08-24T19:28:08.9032978Z HEAD is now at ed794240 Star Trek: publish Alice (character) cycle
independently-adjudicate-benbassat-as-picard-voiceover	Verify frozen Benbassat source and live rail	2026-08-24T19:28:09.6718317Z 
independently-adjudicate-benbassat-as-picard-voiceover	Verify frozen Benbassat source and live rail	2026-08-24T19:28:09.6719551Z added 4 packages, and audited 5 packages in 712ms
independently-adjudicate-benbassat-as-picard-voiceover	Verify frozen Benbassat source and live rail	2026-08-24T19:28:09.6720042Z 
independently-adjudicate-benbassat-as-picard-voiceover	Verify frozen Benbassat source and live rail	2026-08-24T19:28:09.6724976Z 1 package is looking for funding
independently-adjudicate-benbassat-as-picard-voiceover	Verify frozen Benbassat source and live rail	2026-08-24T19:28:09.6725559Z   run `npm fund` for details
independently-adjudicate-benbassat-as-picard-voiceover	Verify frozen Benbassat source and live rail	2026-08-24T19:28:09.6729663Z 
independently-adjudicate-benbassat-as-picard-voiceover	Verify frozen Benbassat source and live rail	2026-08-24T19:28:09.6730036Z found 0 vulnerabilities
independently-adjudicate-benbassat-as-picard-voiceover	Freeze the Võx episode source and write the corrected independent review	﻿2026-08-24T19:28:12.0839160Z ##[group]Run set -Eeuo pipefail
independently-adjudicate-benbassat-as-picard-voiceover	Freeze the Võx episode source and write the corrected independent review	2026-08-24T19:28:12.0839586Z ^[[36;1mset -Eeuo pipefail^[[0m
independently-adjudicate-benbassat-as-picard-voiceover	Freeze the Võx episode source and write the corrected independent review	2026-08-24T19:28:12.0839850Z ^[[36;1mpython3 - <<'PY'^[[0m
independently-adjudicate-benbassat-as-picard-voiceover	Freeze the Võx episode source and write the corrected independent review	2026-08-24T19:28:12.0840128Z ^[[36;1mfrom datetime import datetime, timezone^[[0m
independently-adjudicate-benbassat-as-picard-voiceover	Freeze the Võx episode source and write the corrected independent review	2026-08-24T19:28:12.0840453Z ^[[36;1mfrom pathlib import Path^[[0m
independently-adjudicate-benbassat-as-picard-voiceover	Freeze the Võx episode source and write the corrected independent review	2026-08-24T19:28:12.0840747Z ^[[36;1mfrom urllib.parse import urlencode^[[0m
independently-adjudicate-benbassat-as-picard-voiceover	Freeze the Võx episode source and write the corrected independent review	2026-08-24T19:28:12.0841074Z ^[[36;1mfrom urllib.request import Request, urlopen^[[0m
independently-adjudicate-benbassat-as-picard-voiceover	Freeze the Võx episode source and write the corrected independent review	2026-08-24T19:28:12.0841396Z ^[[36;1mimport hashlib,json,os,re^[[0m
independently-adjudicate-benbassat-as-picard-voiceover	Freeze the Võx episode source and write the corrected independent review	2026-08-24T19:28:12.0841650Z ^[[36;1m^[[0m
independently-adjudicate-benbassat-as-picard-voiceover	Freeze the Võx episode source and write the corrected independent review	2026-08-24T19:28:12.0841973Z ^[[36;1mout=Path(os.environ['OUT']); source_root=Path(os.environ['SOURCE_ROOT'])^[[0m
independently-adjudicate-benbassat-as-picard-voiceover	Freeze the Võx episode source and write the corrected independent review	2026-08-24T19:28:12.0842473Z ^[[36;1mprobe=json.loads((source_root/'source-probe.json').read_text())^[[0m
independently-adjudicate-benbassat-as-picard-voiceover	Freeze the Võx episode source and write the corrected independent review	2026-08-24T19:28:12.0842942Z ^[[36;1mrole_text=(source_root/'frozen-source.wikitext').read_text()^[[0m
independently-adjudicate-benbassat-as-picard-voiceover	Freeze the Võx episode source and write the corrected independent review	2026-08-24T19:28:12.0843317Z ^[[36;1mlower=role_text.lower()^[[0m
independently-adjudicate-benbassat-as-picard-voiceover	Freeze the Võx episode source and write the corrected independent review	2026-08-24T19:28:12.0843724Z ^[[36;1mif '[[nolan north]] (voice)' not in lower and 'voiced by [[nolan north]]' not in lower:^[[0m
independently-adjudicate-benbassat-as-picard-voiceover	Freeze the Võx episode source and write the corrected independent review	2026-08-24T19:28:12.0844544Z ^[[36;1m    raise SystemExit('frozen Benbassat source does not establish Nolan North voice credit')^[[0m
independently-adjudicate-benbassat-as-picard-voiceover	Freeze the Võx episode source and write the corrected independent review	2026-08-24T19:28:12.0845102Z ^[[36;1mif not re.search(r'\{\{\s*pic\s*\|\s*vox\s*\}\}', role_text, flags=re.I):^[[0m
independently-adjudicate-benbassat-as-picard-voiceover	Freeze the Võx episode source and write the corrected independent review	2026-08-24T19:28:12.0845624Z ^[[36;1m    raise SystemExit('frozen Benbassat source does not bind the role to PIC: Vox')^[[0m
independently-adjudicate-benbassat-as-picard-voiceover	Freeze the Võx episode source and write the corrected independent review	2026-08-24T19:28:12.0846253Z ^[[36;1mif any(token in lower for token in ('portrayed by', 'played by', 'suit performer', 'prosthetic performer')):^[[0m
independently-adjudicate-benbassat-as-picard-voiceover	Freeze the Võx episode source and write the corrected independent review	2026-08-24T19:28:12.0846952Z ^[[36;1m    raise SystemExit('unexpected physical-performance wording appeared in the frozen role source')^[[0m
independently-adjudicate-benbassat-as-picard-voiceover	Freeze the Võx episode source and write the corrected independent review	2026-08-24T19:28:12.0847662Z ^[[36;1m^[[0m
independently-adjudicate-benbassat-as-picard-voiceover	Freeze the Võx episode source and write the corrected independent review	2026-08-24T19:28:12.0848287Z ^[[36;1mquery={'action':'query','prop':'revisions','titles':'Võx (episode)','rvprop':'ids|timestamp|content','rvslots':'main','format':'json','formatversion':'2'}^[[0m
independently-adjudicate-benbassat-as-picard-voiceover	Freeze the Võx episode source and write the corrected independent review	2026-08-24T19:28:12.0849061Z ^[[36;1murl='https://memory-alpha.fandom.com/api.php?'+urlencode(query)^[[0m
independently-adjudicate-benbassat-as-picard-voiceover	Freeze the Võx episode source and write the corrected independent review	2026-08-24T19:28:12.0849756Z ^[[36;1mreq=Request(url,headers={'User-Agent':'UNDERCAST-Benbassat-Source-Review-Recovery/2.0','Accept':'application/json'})^[[0m
independently-adjudicate-benbassat-as-picard-voiceover	Freeze the Võx episode source and write the corrected independent review	2026-08-24T19:28:12.0850424Z ^[[36;1mwith urlopen(req,timeout=90) as response: api=json.load(response)^[[0m
independently-adjudicate-benbassat-as-picard-voiceover	Freeze the Võx episode source and write the corrected independent review	2026-08-24T19:28:12.0850838Z ^[[36;1mpages=api.get('query',{}).get('pages',[])^[[0m
independently-adjudicate-benbassat-as-picard-voiceover	Freeze the Võx episode source and write the corrected independent review	2026-08-24T19:28:12.0851310Z ^[[36;1mif len(pages)!=1 or pages[0].get('missing'): raise SystemExit(f'Võx source missing: {pages}')^[[0m
independently-adjudicate-benbassat-as-picard-voiceover	Freeze the Võx episode source and write the corrected independent review	2026-08-24T19:28:12.0851811Z ^[[36;1mpage=pages[0]; revisions=page.get('revisions') or []^[[0m
independently-adjudicate-benbassat-as-picard-voiceover	Freeze the Võx episode source and write the corrected independent review	2026-08-24T19:28:12.0852270Z ^[[36;1mif len(revisions)!=1: raise SystemExit('Võx revision cardinality drifted')^[[0m
independently-adjudicate-benbassat-as-picard-voiceover	Freeze the Võx episode source and write the corrected independent review	2026-08-24T19:28:12.0852918Z ^[[36;1mrevision=revisions[0]; episode_text=revision['slots']['main']['content']; episode_lower=episode_text.lower()^[[0m
independently-adjudicate-benbassat-as-picard-voiceover	Freeze the Võx episode source and write the corrected independent review	2026-08-24T19:28:12.0853621Z ^[[36;1mif 'nolan north' not in episode_lower or 'benbassat' not in episode_lower or 'voice' not in episode_lower:^[[0m
independently-adjudicate-benbassat-as-picard-voiceover	Freeze the Võx episode source and write the corrected independent review	2026-08-24T19:28:12.0854266Z ^[[36;1m    raise SystemExit('Võx source does not establish Nolan North as Benbassat voice')^[[0m
independently-adjudicate-benbassat-as-picard-voiceover	Freeze the Võx episode source and write the corrected independent review	2026-08-24T19:28:12.0854803Z ^[[36;1mif not re.search(r'13\s+april\s+2023|2023-04-13|2023', episode_lower):^[[0m
independently-adjudicate-benbassat-as-picard-voiceover	Freeze the Võx episode source and write the corrected independent review	2026-08-24T19:28:12.0855308Z ^[[36;1m    raise SystemExit('Võx source does not establish the 2023 production year')^[[0m
independently-adjudicate-benbassat-as-picard-voiceover	Freeze the Võx episode source and write the corrected independent review	2026-08-24T19:28:12.0855710Z ^[[36;1m^[[0m
independently-adjudicate-benbassat-as-picard-voiceover	Freeze the Võx episode source and write the corrected independent review	2026-08-24T19:28:12.0855908Z ^[[36;1mrole_lines=[]^[[0m
independently-adjudicate-benbassat-as-picard-voiceover	Freeze the Võx episode source and write the corrected independent review	2026-08-24T19:28:12.0856230Z ^[[36;1mfor number,line in enumerate(role_text.splitlines(),1):^[[0m
independently-adjudicate-benbassat-as-picard-voiceover	Freeze the Võx episode source and write the corrected independent review	2026-08-24T19:28:12.0856737Z ^[[36;1m    if any(token in line.lower() for token in ('nolan north','voice','{{pic|vox','benbassat')):^[[0m
independently-adjudicate-benbassat-as-picard-voiceover	Freeze the Võx episode source and write the corrected independent review	2026-08-24T19:28:12.0857233Z ^[[36;1m        role_lines.append({'line':number,'text':line})^[[0m
independently-adjudicate-benbassat-as-picard-voiceover	Freeze the Võx episode source and write the corrected independent review	2026-08-24T19:28:12.0857779Z ^[[36;1mepisode_lines=[]^[[0m
independently-adjudicate-benbassat-as-picard-voiceover	Freeze the Võx episode source and write the corrected independent review	2026-08-24T19:28:12.0858105Z ^[[36;1mfor number,line in enumerate(episode_text.splitlines(),1):^[[0m
independently-adjudicate-benbassat-as-picard-voiceover	Freeze the Võx episode source and write the corrected independent review	2026-08-24T19:28:12.0858623Z ^[[36;1m    if any(token in line.lower() for token in ('nolan north','benbassat','voice','2023','13 april')):^[[0m
independently-adjudicate-benbassat-as-picard-voiceover	Freeze the Võx episode source and write the corrected independent review	2026-08-24T19:28:12.0859350Z ^[[36;1m        episode_lines.append({'line':number,'text':line})^[[0m
independently-adjudicate-benbassat-as-picard-voiceover	Freeze the Võx episode source and write the corrected independent review	2026-08-24T19:28:12.0859676Z ^[[36;1m^[[0m
independently-adjudicate-benbassat-as-picard-voiceover	Freeze the Võx episode source and write the corrected independent review	2026-08-24T19:28:12.0859867Z ^[[36;1mreview={^[[0m
independently-adjudicate-benbassat-as-picard-voiceover	Freeze the Võx episode source and write the corrected independent review	2026-08-24T19:28:12.0860077Z ^[[36;1m  'version':2,^[[0m
independently-adjudicate-benbassat-as-picard-voiceover	Freeze the Võx episode source and write the corrected independent review	2026-08-24T19:28:12.0860399Z ^[[36;1m  'transaction':'STAR-TREK-BENBASSAT-SOURCE-REVIEW-V1',^[[0m
independently-adjudicate-benbassat-as-picard-voiceover	Freeze the Võx episode source and write the corrected independent review	2026-08-24T19:28:12.0860944Z ^[[36;1m  'reviewed_at':datetime.now(timezone.utc).replace(microsecond=0).isoformat().replace('+00:00','Z'),^[[0m
independently-adjudicate-benbassat-as-picard-voiceover	Freeze the Võx episode source and write the corrected independent review	2026-08-24T19:28:12.0861488Z ^[[36;1m  'reviewer':'chatgpt-benbassat-source-second-desk',^[[0m
independently-adjudicate-benbassat-as-picard-voiceover	Freeze the Võx episode source and write the corrected independent review	2026-08-24T19:28:12.0861842Z ^[[36;1m  'reviewed_role':'second-desk',^[[0m
independently-adjudicate-benbassat-as-picard-voiceover	Freeze the Võx episode source and write the corrected independent review	2026-08-24T19:28:12.0862124Z ^[[36;1m  'verdict':'pass',^[[0m
independently-adjudicate-benbassat-as-picard-voiceover	Freeze the Võx episode source and write the corrected independent review	2026-08-24T19:28:12.0862420Z ^[[36;1m  'canonical_parent':os.environ['EXPECTED_MAIN'],^[[0m
independently-adjudicate-benbassat-as-picard-voiceover	Freeze the Võx episode source and write the corrected independent review	2026-08-24T19:28:12.0862779Z ^[[36;1m  'canonical_tree':os.environ['EXPECTED_TREE'],^[[0m
independently-adjudicate-benbassat-as-picard-voiceover	Freeze the Võx episode source and write the corrected independent review	2026-08-24T19:28:12.0863088Z ^[[36;1m  'task':{^[[0m
independently-adjudicate-benbassat-as-picard-voiceover	Freeze the Võx episode source and write the corrected independent review	2026-08-24T19:28:12.0863571Z ^[[36;1m    'id':os.environ['TASK_ID'],'performer':os.environ['EXPECTED_PERFORMER'],'character':os.environ['EXPECTED_CHARACTER'],^[[0m
independently-adjudicate-benbassat-as-picard-voiceover	Freeze the Võx episode source and write the corrected independent review	2026-08-24T19:28:12.0864542Z ^[[36;1m    'source_fingerprint':os.environ['EXPECTED_FINGERPRINT'],'status':'queued','attempts':0,^[[0m
independently-adjudicate-benbassat-as-picard-voiceover	Freeze the Võx episode source and write the corrected independent review	2026-08-24T19:28:12.0864980Z ^[[36;1m  },^[[0m
independently-adjudicate-benbassat-as-picard-voiceover	Freeze the Võx episode source and write the corrected independent review	2026-08-24T19:28:12.0865194Z ^[[36;1m  'source_probe':{^[[0m
independently-adjudicate-benbassat-as-picard-voiceover	Freeze the Võx episode source and write the corrected independent review	2026-08-24T19:28:12.0865671Z ^[[36;1m    'transaction':probe['transaction'],'receipt_sha256':probe['receipt_sha256'],'source':probe['task']['source'],^[[0m
independently-adjudicate-benbassat-as-picard-voiceover	Freeze the Võx episode source and write the corrected independent review	2026-08-24T19:28:12.0866358Z ^[[36;1m    'pageid':probe['source_revision']['pageid'],'revision':probe['source_revision']['revision'],^[[0m
independently-adjudicate-benbassat-as-picard-voiceover	Freeze the Võx episode source and write the corrected independent review	2026-08-24T19:28:12.0867040Z ^[[36;1m    'timestamp':probe['source_revision']['timestamp'],'content_sha256':probe['source_revision']['content_sha256'],^[[0m
independently-adjudicate-benbassat-as-picard-voiceover	Freeze the Võx episode source and write the corrected independent review	2026-08-24T19:28:12.0867748Z ^[[36;1m  },^[[0m
independently-adjudicate-benbassat-as-picard-voiceover	Freeze the Võx episode source and write the corrected independent review	2026-08-24T19:28:12.0867965Z ^[[36;1m  'production_source':{^[[0m
independently-adjudicate-benbassat-as-picard-voiceover	Freeze the Võx episode source and write the corrected independent review	2026-08-24T19:28:12.0868475Z ^[[36;1m    'source':'https://memory-alpha.fandom.com/wiki/V%C3%B5x_(episode)','title':'Võx','series':'Star Trek: Picard',^[[0m
independently-adjudicate-benbassat-as-picard-voiceover	Freeze the Võx episode source and write the corrected independent review	2026-08-24T19:28:12.0869162Z ^[[36;1m    'pageid':page['pageid'],'revision':revision['revid'],'timestamp':revision['timestamp'],^[[0m
independently-adjudicate-benbassat-as-picard-voiceover	Freeze the Võx episode source and write the corrected independent review	2026-08-24T19:28:12.0869743Z ^[[36;1m    'content_sha256':hashlib.sha256(episode_text.encode()).hexdigest(),'year':'2023',^[[0m
independently-adjudicate-benbassat-as-picard-voiceover	Freeze the Võx episode source and write the corrected independent review	2026-08-24T19:28:12.0870154Z ^[[36;1m  },^[[0m
independently-adjudicate-benbassat-as-picard-voiceover	Freeze the Võx episode source and write the corrected independent review	2026-08-24T19:28:12.0870364Z ^[[36;1m  'adjudication':{^[[0m
independently-adjudicate-benbassat-as-picard-voiceover	Freeze the Võx episode source and write the corrected independent review	2026-08-24T19:28:12.0870708Z ^[[36;1m    'queued_mode_hint':probe['task'].get('performance_modes') or [],^[[0m
independently-adjudicate-benbassat-as-picard-voiceover	Freeze the Võx episode source and write the corrected independent review	2026-08-24T19:28:12.0871102Z ^[[36;1m    'performance_mode':'voice-only',^[[0m
independently-adjudicate-benbassat-as-picard-voiceover	Freeze the Võx episode source and write the corrected independent review	2026-08-24T19:28:12.0871701Z ^[[36;1m    'performance_scope':'Nolan North’s off-screen voiceover as Captain Benbassat in the Star Trek: Picard episode Võx (2023).',^[[0m
independently-adjudicate-benbassat-as-picard-voiceover	Freeze the Võx episode source and write the corrected independent review	2026-08-24T19:28:12.0872345Z ^[[36;1m    'physical_prosthetic_hint_accepted':False,^[[0m
independently-adjudicate-benbassat-as-picard-voiceover	Freeze the Võx episode source and write the corrected independent review	2026-08-24T19:28:12.0872694Z ^[[36;1m    'physical_performance_attributed':False,^[[0m
independently-adjudicate-benbassat-as-picard-voiceover	Freeze the Võx episode source and write the corrected independent review	2026-08-24T19:28:12.0873036Z ^[[36;1m    'prosthetic_performance_attributed':False,^[[0m
independently-adjudicate-benbassat-as-picard-voiceover	Freeze the Võx episode source and write the corrected independent review	2026-08-24T19:28:12.0873395Z ^[[36;1m    'animation_performance_attributed':False,^[[0m
independently-adjudicate-benbassat-as-picard-voiceover	Freeze the Võx episode source and write the corrected independent review	2026-08-24T19:28:12.0873720Z ^[[36;1m    'voice_distance_measured':False,^[[0m
independently-adjudicate-benbassat-as-picard-voiceover	Freeze the Võx episode source and write the corrected independent review	2026-08-24T19:28:12.0874026Z ^[[36;1m    'transformation_measured':False,^[[0m
independently-adjudicate-benbassat-as-picard-voiceover	Freeze the Võx episode source and write the corrected independent review	2026-08-24T19:28:12.0874531Z ^[[36;1m    'maker_attribution':'unresolved','makeup_attribution':'unresolved','costume_attribution':'unresolved',^[[0m
independently-adjudicate-benbassat-as-picard-voiceover	Freeze the Võx episode source and write the corrected independent review	2026-08-24T19:28:12.0875208Z ^[[36;1m    'character_design_attribution':'unresolved','animation_labor_attribution':'unresolved',^[[0m
independently-adjudicate-benbassat-as-picard-voiceover	Freeze the Võx episode source and write the corrected independent review	2026-08-24T19:28:12.0875824Z ^[[36;1m    'voice_direction_attribution':'unresolved','vocal_processing_attribution':'unresolved',^[[0m
independently-adjudicate-benbassat-as-picard-voiceover	Freeze the Võx episode source and write the corrected independent review	2026-08-24T19:28:12.0876510Z ^[[36;1m    'sound_attribution':'unresolved','editing_attribution':'unresolved','production_shop_attribution':'unresolved',^[[0m
independently-adjudicate-benbassat-as-picard-voiceover	Freeze the Võx episode source and write the corrected independent review	2026-08-24T19:28:12.0877023Z ^[[36;1m  },^[[0m
independently-adjudicate-benbassat-as-picard-voiceover	Freeze the Võx episode source and write the corrected independent review	2026-08-24T19:28:12.0877342Z ^[[36;1m  'evidence_excerpt':{'benbassat':role_lines,'production':episode_lines},^[[0m
independently-adjudicate-benbassat-as-picard-voiceover	Freeze the Võx episode source and write the corrected independent review	2026-08-24T19:28:12.0877908Z ^[[36;1m  'boundary':{^[[0m
independently-adjudicate-benbassat-as-picard-voiceover	Freeze the Võx episode source and write the corrected independent review	2026-08-24T19:28:12.0878355Z ^[[36;1m    'off_screen_voiceover':True,'canonical_mutation':False,'lease_taken':False,'product_staged':False,^[[0m
independently-adjudicate-benbassat-as-picard-voiceover	Freeze the Võx episode source and write the corrected independent review	2026-08-24T19:28:12.0879112Z ^[[36;1m    'cross_facet_substitution':False,'outside_human_dependency':False,^[[0m
independently-adjudicate-benbassat-as-picard-voiceover	Freeze the Võx episode source and write the corrected independent review	2026-08-24T19:28:12.0879474Z ^[[36;1m  },^[[0m
independently-adjudicate-benbassat-as-picard-voiceover	Freeze the Võx episode source and write the corrected independent review	2026-08-24T19:28:12.0879663Z ^[[36;1m}^[[0m
independently-adjudicate-benbassat-as-picard-voiceover	Freeze the Võx episode source and write the corrected independent review	2026-08-24T19:28:12.0879859Z ^[[36;1mdef stable(v):^[[0m
independently-adjudicate-benbassat-as-picard-voiceover	Freeze the Võx episode source and write the corrected independent review	2026-08-24T19:28:12.0880195Z ^[[36;1m    if isinstance(v,dict): return {k:stable(v[k]) for k in sorted(v)}^[[0m
independently-adjudicate-benbassat-as-picard-voiceover	Freeze the Võx episode source and write the corrected independent review	2026-08-24T19:28:12.0880618Z ^[[36;1m    if isinstance(v,list): return [stable(x) for x in v]^[[0m
independently-adjudicate-benbassat-as-picard-voiceover	Freeze the Võx episode source and write the corrected independent review	2026-08-24T19:28:12.0880942Z ^[[36;1m    return v^[[0m
independently-adjudicate-benbassat-as-picard-voiceover	Freeze the Võx episode source and write the corrected independent review	2026-08-24T19:28:12.0881267Z ^[[36;1mbody=json.dumps(stable(review),indent=2,ensure_ascii=False)+'\n'^[[0m
independently-adjudicate-benbassat-as-picard-voiceover	Freeze the Võx episode source and write the corrected independent review	2026-08-24T19:28:12.0881746Z ^[[36;1mreview['review_sha256']=hashlib.sha256(body.encode()).hexdigest()^[[0m
independently-adjudicate-benbassat-as-picard-voiceover	Freeze the Võx episode source and write the corrected independent review	2026-08-24T19:28:12.0882311Z ^[[36;1m(out/'source-review.json').write_text(json.dumps(stable(review),indent=2,ensure_ascii=False)+'\n')^[[0m
independently-adjudicate-benbassat-as-picard-voiceover	Freeze the Võx episode source and write the corrected independent review	2026-08-24T19:28:12.0882839Z ^[[36;1m(out/'vox-source.wikitext').write_text(episode_text)^[[0m
independently-adjudicate-benbassat-as-picard-voiceover	Freeze the Võx episode source and write the corrected independent review	2026-08-24T19:28:12.0883468Z ^[[36;1m(out/'vox-source-api.json').write_text(json.dumps(api,indent=2,ensure_ascii=False)+'\n')^[[0m
independently-adjudicate-benbassat-as-picard-voiceover	Freeze the Võx episode source and write the corrected independent review	2026-08-24T19:28:12.0884135Z ^[[36;1m(out/'benbassat-evidence-lines.json').write_text(json.dumps(role_lines,indent=2,ensure_ascii=False)+'\n')^[[0m
independently-adjudicate-benbassat-as-picard-voiceover	Freeze the Võx episode source and write the corrected independent review	2026-08-24T19:28:12.0884837Z ^[[36;1m(out/'vox-evidence-lines.json').write_text(json.dumps(episode_lines,indent=2,ensure_ascii=False)+'\n')^[[0m
independently-adjudicate-benbassat-as-picard-voiceover	Freeze the Võx episode source and write the corrected independent review	2026-08-24T19:28:12.0885317Z ^[[36;1mPY^[[0m
independently-adjudicate-benbassat-as-picard-voiceover	Freeze the Võx episode source and write the corrected independent review	2026-08-24T19:28:12.0885531Z ^[[36;1mjq -e \^[[0m
independently-adjudicate-benbassat-as-picard-voiceover	Freeze the Võx episode source and write the corrected independent review	2026-08-24T19:28:12.0886044Z ^[[36;1m  --arg task "$TASK_ID" --arg performer "$EXPECTED_PERFORMER" --arg character "$EXPECTED_CHARACTER" --arg fp "$EXPECTED_FINGERPRINT" \^[[0m
independently-adjudicate-benbassat-as-picard-voiceover	Freeze the Võx episode source and write the corrected independent review	2026-08-24T19:28:12.0886713Z ^[[36;1m  '.transaction == "STAR-TREK-BENBASSAT-SOURCE-REVIEW-V1"^[[0m
independently-adjudicate-benbassat-as-picard-voiceover	Freeze the Võx episode source and write the corrected independent review	2026-08-24T19:28:12.0887081Z ^[[36;1m   and .verdict == "pass"^[[0m
independently-adjudicate-benbassat-as-picard-voiceover	Freeze the Võx episode source and write the corrected independent review	2026-08-24T19:28:12.0887802Z ^[[36;1m   and .task.id == $task and .task.performer == $performer and .task.character == $character and .task.source_fingerprint == $fp^[[0m
independently-adjudicate-benbassat-as-picard-voiceover	Freeze the Võx episode source and write the corrected independent review	2026-08-24T19:28:12.0888427Z ^[[36;1m   and .adjudication.performance_mode == "voice-only"^[[0m
independently-adjudicate-benbassat-as-picard-voiceover	Freeze the Võx episode source and write the corrected independent review	2026-08-24T19:28:12.0888856Z ^[[36;1m   and .adjudication.physical_prosthetic_hint_accepted == false^[[0m
independently-adjudicate-benbassat-as-picard-voiceover	Freeze the Võx episode source and write the corrected independent review	2026-08-24T19:28:12.0889315Z ^[[36;1m   and .adjudication.physical_performance_attributed == false^[[0m
independently-adjudicate-benbassat-as-picard-voiceover	Freeze the Võx episode source and write the corrected independent review	2026-08-24T19:28:12.0889758Z ^[[36;1m   and .adjudication.prosthetic_performance_attributed == false^[[0m
independently-adjudicate-benbassat-as-picard-voiceover	Freeze the Võx episode source and write the corrected independent review	2026-08-24T19:28:12.0890201Z ^[[36;1m   and .adjudication.animation_performance_attributed == false^[[0m
independently-adjudicate-benbassat-as-picard-voiceover	Freeze the Võx episode source and write the corrected independent review	2026-08-24T19:28:12.0890622Z ^[[36;1m   and .adjudication.maker_attribution == "unresolved"^[[0m
independently-adjudicate-benbassat-as-picard-voiceover	Freeze the Võx episode source and write the corrected independent review	2026-08-24T19:28:12.0890991Z ^[[36;1m   and .boundary.off_screen_voiceover == true^[[0m
independently-adjudicate-benbassat-as-picard-voiceover	Freeze the Võx episode source and write the corrected independent review	2026-08-24T19:28:12.0891561Z ^[[36;1m   and .boundary.canonical_mutation == false and .boundary.lease_taken == false and .boundary.product_staged == false' \^[[0m
independently-adjudicate-benbassat-as-picard-voiceover	Freeze the Võx episode source and write the corrected independent review	2026-08-24T19:28:12.0892117Z ^[[36;1m  "$OUT/source-review.json" >/dev/null^[[0m
independently-adjudicate-benbassat-as-picard-voiceover	Freeze the Võx episode source and write the corrected independent review	2026-08-24T19:28:12.0892540Z ^[[36;1mgh api "/repos/${GITHUB_REPOSITORY}/branches/main" > "$OUT/main-after.json"^[[0m
independently-adjudicate-benbassat-as-picard-voiceover	Freeze the Võx episode source and write the corrected independent review	2026-08-24T19:28:12.0893053Z ^[[36;1mtest "$(jq -r .commit.sha "$OUT/main-after.json")" = "$EXPECTED_MAIN"^[[0m
independently-adjudicate-benbassat-as-picard-voiceover	Freeze the Võx episode source and write the corrected independent review	2026-08-24T19:28:12.0893513Z ^[[36;1mcp "$SOURCE_ROOT/source-probe.json" "$OUT/source-probe.json"^[[0m
independently-adjudicate-benbassat-as-picard-voiceover	Freeze the Võx episode source and write the corrected independent review	2026-08-24T19:28:12.0894006Z ^[[36;1mcp "$SOURCE_ROOT/frozen-source.wikitext" "$OUT/benbassat-source.wikitext"^[[0m
independently-adjudicate-benbassat-as-picard-voiceover	Freeze the Võx episode source and write the corrected independent review	2026-08-24T19:28:12.0894524Z ^[[36;1mcp "$SOURCE_ROOT/frozen-source-api.json" "$OUT/benbassat-source-api.json"^[[0m
independently-adjudicate-benbassat-as-picard-voiceover	Freeze the Võx episode source and write the corrected independent review	2026-08-24T19:28:12.0895166Z ^[[36;1mfind "$OUT" -type f ! -name manifest.sha256 -print0 | LC_ALL=C sort -z | xargs -0 sha256sum > "$OUT/manifest.sha256"^[[0m
independently-adjudicate-benbassat-as-picard-voiceover	Freeze the Võx episode source and write the corrected independent review	2026-08-24T19:28:12.0938597Z shell: /usr/bin/bash --noprofile --norc -e -o pipefail {0}
independently-adjudicate-benbassat-as-picard-voiceover	Freeze the Võx episode source and write the corrected independent review	2026-08-24T19:28:12.0938956Z env:
independently-adjudicate-benbassat-as-picard-voiceover	Freeze the Võx episode source and write the corrected independent review	2026-08-24T19:28:12.0939232Z   EXPECTED_MAIN: ed79424013b92460d16c01cad4e590eca01e6bff
independently-adjudicate-benbassat-as-picard-voiceover	Freeze the Võx episode source and write the corrected independent review	2026-08-24T19:28:12.0939614Z   EXPECTED_TREE: 7f9057770c8e622d71ef41b183811fe47fcdd6ed
independently-adjudicate-benbassat-as-picard-voiceover	Freeze the Võx episode source and write the corrected independent review	2026-08-24T19:28:12.0939930Z   TASK_ID: ap_dd7d1c73ed237230cd6e1d0b
independently-adjudicate-benbassat-as-picard-voiceover	Freeze the Võx episode source and write the corrected independent review	2026-08-24T19:28:12.0940375Z   EXPECTED_PERFORMER: Nolan North
independently-adjudicate-benbassat-as-picard-voiceover	Freeze the Võx episode source and write the corrected independent review	2026-08-24T19:28:12.0940649Z   EXPECTED_CHARACTER: Benbassat
independently-adjudicate-benbassat-as-picard-voiceover	Freeze the Võx episode source and write the corrected independent review	2026-08-24T19:28:12.0941056Z   EXPECTED_FINGERPRINT: 78e1384a3a11787064f98516e5759b55b33369d161067804c2d77f2ef6ef8885
independently-adjudicate-benbassat-as-picard-voiceover	Freeze the Võx episode source and write the corrected independent review	2026-08-24T19:28:12.0941578Z   SOURCE_BRANCH: agent/star-trek-benbassat-source-result-v3
independently-adjudicate-benbassat-as-picard-voiceover	Freeze the Võx episode source and write the corrected independent review	2026-08-24T19:28:12.0941980Z   SOURCE_PREFIX: transport/star-trek-benbassat-source-v3
independently-adjudicate-benbassat-as-picard-voiceover	Freeze the Võx episode source and write the corrected independent review	2026-08-24T19:28:12.0942405Z   RESULT_BRANCH: agent/star-trek-benbassat-source-review-result-v1
independently-adjudicate-benbassat-as-picard-voiceover	Freeze the Võx episode source and write the corrected independent review	2026-08-24T19:28:12.0942835Z   OUT: /tmp/star-trek-benbassat-source-review-recovery-v2
independently-adjudicate-benbassat-as-picard-voiceover	Freeze the Võx episode source and write the corrected independent review	2026-08-24T19:28:12.0943276Z   SOURCE_ROOT: /tmp/star-trek-benbassat-source-review-recovery-v2/source
independently-adjudicate-benbassat-as-picard-voiceover	Freeze the Võx episode source and write the corrected independent review	2026-08-24T19:28:12.0946148Z   GH_TOKEN: ***
independently-adjudicate-benbassat-as-picard-voiceover	Freeze the Võx episode source and write the corrected independent review	2026-08-24T19:28:12.0946370Z ##[endgroup]
independently-adjudicate-benbassat-as-picard-voiceover	Freeze the Võx episode source and write the corrected independent review	2026-08-24T19:28:12.3709864Z Võx source does not establish the 2023 production year
independently-adjudicate-benbassat-as-picard-voiceover	Freeze the Võx episode source and write the corrected independent review	2026-08-24T19:28:12.3854771Z ##[error]Process completed with exit code 1.
independently-adjudicate-benbassat-as-picard-voiceover	Post Run actions/checkout@v4	﻿2026-08-24T19:28:12.4011084Z Node 20 is being deprecated. This workflow is running with Node 24 by default. If you need to temporarily use Node 20, you can set the ACTIONS_ALLOW_USE_UNSECURE_NODE_VERSION=true environment variable. For more information see: https://github.blog/changelog/2025-09-19-deprecation-of-node-20-on-github-actions-runners/
independently-adjudicate-benbassat-as-picard-voiceover	Post Run actions/checkout@v4	2026-08-24T19:28:12.4012464Z Post job cleanup.
independently-adjudicate-benbassat-as-picard-voiceover	Post Run actions/checkout@v4	2026-08-24T19:28:12.4909394Z [command]/usr/bin/git version
independently-adjudicate-benbassat-as-picard-voiceover	Post Run actions/checkout@v4	2026-08-24T19:28:12.4953864Z git version 2.55.0
independently-adjudicate-benbassat-as-picard-voiceover	Post Run actions/checkout@v4	2026-08-24T19:28:12.4991052Z Temporarily overriding HOME='/home/runner/work/_temp/d3acaf4e-61be-454b-8021-4a33cf42fa15' before making global git config changes
independently-adjudicate-benbassat-as-picard-voiceover	Post Run actions/checkout@v4	2026-08-24T19:28:12.4992648Z Adding repository directory to the temporary git global config as a safe directory
independently-adjudicate-benbassat-as-picard-voiceover	Post Run actions/checkout@v4	2026-08-24T19:28:12.4995959Z [command]/usr/bin/git config --global --add safe.directory /home/runner/work/undercast/undercast
independently-adjudicate-benbassat-as-picard-voiceover	Post Run actions/checkout@v4	2026-08-24T19:28:12.5041873Z [command]/usr/bin/git config --local --name-only --get-regexp core\.sshCommand
independently-adjudicate-benbassat-as-picard-voiceover	Post Run actions/checkout@v4	2026-08-24T19:28:12.5080915Z [command]/usr/bin/git submodule foreach --recursive sh -c "git config --local --name-only --get-regexp 'core\.sshCommand' && git config --local --unset-all 'core.sshCommand' || :"
independently-adjudicate-benbassat-as-picard-voiceover	Post Run actions/checkout@v4	2026-08-24T19:28:12.5356034Z [command]/usr/bin/git config --local --name-only --get-regexp http\.https\:\/\/github\.com\/\.extraheader
independently-adjudicate-benbassat-as-picard-voiceover	Post Run actions/checkout@v4	2026-08-24T19:28:12.5383469Z http.https://github.com/.extraheader
independently-adjudicate-benbassat-as-picard-voiceover	Post Run actions/checkout@v4	2026-08-24T19:28:12.5395540Z [command]/usr/bin/git config --local --unset-all http.https://github.com/.extraheader
independently-adjudicate-benbassat-as-picard-voiceover	Post Run actions/checkout@v4	2026-08-24T19:28:12.5440593Z [command]/usr/bin/git submodule foreach --recursive sh -c "git config --local --name-only --get-regexp 'http\.https\:\/\/github\.com\/\.extraheader' && git config --local --unset-all 'http.https://github.com/.extraheader' || :"
independently-adjudicate-benbassat-as-picard-voiceover	Post Run actions/checkout@v4	2026-08-24T19:28:12.5731671Z [command]/usr/bin/git config --local --name-only --get-regexp ^includeIf\.gitdir:
independently-adjudicate-benbassat-as-picard-voiceover	Post Run actions/checkout@v4	2026-08-24T19:28:12.5774461Z [command]/usr/bin/git submodule foreach --recursive git config --local --show-origin --name-only --get-regexp remote.origin.url
independently-adjudicate-benbassat-as-picard-voiceover	Complete job	﻿2026-08-24T19:28:12.6215591Z Cleaning up orphan processes
independently-adjudicate-benbassat-as-picard-voiceover	Complete job	2026-08-24T19:28:12.6537713Z ##[warning]Node.js 20 is deprecated. The following actions target Node.js 20 but are being forced to run on Node.js 24: actions/checkout@v4, actions/setup-node@v4. For more information see: https://github.blog/changelog/2025-09-19-deprecation-of-node-20-on-github-actions-runners/
