take-first-and-only-benbassat-lease	Set up job	﻿2026-08-24T21:01:18.8278224Z Current runner version: '2.336.0'
take-first-and-only-benbassat-lease	Set up job	2026-08-24T21:01:18.8307403Z ##[group]Runner Image Provisioner
take-first-and-only-benbassat-lease	Set up job	2026-08-24T21:01:18.8308312Z Hosted Compute Agent
take-first-and-only-benbassat-lease	Set up job	2026-08-24T21:01:18.8309402Z Version: 20260729.566
take-first-and-only-benbassat-lease	Set up job	2026-08-24T21:01:18.8310057Z Commit: cf7153fe6e25b664e8693c24944bf2b00355d109
take-first-and-only-benbassat-lease	Set up job	2026-08-24T21:01:18.8310766Z Build Date: 2026-07-29T19:17:02Z
take-first-and-only-benbassat-lease	Set up job	2026-08-24T21:01:18.8311518Z Worker ID: {8b54abd0-2398-49be-8f43-8bb810acc79f}
take-first-and-only-benbassat-lease	Set up job	2026-08-24T21:01:18.8312223Z Azure Region: westus
take-first-and-only-benbassat-lease	Set up job	2026-08-24T21:01:18.8312817Z ##[endgroup]
take-first-and-only-benbassat-lease	Set up job	2026-08-24T21:01:18.8314822Z ##[group]Operating System
take-first-and-only-benbassat-lease	Set up job	2026-08-24T21:01:18.8315473Z Ubuntu
take-first-and-only-benbassat-lease	Set up job	2026-08-24T21:01:18.8316090Z 24.04.4
take-first-and-only-benbassat-lease	Set up job	2026-08-24T21:01:18.8316606Z LTS
take-first-and-only-benbassat-lease	Set up job	2026-08-24T21:01:18.8317155Z ##[endgroup]
take-first-and-only-benbassat-lease	Set up job	2026-08-24T21:01:18.8317768Z ##[group]Runner Image
take-first-and-only-benbassat-lease	Set up job	2026-08-24T21:01:18.8318395Z Image: ubuntu-24.04
take-first-and-only-benbassat-lease	Set up job	2026-08-24T21:01:18.8319022Z Version: 20260816.277.1
take-first-and-only-benbassat-lease	Set up job	2026-08-24T21:01:18.8320103Z Included Software: https://github.com/actions/runner-images/blob/ubuntu24/20260816.277/images/ubuntu/Ubuntu2404-Readme.md
take-first-and-only-benbassat-lease	Set up job	2026-08-24T21:01:18.8321996Z Image Release: https://github.com/actions/runner-images/releases/tag/ubuntu24%2F20260816.277
take-first-and-only-benbassat-lease	Set up job	2026-08-24T21:01:18.8322962Z ##[endgroup]
take-first-and-only-benbassat-lease	Set up job	2026-08-24T21:01:18.8324526Z ##[group]GITHUB_TOKEN Permissions
take-first-and-only-benbassat-lease	Set up job	2026-08-24T21:01:18.8326816Z Contents: write
take-first-and-only-benbassat-lease	Set up job	2026-08-24T21:01:18.8327584Z Metadata: read
take-first-and-only-benbassat-lease	Set up job	2026-08-24T21:01:18.8328191Z ##[endgroup]
take-first-and-only-benbassat-lease	Set up job	2026-08-24T21:01:18.8330416Z Secret source: Actions
take-first-and-only-benbassat-lease	Set up job	2026-08-24T21:01:18.8331782Z Prepare workflow directory
take-first-and-only-benbassat-lease	Set up job	2026-08-24T21:01:18.8883877Z Prepare all required actions
take-first-and-only-benbassat-lease	Set up job	2026-08-24T21:01:18.8933585Z Getting action download info
take-first-and-only-benbassat-lease	Set up job	2026-08-24T21:01:19.2454419Z Download action repository 'actions/checkout@v4' (SHA:11d5960a326750d5838078e36cf38b85af677262)
take-first-and-only-benbassat-lease	Set up job	2026-08-24T21:01:19.3814315Z Download action repository 'actions/setup-node@v4' (SHA:49933ea5288caeca8642d1e84afbd3f7d6820020)
take-first-and-only-benbassat-lease	Set up job	2026-08-24T21:01:19.4715860Z Download action repository 'actions/upload-artifact@v4' (SHA:ea165f8d65b6e75b540449e92b4886f43607fa02)
take-first-and-only-benbassat-lease	Set up job	2026-08-24T21:01:19.7300632Z Complete job name: take-first-and-only-benbassat-lease
take-first-and-only-benbassat-lease	Run actions/checkout@v4	﻿2026-08-24T21:01:19.8036305Z Node 20 is being deprecated. This workflow is running with Node 24 by default. If you need to temporarily use Node 20, you can set the ACTIONS_ALLOW_USE_UNSECURE_NODE_VERSION=true environment variable. For more information see: https://github.blog/changelog/2025-09-19-deprecation-of-node-20-on-github-actions-runners/
take-first-and-only-benbassat-lease	Run actions/checkout@v4	2026-08-24T21:01:19.8045788Z ##[group]Run actions/checkout@v4
take-first-and-only-benbassat-lease	Run actions/checkout@v4	2026-08-24T21:01:19.8046571Z with:
take-first-and-only-benbassat-lease	Run actions/checkout@v4	2026-08-24T21:01:19.8047062Z   ref: ed79424013b92460d16c01cad4e590eca01e6bff
take-first-and-only-benbassat-lease	Run actions/checkout@v4	2026-08-24T21:01:19.8047672Z   fetch-depth: 0
take-first-and-only-benbassat-lease	Run actions/checkout@v4	2026-08-24T21:01:19.8048167Z   repository: BigBirdReturns/undercast
take-first-and-only-benbassat-lease	Run actions/checkout@v4	2026-08-24T21:01:19.8052202Z   token: ***
take-first-and-only-benbassat-lease	Run actions/checkout@v4	2026-08-24T21:01:19.8052650Z   ssh-strict: true
take-first-and-only-benbassat-lease	Run actions/checkout@v4	2026-08-24T21:01:19.8053089Z   ssh-user: git
take-first-and-only-benbassat-lease	Run actions/checkout@v4	2026-08-24T21:01:19.8053531Z   persist-credentials: true
take-first-and-only-benbassat-lease	Run actions/checkout@v4	2026-08-24T21:01:19.8054207Z   clean: true
take-first-and-only-benbassat-lease	Run actions/checkout@v4	2026-08-24T21:01:19.8054676Z   sparse-checkout-cone-mode: true
take-first-and-only-benbassat-lease	Run actions/checkout@v4	2026-08-24T21:01:19.8055209Z   fetch-tags: false
take-first-and-only-benbassat-lease	Run actions/checkout@v4	2026-08-24T21:01:19.8055681Z   show-progress: true
take-first-and-only-benbassat-lease	Run actions/checkout@v4	2026-08-24T21:01:19.8056160Z   lfs: false
take-first-and-only-benbassat-lease	Run actions/checkout@v4	2026-08-24T21:01:19.8056570Z   submodules: false
take-first-and-only-benbassat-lease	Run actions/checkout@v4	2026-08-24T21:01:19.8057020Z   set-safe-directory: true
take-first-and-only-benbassat-lease	Run actions/checkout@v4	2026-08-24T21:01:19.8057530Z   allow-unsafe-pr-checkout: false
take-first-and-only-benbassat-lease	Run actions/checkout@v4	2026-08-24T21:01:19.8058304Z env:
take-first-and-only-benbassat-lease	Run actions/checkout@v4	2026-08-24T21:01:19.8058820Z   EXPECTED_MAIN: ed79424013b92460d16c01cad4e590eca01e6bff
take-first-and-only-benbassat-lease	Run actions/checkout@v4	2026-08-24T21:01:19.8059544Z   EXPECTED_TREE: 7f9057770c8e622d71ef41b183811fe47fcdd6ed
take-first-and-only-benbassat-lease	Run actions/checkout@v4	2026-08-24T21:01:19.8060187Z   TASK_ID: ap_dd7d1c73ed237230cd6e1d0b
take-first-and-only-benbassat-lease	Run actions/checkout@v4	2026-08-24T21:01:19.8060726Z   EXPECTED_PERFORMER: Nolan North
take-first-and-only-benbassat-lease	Run actions/checkout@v4	2026-08-24T21:01:19.8061257Z   EXPECTED_CHARACTER: Benbassat
take-first-and-only-benbassat-lease	Run actions/checkout@v4	2026-08-24T21:01:19.8062025Z   EXPECTED_FINGERPRINT: 78e1384a3a11787064f98516e5759b55b33369d161067804c2d77f2ef6ef8885
take-first-and-only-benbassat-lease	Run actions/checkout@v4	2026-08-24T21:01:19.8063030Z   SOURCE_REVIEW_BRANCH: agent/star-trek-benbassat-source-review-result-v1
take-first-and-only-benbassat-lease	Run actions/checkout@v4	2026-08-24T21:01:19.8064090Z   SOURCE_REVIEW_PREFIX: transport/star-trek-benbassat-source-review-v1
take-first-and-only-benbassat-lease	Run actions/checkout@v4	2026-08-24T21:01:19.8064926Z   RESULT_BRANCH: agent/star-trek-benbassat-claim-result-v1
take-first-and-only-benbassat-lease	Run actions/checkout@v4	2026-08-24T21:01:19.8065927Z   OUT: /tmp/star-trek-benbassat-claim-recovery-v2
take-first-and-only-benbassat-lease	Run actions/checkout@v4	2026-08-24T21:01:19.8066707Z   REVIEW_ROOT: /tmp/star-trek-benbassat-claim-recovery-v2/source-review
take-first-and-only-benbassat-lease	Run actions/checkout@v4	2026-08-24T21:01:19.8070872Z   GH_TOKEN: ***
take-first-and-only-benbassat-lease	Run actions/checkout@v4	2026-08-24T21:01:19.8071308Z ##[endgroup]
take-first-and-only-benbassat-lease	Run actions/checkout@v4	2026-08-24T21:01:19.9221564Z Syncing repository: BigBirdReturns/undercast
take-first-and-only-benbassat-lease	Run actions/checkout@v4	2026-08-24T21:01:19.9225004Z ##[group]Getting Git version info
take-first-and-only-benbassat-lease	Run actions/checkout@v4	2026-08-24T21:01:19.9226365Z Working directory is '/home/runner/work/undercast/undercast'
take-first-and-only-benbassat-lease	Run actions/checkout@v4	2026-08-24T21:01:19.9229887Z [command]/usr/bin/git version
take-first-and-only-benbassat-lease	Run actions/checkout@v4	2026-08-24T21:01:19.9369102Z git version 2.55.0
take-first-and-only-benbassat-lease	Run actions/checkout@v4	2026-08-24T21:01:19.9393126Z ##[endgroup]
take-first-and-only-benbassat-lease	Run actions/checkout@v4	2026-08-24T21:01:19.9410838Z Temporarily overriding HOME='/home/runner/work/_temp/d0425dfd-3358-4b45-a0b3-6b187ae37251' before making global git config changes
take-first-and-only-benbassat-lease	Run actions/checkout@v4	2026-08-24T21:01:19.9413598Z Adding repository directory to the temporary git global config as a safe directory
take-first-and-only-benbassat-lease	Run actions/checkout@v4	2026-08-24T21:01:19.9419542Z [command]/usr/bin/git config --global --add safe.directory /home/runner/work/undercast/undercast
take-first-and-only-benbassat-lease	Run actions/checkout@v4	2026-08-24T21:01:19.9482999Z Deleting the contents of '/home/runner/work/undercast/undercast'
take-first-and-only-benbassat-lease	Run actions/checkout@v4	2026-08-24T21:01:19.9488092Z ##[group]Initializing the repository
take-first-and-only-benbassat-lease	Run actions/checkout@v4	2026-08-24T21:01:19.9493359Z [command]/usr/bin/git init /home/runner/work/undercast/undercast
take-first-and-only-benbassat-lease	Run actions/checkout@v4	2026-08-24T21:01:19.9632856Z hint: Using 'master' as the name for the initial branch. This default branch name
take-first-and-only-benbassat-lease	Run actions/checkout@v4	2026-08-24T21:01:19.9635361Z hint: will change to "main" in Git 3.0. To configure the initial branch name
take-first-and-only-benbassat-lease	Run actions/checkout@v4	2026-08-24T21:01:19.9637450Z hint: to use in all of your new repositories, which will suppress this warning,
take-first-and-only-benbassat-lease	Run actions/checkout@v4	2026-08-24T21:01:19.9639142Z hint: call:
take-first-and-only-benbassat-lease	Run actions/checkout@v4	2026-08-24T21:01:19.9640103Z hint:
take-first-and-only-benbassat-lease	Run actions/checkout@v4	2026-08-24T21:01:19.9641101Z hint: 	git config --global init.defaultBranch <name>
take-first-and-only-benbassat-lease	Run actions/checkout@v4	2026-08-24T21:01:19.9642300Z hint:
take-first-and-only-benbassat-lease	Run actions/checkout@v4	2026-08-24T21:01:19.9643401Z hint: Names commonly chosen instead of 'master' are 'main', 'trunk' and
take-first-and-only-benbassat-lease	Run actions/checkout@v4	2026-08-24T21:01:19.9645869Z hint: 'development'. The just-created branch can be renamed via this command:
take-first-and-only-benbassat-lease	Run actions/checkout@v4	2026-08-24T21:01:19.9647499Z hint:
take-first-and-only-benbassat-lease	Run actions/checkout@v4	2026-08-24T21:01:19.9648988Z hint: 	git branch -m <name>
take-first-and-only-benbassat-lease	Run actions/checkout@v4	2026-08-24T21:01:19.9650088Z hint:
take-first-and-only-benbassat-lease	Run actions/checkout@v4	2026-08-24T21:01:19.9651384Z hint: Disable this message with "git config set advice.defaultBranchName false"
take-first-and-only-benbassat-lease	Run actions/checkout@v4	2026-08-24T21:01:19.9653410Z Initialized empty Git repository in /home/runner/work/undercast/undercast/.git/
take-first-and-only-benbassat-lease	Run actions/checkout@v4	2026-08-24T21:01:19.9657153Z [command]/usr/bin/git remote add origin https://github.com/BigBirdReturns/undercast
take-first-and-only-benbassat-lease	Run actions/checkout@v4	2026-08-24T21:01:19.9740341Z ##[endgroup]
take-first-and-only-benbassat-lease	Run actions/checkout@v4	2026-08-24T21:01:19.9741591Z ##[group]Disabling automatic garbage collection
take-first-and-only-benbassat-lease	Run actions/checkout@v4	2026-08-24T21:01:19.9745504Z [command]/usr/bin/git config --local gc.auto 0
take-first-and-only-benbassat-lease	Run actions/checkout@v4	2026-08-24T21:01:19.9782066Z ##[endgroup]
take-first-and-only-benbassat-lease	Run actions/checkout@v4	2026-08-24T21:01:19.9783308Z ##[group]Setting up auth
take-first-and-only-benbassat-lease	Run actions/checkout@v4	2026-08-24T21:01:19.9790107Z [command]/usr/bin/git config --local --name-only --get-regexp core\.sshCommand
take-first-and-only-benbassat-lease	Run actions/checkout@v4	2026-08-24T21:01:19.9827844Z [command]/usr/bin/git submodule foreach --recursive sh -c "git config --local --name-only --get-regexp 'core\.sshCommand' && git config --local --unset-all 'core.sshCommand' || :"
take-first-and-only-benbassat-lease	Run actions/checkout@v4	2026-08-24T21:01:20.0266629Z [command]/usr/bin/git config --local --name-only --get-regexp http\.https\:\/\/github\.com\/\.extraheader
take-first-and-only-benbassat-lease	Run actions/checkout@v4	2026-08-24T21:01:20.0311069Z [command]/usr/bin/git submodule foreach --recursive sh -c "git config --local --name-only --get-regexp 'http\.https\:\/\/github\.com\/\.extraheader' && git config --local --unset-all 'http.https://github.com/.extraheader' || :"
take-first-and-only-benbassat-lease	Run actions/checkout@v4	2026-08-24T21:01:20.0552214Z [command]/usr/bin/git config --local --name-only --get-regexp ^includeIf\.gitdir:
take-first-and-only-benbassat-lease	Run actions/checkout@v4	2026-08-24T21:01:20.0592920Z [command]/usr/bin/git submodule foreach --recursive git config --local --show-origin --name-only --get-regexp remote.origin.url
take-first-and-only-benbassat-lease	Run actions/checkout@v4	2026-08-24T21:01:20.0837010Z [command]/usr/bin/git config --local http.https://github.com/.extraheader AUTHORIZATION: basic ***
take-first-and-only-benbassat-lease	Run actions/checkout@v4	2026-08-24T21:01:20.0881234Z ##[endgroup]
take-first-and-only-benbassat-lease	Run actions/checkout@v4	2026-08-24T21:01:20.0882756Z ##[group]Fetching the repository
take-first-and-only-benbassat-lease	Run actions/checkout@v4	2026-08-24T21:01:20.0893889Z [command]/usr/bin/git -c protocol.version=2 fetch --prune --no-recurse-submodules origin +refs/heads/*:refs/remotes/origin/* +refs/tags/*:refs/tags/*
take-first-and-only-benbassat-lease	Run actions/checkout@v4	2026-08-24T21:02:19.6611933Z From https://github.com/BigBirdReturns/undercast
take-first-and-only-benbassat-lease	Run actions/checkout@v4	2026-08-24T21:02:19.6615236Z  * [new branch]        agent/adapter-sdk-baseline-001 -> origin/agent/adapter-sdk-baseline-001
take-first-and-only-benbassat-lease	Run actions/checkout@v4	2026-08-24T21:02:19.6619666Z  * [new branch]        agent/anastasia-cycle-trigger-pr-v1 -> origin/agent/anastasia-cycle-trigger-pr-v1
take-first-and-only-benbassat-lease	Run actions/checkout@v4	2026-08-24T21:02:19.6621797Z  * [new branch]        agent/anastasia-finalizer-recovery-trigger-pr-v1 -> origin/agent/anastasia-finalizer-recovery-trigger-pr-v1
take-first-and-only-benbassat-lease	Run actions/checkout@v4	2026-08-24T21:02:19.6624180Z  * [new branch]        agent/anastasia-installer-trigger-pr-v1 -> origin/agent/anastasia-installer-trigger-pr-v1
take-first-and-only-benbassat-lease	Run actions/checkout@v4	2026-08-24T21:02:19.6625836Z  * [new branch]        agent/anastasia-installer-trigger-pr-v2 -> origin/agent/anastasia-installer-trigger-pr-v2
take-first-and-only-benbassat-lease	Run actions/checkout@v4	2026-08-24T21:02:19.6627849Z  * [new branch]        agent/anastasia-rebind-inspection-result-v1 -> origin/agent/anastasia-rebind-inspection-result-v1
take-first-and-only-benbassat-lease	Run actions/checkout@v4	2026-08-24T21:02:19.6629621Z  * [new branch]        agent/anastasia-rebind-inspection-v1 -> origin/agent/anastasia-rebind-inspection-v1
take-first-and-only-benbassat-lease	Run actions/checkout@v4	2026-08-24T21:02:19.6631202Z  * [new branch]        agent/anastasia-terminal-result-v1 -> origin/agent/anastasia-terminal-result-v1
take-first-and-only-benbassat-lease	Run actions/checkout@v4	2026-08-24T21:02:19.6632596Z  * [new branch]        agent/anastasia-terminalizer-v1 -> origin/agent/anastasia-terminalizer-v1
take-first-and-only-benbassat-lease	Run actions/checkout@v4	2026-08-24T21:02:19.6633463Z  * [new branch]        agent/anastasia-workflow-blob-trigger-pr-v3 -> origin/agent/anastasia-workflow-blob-trigger-pr-v3
take-first-and-only-benbassat-lease	Run actions/checkout@v4	2026-08-24T21:02:19.6635041Z  * [new branch]        agent/anastasia-workflow-blob-trigger-pr-v4 -> origin/agent/anastasia-workflow-blob-trigger-pr-v4
take-first-and-only-benbassat-lease	Run actions/checkout@v4	2026-08-24T21:02:19.6636528Z  * [new branch]        agent/archive-contract-full-history -> origin/agent/archive-contract-full-history
take-first-and-only-benbassat-lease	Run actions/checkout@v4	2026-08-24T21:02:19.6637857Z  * [new branch]        agent/archive-contract-history-depth -> origin/agent/archive-contract-history-depth
take-first-and-only-benbassat-lease	Run actions/checkout@v4	2026-08-24T21:02:19.6639850Z  * [new branch]        agent/audit-operational-evidence-publisher-payload-20260806 -> origin/agent/audit-operational-evidence-publisher-payload-20260806
take-first-and-only-benbassat-lease	Run actions/checkout@v4	2026-08-24T21:02:19.6642227Z  * [new branch]        agent/capability-aware-autopilot -> origin/agent/capability-aware-autopilot
take-first-and-only-benbassat-lease	Run actions/checkout@v4	2026-08-24T21:02:19.6643866Z  * [new branch]        agent/card-backfill-amortization-build-20260730 -> origin/agent/card-backfill-amortization-build-20260730
take-first-and-only-benbassat-lease	Run actions/checkout@v4	2026-08-24T21:02:19.6645909Z  * [new branch]        agent/card-backfill-composite-frontier-001 -> origin/agent/card-backfill-composite-frontier-001
take-first-and-only-benbassat-lease	Run actions/checkout@v4	2026-08-24T21:02:19.6647535Z  * [new branch]        agent/card-backfill-frontier-routing-001 -> origin/agent/card-backfill-frontier-routing-001
take-first-and-only-benbassat-lease	Run actions/checkout@v4	2026-08-24T21:02:19.6648969Z  * [new branch]        agent/card-backfill-luna-local -> origin/agent/card-backfill-luna-local
take-first-and-only-benbassat-lease	Run actions/checkout@v4	2026-08-24T21:02:19.6650291Z  * [new branch]        agent/card-backfill-next-002 -> origin/agent/card-backfill-next-002
take-first-and-only-benbassat-lease	Run actions/checkout@v4	2026-08-24T21:02:19.6651533Z  * [new branch]        agent/card-backfill-next-003 -> origin/agent/card-backfill-next-003
take-first-and-only-benbassat-lease	Run actions/checkout@v4	2026-08-24T21:02:19.6653159Z  * [new branch]        agent/card-backfill-next-004 -> origin/agent/card-backfill-next-004
take-first-and-only-benbassat-lease	Run actions/checkout@v4	2026-08-24T21:02:19.6654571Z  * [new branch]        agent/card-backfill-next-005 -> origin/agent/card-backfill-next-005
take-first-and-only-benbassat-lease	Run actions/checkout@v4	2026-08-24T21:02:19.6655760Z  * [new branch]        agent/card-backfill-next-006 -> origin/agent/card-backfill-next-006
take-first-and-only-benbassat-lease	Run actions/checkout@v4	2026-08-24T21:02:19.6656990Z  * [new branch]        agent/card-backfill-next-007 -> origin/agent/card-backfill-next-007
take-first-and-only-benbassat-lease	Run actions/checkout@v4	2026-08-24T21:02:19.6658287Z  * [new branch]        agent/card-backfill-next-008 -> origin/agent/card-backfill-next-008
take-first-and-only-benbassat-lease	Run actions/checkout@v4	2026-08-24T21:02:19.6659569Z  * [new branch]        agent/card-backfill-next-009 -> origin/agent/card-backfill-next-009
take-first-and-only-benbassat-lease	Run actions/checkout@v4	2026-08-24T21:02:19.6660920Z  * [new branch]        agent/card-backfill-next-010 -> origin/agent/card-backfill-next-010
take-first-and-only-benbassat-lease	Run actions/checkout@v4	2026-08-24T21:02:19.6662260Z  * [new branch]        agent/card-backfill-next-011 -> origin/agent/card-backfill-next-011
take-first-and-only-benbassat-lease	Run actions/checkout@v4	2026-08-24T21:02:19.6663352Z  * [new branch]        agent/card-backfill-next-012 -> origin/agent/card-backfill-next-012
take-first-and-only-benbassat-lease	Run actions/checkout@v4	2026-08-24T21:02:19.6664998Z  * [new branch]        agent/card-backfill-next-013 -> origin/agent/card-backfill-next-013
take-first-and-only-benbassat-lease	Run actions/checkout@v4	2026-08-24T21:02:19.6666076Z  * [new branch]        agent/card-backfill-next-014 -> origin/agent/card-backfill-next-014
take-first-and-only-benbassat-lease	Run actions/checkout@v4	2026-08-24T21:02:19.6667126Z  * [new branch]        agent/card-backfill-next-015 -> origin/agent/card-backfill-next-015
take-first-and-only-benbassat-lease	Run actions/checkout@v4	2026-08-24T21:02:19.6668158Z  * [new branch]        agent/card-backfill-next-016 -> origin/agent/card-backfill-next-016
take-first-and-only-benbassat-lease	Run actions/checkout@v4	2026-08-24T21:02:19.6669191Z  * [new branch]        agent/card-backfill-next-017 -> origin/agent/card-backfill-next-017
take-first-and-only-benbassat-lease	Run actions/checkout@v4	2026-08-24T21:02:19.6670587Z  * [new branch]        agent/card-backfill-next-018 -> origin/agent/card-backfill-next-018
take-first-and-only-benbassat-lease	Run actions/checkout@v4	2026-08-24T21:02:19.6671570Z  * [new branch]        agent/card-backfill-next-019 -> origin/agent/card-backfill-next-019
take-first-and-only-benbassat-lease	Run actions/checkout@v4	2026-08-24T21:02:19.6672212Z  * [new branch]        agent/card-backfill-next-020 -> origin/agent/card-backfill-next-020
take-first-and-only-benbassat-lease	Run actions/checkout@v4	2026-08-24T21:02:19.6672850Z  * [new branch]        agent/card-backfill-next-021 -> origin/agent/card-backfill-next-021
take-first-and-only-benbassat-lease	Run actions/checkout@v4	2026-08-24T21:02:19.6673457Z  * [new branch]        agent/card-backfill-next-022 -> origin/agent/card-backfill-next-022
take-first-and-only-benbassat-lease	Run actions/checkout@v4	2026-08-24T21:02:19.6674327Z  * [new branch]        agent/card-backfill-next-023 -> origin/agent/card-backfill-next-023
take-first-and-only-benbassat-lease	Run actions/checkout@v4	2026-08-24T21:02:19.6674974Z  * [new branch]        agent/card-backfill-next-024 -> origin/agent/card-backfill-next-024
take-first-and-only-benbassat-lease	Run actions/checkout@v4	2026-08-24T21:02:19.6675584Z  * [new branch]        agent/card-backfill-next-025 -> origin/agent/card-backfill-next-025
take-first-and-only-benbassat-lease	Run actions/checkout@v4	2026-08-24T21:02:19.6676185Z  * [new branch]        agent/card-backfill-next-026 -> origin/agent/card-backfill-next-026
take-first-and-only-benbassat-lease	Run actions/checkout@v4	2026-08-24T21:02:19.6676795Z  * [new branch]        agent/card-backfill-next-027 -> origin/agent/card-backfill-next-027
take-first-and-only-benbassat-lease	Run actions/checkout@v4	2026-08-24T21:02:19.6677413Z  * [new branch]        agent/card-backfill-next-028 -> origin/agent/card-backfill-next-028
take-first-and-only-benbassat-lease	Run actions/checkout@v4	2026-08-24T21:02:19.6678030Z  * [new branch]        agent/card-backfill-next-029 -> origin/agent/card-backfill-next-029
take-first-and-only-benbassat-lease	Run actions/checkout@v4	2026-08-24T21:02:19.6679068Z  * [new branch]        agent/card-backfill-next-030 -> origin/agent/card-backfill-next-030
take-first-and-only-benbassat-lease	Run actions/checkout@v4	2026-08-24T21:02:19.6680224Z  * [new branch]        agent/card-backfill-next-031 -> origin/agent/card-backfill-next-031
take-first-and-only-benbassat-lease	Run actions/checkout@v4	2026-08-24T21:02:19.6681253Z  * [new branch]        agent/card-backfill-next-032 -> origin/agent/card-backfill-next-032
take-first-and-only-benbassat-lease	Run actions/checkout@v4	2026-08-24T21:02:19.6681922Z  * [new branch]        agent/card-backfill-next-033 -> origin/agent/card-backfill-next-033
take-first-and-only-benbassat-lease	Run actions/checkout@v4	2026-08-24T21:02:19.6682544Z  * [new branch]        agent/card-backfill-next-034 -> origin/agent/card-backfill-next-034
take-first-and-only-benbassat-lease	Run actions/checkout@v4	2026-08-24T21:02:19.6683158Z  * [new branch]        agent/card-backfill-next-035 -> origin/agent/card-backfill-next-035
take-first-and-only-benbassat-lease	Run actions/checkout@v4	2026-08-24T21:02:19.6683766Z  * [new branch]        agent/card-backfill-next-036 -> origin/agent/card-backfill-next-036
take-first-and-only-benbassat-lease	Run actions/checkout@v4	2026-08-24T21:02:19.6684671Z  * [new branch]        agent/card-backfill-next-037 -> origin/agent/card-backfill-next-037
take-first-and-only-benbassat-lease	Run actions/checkout@v4	2026-08-24T21:02:19.6685303Z  * [new branch]        agent/card-backfill-next-038 -> origin/agent/card-backfill-next-038
take-first-and-only-benbassat-lease	Run actions/checkout@v4	2026-08-24T21:02:19.6685974Z  * [new branch]        agent/card-backfill-next-039 -> origin/agent/card-backfill-next-039
take-first-and-only-benbassat-lease	Run actions/checkout@v4	2026-08-24T21:02:19.6686578Z  * [new branch]        agent/card-backfill-next-040 -> origin/agent/card-backfill-next-040
take-first-and-only-benbassat-lease	Run actions/checkout@v4	2026-08-24T21:02:19.6687304Z  * [new branch]        agent/card-backfill-next-040-render-staging -> origin/agent/card-backfill-next-040-render-staging
take-first-and-only-benbassat-lease	Run actions/checkout@v4	2026-08-24T21:02:19.6688152Z  * [new branch]        agent/card-backfill-next-040-retry-staging -> origin/agent/card-backfill-next-040-retry-staging
take-first-and-only-benbassat-lease	Run actions/checkout@v4	2026-08-24T21:02:19.6688877Z  * [new branch]        agent/card-backfill-next-041 -> origin/agent/card-backfill-next-041
take-first-and-only-benbassat-lease	Run actions/checkout@v4	2026-08-24T21:02:19.6689496Z  * [new branch]        agent/card-backfill-source-v3 -> origin/agent/card-backfill-source-v3
take-first-and-only-benbassat-lease	Run actions/checkout@v4	2026-08-24T21:02:19.6690390Z  * [new branch]        agent/card-backfill-uc-007  -> origin/agent/card-backfill-uc-007
take-first-and-only-benbassat-lease	Run actions/checkout@v4	2026-08-24T21:02:19.6691827Z  * [new branch]        agent/ci-publisher-custody-frontier-1-20260805 -> origin/agent/ci-publisher-custody-frontier-1-20260805
take-first-and-only-benbassat-lease	Run actions/checkout@v4	2026-08-24T21:02:19.6692784Z  * [new branch]        agent/ci-publisher-custody-phase2-20260805 -> origin/agent/ci-publisher-custody-phase2-20260805
take-first-and-only-benbassat-lease	Run actions/checkout@v4	2026-08-24T21:02:19.6693815Z  * [new branch]        agent/ci-publisher-custody-phase2-squash-base-v2-20260805 -> origin/agent/ci-publisher-custody-phase2-squash-base-v2-20260805
take-first-and-only-benbassat-lease	Run actions/checkout@v4	2026-08-24T21:02:19.6695636Z  * [new branch]        agent/ci-publisher-custody-squash-base-20260805 -> origin/agent/ci-publisher-custody-squash-base-20260805
take-first-and-only-benbassat-lease	Run actions/checkout@v4	2026-08-24T21:02:19.6697185Z  * [new branch]        agent/clifford-number-hr-accountability-burden-recovery-11-12 -> origin/agent/clifford-number-hr-accountability-burden-recovery-11-12
take-first-and-only-benbassat-lease	Run actions/checkout@v4	2026-08-24T21:02:19.6699470Z  * [new branch]        agent/clifford-number-hr-accountability-consequence-wave-11 -> origin/agent/clifford-number-hr-accountability-consequence-wave-11
take-first-and-only-benbassat-lease	Run actions/checkout@v4	2026-08-24T21:02:19.6700724Z  * [new branch]        agent/clifford-number-hr-budget-authority-recourse-wave-14 -> origin/agent/clifford-number-hr-budget-authority-recourse-wave-14
take-first-and-only-benbassat-lease	Run actions/checkout@v4	2026-08-24T21:02:19.6701841Z  * [new branch]        agent/clifford-number-hr-burden-allocation-wave-12 -> origin/agent/clifford-number-hr-burden-allocation-wave-12
take-first-and-only-benbassat-lease	Run actions/checkout@v4	2026-08-24T21:02:19.6702936Z  * [new branch]        agent/clifford-number-hr-counterpower-effects-wave-05 -> origin/agent/clifford-number-hr-counterpower-effects-wave-05
take-first-and-only-benbassat-lease	Run actions/checkout@v4	2026-08-24T21:02:19.6704287Z  * [new branch]        agent/clifford-number-hr-counterpower-effects-wave-06 -> origin/agent/clifford-number-hr-counterpower-effects-wave-06
take-first-and-only-benbassat-lease	Run actions/checkout@v4	2026-08-24T21:02:19.6705474Z  * [new branch]        agent/clifford-number-hr-counterpower-intervention-wave-05 -> origin/agent/clifford-number-hr-counterpower-intervention-wave-05
take-first-and-only-benbassat-lease	Run actions/checkout@v4	2026-08-24T21:02:19.6706774Z  * [new branch]        agent/clifford-number-hr-deployment-census-wave-04 -> origin/agent/clifford-number-hr-deployment-census-wave-04
take-first-and-only-benbassat-lease	Run actions/checkout@v4	2026-08-24T21:02:19.6779460Z  * [new branch]        agent/clifford-number-hr-deployment-wave-04 -> origin/agent/clifford-number-hr-deployment-wave-04
take-first-and-only-benbassat-lease	Run actions/checkout@v4	2026-08-24T21:02:19.6781811Z  * [new branch]        agent/clifford-number-hr-disciplinary-ai-cases-wave-03 -> origin/agent/clifford-number-hr-disciplinary-ai-cases-wave-03
take-first-and-only-benbassat-lease	Run actions/checkout@v4	2026-08-24T21:02:19.6783561Z  * [new branch]        agent/clifford-number-hr-disciplinary-ai-wave-02 -> origin/agent/clifford-number-hr-disciplinary-ai-wave-02
take-first-and-only-benbassat-lease	Run actions/checkout@v4	2026-08-24T21:02:19.6785789Z  * [new branch]        agent/clifford-number-hr-disciplinary-harm-sentinels-wave-08 -> origin/agent/clifford-number-hr-disciplinary-harm-sentinels-wave-08
take-first-and-only-benbassat-lease	Run actions/checkout@v4	2026-08-24T21:02:19.6787794Z  * [new branch]        agent/clifford-number-hr-disciplinary-wave-01 -> origin/agent/clifford-number-hr-disciplinary-wave-01
take-first-and-only-benbassat-lease	Run actions/checkout@v4	2026-08-24T21:02:19.6789678Z  * [new branch]        agent/clifford-number-hr-dissonance-counterpower-wave-04 -> origin/agent/clifford-number-hr-dissonance-counterpower-wave-04
take-first-and-only-benbassat-lease	Run actions/checkout@v4	2026-08-24T21:02:19.6791514Z  * [new branch]        agent/clifford-number-hr-governance-wave-03 -> origin/agent/clifford-number-hr-governance-wave-03
take-first-and-only-benbassat-lease	Run actions/checkout@v4	2026-08-24T21:02:19.6793431Z  * [new branch]        agent/clifford-number-hr-implementation-verification-wave-07 -> origin/agent/clifford-number-hr-implementation-verification-wave-07
take-first-and-only-benbassat-lease	Run actions/checkout@v4	2026-08-24T21:02:19.6795842Z  * [new branch]        agent/clifford-number-hr-indemnity-cost-transfer-wave-13 -> origin/agent/clifford-number-hr-indemnity-cost-transfer-wave-13
take-first-and-only-benbassat-lease	Run actions/checkout@v4	2026-08-24T21:02:19.6797761Z  * [new branch]        agent/clifford-number-hr-learning-audit-wave-07 -> origin/agent/clifford-number-hr-learning-audit-wave-07
take-first-and-only-benbassat-lease	Run actions/checkout@v4	2026-08-24T21:02:19.6799233Z  * [new branch]        agent/clifford-number-hr-recurrence-reopen-wave-10 -> origin/agent/clifford-number-hr-recurrence-reopen-wave-10
take-first-and-only-benbassat-lease	Run actions/checkout@v4	2026-08-24T21:02:19.6800304Z  * [new branch]        agent/clifford-number-hr-response-prevention-wave-09 -> origin/agent/clifford-number-hr-response-prevention-wave-09
take-first-and-only-benbassat-lease	Run actions/checkout@v4	2026-08-24T21:02:19.6801321Z  * [new branch]        agent/clifford-number-hr-selection-wave-01 -> origin/agent/clifford-number-hr-selection-wave-01
take-first-and-only-benbassat-lease	Run actions/checkout@v4	2026-08-24T21:02:19.6802675Z  * [new branch]        agent/clifford-number-hr-source-adjudication-wave-02 -> origin/agent/clifford-number-hr-source-adjudication-wave-02
take-first-and-only-benbassat-lease	Run actions/checkout@v4	2026-08-24T21:02:19.6803533Z  * [new branch]        agent/collection-only-candidate -> origin/agent/collection-only-candidate
take-first-and-only-benbassat-lease	Run actions/checkout@v4	2026-08-24T21:02:19.6804662Z  * [new branch]        agent/collection-only-operations -> origin/agent/collection-only-operations
take-first-and-only-benbassat-lease	Run actions/checkout@v4	2026-08-24T21:02:19.6805436Z  * [new branch]        agent/collection-only-operations-p2 -> origin/agent/collection-only-operations-p2
take-first-and-only-benbassat-lease	Run actions/checkout@v4	2026-08-24T21:02:19.6806206Z  * [new branch]        agent/corpus-next-after-media-closure -> origin/agent/corpus-next-after-media-closure
take-first-and-only-benbassat-lease	Run actions/checkout@v4	2026-08-24T21:02:19.6806917Z  * [new branch]        agent/corpus-operations-mode -> origin/agent/corpus-operations-mode
take-first-and-only-benbassat-lease	Run actions/checkout@v4	2026-08-24T21:02:19.6807690Z  * [new branch]        agent/cycle004-still-transport-inspection -> origin/agent/cycle004-still-transport-inspection
take-first-and-only-benbassat-lease	Run actions/checkout@v4	2026-08-24T21:02:19.6808545Z  * [new branch]        agent/dispatch-clean-preservation-235227a -> origin/agent/dispatch-clean-preservation-235227a
take-first-and-only-benbassat-lease	Run actions/checkout@v4	2026-08-24T21:02:19.6809316Z  * [new branch]        agent/dispatch-preserve-7054b6-v2 -> origin/agent/dispatch-preserve-7054b6-v2
take-first-and-only-benbassat-lease	Run actions/checkout@v4	2026-08-24T21:02:19.6809995Z  * [new branch]        agent/doctor-who-activation-001 -> origin/agent/doctor-who-activation-001
take-first-and-only-benbassat-lease	Run actions/checkout@v4	2026-08-24T21:02:19.6810938Z  * [new branch]        agent/doctor-who-activation-preflight-001 -> origin/agent/doctor-who-activation-preflight-001
take-first-and-only-benbassat-lease	Run actions/checkout@v4	2026-08-24T21:02:19.6811908Z  * [new branch]        agent/doctor-who-certification-001 -> origin/agent/doctor-who-certification-001
take-first-and-only-benbassat-lease	Run actions/checkout@v4	2026-08-24T21:02:19.6813255Z  * [new branch]        agent/doctor-who-certified-paused-001 -> origin/agent/doctor-who-certified-paused-001
take-first-and-only-benbassat-lease	Run actions/checkout@v4	2026-08-24T21:02:19.6814744Z  * [new branch]        agent/doctor-who-correction-drill-001 -> origin/agent/doctor-who-correction-drill-001
take-first-and-only-benbassat-lease	Run actions/checkout@v4	2026-08-24T21:02:19.6815673Z  * [new branch]        agent/doctor-who-correction-drill-001-replay-6cb5d1 -> origin/agent/doctor-who-correction-drill-001-replay-6cb5d1
take-first-and-only-benbassat-lease	Run actions/checkout@v4	2026-08-24T21:02:19.6816885Z  * [new branch]        agent/doctor-who-correction-drill-001-replay-6ea135 -> origin/agent/doctor-who-correction-drill-001-replay-6ea135
take-first-and-only-benbassat-lease	Run actions/checkout@v4	2026-08-24T21:02:19.6817890Z  * [new branch]        agent/doctor-who-correction-drill-future-safe-repair -> origin/agent/doctor-who-correction-drill-future-safe-repair
take-first-and-only-benbassat-lease	Run actions/checkout@v4	2026-08-24T21:02:19.6818873Z  * [new branch]        agent/doctor-who-correction-drill-scope-custody -> origin/agent/doctor-who-correction-drill-scope-custody
take-first-and-only-benbassat-lease	Run actions/checkout@v4	2026-08-24T21:02:19.6819688Z  * [new branch]        agent/doctor-who-cycle-002-claim -> origin/agent/doctor-who-cycle-002-claim
take-first-and-only-benbassat-lease	Run actions/checkout@v4	2026-08-24T21:02:19.6820396Z  * [new branch]        agent/doctor-who-cycle-002-current -> origin/agent/doctor-who-cycle-002-current
take-first-and-only-benbassat-lease	Run actions/checkout@v4	2026-08-24T21:02:19.6821296Z  * [new branch]        agent/doctor-who-cycle-002-gredd -> origin/agent/doctor-who-cycle-002-gredd
take-first-and-only-benbassat-lease	Run actions/checkout@v4	2026-08-24T21:02:19.6822670Z  * [new branch]        agent/doctor-who-cycle-002-gredd-current -> origin/agent/doctor-who-cycle-002-gredd-current
take-first-and-only-benbassat-lease	Run actions/checkout@v4	2026-08-24T21:02:19.6823836Z  * [new branch]        agent/doctor-who-cycle-003-annette-portrait-review -> origin/agent/doctor-who-cycle-003-annette-portrait-review
take-first-and-only-benbassat-lease	Run actions/checkout@v4	2026-08-24T21:02:19.6825635Z  * [new branch]        agent/doctor-who-cycle-003-current-extract -> origin/agent/doctor-who-cycle-003-current-extract
take-first-and-only-benbassat-lease	Run actions/checkout@v4	2026-08-24T21:02:19.6827213Z  * [new branch]        agent/doctor-who-cycle-003-current-extract-v2 -> origin/agent/doctor-who-cycle-003-current-extract-v2
take-first-and-only-benbassat-lease	Run actions/checkout@v4	2026-08-24T21:02:19.6828712Z  * [new branch]        agent/doctor-who-cycle-003-full-source -> origin/agent/doctor-who-cycle-003-full-source
take-first-and-only-benbassat-lease	Run actions/checkout@v4	2026-08-24T21:02:19.6830115Z  * [new branch]        agent/doctor-who-cycle-003-jask-completion -> origin/agent/doctor-who-cycle-003-jask-completion
take-first-and-only-benbassat-lease	Run actions/checkout@v4	2026-08-24T21:02:19.6831558Z  * [new branch]        agent/doctor-who-cycle-003-jask-portrait -> origin/agent/doctor-who-cycle-003-jask-portrait
take-first-and-only-benbassat-lease	Run actions/checkout@v4	2026-08-24T21:02:19.6833325Z  * [new branch]        agent/doctor-who-cycle-003-margaret-media-review -> origin/agent/doctor-who-cycle-003-margaret-media-review
take-first-and-only-benbassat-lease	Run actions/checkout@v4	2026-08-24T21:02:19.6835240Z  * [new branch]        agent/doctor-who-cycle-003-margaret-publication -> origin/agent/doctor-who-cycle-003-margaret-publication
take-first-and-only-benbassat-lease	Run actions/checkout@v4	2026-08-24T21:02:19.6836898Z  * [new branch]        agent/doctor-who-cycle-003-materializer-recovery -> origin/agent/doctor-who-cycle-003-materializer-recovery
take-first-and-only-benbassat-lease	Run actions/checkout@v4	2026-08-24T21:02:19.6838461Z  * [new branch]        agent/doctor-who-cycle-003-merge-guardian -> origin/agent/doctor-who-cycle-003-merge-guardian
take-first-and-only-benbassat-lease	Run actions/checkout@v4	2026-08-24T21:02:19.6839868Z  * [new branch]        agent/doctor-who-cycle-004-full-source -> origin/agent/doctor-who-cycle-004-full-source
take-first-and-only-benbassat-lease	Run actions/checkout@v4	2026-08-24T21:02:19.6841379Z  * [new branch]        agent/doctor-who-cycle-004-jask-audio-completion -> origin/agent/doctor-who-cycle-004-jask-audio-completion
take-first-and-only-benbassat-lease	Run actions/checkout@v4	2026-08-24T21:02:19.6843025Z  * [new branch]        agent/doctor-who-cycle-004-jask-audio-portrait -> origin/agent/doctor-who-cycle-004-jask-audio-portrait
take-first-and-only-benbassat-lease	Run actions/checkout@v4	2026-08-24T21:02:19.6844883Z  * [new branch]        agent/doctor-who-cycle-004-jask-still-correction -> origin/agent/doctor-who-cycle-004-jask-still-correction
take-first-and-only-benbassat-lease	Run actions/checkout@v4	2026-08-24T21:02:19.6846468Z  * [new branch]        agent/doctor-who-cycle-004-media-preflight -> origin/agent/doctor-who-cycle-004-media-preflight
take-first-and-only-benbassat-lease	Run actions/checkout@v4	2026-08-24T21:02:19.6847877Z  * [new branch]        agent/doctor-who-cycle-004-preflight -> origin/agent/doctor-who-cycle-004-preflight
take-first-and-only-benbassat-lease	Run actions/checkout@v4	2026-08-24T21:02:19.6849404Z  * [new branch]        agent/doctor-who-cycle-004-still-correction-source -> origin/agent/doctor-who-cycle-004-still-correction-source
take-first-and-only-benbassat-lease	Run actions/checkout@v4	2026-08-24T21:02:19.6851053Z  * [new branch]        agent/doctor-who-cycle-004-still-verification -> origin/agent/doctor-who-cycle-004-still-verification
take-first-and-only-benbassat-lease	Run actions/checkout@v4	2026-08-24T21:02:19.6852713Z  * [new branch]        agent/doctor-who-cycle-005-carrier-source-export-v4 -> origin/agent/doctor-who-cycle-005-carrier-source-export-v4
take-first-and-only-benbassat-lease	Run actions/checkout@v4	2026-08-24T21:02:19.6854544Z  * [new branch]        agent/doctor-who-cycle-005-kaarsh-completion -> origin/agent/doctor-who-cycle-005-kaarsh-completion
take-first-and-only-benbassat-lease	Run actions/checkout@v4	2026-08-24T21:02:19.6856488Z  * [new branch]        agent/doctor-who-cycle-005-kaarsh-still-reattestation -> origin/agent/doctor-who-cycle-005-kaarsh-still-reattestation
take-first-and-only-benbassat-lease	Run actions/checkout@v4	2026-08-24T21:02:19.6858314Z  * [new branch]        agent/doctor-who-cycle-005-kaarsh-still-verification -> origin/agent/doctor-who-cycle-005-kaarsh-still-verification
take-first-and-only-benbassat-lease	Run actions/checkout@v4	2026-08-24T21:02:19.6859870Z  * [new branch]        agent/doctor-who-cycle-005-preflight -> origin/agent/doctor-who-cycle-005-preflight
take-first-and-only-benbassat-lease	Run actions/checkout@v4	2026-08-24T21:02:19.6861355Z  * [new branch]        agent/doctor-who-cycle-006-autopilot-history-fix -> origin/agent/doctor-who-cycle-006-autopilot-history-fix
take-first-and-only-benbassat-lease	Run actions/checkout@v4	2026-08-24T21:02:19.6863187Z  * [new branch]        agent/doctor-who-cycle-006-autopilot-history-qualification -> origin/agent/doctor-who-cycle-006-autopilot-history-qualification
take-first-and-only-benbassat-lease	Run actions/checkout@v4	2026-08-24T21:02:19.6865326Z  * [new branch]        agent/doctor-who-cycle-006-carrier-source-export-v3 -> origin/agent/doctor-who-cycle-006-carrier-source-export-v3
take-first-and-only-benbassat-lease	Run actions/checkout@v4	2026-08-24T21:02:19.6867129Z  * [new branch]        agent/doctor-who-cycle-006-chronology-composability -> origin/agent/doctor-who-cycle-006-chronology-composability
take-first-and-only-benbassat-lease	Run actions/checkout@v4	2026-08-24T21:02:19.6869149Z  * [new branch]        agent/doctor-who-cycle-006-chronology-composability-current-main -> origin/agent/doctor-who-cycle-006-chronology-composability-current-main
take-first-and-only-benbassat-lease	Run actions/checkout@v4	2026-08-24T21:02:19.6871388Z  * [new branch]        agent/doctor-who-cycle-006-chronology-composability-materializer -> origin/agent/doctor-who-cycle-006-chronology-composability-materializer
take-first-and-only-benbassat-lease	Run actions/checkout@v4	2026-08-24T21:02:19.6873634Z  * [new branch]        agent/doctor-who-cycle-006-chronology-composability-qualification -> origin/agent/doctor-who-cycle-006-chronology-composability-qualification
take-first-and-only-benbassat-lease	Run actions/checkout@v4	2026-08-24T21:02:19.6876107Z  * [new branch]        agent/doctor-who-cycle-006-chronology-composability-qualification-v2 -> origin/agent/doctor-who-cycle-006-chronology-composability-qualification-v2
take-first-and-only-benbassat-lease	Run actions/checkout@v4	2026-08-24T21:02:19.6878640Z  * [new branch]        agent/doctor-who-cycle-006-chronology-composability-qualification-v3 -> origin/agent/doctor-who-cycle-006-chronology-composability-qualification-v3
take-first-and-only-benbassat-lease	Run actions/checkout@v4	2026-08-24T21:02:19.6880942Z  * [new branch]        agent/doctor-who-cycle-006-chronology-composable-source-export -> origin/agent/doctor-who-cycle-006-chronology-composable-source-export
take-first-and-only-benbassat-lease	Run actions/checkout@v4	2026-08-24T21:02:19.6882853Z  * [new branch]        agent/doctor-who-cycle-006-chronology-correction -> origin/agent/doctor-who-cycle-006-chronology-correction
take-first-and-only-benbassat-lease	Run actions/checkout@v4	2026-08-24T21:02:19.6884909Z  * [new branch]        agent/doctor-who-cycle-006-chronology-correction-materializer -> origin/agent/doctor-who-cycle-006-chronology-correction-materializer
take-first-and-only-benbassat-lease	Run actions/checkout@v4	2026-08-24T21:02:19.6886784Z  * [new branch]        agent/doctor-who-cycle-006-clean-main-rebind-v3 -> origin/agent/doctor-who-cycle-006-clean-main-rebind-v3
take-first-and-only-benbassat-lease	Run actions/checkout@v4	2026-08-24T21:02:19.6888402Z  * [new branch]        agent/doctor-who-cycle-006-clean-main-rebind-v4 -> origin/agent/doctor-who-cycle-006-clean-main-rebind-v4
take-first-and-only-benbassat-lease	Run actions/checkout@v4	2026-08-24T21:02:19.6890009Z  * [new branch]        agent/doctor-who-cycle-006-clean-main-rebind-v5 -> origin/agent/doctor-who-cycle-006-clean-main-rebind-v5
take-first-and-only-benbassat-lease	Run actions/checkout@v4	2026-08-24T21:02:19.6891598Z  * [new branch]        agent/doctor-who-cycle-006-clean-main-rebind-v6 -> origin/agent/doctor-who-cycle-006-clean-main-rebind-v6
take-first-and-only-benbassat-lease	Run actions/checkout@v4	2026-08-24T21:02:19.6893156Z  * [new branch]        agent/doctor-who-cycle-006-current-main-rebind -> origin/agent/doctor-who-cycle-006-current-main-rebind
take-first-and-only-benbassat-lease	Run actions/checkout@v4	2026-08-24T21:02:19.6894955Z  * [new branch]        agent/doctor-who-cycle-006-current-main-rebind-v2 -> origin/agent/doctor-who-cycle-006-current-main-rebind-v2
take-first-and-only-benbassat-lease	Run actions/checkout@v4	2026-08-24T21:02:19.6896542Z  * [new branch]        agent/doctor-who-cycle-006-kayste-completion -> origin/agent/doctor-who-cycle-006-kayste-completion
take-first-and-only-benbassat-lease	Run actions/checkout@v4	2026-08-24T21:02:19.6898086Z  * [new branch]        agent/doctor-who-cycle-006-kayste-completion-v2 -> origin/agent/doctor-who-cycle-006-kayste-completion-v2
take-first-and-only-benbassat-lease	Run actions/checkout@v4	2026-08-24T21:02:19.6899668Z  * [new branch]        agent/doctor-who-cycle-006-kayste-completion-v3 -> origin/agent/doctor-who-cycle-006-kayste-completion-v3
take-first-and-only-benbassat-lease	Run actions/checkout@v4	2026-08-24T21:02:19.6901443Z  * [new branch]        agent/doctor-who-cycle-006-kayste-completion-v4 -> origin/agent/doctor-who-cycle-006-kayste-completion-v4
take-first-and-only-benbassat-lease	Run actions/checkout@v4	2026-08-24T21:02:19.6903020Z  * [new branch]        agent/doctor-who-cycle-006-kayste-completion-v5 -> origin/agent/doctor-who-cycle-006-kayste-completion-v5
take-first-and-only-benbassat-lease	Run actions/checkout@v4	2026-08-24T21:02:19.6904759Z  * [new branch]        agent/doctor-who-cycle-006-kayste-completion-v6 -> origin/agent/doctor-who-cycle-006-kayste-completion-v6
take-first-and-only-benbassat-lease	Run actions/checkout@v4	2026-08-24T21:02:19.6906394Z  * [new branch]        agent/doctor-who-cycle-006-kayste-media-preflight -> origin/agent/doctor-who-cycle-006-kayste-media-preflight
take-first-and-only-benbassat-lease	Run actions/checkout@v4	2026-08-24T21:02:19.6907942Z  * [new branch]        agent/doctor-who-cycle-006-merge-guardian -> origin/agent/doctor-who-cycle-006-merge-guardian
take-first-and-only-benbassat-lease	Run actions/checkout@v4	2026-08-24T21:02:19.6909436Z  * [new branch]        agent/doctor-who-cycle-006-postfailure-status -> origin/agent/doctor-who-cycle-006-postfailure-status
take-first-and-only-benbassat-lease	Run actions/checkout@v4	2026-08-24T21:02:19.6910877Z  * [new branch]        agent/doctor-who-cycle-006-preflight -> origin/agent/doctor-who-cycle-006-preflight
take-first-and-only-benbassat-lease	Run actions/checkout@v4	2026-08-24T21:02:19.6912233Z  * [new branch]        agent/doctor-who-cycle-006-writer-builder -> origin/agent/doctor-who-cycle-006-writer-builder
take-first-and-only-benbassat-lease	Run actions/checkout@v4	2026-08-24T21:02:19.6913830Z  * [new branch]        agent/doctor-who-cycle-006-writer-source-publication -> origin/agent/doctor-who-cycle-006-writer-source-publication
take-first-and-only-benbassat-lease	Run actions/checkout@v4	2026-08-24T21:02:19.6915716Z  * [new branch]        agent/doctor-who-cycle-006-writer-source-recovery -> origin/agent/doctor-who-cycle-006-writer-source-recovery
take-first-and-only-benbassat-lease	Run actions/checkout@v4	2026-08-24T21:02:19.6917318Z  * [new branch]        agent/doctor-who-cycle-007-canonical-proof-v4 -> origin/agent/doctor-who-cycle-007-canonical-proof-v4
take-first-and-only-benbassat-lease	Run actions/checkout@v4	2026-08-24T21:02:19.6918979Z  * [new branch]        agent/doctor-who-cycle-007-current-main-source-export -> origin/agent/doctor-who-cycle-007-current-main-source-export
take-first-and-only-benbassat-lease	Run actions/checkout@v4	2026-08-24T21:02:19.6920827Z  * [new branch]        agent/doctor-who-cycle-007-current-main-source-export-v2 -> origin/agent/doctor-who-cycle-007-current-main-source-export-v2
take-first-and-only-benbassat-lease	Run actions/checkout@v4	2026-08-24T21:02:19.6922980Z  * [new branch]        agent/doctor-who-cycle-007-current-main-source-export-v2-lean -> origin/agent/doctor-who-cycle-007-current-main-source-export-v2-lean
take-first-and-only-benbassat-lease	Run actions/checkout@v4	2026-08-24T21:02:19.6925135Z  * [new branch]        agent/doctor-who-cycle-007-current-main-source-export-v3 -> origin/agent/doctor-who-cycle-007-current-main-source-export-v3
take-first-and-only-benbassat-lease	Run actions/checkout@v4	2026-08-24T21:02:19.6927064Z  * [new branch]        agent/doctor-who-cycle-007-current-main-source-snapshot-v2 -> origin/agent/doctor-who-cycle-007-current-main-source-snapshot-v2
take-first-and-only-benbassat-lease	Run actions/checkout@v4	2026-08-24T21:02:19.6928874Z  * [new branch]        agent/doctor-who-cycle-007-kragar-media-preflight -> origin/agent/doctor-who-cycle-007-kragar-media-preflight
take-first-and-only-benbassat-lease	Run actions/checkout@v4	2026-08-24T21:02:19.6930559Z  * [new branch]        agent/doctor-who-cycle-007-kragar-media-prepublish -> origin/agent/doctor-who-cycle-007-kragar-media-prepublish
take-first-and-only-benbassat-lease	Run actions/checkout@v4	2026-08-24T21:02:19.6932310Z  * [new branch]        agent/doctor-who-cycle-007-kragar-media-prepublish-v2 -> origin/agent/doctor-who-cycle-007-kragar-media-prepublish-v2
take-first-and-only-benbassat-lease	Run actions/checkout@v4	2026-08-24T21:02:19.6934273Z  * [new branch]        agent/doctor-who-cycle-007-kragar-media-review-final -> origin/agent/doctor-who-cycle-007-kragar-media-review-final
take-first-and-only-benbassat-lease	Run actions/checkout@v4	2026-08-24T21:02:19.6935980Z  * [new branch]        agent/doctor-who-cycle-007-kragar-media-review-v2 -> origin/agent/doctor-who-cycle-007-kragar-media-review-v2
take-first-and-only-benbassat-lease	Run actions/checkout@v4	2026-08-24T21:02:19.6937616Z  * [new branch]        agent/doctor-who-cycle-007-kragar-media-review-v3 -> origin/agent/doctor-who-cycle-007-kragar-media-review-v3
take-first-and-only-benbassat-lease	Run actions/checkout@v4	2026-08-24T21:02:19.6939282Z  * [new branch]        agent/doctor-who-cycle-007-kragar-media-terminal -> origin/agent/doctor-who-cycle-007-kragar-media-terminal
take-first-and-only-benbassat-lease	Run actions/checkout@v4	2026-08-24T21:02:19.6940889Z  * [new branch]        agent/doctor-who-cycle-007-kragar-product-v14 -> origin/agent/doctor-who-cycle-007-kragar-product-v14
take-first-and-only-benbassat-lease	Run actions/checkout@v4	2026-08-24T21:02:19.6942733Z  * [new branch]        agent/doctor-who-cycle-007-post-composability-source-snapshot -> origin/agent/doctor-who-cycle-007-post-composability-source-snapshot
take-first-and-only-benbassat-lease	Run actions/checkout@v4	2026-08-24T21:02:19.6944948Z  * [new branch]        agent/doctor-who-cycle-007-post-merge-proof-v1 -> origin/agent/doctor-who-cycle-007-post-merge-proof-v1
take-first-and-only-benbassat-lease	Run actions/checkout@v4	2026-08-24T21:02:19.6946549Z  * [new branch]        agent/doctor-who-cycle-007-post-merge-proof-v2 -> origin/agent/doctor-who-cycle-007-post-merge-proof-v2
take-first-and-only-benbassat-lease	Run actions/checkout@v4	2026-08-24T21:02:19.6948145Z  * [new branch]        agent/doctor-who-cycle-007-post-merge-proof-v3 -> origin/agent/doctor-who-cycle-007-post-merge-proof-v3
take-first-and-only-benbassat-lease	Run actions/checkout@v4	2026-08-24T21:02:19.6949567Z  * [new branch]        agent/doctor-who-cycle-007-preflight -> origin/agent/doctor-who-cycle-007-preflight
take-first-and-only-benbassat-lease	Run actions/checkout@v4	2026-08-24T21:02:19.6950900Z  * [new branch]        agent/doctor-who-cycle-007-qualifier-v10 -> origin/agent/doctor-who-cycle-007-qualifier-v10
take-first-and-only-benbassat-lease	Run actions/checkout@v4	2026-08-24T21:02:19.6952315Z  * [new branch]        agent/doctor-who-cycle-007-qualifier-v10r -> origin/agent/doctor-who-cycle-007-qualifier-v10r
take-first-and-only-benbassat-lease	Run actions/checkout@v4	2026-08-24T21:02:19.6953772Z  * [new branch]        agent/doctor-who-cycle-007-qualifier-v8 -> origin/agent/doctor-who-cycle-007-qualifier-v8
take-first-and-only-benbassat-lease	Run actions/checkout@v4	2026-08-24T21:02:19.6955390Z  * [new branch]        agent/doctor-who-cycle-007-qualifier-v9 -> origin/agent/doctor-who-cycle-007-qualifier-v9
take-first-and-only-benbassat-lease	Run actions/checkout@v4	2026-08-24T21:02:19.6956750Z  * [new branch]        agent/doctor-who-cycle-007-selection -> origin/agent/doctor-who-cycle-007-selection
take-first-and-only-benbassat-lease	Run actions/checkout@v4	2026-08-24T21:02:19.6958113Z  * [new branch]        agent/doctor-who-cycle-007-source-snapshot -> origin/agent/doctor-who-cycle-007-source-snapshot
take-first-and-only-benbassat-lease	Run actions/checkout@v4	2026-08-24T21:02:19.6959601Z  * [new branch]        agent/doctor-who-cycle-007-source-snapshot-v2 -> origin/agent/doctor-who-cycle-007-source-snapshot-v2
take-first-and-only-benbassat-lease	Run actions/checkout@v4	2026-08-24T21:02:19.6961319Z  * [new branch]        agent/doctor-who-cycle-007-terminal-current-main-proof-v4 -> origin/agent/doctor-who-cycle-007-terminal-current-main-proof-v4
take-first-and-only-benbassat-lease	Run actions/checkout@v4	2026-08-24T21:02:19.6963168Z  * [new branch]        agent/doctor-who-cycle-007-transport-comment-census -> origin/agent/doctor-who-cycle-007-transport-comment-census
take-first-and-only-benbassat-lease	Run actions/checkout@v4	2026-08-24T21:02:19.6965717Z  * [new branch]        agent/doctor-who-cycle-007-trusted-publisher-v10-denominator-repair -> origin/agent/doctor-who-cycle-007-trusted-publisher-v10-denominator-repair
take-first-and-only-benbassat-lease	Run actions/checkout@v4	2026-08-24T21:02:19.6967934Z  * [new branch]        agent/doctor-who-cycle-007-trusted-publisher-v10-installer -> origin/agent/doctor-who-cycle-007-trusted-publisher-v10-installer
take-first-and-only-benbassat-lease	Run actions/checkout@v4	2026-08-24T21:02:19.6970048Z  * [new branch]        agent/doctor-who-cycle-007-trusted-publisher-v10-installer-008f -> origin/agent/doctor-who-cycle-007-trusted-publisher-v10-installer-008f
take-first-and-only-benbassat-lease	Run actions/checkout@v4	2026-08-24T21:02:19.6971849Z  * [new branch]        agent/doctor-who-cycle-007-v11-finalization -> origin/agent/doctor-who-cycle-007-v11-finalization
take-first-and-only-benbassat-lease	Run actions/checkout@v4	2026-08-24T21:02:19.6973301Z  * [new branch]        agent/doctor-who-cycle-007-v12-finalization -> origin/agent/doctor-who-cycle-007-v12-finalization
take-first-and-only-benbassat-lease	Run actions/checkout@v4	2026-08-24T21:02:19.6974928Z  * [new branch]        agent/doctor-who-cycle-007-v13-finalization -> origin/agent/doctor-who-cycle-007-v13-finalization
take-first-and-only-benbassat-lease	Run actions/checkout@v4	2026-08-24T21:02:19.6976396Z  * [new branch]        agent/doctor-who-cycle-007-v14-finalization -> origin/agent/doctor-who-cycle-007-v14-finalization
take-first-and-only-benbassat-lease	Run actions/checkout@v4	2026-08-24T21:02:19.6978108Z  * [new branch]        agent/doctor-who-cycle-007-v14-finalization-copy-do-not-use -> origin/agent/doctor-who-cycle-007-v14-finalization-copy-do-not-use
take-first-and-only-benbassat-lease	Run actions/checkout@v4	2026-08-24T21:02:19.6979784Z  * [new branch]        agent/doctor-who-cycle-007-v14-publisher -> origin/agent/doctor-who-cycle-007-v14-publisher
take-first-and-only-benbassat-lease	Run actions/checkout@v4	2026-08-24T21:02:19.6981297Z  * [new branch]        agent/doctor-who-cycle-007-v14-publisher-observer -> origin/agent/doctor-who-cycle-007-v14-publisher-observer
take-first-and-only-benbassat-lease	Run actions/checkout@v4	2026-08-24T21:02:19.6982994Z  * [new branch]        agent/doctor-who-cycle-007-v15-product-qualification -> origin/agent/doctor-who-cycle-007-v15-product-qualification
take-first-and-only-benbassat-lease	Run actions/checkout@v4	2026-08-24T21:02:19.6985015Z  * [new branch]        agent/doctor-who-cycle-007-v15-product-qualification-v2 -> origin/agent/doctor-who-cycle-007-v15-product-qualification-v2
take-first-and-only-benbassat-lease	Run actions/checkout@v4	2026-08-24T21:02:19.6986730Z  * [new branch]        agent/doctor-who-cycle-007-v8-finalizer-v1 -> origin/agent/doctor-who-cycle-007-v8-finalizer-v1
take-first-and-only-benbassat-lease	Run actions/checkout@v4	2026-08-24T21:02:19.6988623Z  * [new branch]        agent/doctor-who-cycle-007-v8-finalizer-v1-repair -> origin/agent/doctor-who-cycle-007-v8-finalizer-v1-repair
take-first-and-only-benbassat-lease	Run actions/checkout@v4	2026-08-24T21:02:19.6990182Z  * [new branch]        agent/doctor-who-cycle-007-v8-finalizer-v2 -> origin/agent/doctor-who-cycle-007-v8-finalizer-v2
take-first-and-only-benbassat-lease	Run actions/checkout@v4	2026-08-24T21:02:19.6991614Z  * [new branch]        agent/doctor-who-cycle-007-v8-finalizer-v3 -> origin/agent/doctor-who-cycle-007-v8-finalizer-v3
take-first-and-only-benbassat-lease	Run actions/checkout@v4	2026-08-24T21:02:19.6993155Z  * [new branch]        agent/doctor-who-cycle-007-v8-independent-review -> origin/agent/doctor-who-cycle-007-v8-independent-review
take-first-and-only-benbassat-lease	Run actions/checkout@v4	2026-08-24T21:02:19.6995034Z  * [new branch]        agent/doctor-who-cycle-007-v8-independent-review-v2 -> origin/agent/doctor-who-cycle-007-v8-independent-review-v2
take-first-and-only-benbassat-lease	Run actions/checkout@v4	2026-08-24T21:02:19.6996879Z  * [new branch]        agent/doctor-who-cycle-007-v8-independent-review-v3-probe -> origin/agent/doctor-who-cycle-007-v8-independent-review-v3-probe
take-first-and-only-benbassat-lease	Run actions/checkout@v4	2026-08-24T21:02:19.6998840Z  * [new branch]        agent/doctor-who-cycle-007-v8-independent-review-v4-probe -> origin/agent/doctor-who-cycle-007-v8-independent-review-v4-probe
take-first-and-only-benbassat-lease	Run actions/checkout@v4	2026-08-24T21:02:19.7000679Z  * [new branch]        agent/doctor-who-cycle-007-v8-independent-review-v5 -> origin/agent/doctor-who-cycle-007-v8-independent-review-v5
take-first-and-only-benbassat-lease	Run actions/checkout@v4	2026-08-24T21:02:19.7002269Z  * [new branch]        agent/doctor-who-cycle-007-v8-materializer -> origin/agent/doctor-who-cycle-007-v8-materializer
take-first-and-only-benbassat-lease	Run actions/checkout@v4	2026-08-24T21:02:19.7003792Z  * [new branch]        agent/doctor-who-cycle-007-v8-merge-guardian-v1 -> origin/agent/doctor-who-cycle-007-v8-merge-guardian-v1
take-first-and-only-benbassat-lease	Run actions/checkout@v4	2026-08-24T21:02:19.7005563Z  * [new branch]        agent/doctor-who-cycle-007-v8-merge-guardian-v2 -> origin/agent/doctor-who-cycle-007-v8-merge-guardian-v2
take-first-and-only-benbassat-lease	Run actions/checkout@v4	2026-08-24T21:02:19.7007146Z  * [new branch]        agent/doctor-who-cycle-007-v8-merge-guardian-v3 -> origin/agent/doctor-who-cycle-007-v8-merge-guardian-v3
take-first-and-only-benbassat-lease	Run actions/checkout@v4	2026-08-24T21:02:19.7008789Z  * [new branch]        agent/doctor-who-cycle-007-v8-product-qualifier-v1 -> origin/agent/doctor-who-cycle-007-v8-product-qualifier-v1
take-first-and-only-benbassat-lease	Run actions/checkout@v4	2026-08-24T21:02:19.7010678Z  * [new branch]        agent/doctor-who-cycle-007-v8-product-qualifier-v2 -> origin/agent/doctor-who-cycle-007-v8-product-qualifier-v2
take-first-and-only-benbassat-lease	Run actions/checkout@v4	2026-08-24T21:02:19.7012368Z  * [new branch]        agent/doctor-who-cycle-007-v8-product-qualifier-v3 -> origin/agent/doctor-who-cycle-007-v8-product-qualifier-v3
take-first-and-only-benbassat-lease	Run actions/checkout@v4	2026-08-24T21:02:19.7014237Z  * [new branch]        agent/doctor-who-cycle-007-v8-terminal-guardian-v4 -> origin/agent/doctor-who-cycle-007-v8-terminal-guardian-v4
take-first-and-only-benbassat-lease	Run actions/checkout@v4	2026-08-24T21:02:19.7015997Z  * [new branch]        agent/doctor-who-cycle-007-writer-builder-squash-temp -> origin/agent/doctor-who-cycle-007-writer-builder-squash-temp
take-first-and-only-benbassat-lease	Run actions/checkout@v4	2026-08-24T21:02:19.7017837Z  * [new branch]        agent/doctor-who-cycle-007-writer-builder-squash-temp-v2 -> origin/agent/doctor-who-cycle-007-writer-builder-squash-temp-v2
take-first-and-only-benbassat-lease	Run actions/checkout@v4	2026-08-24T21:02:19.7019521Z  * [new branch]        agent/doctor-who-cycle-007-writer-builder-v1 -> origin/agent/doctor-who-cycle-007-writer-builder-v1
take-first-and-only-benbassat-lease	Run actions/checkout@v4	2026-08-24T21:02:19.7021037Z  * [new branch]        agent/doctor-who-cycle-007-writer-builder-v2 -> origin/agent/doctor-who-cycle-007-writer-builder-v2
take-first-and-only-benbassat-lease	Run actions/checkout@v4	2026-08-24T21:02:19.7022514Z  * [new branch]        agent/doctor-who-cycle-007-writer-builder-v3 -> origin/agent/doctor-who-cycle-007-writer-builder-v3
take-first-and-only-benbassat-lease	Run actions/checkout@v4	2026-08-24T21:02:19.7024357Z  * [new branch]        agent/doctor-who-cycle-007-writer-builder-v4-squash-temp -> origin/agent/doctor-who-cycle-007-writer-builder-v4-squash-temp
take-first-and-only-benbassat-lease	Run actions/checkout@v4	2026-08-24T21:02:19.7026355Z  * [new branch]        agent/doctor-who-cycle-007-writer-builder-v4-squash-temp-v2 -> origin/agent/doctor-who-cycle-007-writer-builder-v4-squash-temp-v2
take-first-and-only-benbassat-lease	Run actions/checkout@v4	2026-08-24T21:02:19.7028213Z  * [new branch]        agent/doctor-who-cycle-007-writer-builder-v6-rebuild -> origin/agent/doctor-who-cycle-007-writer-builder-v6-rebuild
take-first-and-only-benbassat-lease	Run actions/checkout@v4	2026-08-24T21:02:19.7029828Z  * [new branch]        agent/doctor-who-cycle-007-writer-builder-v7 -> origin/agent/doctor-who-cycle-007-writer-builder-v7
take-first-and-only-benbassat-lease	Run actions/checkout@v4	2026-08-24T21:02:19.7031498Z  * [new branch]        agent/doctor-who-cycle-007-writer-builder-v9 -> origin/agent/doctor-who-cycle-007-writer-builder-v9
take-first-and-only-benbassat-lease	Run actions/checkout@v4	2026-08-24T21:02:19.7033177Z  * [new branch]        agent/doctor-who-cycle-008-composability-current-main-v1 -> origin/agent/doctor-who-cycle-008-composability-current-main-v1
take-first-and-only-benbassat-lease	Run actions/checkout@v4	2026-08-24T21:02:19.7035214Z  * [new branch]        agent/doctor-who-cycle-008-composability-for-cycle-009 -> origin/agent/doctor-who-cycle-008-composability-for-cycle-009
take-first-and-only-benbassat-lease	Run actions/checkout@v4	2026-08-24T21:02:19.7036880Z  * [new branch]        agent/doctor-who-cycle-008-composability-v2 -> origin/agent/doctor-who-cycle-008-composability-v2
take-first-and-only-benbassat-lease	Run actions/checkout@v4	2026-08-24T21:02:19.7038632Z  * [new branch]        agent/doctor-who-cycle-008-composability-v3-materializer-v1 -> origin/agent/doctor-who-cycle-008-composability-v3-materializer-v1
take-first-and-only-benbassat-lease	Run actions/checkout@v4	2026-08-24T21:02:19.7040526Z  * [new branch]        agent/doctor-who-cycle-008-composability-v3-product -> origin/agent/doctor-who-cycle-008-composability-v3-product
take-first-and-only-benbassat-lease	Run actions/checkout@v4	2026-08-24T21:02:19.7042375Z  * [new branch]        agent/doctor-who-cycle-008-composability-v3-qualifier -> origin/agent/doctor-who-cycle-008-composability-v3-qualifier
take-first-and-only-benbassat-lease	Run actions/checkout@v4	2026-08-24T21:02:19.7044512Z  * [new branch]        agent/doctor-who-cycle-008-current-main-source-export -> origin/agent/doctor-who-cycle-008-current-main-source-export
take-first-and-only-benbassat-lease	Run actions/checkout@v4	2026-08-24T21:02:19.7046365Z  * [new branch]        agent/doctor-who-cycle-008-current-main-source-export-v2 -> origin/agent/doctor-who-cycle-008-current-main-source-export-v2
take-first-and-only-benbassat-lease	Run actions/checkout@v4	2026-08-24T21:02:19.7048368Z  * [new branch]        agent/doctor-who-cycle-008-cycle007-finalization-delta-recovery -> origin/agent/doctor-who-cycle-008-cycle007-finalization-delta-recovery
take-first-and-only-benbassat-lease	Run actions/checkout@v4	2026-08-24T21:02:19.7050528Z  * [new branch]        agent/doctor-who-cycle-008-cycle007-finalization-delta-recovery-v2 -> origin/agent/doctor-who-cycle-008-cycle007-finalization-delta-recovery-v2
take-first-and-only-benbassat-lease	Run actions/checkout@v4	2026-08-24T21:02:19.7052303Z  * [new branch]        agent/doctor-who-cycle-008-preflight -> origin/agent/doctor-who-cycle-008-preflight
take-first-and-only-benbassat-lease	Run actions/checkout@v4	2026-08-24T21:02:19.7053847Z  * [new branch]        agent/doctor-who-cycle-008-preflight-v2 -> origin/agent/doctor-who-cycle-008-preflight-v2
take-first-and-only-benbassat-lease	Run actions/checkout@v4	2026-08-24T21:02:19.7055478Z  * [new branch]        agent/doctor-who-cycle-008-preflight-v3 -> origin/agent/doctor-who-cycle-008-preflight-v3
take-first-and-only-benbassat-lease	Run actions/checkout@v4	2026-08-24T21:02:19.7057184Z  * [new branch]        agent/doctor-who-cycle-009-megnus-jaka-postmerge-settler-v1 -> origin/agent/doctor-who-cycle-009-megnus-jaka-postmerge-settler-v1
take-first-and-only-benbassat-lease	Run actions/checkout@v4	2026-08-24T21:02:19.7059095Z  * [new branch]        agent/doctor-who-cycle-009-megnus-jaka-postmerge-v2 -> origin/agent/doctor-who-cycle-009-megnus-jaka-postmerge-v2
take-first-and-only-benbassat-lease	Run actions/checkout@v4	2026-08-24T21:02:19.7060636Z  * [new branch]        agent/doctor-who-cycle-010-frontier-v1 -> origin/agent/doctor-who-cycle-010-frontier-v1
take-first-and-only-benbassat-lease	Run actions/checkout@v4	2026-08-24T21:02:19.7062256Z  * [new branch]        agent/doctor-who-cycle-010-merx-candidate-current-main-v4 -> origin/agent/doctor-who-cycle-010-merx-candidate-current-main-v4
take-first-and-only-benbassat-lease	Run actions/checkout@v4	2026-08-24T21:02:19.7064230Z  * [new branch]        agent/doctor-who-cycle-010-merx-candidate-review-v1 -> origin/agent/doctor-who-cycle-010-merx-candidate-review-v1
take-first-and-only-benbassat-lease	Run actions/checkout@v4	2026-08-24T21:02:19.7065940Z  * [new branch]        agent/doctor-who-cycle-010-merx-candidate-v1 -> origin/agent/doctor-who-cycle-010-merx-candidate-v1
take-first-and-only-benbassat-lease	Run actions/checkout@v4	2026-08-24T21:02:19.7067480Z  * [new branch]        agent/doctor-who-cycle-010-merx-candidate-v2 -> origin/agent/doctor-who-cycle-010-merx-candidate-v2
take-first-and-only-benbassat-lease	Run actions/checkout@v4	2026-08-24T21:02:19.7068972Z  * [new branch]        agent/doctor-who-cycle-010-merx-candidate-v3 -> origin/agent/doctor-who-cycle-010-merx-candidate-v3
take-first-and-only-benbassat-lease	Run actions/checkout@v4	2026-08-24T21:02:19.7070665Z  * [new branch]        agent/doctor-who-cycle-010-merx-candidate-v4-current-main -> origin/agent/doctor-who-cycle-010-merx-candidate-v4-current-main
take-first-and-only-benbassat-lease	Run actions/checkout@v4	2026-08-24T21:02:19.7072492Z  * [new branch]        agent/doctor-who-cycle-010-merx-candidate-v4-rebound -> origin/agent/doctor-who-cycle-010-merx-candidate-v4-rebound
take-first-and-only-benbassat-lease	Run actions/checkout@v4	2026-08-24T21:02:19.7074307Z  * [new branch]        agent/doctor-who-cycle-010-merx-evidence-v1 -> origin/agent/doctor-who-cycle-010-merx-evidence-v1
take-first-and-only-benbassat-lease	Run actions/checkout@v4	2026-08-24T21:02:19.7075988Z  * [new branch]        agent/doctor-who-cycle-010-merx-evidence-v2 -> origin/agent/doctor-who-cycle-010-merx-evidence-v2
take-first-and-only-benbassat-lease	Run actions/checkout@v4	2026-08-24T21:02:19.7077243Z  * [new branch]        agent/doctor-who-cycle-010-merx-evidence-v3 -> origin/agent/doctor-who-cycle-010-merx-evidence-v3
take-first-and-only-benbassat-lease	Run actions/checkout@v4	2026-08-24T21:02:19.7078110Z  * [new branch]        agent/doctor-who-cycle-010-merx-evidence-v4 -> origin/agent/doctor-who-cycle-010-merx-evidence-v4
take-first-and-only-benbassat-lease	Run actions/checkout@v4	2026-08-24T21:02:19.7079534Z  * [new branch]        agent/doctor-who-cycle-010-merx-final-product-current-main-v1 -> origin/agent/doctor-who-cycle-010-merx-final-product-current-main-v1
take-first-and-only-benbassat-lease	Run actions/checkout@v4	2026-08-24T21:02:19.7080940Z  * [new branch]        agent/doctor-who-cycle-010-merx-final-product-v1 -> origin/agent/doctor-who-cycle-010-merx-final-product-v1
take-first-and-only-benbassat-lease	Run actions/checkout@v4	2026-08-24T21:02:19.7081935Z  * [new branch]        agent/doctor-who-cycle-010-merx-final-product-v2 -> origin/agent/doctor-who-cycle-010-merx-final-product-v2
take-first-and-only-benbassat-lease	Run actions/checkout@v4	2026-08-24T21:02:19.7082893Z  * [new branch]        agent/doctor-who-cycle-010-merx-final-product-v3 -> origin/agent/doctor-who-cycle-010-merx-final-product-v3
take-first-and-only-benbassat-lease	Run actions/checkout@v4	2026-08-24T21:02:19.7083835Z  * [new branch]        agent/doctor-who-cycle-010-merx-final-product-v4 -> origin/agent/doctor-who-cycle-010-merx-final-product-v4
take-first-and-only-benbassat-lease	Run actions/checkout@v4	2026-08-24T21:02:19.7085055Z  * [new branch]        agent/doctor-who-cycle-010-merx-final-review-current-main-v1 -> origin/agent/doctor-who-cycle-010-merx-final-review-current-main-v1
take-first-and-only-benbassat-lease	Run actions/checkout@v4	2026-08-24T21:02:19.7086096Z  * [new branch]        agent/doctor-who-cycle-010-merx-final-review-v1 -> origin/agent/doctor-who-cycle-010-merx-final-review-v1
take-first-and-only-benbassat-lease	Run actions/checkout@v4	2026-08-24T21:02:19.7087005Z  * [new branch]        agent/doctor-who-cycle-010-merx-final-review-v2 -> origin/agent/doctor-who-cycle-010-merx-final-review-v2
take-first-and-only-benbassat-lease	Run actions/checkout@v4	2026-08-24T21:02:19.7087900Z  * [new branch]        agent/doctor-who-cycle-010-merx-final-review-v3 -> origin/agent/doctor-who-cycle-010-merx-final-review-v3
take-first-and-only-benbassat-lease	Run actions/checkout@v4	2026-08-24T21:02:19.7088797Z  * [new branch]        agent/doctor-who-cycle-010-merx-final-review-v4 -> origin/agent/doctor-who-cycle-010-merx-final-review-v4
take-first-and-only-benbassat-lease	Run actions/checkout@v4	2026-08-24T21:02:19.7090295Z  * [new branch]        agent/doctor-who-cycle-010-merx-media-review-v1 -> origin/agent/doctor-who-cycle-010-merx-media-review-v1
take-first-and-only-benbassat-lease	Run actions/checkout@v4	2026-08-24T21:02:19.7091314Z  * [new branch]        agent/doctor-who-cycle-010-merx-merger-current-main-v1 -> origin/agent/doctor-who-cycle-010-merx-merger-current-main-v1
take-first-and-only-benbassat-lease	Run actions/checkout@v4	2026-08-24T21:02:19.7092274Z  * [new branch]        agent/doctor-who-cycle-010-merx-postmerge-v1 -> origin/agent/doctor-who-cycle-010-merx-postmerge-v1
take-first-and-only-benbassat-lease	Run actions/checkout@v4	2026-08-24T21:02:19.7093254Z  * [new branch]        agent/doctor-who-cycle-010-merx-publisher-current-main-v1 -> origin/agent/doctor-who-cycle-010-merx-publisher-current-main-v1
take-first-and-only-benbassat-lease	Run actions/checkout@v4	2026-08-24T21:02:19.7094546Z  * [new branch]        agent/doctor-who-cycle-010-merx-reviewed-product-current-main-v1 -> origin/agent/doctor-who-cycle-010-merx-reviewed-product-current-main-v1
take-first-and-only-benbassat-lease	Run actions/checkout@v4	2026-08-24T21:02:19.7095776Z  * [new branch]        agent/doctor-who-cycle-010-preflight-v1 -> origin/agent/doctor-who-cycle-010-preflight-v1
take-first-and-only-benbassat-lease	Run actions/checkout@v4	2026-08-24T21:02:19.7096627Z  * [new branch]        agent/doctor-who-cycle-010-preflight-v2 -> origin/agent/doctor-who-cycle-010-preflight-v2
take-first-and-only-benbassat-lease	Run actions/checkout@v4	2026-08-24T21:02:19.7097405Z  * [new branch]        agent/doctor-who-cycle-011-preflight-v1 -> origin/agent/doctor-who-cycle-011-preflight-v1
take-first-and-only-benbassat-lease	Run actions/checkout@v4	2026-08-24T21:02:19.7098312Z  * [new branch]        agent/doctor-who-cycle-011-retire-direct-publisher-v1 -> origin/agent/doctor-who-cycle-011-retire-direct-publisher-v1
take-first-and-only-benbassat-lease	Run actions/checkout@v4	2026-08-24T21:02:19.7099284Z  * [new branch]        agent/doctor-who-cycle-012-senstarg-candidate-v1 -> origin/agent/doctor-who-cycle-012-senstarg-candidate-v1
take-first-and-only-benbassat-lease	Run actions/checkout@v4	2026-08-24T21:02:19.7100184Z  * [new branch]        agent/doctor-who-cycle-012-senstarg-review-v1 -> origin/agent/doctor-who-cycle-012-senstarg-review-v1
take-first-and-only-benbassat-lease	Run actions/checkout@v4	2026-08-24T21:02:19.7101065Z  * [new branch]        agent/doctor-who-cycle-013-shallo-candidate-v1 -> origin/agent/doctor-who-cycle-013-shallo-candidate-v1
take-first-and-only-benbassat-lease	Run actions/checkout@v4	2026-08-24T21:02:19.7101953Z  * [new branch]        agent/doctor-who-cycle-014-shrok-candidate-v1 -> origin/agent/doctor-who-cycle-014-shrok-candidate-v1
take-first-and-only-benbassat-lease	Run actions/checkout@v4	2026-08-24T21:02:19.7102946Z  * [new branch]        agent/doctor-who-global-cycle-receipt -> origin/agent/doctor-who-global-cycle-receipt
take-first-and-only-benbassat-lease	Run actions/checkout@v4	2026-08-24T21:02:19.7103772Z  * [new branch]        agent/doctor-who-gredd-cycle-002-publication -> origin/agent/doctor-who-gredd-cycle-002-publication
take-first-and-only-benbassat-lease	Run actions/checkout@v4	2026-08-24T21:02:19.7104867Z  * [new branch]        agent/doctor-who-journal-retirement-presence-custody -> origin/agent/doctor-who-journal-retirement-presence-custody
take-first-and-only-benbassat-lease	Run actions/checkout@v4	2026-08-24T21:02:19.7105920Z  * [new branch]        agent/doctor-who-lifecycle-scope-and-terminal-custody -> origin/agent/doctor-who-lifecycle-scope-and-terminal-custody
take-first-and-only-benbassat-lease	Run actions/checkout@v4	2026-08-24T21:02:19.7106913Z  * [new branch]        agent/doctor-who-lifecycle-task-id-first-custody -> origin/agent/doctor-who-lifecycle-task-id-first-custody
take-first-and-only-benbassat-lease	Run actions/checkout@v4	2026-08-24T21:02:19.7107879Z  * [new branch]        agent/doctor-who-lifecycle-task-id-first-custody-v2 -> origin/agent/doctor-who-lifecycle-task-id-first-custody-v2
take-first-and-only-benbassat-lease	Run actions/checkout@v4	2026-08-24T21:02:19.7108890Z  * [new branch]        agent/doctor-who-lifecycle-task-id-first-custody-v3 -> origin/agent/doctor-who-lifecycle-task-id-first-custody-v3
take-first-and-only-benbassat-lease	Run actions/checkout@v4	2026-08-24T21:02:19.7109804Z  * [new branch]        agent/doctor-who-pilot-activation-current -> origin/agent/doctor-who-pilot-activation-current
take-first-and-only-benbassat-lease	Run actions/checkout@v4	2026-08-24T21:02:19.7110653Z  * [new branch]        agent/doctor-who-pilot-claim-event-custody -> origin/agent/doctor-who-pilot-claim-event-custody
take-first-and-only-benbassat-lease	Run actions/checkout@v4	2026-08-24T21:02:19.7111421Z  * [new branch]        agent/doctor-who-pilot-cycle-001 -> origin/agent/doctor-who-pilot-cycle-001
take-first-and-only-benbassat-lease	Run actions/checkout@v4	2026-08-24T21:02:19.7112162Z  * [new branch]        agent/doctor-who-pilot-cycle-001-current -> origin/agent/doctor-who-pilot-cycle-001-current
take-first-and-only-benbassat-lease	Run actions/checkout@v4	2026-08-24T21:02:19.7113010Z  * [new branch]        agent/doctor-who-pilot-cycle-journal-custody -> origin/agent/doctor-who-pilot-cycle-journal-custody
take-first-and-only-benbassat-lease	Run actions/checkout@v4	2026-08-24T21:02:19.7113869Z  * [new branch]        agent/doctor-who-pilot-cycle-review-hotfix -> origin/agent/doctor-who-pilot-cycle-review-hotfix
take-first-and-only-benbassat-lease	Run actions/checkout@v4	2026-08-24T21:02:19.7114918Z  * [new branch]        agent/doctor-who-regeneration-001 -> origin/agent/doctor-who-regeneration-001
take-first-and-only-benbassat-lease	Run actions/checkout@v4	2026-08-24T21:02:19.7115726Z  * [new branch]        agent/doctor-who-retained-retired-task-custody -> origin/agent/doctor-who-retained-retired-task-custody
take-first-and-only-benbassat-lease	Run actions/checkout@v4	2026-08-24T21:02:19.7116616Z  * [new branch]        agent/doctor-who-scope-bound-cycle-receipt -> origin/agent/doctor-who-scope-bound-cycle-receipt
take-first-and-only-benbassat-lease	Run actions/checkout@v4	2026-08-24T21:02:19.7117430Z  * [new branch]        agent/doctor-who-semantic-adapter-001 -> origin/agent/doctor-who-semantic-adapter-001
take-first-and-only-benbassat-lease	Run actions/checkout@v4	2026-08-24T21:02:19.7118224Z  * [new branch]        agent/doctor-who-source-preservation-001 -> origin/agent/doctor-who-source-preservation-001
take-first-and-only-benbassat-lease	Run actions/checkout@v4	2026-08-24T21:02:19.7118997Z  * [new branch]        agent/enwright-cycle-schema-probe -> origin/agent/enwright-cycle-schema-probe
take-first-and-only-benbassat-lease	Run actions/checkout@v4	2026-08-24T21:02:19.7119733Z  * [new branch]        agent/enwright-media-candidate-probe -> origin/agent/enwright-media-candidate-probe
take-first-and-only-benbassat-lease	Run actions/checkout@v4	2026-08-24T21:02:19.7120452Z  * [new branch]        agent/estate-consolidation-001 -> origin/agent/estate-consolidation-001
take-first-and-only-benbassat-lease	Run actions/checkout@v4	2026-08-24T21:02:19.7121114Z  * [new branch]        agent/estate-debt-collection-001 -> origin/agent/estate-debt-collection-001
take-first-and-only-benbassat-lease	Run actions/checkout@v4	2026-08-24T21:02:19.7121797Z  * [new branch]        agent/estate-release-finalize-001 -> origin/agent/estate-release-finalize-001
take-first-and-only-benbassat-lease	Run actions/checkout@v4	2026-08-24T21:02:19.7122509Z  * [new branch]        agent/export-current-main-result-v1 -> origin/agent/export-current-main-result-v1
take-first-and-only-benbassat-lease	Run actions/checkout@v4	2026-08-24T21:02:19.7123245Z  * [new branch]        agent/export-current-main-result-v2 -> origin/agent/export-current-main-result-v2
take-first-and-only-benbassat-lease	Run actions/checkout@v4	2026-08-24T21:02:19.7124047Z  * [new branch]        agent/export-current-main-v1 -> origin/agent/export-current-main-v1
take-first-and-only-benbassat-lease	Run actions/checkout@v4	2026-08-24T21:02:19.7124673Z  * [new branch]        agent/export-current-main-v2 -> origin/agent/export-current-main-v2
take-first-and-only-benbassat-lease	Run actions/checkout@v4	2026-08-24T21:02:19.7125407Z  * [new branch]        agent/extract-maryl-helper-by-sha-result-v2 -> origin/agent/extract-maryl-helper-by-sha-result-v2
take-first-and-only-benbassat-lease	Run actions/checkout@v4	2026-08-24T21:02:19.7126358Z  * [new branch]        agent/extract-maryl-helper-by-sha-v2 -> origin/agent/extract-maryl-helper-by-sha-v2
take-first-and-only-benbassat-lease	Run actions/checkout@v4	2026-08-24T21:02:19.7127130Z  * [new branch]        agent/extract-maryl-helper-for-queen-v1 -> origin/agent/extract-maryl-helper-for-queen-v1
take-first-and-only-benbassat-lease	Run actions/checkout@v4	2026-08-24T21:02:19.7127899Z  * [new branch]        agent/extract-maryl-status-result-v1 -> origin/agent/extract-maryl-status-result-v1
take-first-and-only-benbassat-lease	Run actions/checkout@v4	2026-08-24T21:02:19.7128588Z  * [new branch]        agent/extract-maryl-status-v1 -> origin/agent/extract-maryl-status-v1
take-first-and-only-benbassat-lease	Run actions/checkout@v4	2026-08-24T21:02:19.7129362Z  * [new branch]        agent/extract-white-rabbit-controller-result-v1 -> origin/agent/extract-white-rabbit-controller-result-v1
take-first-and-only-benbassat-lease	Run actions/checkout@v4	2026-08-24T21:02:19.7130228Z  * [new branch]        agent/extract-white-rabbit-controller-v1 -> origin/agent/extract-white-rabbit-controller-v1
take-first-and-only-benbassat-lease	Run actions/checkout@v4	2026-08-24T21:02:19.7130997Z  * [new branch]        agent/ferengi-media-enrichment-001 -> origin/agent/ferengi-media-enrichment-001
take-first-and-only-benbassat-lease	Run actions/checkout@v4	2026-08-24T21:02:19.7131768Z  * [new branch]        agent/finalize-clean-preservation-7054b6 -> origin/agent/finalize-clean-preservation-7054b6
take-first-and-only-benbassat-lease	Run actions/checkout@v4	2026-08-24T21:02:19.7132559Z  * [new branch]        agent/finalize-forced-preserve-7054b6 -> origin/agent/finalize-forced-preserve-7054b6
take-first-and-only-benbassat-lease	Run actions/checkout@v4	2026-08-24T21:02:19.7133251Z  * [new branch]        agent/fix-ferengi-role-filter -> origin/agent/fix-ferengi-role-filter
take-first-and-only-benbassat-lease	Run actions/checkout@v4	2026-08-24T21:02:19.7134092Z  * [new branch]        agent/full-site-integrity-design-sweep -> origin/agent/full-site-integrity-design-sweep
take-first-and-only-benbassat-lease	Run actions/checkout@v4	2026-08-24T21:02:19.7134862Z  * [new branch]        agent/gredd-cycle-002-final-evidence -> origin/agent/gredd-cycle-002-final-evidence
take-first-and-only-benbassat-lease	Run actions/checkout@v4	2026-08-24T21:02:19.7135632Z  * [new branch]        agent/gredd-cycle-002-recovery-bootstrap -> origin/agent/gredd-cycle-002-recovery-bootstrap
take-first-and-only-benbassat-lease	Run actions/checkout@v4	2026-08-24T21:02:19.7136394Z  * [new branch]        agent/gredd-cycle-002-recovery-rearm -> origin/agent/gredd-cycle-002-recovery-rearm
take-first-and-only-benbassat-lease	Run actions/checkout@v4	2026-08-24T21:02:19.7137101Z  * [new branch]        agent/homepage-purpose-and-theme -> origin/agent/homepage-purpose-and-theme
take-first-and-only-benbassat-lease	Run actions/checkout@v4	2026-08-24T21:02:19.7138025Z  * [new branch]        agent/inspect-anastasia-candidate-result-v1 -> origin/agent/inspect-anastasia-candidate-result-v1
take-first-and-only-benbassat-lease	Run actions/checkout@v4	2026-08-24T21:02:19.7138832Z  * [new branch]        agent/inspect-anastasia-candidate-v1 -> origin/agent/inspect-anastasia-candidate-v1
take-first-and-only-benbassat-lease	Run actions/checkout@v4	2026-08-24T21:02:19.7139613Z  * [new branch]        agent/inspect-anastasia-install-result-v1 -> origin/agent/inspect-anastasia-install-result-v1
take-first-and-only-benbassat-lease	Run actions/checkout@v4	2026-08-24T21:02:19.7140374Z  * [new branch]        agent/inspect-anastasia-install-v1 -> origin/agent/inspect-anastasia-install-v1
take-first-and-only-benbassat-lease	Run actions/checkout@v4	2026-08-24T21:02:19.7141146Z  * [new branch]        agent/inspect-anastasia-runs-all-result-v1 -> origin/agent/inspect-anastasia-runs-all-result-v1
take-first-and-only-benbassat-lease	Run actions/checkout@v4	2026-08-24T21:02:19.7141926Z  * [new branch]        agent/inspect-anastasia-runs-all-v1 -> origin/agent/inspect-anastasia-runs-all-v1
take-first-and-only-benbassat-lease	Run actions/checkout@v4	2026-08-24T21:02:19.7142693Z  * [new branch]        agent/inspect-star-trek-current-result-v1 -> origin/agent/inspect-star-trek-current-result-v1
take-first-and-only-benbassat-lease	Run actions/checkout@v4	2026-08-24T21:02:19.7143468Z  * [new branch]        agent/inspect-star-trek-current-v1 -> origin/agent/inspect-star-trek-current-v1
take-first-and-only-benbassat-lease	Run actions/checkout@v4	2026-08-24T21:02:19.7144283Z  * [new branch]        agent/inspect-star-trek-rail-v5 -> origin/agent/inspect-star-trek-rail-v5
take-first-and-only-benbassat-lease	Run actions/checkout@v4	2026-08-24T21:02:19.7145003Z  * [new branch]        agent/inspect-star-trek-rail-v5-result -> origin/agent/inspect-star-trek-rail-v5-result
take-first-and-only-benbassat-lease	Run actions/checkout@v4	2026-08-24T21:02:19.7145795Z  * [new branch]        agent/inspect-star-trek-rail-v5-snapshot -> origin/agent/inspect-star-trek-rail-v5-snapshot
take-first-and-only-benbassat-lease	Run actions/checkout@v4	2026-08-24T21:02:19.7146658Z  * [new branch]        agent/inspect-star-trek-rail-v5-snapshot-result -> origin/agent/inspect-star-trek-rail-v5-snapshot-result
take-first-and-only-benbassat-lease	Run actions/checkout@v4	2026-08-24T21:02:19.7147441Z  * [new branch]        agent/inspect-star-trek-sync-v6 -> origin/agent/inspect-star-trek-sync-v6
take-first-and-only-benbassat-lease	Run actions/checkout@v4	2026-08-24T21:02:19.7148149Z  * [new branch]        agent/inspect-star-trek-sync-v6-result -> origin/agent/inspect-star-trek-sync-v6-result
take-first-and-only-benbassat-lease	Run actions/checkout@v4	2026-08-24T21:02:19.7148940Z  * [new branch]        agent/inspect-star-trek-sync-v6-snapshot -> origin/agent/inspect-star-trek-sync-v6-snapshot
take-first-and-only-benbassat-lease	Run actions/checkout@v4	2026-08-24T21:02:19.7149951Z  * [new branch]        agent/inspect-star-trek-sync-v6-snapshot-result -> origin/agent/inspect-star-trek-sync-v6-snapshot-result
take-first-and-only-benbassat-lease	Run actions/checkout@v4	2026-08-24T21:02:19.7150789Z  * [new branch]        agent/locate-finalizer-forced-7054b6 -> origin/agent/locate-finalizer-forced-7054b6
take-first-and-only-benbassat-lease	Run actions/checkout@v4	2026-08-24T21:02:19.7151549Z  * [new branch]        agent/locate-preserve-dispatch-7054b6 -> origin/agent/locate-preserve-dispatch-7054b6
take-first-and-only-benbassat-lease	Run actions/checkout@v4	2026-08-24T21:02:19.7152297Z  * [new branch]        agent/locate-terminal-closure-7f6140 -> origin/agent/locate-terminal-closure-7f6140
take-first-and-only-benbassat-lease	Run actions/checkout@v4	2026-08-24T21:02:19.7153037Z  * [new branch]        agent/media-audit-scope-order-repair -> origin/agent/media-audit-scope-order-repair
take-first-and-only-benbassat-lease	Run actions/checkout@v4	2026-08-24T21:02:19.7153757Z  * [new branch]        agent/no-user-physical-dependency -> origin/agent/no-user-physical-dependency
take-first-and-only-benbassat-lease	Run actions/checkout@v4	2026-08-24T21:02:19.7154679Z  * [new branch]        agent/observe-anastasia-cycle-result-v1 -> origin/agent/observe-anastasia-cycle-result-v1
take-first-and-only-benbassat-lease	Run actions/checkout@v4	2026-08-24T21:02:19.7155469Z  * [new branch]        agent/observe-anastasia-cycle-v1 -> origin/agent/observe-anastasia-cycle-v1
take-first-and-only-benbassat-lease	Run actions/checkout@v4	2026-08-24T21:02:19.7156235Z  * [new branch]        agent/observe-anastasia-recovery-result-v2 -> origin/agent/observe-anastasia-recovery-result-v2
take-first-and-only-benbassat-lease	Run actions/checkout@v4	2026-08-24T21:02:19.7157017Z  * [new branch]        agent/observe-anastasia-recovery-v2 -> origin/agent/observe-anastasia-recovery-v2
take-first-and-only-benbassat-lease	Run actions/checkout@v4	2026-08-24T21:02:19.7157854Z  * [new branch]        agent/observe-cycle-011-rastel-cleanup-current-v1 -> origin/agent/observe-cycle-011-rastel-cleanup-current-v1
take-first-and-only-benbassat-lease	Run actions/checkout@v4	2026-08-24T21:02:19.7158798Z  * [new branch]        agent/observe-cycle-completed-failure-32546924511 -> origin/agent/observe-cycle-completed-failure-32546924511
take-first-and-only-benbassat-lease	Run actions/checkout@v4	2026-08-24T21:02:19.7159612Z  * [new branch]        agent/observe-cycle-v3-current -> origin/agent/observe-cycle-v3-current
take-first-and-only-benbassat-lease	Run actions/checkout@v4	2026-08-24T21:02:19.7160412Z  * [new branch]        agent/observe-dispatch-clean-preservation-235227a -> origin/agent/observe-dispatch-clean-preservation-235227a
take-first-and-only-benbassat-lease	Run actions/checkout@v4	2026-08-24T21:02:19.7161426Z  * [new branch]        agent/observe-finalize-forced-7054b6 -> origin/agent/observe-finalize-forced-7054b6
take-first-and-only-benbassat-lease	Run actions/checkout@v4	2026-08-24T21:02:19.7162162Z  * [new branch]        agent/observe-gredd-recovery-63fadd -> origin/agent/observe-gredd-recovery-63fadd
take-first-and-only-benbassat-lease	Run actions/checkout@v4	2026-08-24T21:02:19.7162879Z  * [new branch]        agent/observe-no-golden-cage-d81e33 -> origin/agent/observe-no-golden-cage-d81e33
take-first-and-only-benbassat-lease	Run actions/checkout@v4	2026-08-24T21:02:19.7163611Z  * [new branch]        agent/observe-operational-main-25f637 -> origin/agent/observe-operational-main-25f637
take-first-and-only-benbassat-lease	Run actions/checkout@v4	2026-08-24T21:02:19.7164444Z  * [new branch]        agent/observe-preserve-7054b6 -> origin/agent/observe-preserve-7054b6
take-first-and-only-benbassat-lease	Run actions/checkout@v4	2026-08-24T21:02:19.7165201Z  * [new branch]        agent/observe-preserve-dispatch-7054b6 -> origin/agent/observe-preserve-dispatch-7054b6
take-first-and-only-benbassat-lease	Run actions/checkout@v4	2026-08-24T21:02:19.7165912Z  * [new branch]        agent/observe-queen-media-v1 -> origin/agent/observe-queen-media-v1
take-first-and-only-benbassat-lease	Run actions/checkout@v4	2026-08-24T21:02:19.7166579Z  * [new branch]        agent/observe-queen-media-v1-result -> origin/agent/observe-queen-media-v1-result
take-first-and-only-benbassat-lease	Run actions/checkout@v4	2026-08-24T21:02:19.7167348Z  * [new branch]        agent/observe-star-trek-cycle-result-v1 -> origin/agent/observe-star-trek-cycle-result-v1
take-first-and-only-benbassat-lease	Run actions/checkout@v4	2026-08-24T21:02:19.7168160Z  * [new branch]        agent/observe-star-trek-cycle-snapshot-v1 -> origin/agent/observe-star-trek-cycle-snapshot-v1
take-first-and-only-benbassat-lease	Run actions/checkout@v4	2026-08-24T21:02:19.7168905Z  * [new branch]        agent/observe-star-trek-cycle-v1 -> origin/agent/observe-star-trek-cycle-v1
take-first-and-only-benbassat-lease	Run actions/checkout@v4	2026-08-24T21:02:19.7169576Z  * [new branch]        agent/observe-star-trek-cycle-v3 -> origin/agent/observe-star-trek-cycle-v3
take-first-and-only-benbassat-lease	Run actions/checkout@v4	2026-08-24T21:02:19.7170307Z  * [new branch]        agent/observe-star-trek-cycle-v3-result -> origin/agent/observe-star-trek-cycle-v3-result
take-first-and-only-benbassat-lease	Run actions/checkout@v4	2026-08-24T21:02:19.7171108Z  * [new branch]        agent/observe-star-trek-cycle-v3-snapshot -> origin/agent/observe-star-trek-cycle-v3-snapshot
take-first-and-only-benbassat-lease	Run actions/checkout@v4	2026-08-24T21:02:19.7171986Z  * [new branch]        agent/observe-star-trek-cycle-v3-snapshot-result -> origin/agent/observe-star-trek-cycle-v3-snapshot-result
take-first-and-only-benbassat-lease	Run actions/checkout@v4	2026-08-24T21:02:19.7172934Z  * [new branch]        agent/observe-star-trek-cycle-v4 -> origin/agent/observe-star-trek-cycle-v4
take-first-and-only-benbassat-lease	Run actions/checkout@v4	2026-08-24T21:02:19.7173664Z  * [new branch]        agent/observe-star-trek-cycle-v4-result -> origin/agent/observe-star-trek-cycle-v4-result
take-first-and-only-benbassat-lease	Run actions/checkout@v4	2026-08-24T21:02:19.7174638Z  * [new branch]        agent/observe-star-trek-cycle-v4-snapshot -> origin/agent/observe-star-trek-cycle-v4-snapshot
take-first-and-only-benbassat-lease	Run actions/checkout@v4	2026-08-24T21:02:19.7175534Z  * [new branch]        agent/observe-star-trek-cycle-v4-snapshot-result -> origin/agent/observe-star-trek-cycle-v4-snapshot-result
take-first-and-only-benbassat-lease	Run actions/checkout@v4	2026-08-24T21:02:19.7176383Z  * [new branch]        agent/observe-terminal-closure-7f6140 -> origin/agent/observe-terminal-closure-7f6140
take-first-and-only-benbassat-lease	Run actions/checkout@v4	2026-08-24T21:02:19.7177119Z  * [new branch]        agent/observe-ux-nav-review-release -> origin/agent/observe-ux-nav-review-release
take-first-and-only-benbassat-lease	Run actions/checkout@v4	2026-08-24T21:02:19.7177949Z  * [new branch]        agent/operational-evidence-publisher-v3-20260806 -> origin/agent/operational-evidence-publisher-v3-20260806
take-first-and-only-benbassat-lease	Run actions/checkout@v4	2026-08-24T21:02:19.7178896Z  * [new branch]        agent/operational-evidence-review-base-37d681f -> origin/agent/operational-evidence-review-base-37d681f
take-first-and-only-benbassat-lease	Run actions/checkout@v4	2026-08-24T21:02:19.7179932Z  * [new branch]        agent/operational-evidence-second-desk-direct-publisher-v12 -> origin/agent/operational-evidence-second-desk-direct-publisher-v12
take-first-and-only-benbassat-lease	Run actions/checkout@v4	2026-08-24T21:02:19.7181071Z  * [new branch]        agent/operational-evidence-second-desk-publisher-20260806 -> origin/agent/operational-evidence-second-desk-publisher-20260806
take-first-and-only-benbassat-lease	Run actions/checkout@v4	2026-08-24T21:02:19.7182199Z  * [new branch]        agent/operational-evidence-second-desk-publisher-v10-trigger -> origin/agent/operational-evidence-second-desk-publisher-v10-trigger
take-first-and-only-benbassat-lease	Run actions/checkout@v4	2026-08-24T21:02:19.7183394Z  * [new branch]        agent/operational-evidence-second-desk-publisher-v11-pr-target -> origin/agent/operational-evidence-second-desk-publisher-v11-pr-target
take-first-and-only-benbassat-lease	Run actions/checkout@v4	2026-08-24T21:02:19.7184692Z  * [new branch]        agent/operational-evidence-second-desk-publisher-v6-wrapper -> origin/agent/operational-evidence-second-desk-publisher-v6-wrapper
take-first-and-only-benbassat-lease	Run actions/checkout@v4	2026-08-24T21:02:19.7186004Z  * [new branch]        agent/operational-evidence-second-desk-publisher-v7-wrapper -> origin/agent/operational-evidence-second-desk-publisher-v7-wrapper
take-first-and-only-benbassat-lease	Run actions/checkout@v4	2026-08-24T21:02:19.7187153Z  * [new branch]        agent/operational-evidence-second-desk-publisher-v9-wrapper -> origin/agent/operational-evidence-second-desk-publisher-v9-wrapper
take-first-and-only-benbassat-lease	Run actions/checkout@v4	2026-08-24T21:02:19.7188259Z  * [new branch]        agent/operational-evidence-second-desk-refresh-20260806 -> origin/agent/operational-evidence-second-desk-refresh-20260806
take-first-and-only-benbassat-lease	Run actions/checkout@v4	2026-08-24T21:02:19.7189264Z  * [new branch]        agent/operational-evidence-second-desk-v11-event -> origin/agent/operational-evidence-second-desk-v11-event
take-first-and-only-benbassat-lease	Run actions/checkout@v4	2026-08-24T21:02:19.7190257Z  * [new branch]        agent/operational-evidence-v11-direct-product-staging -> origin/agent/operational-evidence-v11-direct-product-staging
take-first-and-only-benbassat-lease	Run actions/checkout@v4	2026-08-24T21:02:19.7191616Z  * [new branch]        agent/operational-evidence-workflow-run-igniter-20260806 -> origin/agent/operational-evidence-workflow-run-igniter-20260806
take-first-and-only-benbassat-lease	Run actions/checkout@v4	2026-08-24T21:02:19.7192580Z  * [new branch]        agent/operational-metric-baselines -> origin/agent/operational-metric-baselines
take-first-and-only-benbassat-lease	Run actions/checkout@v4	2026-08-24T21:02:19.7193360Z  * [new branch]        agent/operational-metric-ledger-custody -> origin/agent/operational-metric-ledger-custody
take-first-and-only-benbassat-lease	Run actions/checkout@v4	2026-08-24T21:02:19.7194273Z  * [new branch]        agent/operational-metrics-custody-002 -> origin/agent/operational-metrics-custody-002
take-first-and-only-benbassat-lease	Run actions/checkout@v4	2026-08-24T21:02:19.7195045Z  * [new branch]        agent/operational-metrics-receipt-003 -> origin/agent/operational-metrics-receipt-003
take-first-and-only-benbassat-lease	Run actions/checkout@v4	2026-08-24T21:02:19.7195775Z  * [new branch]        agent/operational-reliability-001 -> origin/agent/operational-reliability-001
take-first-and-only-benbassat-lease	Run actions/checkout@v4	2026-08-24T21:02:19.7196581Z  * [new branch]        agent/operational-reliability-binary-recovery -> origin/agent/operational-reliability-binary-recovery
take-first-and-only-benbassat-lease	Run actions/checkout@v4	2026-08-24T21:02:19.7197479Z  * [new branch]        agent/operational-reliability-drill-receipts -> origin/agent/operational-reliability-drill-receipts
take-first-and-only-benbassat-lease	Run actions/checkout@v4	2026-08-24T21:02:19.7198540Z  * [new branch]        agent/operational-reliability-evidence-ledger -> origin/agent/operational-reliability-evidence-ledger
take-first-and-only-benbassat-lease	Run actions/checkout@v4	2026-08-24T21:02:19.7199466Z  * [new branch]        agent/operational-reliability-evidence-ledger-v2 -> origin/agent/operational-reliability-evidence-ledger-v2
take-first-and-only-benbassat-lease	Run actions/checkout@v4	2026-08-24T21:02:19.7200413Z  * [new branch]        agent/operational-reliability-lockfile-trigger -> origin/agent/operational-reliability-lockfile-trigger
take-first-and-only-benbassat-lease	Run actions/checkout@v4	2026-08-24T21:02:19.7201280Z  * [new branch]        agent/operational-reliability-main-proof -> origin/agent/operational-reliability-main-proof
take-first-and-only-benbassat-lease	Run actions/checkout@v4	2026-08-24T21:02:19.7202105Z  * [new branch]        agent/operational-reliability-metrics-001 -> origin/agent/operational-reliability-metrics-001
take-first-and-only-benbassat-lease	Run actions/checkout@v4	2026-08-24T21:02:19.7202967Z  * [new branch]        agent/operational-reliability-no-golden-cage -> origin/agent/operational-reliability-no-golden-cage
take-first-and-only-benbassat-lease	Run actions/checkout@v4	2026-08-24T21:02:19.7203741Z  * [new branch]        agent/post-merge-enwright-proof -> origin/agent/post-merge-enwright-proof
take-first-and-only-benbassat-lease	Run actions/checkout@v4	2026-08-24T21:02:19.7204672Z  * [new branch]        agent/probe-anastasia-recovery-now-result-v2 -> origin/agent/probe-anastasia-recovery-now-result-v2
take-first-and-only-benbassat-lease	Run actions/checkout@v4	2026-08-24T21:02:19.7205402Z  * [new branch]        agent/probe-cycle-v3-head   -> origin/agent/probe-cycle-v3-head
take-first-and-only-benbassat-lease	Run actions/checkout@v4	2026-08-24T21:02:19.7206056Z  * [new branch]        agent/public-trust-corrections-001 -> origin/agent/public-trust-corrections-001
take-first-and-only-benbassat-lease	Run actions/checkout@v4	2026-08-24T21:02:19.7206843Z  * [new branch]        agent/public-trust-corrections-mainline-001 -> origin/agent/public-trust-corrections-mainline-001
take-first-and-only-benbassat-lease	Run actions/checkout@v4	2026-08-24T21:02:19.7207614Z  * [new branch]        agent/publisher-custody-or-guard -> origin/agent/publisher-custody-or-guard
take-first-and-only-benbassat-lease	Run actions/checkout@v4	2026-08-24T21:02:19.7208288Z  * [new branch]        agent/qualify-ux02a-current-main -> origin/agent/qualify-ux02a-current-main
take-first-and-only-benbassat-lease	Run actions/checkout@v4	2026-08-24T21:02:19.7209052Z  * [new branch]        agent/queen-cycle-status-snapshot-result-v1 -> origin/agent/queen-cycle-status-snapshot-result-v1
take-first-and-only-benbassat-lease	Run actions/checkout@v4	2026-08-24T21:02:19.7210003Z  * [new branch]        agent/queen-cycle-status-snapshot-v1 -> origin/agent/queen-cycle-status-snapshot-v1
take-first-and-only-benbassat-lease	Run actions/checkout@v4	2026-08-24T21:02:19.7210778Z  * [new branch]        agent/queen-helper-align-result-v1 -> origin/agent/queen-helper-align-result-v1
take-first-and-only-benbassat-lease	Run actions/checkout@v4	2026-08-24T21:02:19.7211433Z  * [new branch]        agent/queen-helper-align-v1 -> origin/agent/queen-helper-align-v1
take-first-and-only-benbassat-lease	Run actions/checkout@v4	2026-08-24T21:02:19.7212162Z  * [new branch]        agent/queen-helper-current-prefix-result-v1 -> origin/agent/queen-helper-current-prefix-result-v1
take-first-and-only-benbassat-lease	Run actions/checkout@v4	2026-08-24T21:02:19.7212959Z  * [new branch]        agent/queen-helper-current-prefix-v1 -> origin/agent/queen-helper-current-prefix-v1
take-first-and-only-benbassat-lease	Run actions/checkout@v4	2026-08-24T21:02:19.7213700Z  * [new branch]        agent/queen-helper-recover-result-v2 -> origin/agent/queen-helper-recover-result-v2
take-first-and-only-benbassat-lease	Run actions/checkout@v4	2026-08-24T21:02:19.7214554Z  * [new branch]        agent/queen-helper-recover-v2 -> origin/agent/queen-helper-recover-v2
take-first-and-only-benbassat-lease	Run actions/checkout@v4	2026-08-24T21:02:19.7215331Z  * [new branch]        agent/queen-helper-status-snapshot-result-v1 -> origin/agent/queen-helper-status-snapshot-result-v1
take-first-and-only-benbassat-lease	Run actions/checkout@v4	2026-08-24T21:02:19.7216174Z  * [new branch]        agent/queen-helper-status-snapshot-v1 -> origin/agent/queen-helper-status-snapshot-v1
take-first-and-only-benbassat-lease	Run actions/checkout@v4	2026-08-24T21:02:19.7216856Z  * [new branch]        agent/queen-helper-verify-v1 -> origin/agent/queen-helper-verify-v1
take-first-and-only-benbassat-lease	Run actions/checkout@v4	2026-08-24T21:02:19.7217549Z  * [new branch]        agent/queen-source-run-index-result-v1 -> origin/agent/queen-source-run-index-result-v1
take-first-and-only-benbassat-lease	Run actions/checkout@v4	2026-08-24T21:02:19.7218264Z  * [new branch]        agent/queen-source-run-index-v1 -> origin/agent/queen-source-run-index-v1
take-first-and-only-benbassat-lease	Run actions/checkout@v4	2026-08-24T21:02:19.7218882Z  * [new branch]        agent/rd-wave03-blob-probe  -> origin/agent/rd-wave03-blob-probe
take-first-and-only-benbassat-lease	Run actions/checkout@v4	2026-08-24T21:02:19.7219529Z  * [new branch]        agent/read-collection-publish-log -> origin/agent/read-collection-publish-log
take-first-and-only-benbassat-lease	Run actions/checkout@v4	2026-08-24T21:02:19.7220198Z  * [new branch]        agent/recover-queen-helper-v4 -> origin/agent/recover-queen-helper-v4
take-first-and-only-benbassat-lease	Run actions/checkout@v4	2026-08-24T21:02:19.7220869Z  * [new branch]        agent/register-ux-nav-noscript-fix -> origin/agent/register-ux-nav-noscript-fix
take-first-and-only-benbassat-lease	Run actions/checkout@v4	2026-08-24T21:02:19.7221813Z  * [new branch]        agent/register-ux-nav-readonly-release -> origin/agent/register-ux-nav-readonly-release
take-first-and-only-benbassat-lease	Run actions/checkout@v4	2026-08-24T21:02:19.7222554Z  * [new branch]        agent/residual-denominator-wave-01 -> origin/agent/residual-denominator-wave-01
take-first-and-only-benbassat-lease	Run actions/checkout@v4	2026-08-24T21:02:19.7223394Z  * [new branch]        agent/residual-denominator-wave-01-hardening-stage -> origin/agent/residual-denominator-wave-01-hardening-stage
take-first-and-only-benbassat-lease	Run actions/checkout@v4	2026-08-24T21:02:19.7224483Z  * [new branch]        agent/restore-collection-steady-state-after-ux -> origin/agent/restore-collection-steady-state-after-ux
take-first-and-only-benbassat-lease	Run actions/checkout@v4	2026-08-24T21:02:19.7225404Z  * [new branch]        agent/retire-doctor-who-cycle-007-v10-payloads -> origin/agent/retire-doctor-who-cycle-007-v10-payloads
take-first-and-only-benbassat-lease	Run actions/checkout@v4	2026-08-24T21:02:19.7226307Z  * [new branch]        agent/retire-doctor-who-cycle-007-v10-publisher -> origin/agent/retire-doctor-who-cycle-007-v10-publisher
take-first-and-only-benbassat-lease	Run actions/checkout@v4	2026-08-24T21:02:19.7227214Z  * [new branch]        agent/retire-doctor-who-cycle-007-v14-publisher -> origin/agent/retire-doctor-who-cycle-007-v14-publisher
take-first-and-only-benbassat-lease	Run actions/checkout@v4	2026-08-24T21:02:19.7228114Z  * [new branch]        agent/retire-estate-preservation-transport -> origin/agent/retire-estate-preservation-transport
take-first-and-only-benbassat-lease	Run actions/checkout@v4	2026-08-24T21:02:19.7229013Z  * [new branch]        agent/retire-stale-dec0016-trigger-after-cycle005 -> origin/agent/retire-stale-dec0016-trigger-after-cycle005
take-first-and-only-benbassat-lease	Run actions/checkout@v4	2026-08-24T21:02:19.7229903Z  * [new branch]        agent/retire-synthetic-cycle-009-cadence-v1 -> origin/agent/retire-synthetic-cycle-009-cadence-v1
take-first-and-only-benbassat-lease	Run actions/checkout@v4	2026-08-24T21:02:19.7230742Z  * [new branch]        agent/retire-unconsumed-wave03-review-fix -> origin/agent/retire-unconsumed-wave03-review-fix
take-first-and-only-benbassat-lease	Run actions/checkout@v4	2026-08-24T21:02:19.7231593Z  * [new branch]        agent/retire-unstarted-wave03-hosted-executor -> origin/agent/retire-unstarted-wave03-hosted-executor
take-first-and-only-benbassat-lease	Run actions/checkout@v4	2026-08-24T21:02:19.7232340Z  * [new branch]        agent/rolling-gold-waterline -> origin/agent/rolling-gold-waterline
take-first-and-only-benbassat-lease	Run actions/checkout@v4	2026-08-24T21:02:19.7233049Z  * [new branch]        agent/scope-local-certification-fixture -> origin/agent/scope-local-certification-fixture
take-first-and-only-benbassat-lease	Run actions/checkout@v4	2026-08-24T21:02:19.7234013Z  * [new branch]        agent/site-gold-map-001     -> origin/agent/site-gold-map-001
take-first-and-only-benbassat-lease	Run actions/checkout@v4	2026-08-24T21:02:19.7234613Z  * [new branch]        agent/site-gold-map-002     -> origin/agent/site-gold-map-002
take-first-and-only-benbassat-lease	Run actions/checkout@v4	2026-08-24T21:02:19.7235323Z  * [new branch]        agent/sitewide-truth-maintenance-handoff -> origin/agent/sitewide-truth-maintenance-handoff
take-first-and-only-benbassat-lease	Run actions/checkout@v4	2026-08-24T21:02:19.7236031Z  * [new branch]        agent/snapshot-cycle-v3     -> origin/agent/snapshot-cycle-v3
take-first-and-only-benbassat-lease	Run actions/checkout@v4	2026-08-24T21:02:19.7236644Z  * [new branch]        agent/snapshot-cycle-v3-result -> origin/agent/snapshot-cycle-v3-result
take-first-and-only-benbassat-lease	Run actions/checkout@v4	2026-08-24T21:02:19.7237246Z  * [new branch]        agent/snapshot-cycle-v4     -> origin/agent/snapshot-cycle-v4
take-first-and-only-benbassat-lease	Run actions/checkout@v4	2026-08-24T21:02:19.7237891Z  * [new branch]        agent/snapshot-cycle-v4-live-result -> origin/agent/snapshot-cycle-v4-live-result
take-first-and-only-benbassat-lease	Run actions/checkout@v4	2026-08-24T21:02:19.7238531Z  * [new branch]        agent/snapshot-cycle-v5     -> origin/agent/snapshot-cycle-v5
take-first-and-only-benbassat-lease	Run actions/checkout@v4	2026-08-24T21:02:19.7239180Z  * [new branch]        agent/snapshot-cycle-v5-live-result -> origin/agent/snapshot-cycle-v5-live-result
take-first-and-only-benbassat-lease	Run actions/checkout@v4	2026-08-24T21:02:19.7240072Z  * [new branch]        agent/ssc-rd-wave03-admission-review-finalizer-20260805 -> origin/agent/ssc-rd-wave03-admission-review-finalizer-20260805
take-first-and-only-benbassat-lease	Run actions/checkout@v4	2026-08-24T21:02:19.7241151Z  * [new branch]        agent/ssc-rd-wave03-admission-review-product-20260805 -> origin/agent/ssc-rd-wave03-admission-review-product-20260805
take-first-and-only-benbassat-lease	Run actions/checkout@v4	2026-08-24T21:02:19.7242067Z  * [new branch]        agent/ssc-rd-wave03-atomic-product-repair -> origin/agent/ssc-rd-wave03-atomic-product-repair
take-first-and-only-benbassat-lease	Run actions/checkout@v4	2026-08-24T21:02:19.7242769Z  * [new branch]        agent/ssc-rd-wave03-carrier -> origin/agent/ssc-rd-wave03-carrier
take-first-and-only-benbassat-lease	Run actions/checkout@v4	2026-08-24T21:02:19.7243459Z  * [new branch]        agent/ssc-rd-wave03-controller-observer -> origin/agent/ssc-rd-wave03-controller-observer
take-first-and-only-benbassat-lease	Run actions/checkout@v4	2026-08-24T21:02:19.7244388Z  * [new branch]        agent/ssc-rd-wave03-controller-v2-cleanup -> origin/agent/ssc-rd-wave03-controller-v2-cleanup
take-first-and-only-benbassat-lease	Run actions/checkout@v4	2026-08-24T21:02:19.7245483Z  * [new branch]        agent/ssc-rd-wave03-exact-capture-api-finalizer-20260805 -> origin/agent/ssc-rd-wave03-exact-capture-api-finalizer-20260805
take-first-and-only-benbassat-lease	Run actions/checkout@v4	2026-08-24T21:02:19.7246601Z  * [new branch]        agent/ssc-rd-wave03-exact-capture-api-finalizer-base-20260805 -> origin/agent/ssc-rd-wave03-exact-capture-api-finalizer-base-20260805
take-first-and-only-benbassat-lease	Run actions/checkout@v4	2026-08-24T21:02:19.7247737Z  * [new branch]        agent/ssc-rd-wave03-exact-capture-api-finalizer-v2-20260805 -> origin/agent/ssc-rd-wave03-exact-capture-api-finalizer-v2-20260805
take-first-and-only-benbassat-lease	Run actions/checkout@v4	2026-08-24T21:02:19.7248854Z  * [new branch]        agent/ssc-rd-wave03-exact-capture-api-finalizer-v3-20260805 -> origin/agent/ssc-rd-wave03-exact-capture-api-finalizer-v3-20260805
take-first-and-only-benbassat-lease	Run actions/checkout@v4	2026-08-24T21:02:19.7249955Z  * [new branch]        agent/ssc-rd-wave03-exact-capture-api-finalizer-v4-20260805 -> origin/agent/ssc-rd-wave03-exact-capture-api-finalizer-v4-20260805
take-first-and-only-benbassat-lease	Run actions/checkout@v4	2026-08-24T21:02:19.7251068Z  * [new branch]        agent/ssc-rd-wave03-exact-capture-api-publisher-v1-20260805 -> origin/agent/ssc-rd-wave03-exact-capture-api-publisher-v1-20260805
take-first-and-only-benbassat-lease	Run actions/checkout@v4	2026-08-24T21:02:19.7252098Z  * [new branch]        agent/ssc-rd-wave03-exact-capture-base-20260805 -> origin/agent/ssc-rd-wave03-exact-capture-base-20260805
take-first-and-only-benbassat-lease	Run actions/checkout@v4	2026-08-24T21:02:19.7253060Z  * [new branch]        agent/ssc-rd-wave03-exact-capture-blob-export-20260805 -> origin/agent/ssc-rd-wave03-exact-capture-blob-export-20260805
take-first-and-only-benbassat-lease	Run actions/checkout@v4	2026-08-24T21:02:19.7254275Z  * [new branch]        agent/ssc-rd-wave03-exact-capture-drift-resolver-20260805 -> origin/agent/ssc-rd-wave03-exact-capture-drift-resolver-20260805
take-first-and-only-benbassat-lease	Run actions/checkout@v4	2026-08-24T21:02:19.7255325Z  * [new branch]        agent/ssc-rd-wave03-exact-capture-finalizer-20260805 -> origin/agent/ssc-rd-wave03-exact-capture-finalizer-20260805
take-first-and-only-benbassat-lease	Run actions/checkout@v4	2026-08-24T21:02:19.7256386Z  * [new branch]        agent/ssc-rd-wave03-exact-capture-finalizer-base-20260805 -> origin/agent/ssc-rd-wave03-exact-capture-finalizer-base-20260805
take-first-and-only-benbassat-lease	Run actions/checkout@v4	2026-08-24T21:02:19.7257448Z  * [new branch]        agent/ssc-rd-wave03-exact-capture-finalizer-v2-20260805 -> origin/agent/ssc-rd-wave03-exact-capture-finalizer-v2-20260805
take-first-and-only-benbassat-lease	Run actions/checkout@v4	2026-08-24T21:02:19.7258709Z  * [new branch]        agent/ssc-rd-wave03-exact-capture-finalizer-v2-base-20260805 -> origin/agent/ssc-rd-wave03-exact-capture-finalizer-v2-base-20260805
take-first-and-only-benbassat-lease	Run actions/checkout@v4	2026-08-24T21:02:19.7259794Z  * [new branch]        agent/ssc-rd-wave03-exact-capture-finalizer-v3-20260805 -> origin/agent/ssc-rd-wave03-exact-capture-finalizer-v3-20260805
take-first-and-only-benbassat-lease	Run actions/checkout@v4	2026-08-24T21:02:19.7260876Z  * [new branch]        agent/ssc-rd-wave03-exact-capture-finalizer-v3-base-20260805 -> origin/agent/ssc-rd-wave03-exact-capture-finalizer-v3-base-20260805
take-first-and-only-benbassat-lease	Run actions/checkout@v4	2026-08-24T21:02:19.7261956Z  * [new branch]        agent/ssc-rd-wave03-exact-capture-finalizer-v4-20260805 -> origin/agent/ssc-rd-wave03-exact-capture-finalizer-v4-20260805
take-first-and-only-benbassat-lease	Run actions/checkout@v4	2026-08-24T21:02:19.7263028Z  * [new branch]        agent/ssc-rd-wave03-exact-capture-finalizer-v4-base-20260805 -> origin/agent/ssc-rd-wave03-exact-capture-finalizer-v4-base-20260805
take-first-and-only-benbassat-lease	Run actions/checkout@v4	2026-08-24T21:02:19.7264278Z  * [new branch]        agent/ssc-rd-wave03-exact-capture-materializer-v2-20260805 -> origin/agent/ssc-rd-wave03-exact-capture-materializer-v2-20260805
take-first-and-only-benbassat-lease	Run actions/checkout@v4	2026-08-24T21:02:19.7265434Z  * [new branch]        agent/ssc-rd-wave03-exact-capture-materializer-v3-20260805 -> origin/agent/ssc-rd-wave03-exact-capture-materializer-v3-20260805
take-first-and-only-benbassat-lease	Run actions/checkout@v4	2026-08-24T21:02:19.7266542Z  * [new branch]        agent/ssc-rd-wave03-exact-capture-materializer-v4-20260805 -> origin/agent/ssc-rd-wave03-exact-capture-materializer-v4-20260805
take-first-and-only-benbassat-lease	Run actions/checkout@v4	2026-08-24T21:02:19.7267634Z  * [new branch]        agent/ssc-rd-wave03-exact-capture-materializer-v5-20260805 -> origin/agent/ssc-rd-wave03-exact-capture-materializer-v5-20260805
take-first-and-only-benbassat-lease	Run actions/checkout@v4	2026-08-24T21:02:19.7268721Z  * [new branch]        agent/ssc-rd-wave03-exact-capture-materializer-v6-20260805 -> origin/agent/ssc-rd-wave03-exact-capture-materializer-v6-20260805
take-first-and-only-benbassat-lease	Run actions/checkout@v4	2026-08-24T21:02:19.7269754Z  * [new branch]        agent/ssc-rd-wave03-exact-capture-product-20260805 -> origin/agent/ssc-rd-wave03-exact-capture-product-20260805
take-first-and-only-benbassat-lease	Run actions/checkout@v4	2026-08-24T21:02:19.7270904Z  * [new branch]        agent/ssc-rd-wave03-exact-capture-settlement-20260805 -> origin/agent/ssc-rd-wave03-exact-capture-settlement-20260805
take-first-and-only-benbassat-lease	Run actions/checkout@v4	2026-08-24T21:02:19.7271965Z  * [new branch]        agent/ssc-rd-wave03-exact-capture-settlement-base-20260805 -> origin/agent/ssc-rd-wave03-exact-capture-settlement-base-20260805
take-first-and-only-benbassat-lease	Run actions/checkout@v4	2026-08-24T21:02:19.7273046Z  * [new branch]        agent/ssc-rd-wave03-exact-capture-settlement-v2-20260805 -> origin/agent/ssc-rd-wave03-exact-capture-settlement-v2-20260805
take-first-and-only-benbassat-lease	Run actions/checkout@v4	2026-08-24T21:02:19.7274270Z  * [new branch]        agent/ssc-rd-wave03-exact-capture-settlement-v2-base-20260805 -> origin/agent/ssc-rd-wave03-exact-capture-settlement-v2-base-20260805
take-first-and-only-benbassat-lease	Run actions/checkout@v4	2026-08-24T21:02:19.7275378Z  * [new branch]        agent/ssc-rd-wave03-exact-capture-supervisor-v2-20260805 -> origin/agent/ssc-rd-wave03-exact-capture-supervisor-v2-20260805
take-first-and-only-benbassat-lease	Run actions/checkout@v4	2026-08-24T21:02:19.7276475Z  * [new branch]        agent/ssc-rd-wave03-exact-capture-supervisor-v2-base-20260805 -> origin/agent/ssc-rd-wave03-exact-capture-supervisor-v2-base-20260805
take-first-and-only-benbassat-lease	Run actions/checkout@v4	2026-08-24T21:02:19.7277595Z  * [new branch]        agent/ssc-rd-wave03-exact-capture-supervisor-v3-20260805 -> origin/agent/ssc-rd-wave03-exact-capture-supervisor-v3-20260805
take-first-and-only-benbassat-lease	Run actions/checkout@v4	2026-08-24T21:02:19.7278697Z  * [new branch]        agent/ssc-rd-wave03-exact-capture-supervisor-v3-base-20260805 -> origin/agent/ssc-rd-wave03-exact-capture-supervisor-v3-base-20260805
take-first-and-only-benbassat-lease	Run actions/checkout@v4	2026-08-24T21:02:19.7279843Z  * [new branch]        agent/ssc-rd-wave03-exact-capture-terminal-finalizer-20260805 -> origin/agent/ssc-rd-wave03-exact-capture-terminal-finalizer-20260805
take-first-and-only-benbassat-lease	Run actions/checkout@v4	2026-08-24T21:02:19.7281048Z  * [new branch]        agent/ssc-rd-wave03-exact-capture-terminal-finalizer-base-20260805 -> origin/agent/ssc-rd-wave03-exact-capture-terminal-finalizer-base-20260805
take-first-and-only-benbassat-lease	Run actions/checkout@v4	2026-08-24T21:02:19.7282268Z  * [new branch]        agent/ssc-rd-wave03-exact-capture-terminal-supervisor-20260805 -> origin/agent/ssc-rd-wave03-exact-capture-terminal-supervisor-20260805
take-first-and-only-benbassat-lease	Run actions/checkout@v4	2026-08-24T21:02:19.7283662Z  * [new branch]        agent/ssc-rd-wave03-exact-capture-terminal-supervisor-base-20260805 -> origin/agent/ssc-rd-wave03-exact-capture-terminal-supervisor-base-20260805
take-first-and-only-benbassat-lease	Run actions/checkout@v4	2026-08-24T21:02:19.7284828Z  * [new branch]        agent/ssc-rd-wave03-executor-observer -> origin/agent/ssc-rd-wave03-executor-observer
take-first-and-only-benbassat-lease	Run actions/checkout@v4	2026-08-24T21:02:19.7285628Z  * [new branch]        agent/ssc-rd-wave03-failure-source-export -> origin/agent/ssc-rd-wave03-failure-source-export
take-first-and-only-benbassat-lease	Run actions/checkout@v4	2026-08-24T21:02:19.7286499Z  * [new branch]        agent/ssc-rd-wave03-final-integration-base-v2 -> origin/agent/ssc-rd-wave03-final-integration-base-v2
take-first-and-only-benbassat-lease	Run actions/checkout@v4	2026-08-24T21:02:19.7287371Z  * [new branch]        agent/ssc-rd-wave03-final-integration-base-v3 -> origin/agent/ssc-rd-wave03-final-integration-base-v3
take-first-and-only-benbassat-lease	Run actions/checkout@v4	2026-08-24T21:02:19.7288213Z  * [new branch]        agent/ssc-rd-wave03-final-integration-v1 -> origin/agent/ssc-rd-wave03-final-integration-v1
take-first-and-only-benbassat-lease	Run actions/checkout@v4	2026-08-24T21:02:19.7289018Z  * [new branch]        agent/ssc-rd-wave03-final-integration-v2 -> origin/agent/ssc-rd-wave03-final-integration-v2
take-first-and-only-benbassat-lease	Run actions/checkout@v4	2026-08-24T21:02:19.7289825Z  * [new branch]        agent/ssc-rd-wave03-final-integration-v3 -> origin/agent/ssc-rd-wave03-final-integration-v3
take-first-and-only-benbassat-lease	Run actions/checkout@v4	2026-08-24T21:02:19.7290578Z  * [new branch]        agent/ssc-rd-wave03-hosted-executor -> origin/agent/ssc-rd-wave03-hosted-executor
take-first-and-only-benbassat-lease	Run actions/checkout@v4	2026-08-24T21:02:19.7291317Z  * [new branch]        agent/ssc-rd-wave03-hosted-executor-v2 -> origin/agent/ssc-rd-wave03-hosted-executor-v2
take-first-and-only-benbassat-lease	Run actions/checkout@v4	2026-08-24T21:02:19.7292093Z  * [new branch]        agent/ssc-rd-wave03-pr-qualification-v1 -> origin/agent/ssc-rd-wave03-pr-qualification-v1
take-first-and-only-benbassat-lease	Run actions/checkout@v4	2026-08-24T21:02:19.7292866Z  * [new branch]        agent/ssc-rd-wave03-pr-qualification-v2 -> origin/agent/ssc-rd-wave03-pr-qualification-v2
take-first-and-only-benbassat-lease	Run actions/checkout@v4	2026-08-24T21:02:19.7293641Z  * [new branch]        agent/ssc-rd-wave03-qualification-lint -> origin/agent/ssc-rd-wave03-qualification-lint
take-first-and-only-benbassat-lease	Run actions/checkout@v4	2026-08-24T21:02:19.7294745Z  * [new branch]        agent/ssc-rd-wave03-successor-route-capture-20260805 -> origin/agent/ssc-rd-wave03-successor-route-capture-20260805
take-first-and-only-benbassat-lease	Run actions/checkout@v4	2026-08-24T21:02:19.7295927Z  * [new branch]        agent/ssc-rd-wave03-successor-route-capture-v2-20260805 -> origin/agent/ssc-rd-wave03-successor-route-capture-v2-20260805
take-first-and-only-benbassat-lease	Run actions/checkout@v4	2026-08-24T21:02:19.7297010Z  * [new branch]        agent/ssc-rd-wave03-successor-route-census-product-20260805 -> origin/agent/ssc-rd-wave03-successor-route-census-product-20260805
take-first-and-only-benbassat-lease	Run actions/checkout@v4	2026-08-24T21:02:19.7298107Z  * [new branch]        agent/ssc-rd-wave03-successor-route-materializer-20260805 -> origin/agent/ssc-rd-wave03-successor-route-materializer-20260805
take-first-and-only-benbassat-lease	Run actions/checkout@v4	2026-08-24T21:02:19.7299150Z  * [new branch]        agent/ssc-rd-wave03-successor-route-observer-20260805 -> origin/agent/ssc-rd-wave03-successor-route-observer-20260805
take-first-and-only-benbassat-lease	Run actions/checkout@v4	2026-08-24T21:02:19.7300000Z  * [new branch]        agent/ssc-rd-wave03-v2-review-fix -> origin/agent/ssc-rd-wave03-v2-review-fix
take-first-and-only-benbassat-lease	Run actions/checkout@v4	2026-08-24T21:02:19.7300768Z  * [new branch]        agent/ssc-rd-wave03-v2-review-fix-register -> origin/agent/ssc-rd-wave03-v2-review-fix-register
take-first-and-only-benbassat-lease	Run actions/checkout@v4	2026-08-24T21:02:19.7301585Z  * [new branch]        agent/ssc-rd-wave03-v2-review-fix-trigger -> origin/agent/ssc-rd-wave03-v2-review-fix-trigger
take-first-and-only-benbassat-lease	Run actions/checkout@v4	2026-08-24T21:02:19.7302449Z  * [new branch]        agent/ssc-rd-wave03-xcap-contract-materializer -> origin/agent/ssc-rd-wave03-xcap-contract-materializer
take-first-and-only-benbassat-lease	Run actions/checkout@v4	2026-08-24T21:02:19.7303202Z  * [new branch]        agent/ssc-rd01-wave03-intake -> origin/agent/ssc-rd01-wave03-intake
take-first-and-only-benbassat-lease	Run actions/checkout@v4	2026-08-24T21:02:19.7303827Z  * [new branch]        agent/ssc-rd01-wave03-intake-v2 -> origin/agent/ssc-rd01-wave03-intake-v2
take-first-and-only-benbassat-lease	Run actions/checkout@v4	2026-08-24T21:02:19.7304650Z  * [new branch]        agent/ssc-rd01-wave03-repair-staging -> origin/agent/ssc-rd01-wave03-repair-staging
take-first-and-only-benbassat-lease	Run actions/checkout@v4	2026-08-24T21:02:19.7305325Z  * [new branch]        agent/ssc-rd02-wave03-intake -> origin/agent/ssc-rd02-wave03-intake
take-first-and-only-benbassat-lease	Run actions/checkout@v4	2026-08-24T21:02:19.7305944Z  * [new branch]        agent/ssc-rd02-wave03-intake-v2 -> origin/agent/ssc-rd02-wave03-intake-v2
take-first-and-only-benbassat-lease	Run actions/checkout@v4	2026-08-24T21:02:19.7306645Z  * [new branch]        agent/ssc-rd02-wave03-repair-staging -> origin/agent/ssc-rd02-wave03-repair-staging
take-first-and-only-benbassat-lease	Run actions/checkout@v4	2026-08-24T21:02:19.7307452Z  * [new branch]        agent/ssc-rd03-wave03-intake -> origin/agent/ssc-rd03-wave03-intake
take-first-and-only-benbassat-lease	Run actions/checkout@v4	2026-08-24T21:02:19.7308076Z  * [new branch]        agent/ssc-rd03-wave03-intake-v2 -> origin/agent/ssc-rd03-wave03-intake-v2
take-first-and-only-benbassat-lease	Run actions/checkout@v4	2026-08-24T21:02:19.7308761Z  * [new branch]        agent/ssc-rd03-wave03-repair-staging -> origin/agent/ssc-rd03-wave03-repair-staging
take-first-and-only-benbassat-lease	Run actions/checkout@v4	2026-08-24T21:02:19.7309420Z  * [new branch]        agent/ssc-rd04-wave03-intake -> origin/agent/ssc-rd04-wave03-intake
take-first-and-only-benbassat-lease	Run actions/checkout@v4	2026-08-24T21:02:19.7310045Z  * [new branch]        agent/ssc-rd04-wave03-intake-v2 -> origin/agent/ssc-rd04-wave03-intake-v2
take-first-and-only-benbassat-lease	Run actions/checkout@v4	2026-08-24T21:02:19.7310720Z  * [new branch]        agent/ssc-rd04-wave03-repair-staging -> origin/agent/ssc-rd04-wave03-repair-staging
take-first-and-only-benbassat-lease	Run actions/checkout@v4	2026-08-24T21:02:19.7311377Z  * [new branch]        agent/ssc-rd05-wave03-intake -> origin/agent/ssc-rd05-wave03-intake
take-first-and-only-benbassat-lease	Run actions/checkout@v4	2026-08-24T21:02:19.7311989Z  * [new branch]        agent/ssc-rd05-wave03-intake-v2 -> origin/agent/ssc-rd05-wave03-intake-v2
take-first-and-only-benbassat-lease	Run actions/checkout@v4	2026-08-24T21:02:19.7312684Z  * [new branch]        agent/ssc-rd05-wave03-repair-staging -> origin/agent/ssc-rd05-wave03-repair-staging
take-first-and-only-benbassat-lease	Run actions/checkout@v4	2026-08-24T21:02:19.7313340Z  * [new branch]        agent/ssc-rd06-wave03-intake -> origin/agent/ssc-rd06-wave03-intake
take-first-and-only-benbassat-lease	Run actions/checkout@v4	2026-08-24T21:02:19.7314080Z  * [new branch]        agent/ssc-rd06-wave03-intake-v2 -> origin/agent/ssc-rd06-wave03-intake-v2
take-first-and-only-benbassat-lease	Run actions/checkout@v4	2026-08-24T21:02:19.7314794Z  * [new branch]        agent/ssc-rd06-wave03-repair-staging -> origin/agent/ssc-rd06-wave03-repair-staging
take-first-and-only-benbassat-lease	Run actions/checkout@v4	2026-08-24T21:02:19.7315580Z  * [new branch]        agent/star-trek-alice-candidate-rebased-v1 -> origin/agent/star-trek-alice-candidate-rebased-v1
take-first-and-only-benbassat-lease	Run actions/checkout@v4	2026-08-24T21:02:19.7316355Z  * [new branch]        agent/star-trek-alice-candidate-v1 -> origin/agent/star-trek-alice-candidate-v1
take-first-and-only-benbassat-lease	Run actions/checkout@v4	2026-08-24T21:02:19.7317089Z  * [new branch]        agent/star-trek-alice-claim-result-v1 -> origin/agent/star-trek-alice-claim-result-v1
take-first-and-only-benbassat-lease	Run actions/checkout@v4	2026-08-24T21:02:19.7317780Z  * [new branch]        agent/star-trek-alice-claim-v1 -> origin/agent/star-trek-alice-claim-v1
take-first-and-only-benbassat-lease	Run actions/checkout@v4	2026-08-24T21:02:19.7318751Z  * [new branch]        agent/star-trek-alice-finalizer-live-probe-result-v1 -> origin/agent/star-trek-alice-finalizer-live-probe-result-v1
take-first-and-only-benbassat-lease	Run actions/checkout@v4	2026-08-24T21:02:19.7319775Z  * [new branch]        agent/star-trek-alice-finalizer-live-probe-result-v2 -> origin/agent/star-trek-alice-finalizer-live-probe-result-v2
take-first-and-only-benbassat-lease	Run actions/checkout@v4	2026-08-24T21:02:19.7320780Z  * [new branch]        agent/star-trek-alice-finalizer-live-probe-result-v3 -> origin/agent/star-trek-alice-finalizer-live-probe-result-v3
take-first-and-only-benbassat-lease	Run actions/checkout@v4	2026-08-24T21:02:19.7321731Z  * [new branch]        agent/star-trek-alice-finalizer-live-probe-v1 -> origin/agent/star-trek-alice-finalizer-live-probe-v1
take-first-and-only-benbassat-lease	Run actions/checkout@v4	2026-08-24T21:02:19.7322623Z  * [new branch]        agent/star-trek-alice-finalizer-live-probe-v2 -> origin/agent/star-trek-alice-finalizer-live-probe-v2
take-first-and-only-benbassat-lease	Run actions/checkout@v4	2026-08-24T21:02:19.7323552Z  * [new branch]        agent/star-trek-alice-finalizer-observer-result-v1 -> origin/agent/star-trek-alice-finalizer-observer-result-v1
take-first-and-only-benbassat-lease	Run actions/checkout@v4	2026-08-24T21:02:19.7324677Z  * [new branch]        agent/star-trek-alice-finalizer-observer-result-v2 -> origin/agent/star-trek-alice-finalizer-observer-result-v2
take-first-and-only-benbassat-lease	Run actions/checkout@v4	2026-08-24T21:02:19.7325663Z  * [new branch]        agent/star-trek-alice-finalizer-observer-result-v3 -> origin/agent/star-trek-alice-finalizer-observer-result-v3
take-first-and-only-benbassat-lease	Run actions/checkout@v4	2026-08-24T21:02:19.7326629Z  * [new branch]        agent/star-trek-alice-finalizer-observer-result-v4 -> origin/agent/star-trek-alice-finalizer-observer-result-v4
take-first-and-only-benbassat-lease	Run actions/checkout@v4	2026-08-24T21:02:19.7327591Z  * [new branch]        agent/star-trek-alice-finalizer-observer-result-v5 -> origin/agent/star-trek-alice-finalizer-observer-result-v5
take-first-and-only-benbassat-lease	Run actions/checkout@v4	2026-08-24T21:02:19.7328552Z  * [new branch]        agent/star-trek-alice-finalizer-observer-result-v6 -> origin/agent/star-trek-alice-finalizer-observer-result-v6
take-first-and-only-benbassat-lease	Run actions/checkout@v4	2026-08-24T21:02:19.7329516Z  * [new branch]        agent/star-trek-alice-finalizer-observer-result-v7 -> origin/agent/star-trek-alice-finalizer-observer-result-v7
take-first-and-only-benbassat-lease	Run actions/checkout@v4	2026-08-24T21:02:19.7330568Z  * [new branch]        agent/star-trek-alice-finalizer-observer-v1 -> origin/agent/star-trek-alice-finalizer-observer-v1
take-first-and-only-benbassat-lease	Run actions/checkout@v4	2026-08-24T21:02:19.7331420Z  * [new branch]        agent/star-trek-alice-finalizer-result-v1 -> origin/agent/star-trek-alice-finalizer-result-v1
take-first-and-only-benbassat-lease	Run actions/checkout@v4	2026-08-24T21:02:19.7332386Z  * [new branch]        agent/star-trek-alice-finalizer-source-recovery-result-v1 -> origin/agent/star-trek-alice-finalizer-source-recovery-result-v1
take-first-and-only-benbassat-lease	Run actions/checkout@v4	2026-08-24T21:02:19.7333285Z  * [new branch]        agent/star-trek-alice-finalizer-v1 -> origin/agent/star-trek-alice-finalizer-v1
take-first-and-only-benbassat-lease	Run actions/checkout@v4	2026-08-24T21:02:19.7334175Z  * [new branch]        agent/star-trek-alice-media-result-v1 -> origin/agent/star-trek-alice-media-result-v1
take-first-and-only-benbassat-lease	Run actions/checkout@v4	2026-08-24T21:02:19.7334885Z  * [new branch]        agent/star-trek-alice-media-v1 -> origin/agent/star-trek-alice-media-v1
take-first-and-only-benbassat-lease	Run actions/checkout@v4	2026-08-24T21:02:19.7335788Z  * [new branch]        agent/star-trek-alice-pages-terminalizer-observer-result-v1 -> origin/agent/star-trek-alice-pages-terminalizer-observer-result-v1
take-first-and-only-benbassat-lease	Run actions/checkout@v4	2026-08-24T21:02:19.7336882Z  * [new branch]        agent/star-trek-alice-pages-terminalizer-observer-v1 -> origin/agent/star-trek-alice-pages-terminalizer-observer-v1
take-first-and-only-benbassat-lease	Run actions/checkout@v4	2026-08-24T21:02:19.7337824Z  * [new branch]        agent/star-trek-alice-pages-terminalizer-v1 -> origin/agent/star-trek-alice-pages-terminalizer-v1
take-first-and-only-benbassat-lease	Run actions/checkout@v4	2026-08-24T21:02:19.7338587Z  * [new branch]        agent/star-trek-alice-publish-v1 -> origin/agent/star-trek-alice-publish-v1
take-first-and-only-benbassat-lease	Run actions/checkout@v4	2026-08-24T21:02:19.7339370Z  * [new branch]        agent/star-trek-alice-qualification-result-v1 -> origin/agent/star-trek-alice-qualification-result-v1
take-first-and-only-benbassat-lease	Run actions/checkout@v4	2026-08-24T21:02:19.7340255Z  * [new branch]        agent/star-trek-alice-qualification-result-v3 -> origin/agent/star-trek-alice-qualification-result-v3
take-first-and-only-benbassat-lease	Run actions/checkout@v4	2026-08-24T21:02:19.7341087Z  * [new branch]        agent/star-trek-alice-qualification-v1 -> origin/agent/star-trek-alice-qualification-v1
take-first-and-only-benbassat-lease	Run actions/checkout@v4	2026-08-24T21:02:19.7341863Z  * [new branch]        agent/star-trek-alice-qualification-v2 -> origin/agent/star-trek-alice-qualification-v2
take-first-and-only-benbassat-lease	Run actions/checkout@v4	2026-08-24T21:02:19.7342643Z  * [new branch]        agent/star-trek-alice-qualification-v3 -> origin/agent/star-trek-alice-qualification-v3
take-first-and-only-benbassat-lease	Run actions/checkout@v4	2026-08-24T21:02:19.7343498Z  * [new branch]        agent/star-trek-alice-review-v1 -> origin/agent/star-trek-alice-review-v1
take-first-and-only-benbassat-lease	Run actions/checkout@v4	2026-08-24T21:02:19.7344417Z  * [new branch]        agent/star-trek-alice-stage-observer-result-v1 -> origin/agent/star-trek-alice-stage-observer-result-v1
take-first-and-only-benbassat-lease	Run actions/checkout@v4	2026-08-24T21:02:19.7345385Z  * [new branch]        agent/star-trek-alice-stage-observer-result-v4 -> origin/agent/star-trek-alice-stage-observer-result-v4
take-first-and-only-benbassat-lease	Run actions/checkout@v4	2026-08-24T21:02:19.7346227Z  * [new branch]        agent/star-trek-alice-stage-observer-v1 -> origin/agent/star-trek-alice-stage-observer-v1
take-first-and-only-benbassat-lease	Run actions/checkout@v4	2026-08-24T21:02:19.7347019Z  * [new branch]        agent/star-trek-alice-stage-observer-v2 -> origin/agent/star-trek-alice-stage-observer-v2
take-first-and-only-benbassat-lease	Run actions/checkout@v4	2026-08-24T21:02:19.7347805Z  * [new branch]        agent/star-trek-alice-stage-observer-v3 -> origin/agent/star-trek-alice-stage-observer-v3
take-first-and-only-benbassat-lease	Run actions/checkout@v4	2026-08-24T21:02:19.7348594Z  * [new branch]        agent/star-trek-alice-stage-observer-v4 -> origin/agent/star-trek-alice-stage-observer-v4
take-first-and-only-benbassat-lease	Run actions/checkout@v4	2026-08-24T21:02:19.7349372Z  * [new branch]        agent/star-trek-alice-stage-repair-v2 -> origin/agent/star-trek-alice-stage-repair-v2
take-first-and-only-benbassat-lease	Run actions/checkout@v4	2026-08-24T21:02:19.7350132Z  * [new branch]        agent/star-trek-alice-stage-result-v1 -> origin/agent/star-trek-alice-stage-result-v1
take-first-and-only-benbassat-lease	Run actions/checkout@v4	2026-08-24T21:02:19.7350825Z  * [new branch]        agent/star-trek-alice-stage-v1 -> origin/agent/star-trek-alice-stage-v1
take-first-and-only-benbassat-lease	Run actions/checkout@v4	2026-08-24T21:02:19.7351597Z  * [new branch]        agent/star-trek-anastasia-candidate-rebased-v1 -> origin/agent/star-trek-anastasia-candidate-rebased-v1
take-first-and-only-benbassat-lease	Run actions/checkout@v4	2026-08-24T21:02:19.7352432Z  * [new branch]        agent/star-trek-anastasia-candidate-v1 -> origin/agent/star-trek-anastasia-candidate-v1
take-first-and-only-benbassat-lease	Run actions/checkout@v4	2026-08-24T21:02:19.7353236Z  * [new branch]        agent/star-trek-anastasia-cycle-trigger-v1 -> origin/agent/star-trek-anastasia-cycle-trigger-v1
take-first-and-only-benbassat-lease	Run actions/checkout@v4	2026-08-24T21:02:19.7354124Z  * [new branch]        agent/star-trek-anastasia-cycle-v1 -> origin/agent/star-trek-anastasia-cycle-v1
take-first-and-only-benbassat-lease	Run actions/checkout@v4	2026-08-24T21:02:19.7355188Z  * [new branch]        agent/star-trek-anastasia-ds9-diagnostic-20260823-v1 -> origin/agent/star-trek-anastasia-ds9-diagnostic-20260823-v1
take-first-and-only-benbassat-lease	Run actions/checkout@v4	2026-08-24T21:02:19.7356259Z  * [new branch]        agent/star-trek-anastasia-ds9-diagnostic-result-20260823-v1 -> origin/agent/star-trek-anastasia-ds9-diagnostic-result-20260823-v1
take-first-and-only-benbassat-lease	Run actions/checkout@v4	2026-08-24T21:02:19.7357297Z  * [new branch]        agent/star-trek-anastasia-ds9-observer-20260823-v1 -> origin/agent/star-trek-anastasia-ds9-observer-20260823-v1
take-first-and-only-benbassat-lease	Run actions/checkout@v4	2026-08-24T21:02:19.7358330Z  * [new branch]        agent/star-trek-anastasia-ds9-observer-result-20260823-v1 -> origin/agent/star-trek-anastasia-ds9-observer-result-20260823-v1
take-first-and-only-benbassat-lease	Run actions/checkout@v4	2026-08-24T21:02:19.7359297Z  * [new branch]        agent/star-trek-anastasia-finalizer-only-v3 -> origin/agent/star-trek-anastasia-finalizer-only-v3
take-first-and-only-benbassat-lease	Run actions/checkout@v4	2026-08-24T21:02:19.7360179Z  * [new branch]        agent/star-trek-anastasia-finalizer-recovery-v2 -> origin/agent/star-trek-anastasia-finalizer-recovery-v2
take-first-and-only-benbassat-lease	Run actions/checkout@v4	2026-08-24T21:02:19.7361110Z  * [new branch]        agent/star-trek-anastasia-finalizer-recovery-v3 -> origin/agent/star-trek-anastasia-finalizer-recovery-v3
take-first-and-only-benbassat-lease	Run actions/checkout@v4	2026-08-24T21:02:19.7361980Z  * [new branch]        agent/star-trek-anastasia-media-result-v1 -> origin/agent/star-trek-anastasia-media-result-v1
take-first-and-only-benbassat-lease	Run actions/checkout@v4	2026-08-24T21:02:19.7362740Z  * [new branch]        agent/star-trek-anastasia-media-v1 -> origin/agent/star-trek-anastasia-media-v1
take-first-and-only-benbassat-lease	Run actions/checkout@v4	2026-08-24T21:02:19.7363536Z  * [new branch]        agent/star-trek-anastasia-recovery-result-v3 -> origin/agent/star-trek-anastasia-recovery-result-v3
take-first-and-only-benbassat-lease	Run actions/checkout@v4	2026-08-24T21:02:19.7364561Z  * [new branch]        agent/star-trek-benbassat-boundary-observer-v1 -> origin/agent/star-trek-benbassat-boundary-observer-v1
take-first-and-only-benbassat-lease	Run actions/checkout@v4	2026-08-24T21:02:19.7365546Z  * [new branch]        agent/star-trek-benbassat-boundary-observer-v2 -> origin/agent/star-trek-benbassat-boundary-observer-v2
take-first-and-only-benbassat-lease	Run actions/checkout@v4	2026-08-24T21:02:19.7366536Z  * [new branch]        agent/star-trek-benbassat-candidate-diagnosis-result-v1 -> origin/agent/star-trek-benbassat-candidate-diagnosis-result-v1
take-first-and-only-benbassat-lease	Run actions/checkout@v4	2026-08-24T21:02:19.7367750Z  * [new branch]        agent/star-trek-benbassat-candidate-observer-result-v1 -> origin/agent/star-trek-benbassat-candidate-observer-result-v1
take-first-and-only-benbassat-lease	Run actions/checkout@v4	2026-08-24T21:02:19.7368731Z  * [new branch]        agent/star-trek-benbassat-candidate-observer-v1 -> origin/agent/star-trek-benbassat-candidate-observer-v1
take-first-and-only-benbassat-lease	Run actions/checkout@v4	2026-08-24T21:02:19.7369591Z  * [new branch]        agent/star-trek-benbassat-candidate-v1 -> origin/agent/star-trek-benbassat-candidate-v1
take-first-and-only-benbassat-lease	Run actions/checkout@v4	2026-08-24T21:02:19.7370569Z  * [new branch]        agent/star-trek-benbassat-claim-recovery-diagnostic-result-v2 -> origin/agent/star-trek-benbassat-claim-recovery-diagnostic-result-v2
take-first-and-only-benbassat-lease	Run actions/checkout@v4	2026-08-24T21:02:19.7371678Z  * [new branch]        agent/star-trek-benbassat-claim-recovery-diagnostic-v2 -> origin/agent/star-trek-benbassat-claim-recovery-diagnostic-v2
take-first-and-only-benbassat-lease	Run actions/checkout@v4	2026-08-24T21:02:19.7372759Z  * [new branch]        agent/star-trek-benbassat-claim-recovery-monitor-result-v1 -> origin/agent/star-trek-benbassat-claim-recovery-monitor-result-v1
take-first-and-only-benbassat-lease	Run actions/checkout@v4	2026-08-24T21:02:19.7373825Z  * [new branch]        agent/star-trek-benbassat-claim-recovery-monitor-v1 -> origin/agent/star-trek-benbassat-claim-recovery-monitor-v1
take-first-and-only-benbassat-lease	Run actions/checkout@v4	2026-08-24T21:02:19.7375682Z  * [new branch]        agent/star-trek-benbassat-claim-recovery-observer-v1 -> origin/agent/star-trek-benbassat-claim-recovery-observer-v1
take-first-and-only-benbassat-lease	Run actions/checkout@v4	2026-08-24T21:02:19.7376712Z  * [new branch]        agent/star-trek-benbassat-claim-recovery-v2 -> origin/agent/star-trek-benbassat-claim-recovery-v2
take-first-and-only-benbassat-lease	Run actions/checkout@v4	2026-08-24T21:02:19.7377511Z  * [new branch]        agent/star-trek-benbassat-claim-v1 -> origin/agent/star-trek-benbassat-claim-v1
take-first-and-only-benbassat-lease	Run actions/checkout@v4	2026-08-24T21:02:19.7378335Z  * [new branch]        agent/star-trek-benbassat-finalizer-status-v1 -> origin/agent/star-trek-benbassat-finalizer-status-v1
take-first-and-only-benbassat-lease	Run actions/checkout@v4	2026-08-24T21:02:19.7379171Z  * [new branch]        agent/star-trek-benbassat-finalizer-v1 -> origin/agent/star-trek-benbassat-finalizer-v1
take-first-and-only-benbassat-lease	Run actions/checkout@v4	2026-08-24T21:02:19.7380247Z  * [new branch]        agent/star-trek-benbassat-independent-review-v1 -> origin/agent/star-trek-benbassat-independent-review-v1
take-first-and-only-benbassat-lease	Run actions/checkout@v4	2026-08-24T21:02:19.7381071Z  * [new branch]        agent/star-trek-benbassat-media-v1 -> origin/agent/star-trek-benbassat-media-v1
take-first-and-only-benbassat-lease	Run actions/checkout@v4	2026-08-24T21:02:19.7381926Z  * [new branch]        agent/star-trek-benbassat-preproduct-settlement-v1 -> origin/agent/star-trek-benbassat-preproduct-settlement-v1
take-first-and-only-benbassat-lease	Run actions/checkout@v4	2026-08-24T21:02:19.7382937Z  * [new branch]        agent/star-trek-benbassat-public-settlement-result-v1 -> origin/agent/star-trek-benbassat-public-settlement-result-v1
take-first-and-only-benbassat-lease	Run actions/checkout@v4	2026-08-24T21:02:19.7384074Z  * [new branch]        agent/star-trek-benbassat-public-settlement-v1 -> origin/agent/star-trek-benbassat-public-settlement-v1
take-first-and-only-benbassat-lease	Run actions/checkout@v4	2026-08-24T21:02:19.7385021Z  * [new branch]        agent/star-trek-benbassat-run-observer-result-v1 -> origin/agent/star-trek-benbassat-run-observer-result-v1
take-first-and-only-benbassat-lease	Run actions/checkout@v4	2026-08-24T21:02:19.7385909Z  * [new branch]        agent/star-trek-benbassat-run-observer-v1 -> origin/agent/star-trek-benbassat-run-observer-v1
take-first-and-only-benbassat-lease	Run actions/checkout@v4	2026-08-24T21:02:19.7386763Z  * [new branch]        agent/star-trek-benbassat-source-result-v3 -> origin/agent/star-trek-benbassat-source-result-v3
take-first-and-only-benbassat-lease	Run actions/checkout@v4	2026-08-24T21:02:19.7387821Z  * [new branch]        agent/star-trek-benbassat-source-review-recovery-monitor-result-v1 -> origin/agent/star-trek-benbassat-source-review-recovery-monitor-result-v1
take-first-and-only-benbassat-lease	Run actions/checkout@v4	2026-08-24T21:02:19.7389031Z  * [new branch]        agent/star-trek-benbassat-source-review-recovery-monitor-v1 -> origin/agent/star-trek-benbassat-source-review-recovery-monitor-v1
take-first-and-only-benbassat-lease	Run actions/checkout@v4	2026-08-24T21:02:19.7390096Z  * [new branch]        agent/star-trek-benbassat-source-review-recovery-v2 -> origin/agent/star-trek-benbassat-source-review-recovery-v2
take-first-and-only-benbassat-lease	Run actions/checkout@v4	2026-08-24T21:02:19.7391165Z  * [new branch]        agent/star-trek-benbassat-source-review-recovery-v2-monitor -> origin/agent/star-trek-benbassat-source-review-recovery-v2-monitor
take-first-and-only-benbassat-lease	Run actions/checkout@v4	2026-08-24T21:02:19.7392366Z  * [new branch]        agent/star-trek-benbassat-source-review-recovery-v2-monitor-result -> origin/agent/star-trek-benbassat-source-review-recovery-v2-monitor-result
take-first-and-only-benbassat-lease	Run actions/checkout@v4	2026-08-24T21:02:19.7393665Z  * [new branch]        agent/star-trek-benbassat-source-review-recovery-v3 -> origin/agent/star-trek-benbassat-source-review-recovery-v3
take-first-and-only-benbassat-lease	Run actions/checkout@v4	2026-08-24T21:02:19.7394914Z  * [new branch]        agent/star-trek-benbassat-source-review-recovery-v3-monitor -> origin/agent/star-trek-benbassat-source-review-recovery-v3-monitor
take-first-and-only-benbassat-lease	Run actions/checkout@v4	2026-08-24T21:02:19.7396121Z  * [new branch]        agent/star-trek-benbassat-source-review-recovery-v3-monitor-result -> origin/agent/star-trek-benbassat-source-review-recovery-v3-monitor-result
take-first-and-only-benbassat-lease	Run actions/checkout@v4	2026-08-24T21:02:19.7397230Z  * [new branch]        agent/star-trek-benbassat-source-review-result-v1 -> origin/agent/star-trek-benbassat-source-review-result-v1
take-first-and-only-benbassat-lease	Run actions/checkout@v4	2026-08-24T21:02:19.7398122Z  * [new branch]        agent/star-trek-benbassat-source-review-v1 -> origin/agent/star-trek-benbassat-source-review-v1
take-first-and-only-benbassat-lease	Run actions/checkout@v4	2026-08-24T21:02:19.7398905Z  * [new branch]        agent/star-trek-benbassat-source-v3 -> origin/agent/star-trek-benbassat-source-v3
take-first-and-only-benbassat-lease	Run actions/checkout@v4	2026-08-24T21:02:19.7399798Z  * [new branch]        agent/star-trek-benbassat-terminal-observer-result-v1 -> origin/agent/star-trek-benbassat-terminal-observer-result-v1
take-first-and-only-benbassat-lease	Run actions/checkout@v4	2026-08-24T21:02:19.7400771Z  * [new branch]        agent/star-trek-benbassat-terminal-observer-v1 -> origin/agent/star-trek-benbassat-terminal-observer-v1
take-first-and-only-benbassat-lease	Run actions/checkout@v4	2026-08-24T21:02:19.7401570Z  * [new branch]        agent/star-trek-cadmar-cleanup-v1 -> origin/agent/star-trek-cadmar-cleanup-v1
take-first-and-only-benbassat-lease	Run actions/checkout@v4	2026-08-24T21:02:19.7402309Z  * [new branch]        agent/star-trek-cadmar-cycle-locator-v2 -> origin/agent/star-trek-cadmar-cycle-locator-v2
take-first-and-only-benbassat-lease	Run actions/checkout@v4	2026-08-24T21:02:19.7403094Z  * [new branch]        agent/star-trek-cadmar-cycle-locator-v3 -> origin/agent/star-trek-cadmar-cycle-locator-v3
take-first-and-only-benbassat-lease	Run actions/checkout@v4	2026-08-24T21:02:19.7403868Z  * [new branch]        agent/star-trek-cadmar-media-prep-v1 -> origin/agent/star-trek-cadmar-media-prep-v1
take-first-and-only-benbassat-lease	Run actions/checkout@v4	2026-08-24T21:02:19.7404756Z  * [new branch]        agent/star-trek-cadmar-media-product-v1 -> origin/agent/star-trek-cadmar-media-product-v1
take-first-and-only-benbassat-lease	Run actions/checkout@v4	2026-08-24T21:02:19.7405700Z  * [new branch]        agent/star-trek-cadmar-media-scout-v1 -> origin/agent/star-trek-cadmar-media-scout-v1
take-first-and-only-benbassat-lease	Run actions/checkout@v4	2026-08-24T21:02:19.7406462Z  * [new branch]        agent/star-trek-cadmar-media-scout-v2 -> origin/agent/star-trek-cadmar-media-scout-v2
take-first-and-only-benbassat-lease	Run actions/checkout@v4	2026-08-24T21:02:19.7407165Z  * [new branch]        agent/star-trek-cadmar-media-v1 -> origin/agent/star-trek-cadmar-media-v1
take-first-and-only-benbassat-lease	Run actions/checkout@v4	2026-08-24T21:02:19.7407897Z  * [new branch]        agent/star-trek-cadmar-monitor-result-v1 -> origin/agent/star-trek-cadmar-monitor-result-v1
take-first-and-only-benbassat-lease	Run actions/checkout@v4	2026-08-24T21:02:19.7408644Z  * [new branch]        agent/star-trek-cadmar-monitor-v1 -> origin/agent/star-trek-cadmar-monitor-v1
take-first-and-only-benbassat-lease	Run actions/checkout@v4	2026-08-24T21:02:19.7409502Z  * [new branch]        agent/star-trek-cadmar-program-diagnostic-locator-v1 -> origin/agent/star-trek-cadmar-program-diagnostic-locator-v1
take-first-and-only-benbassat-lease	Run actions/checkout@v4	2026-08-24T21:02:19.7410454Z  * [new branch]        agent/star-trek-cadmar-program-diagnostic-v1 -> origin/agent/star-trek-cadmar-program-diagnostic-v1
take-first-and-only-benbassat-lease	Run actions/checkout@v4	2026-08-24T21:02:19.7411331Z  * [new branch]        agent/star-trek-cadmar-program-recovery-v1 -> origin/agent/star-trek-cadmar-program-recovery-v1
take-first-and-only-benbassat-lease	Run actions/checkout@v4	2026-08-24T21:02:19.7412173Z  * [new branch]        agent/star-trek-cadmar-program-recovery-v2 -> origin/agent/star-trek-cadmar-program-recovery-v2
take-first-and-only-benbassat-lease	Run actions/checkout@v4	2026-08-24T21:02:19.7412979Z  * [new branch]        agent/star-trek-cadmar-source-probe-v1 -> origin/agent/star-trek-cadmar-source-probe-v1
take-first-and-only-benbassat-lease	Run actions/checkout@v4	2026-08-24T21:02:19.7413756Z  * [new branch]        agent/star-trek-cadmar-terminalizer-v1 -> origin/agent/star-trek-cadmar-terminalizer-v1
take-first-and-only-benbassat-lease	Run actions/checkout@v4	2026-08-24T21:02:19.7414765Z  * [new branch]        agent/star-trek-continuation-terminal-result-v1 -> origin/agent/star-trek-continuation-terminal-result-v1
take-first-and-only-benbassat-lease	Run actions/checkout@v4	2026-08-24T21:02:19.7415630Z  * [new branch]        agent/star-trek-continuation-terminal-v2 -> origin/agent/star-trek-continuation-terminal-v2
take-first-and-only-benbassat-lease	Run actions/checkout@v4	2026-08-24T21:02:19.7416435Z  * [new branch]        agent/star-trek-continuation-terminal-v3 -> origin/agent/star-trek-continuation-terminal-v3
take-first-and-only-benbassat-lease	Run actions/checkout@v4	2026-08-24T21:02:19.7417384Z  * [new branch]        agent/star-trek-continuation-terminal-v4 -> origin/agent/star-trek-continuation-terminal-v4
take-first-and-only-benbassat-lease	Run actions/checkout@v4	2026-08-24T21:02:19.7418219Z  * [new branch]        agent/star-trek-continuation-terminalizer-v2 -> origin/agent/star-trek-continuation-terminalizer-v2
take-first-and-only-benbassat-lease	Run actions/checkout@v4	2026-08-24T21:02:19.7419098Z  * [new branch]        agent/star-trek-continuation-workflow-lint-v1 -> origin/agent/star-trek-continuation-workflow-lint-v1
take-first-and-only-benbassat-lease	Run actions/checkout@v4	2026-08-24T21:02:19.7419914Z  * [new branch]        agent/star-trek-curzon-media-prep-v1 -> origin/agent/star-trek-curzon-media-prep-v1
take-first-and-only-benbassat-lease	Run actions/checkout@v4	2026-08-24T21:02:19.7420689Z  * [new branch]        agent/star-trek-cycle-recovery-result-v1 -> origin/agent/star-trek-cycle-recovery-result-v1
take-first-and-only-benbassat-lease	Run actions/checkout@v4	2026-08-24T21:02:19.7421471Z  * [new branch]        agent/star-trek-cycle-retry-result-v1 -> origin/agent/star-trek-cycle-retry-result-v1
take-first-and-only-benbassat-lease	Run actions/checkout@v4	2026-08-24T21:02:19.7422283Z  * [new branch]        agent/star-trek-cycle-terminal-diagnostic-v1 -> origin/agent/star-trek-cycle-terminal-diagnostic-v1
take-first-and-only-benbassat-lease	Run actions/checkout@v4	2026-08-24T21:02:19.7423191Z  * [new branch]        agent/star-trek-doohan-rail-custodian-result-v2 -> origin/agent/star-trek-doohan-rail-custodian-result-v2
take-first-and-only-benbassat-lease	Run actions/checkout@v4	2026-08-24T21:02:19.7424179Z  * [new branch]        agent/star-trek-doohan-rail-custodian-v2 -> origin/agent/star-trek-doohan-rail-custodian-v2
take-first-and-only-benbassat-lease	Run actions/checkout@v4	2026-08-24T21:02:19.7424972Z  * [new branch]        agent/star-trek-enwright-completion -> origin/agent/star-trek-enwright-completion
take-first-and-only-benbassat-lease	Run actions/checkout@v4	2026-08-24T21:02:19.7425677Z  * [new branch]        agent/star-trek-ferengi-gold -> origin/agent/star-trek-ferengi-gold
take-first-and-only-benbassat-lease	Run actions/checkout@v4	2026-08-24T21:02:19.7426325Z  * [new branch]        agent/star-trek-gold-completion -> origin/agent/star-trek-gold-completion
take-first-and-only-benbassat-lease	Run actions/checkout@v4	2026-08-24T21:02:19.7426977Z  * [new branch]        agent/star-trek-gold-operator -> origin/agent/star-trek-gold-operator
take-first-and-only-benbassat-lease	Run actions/checkout@v4	2026-08-24T21:02:19.7427826Z  * [new branch]        agent/star-trek-kukulkan-custody-diagnostic-result-v1 -> origin/agent/star-trek-kukulkan-custody-diagnostic-result-v1
take-first-and-only-benbassat-lease	Run actions/checkout@v4	2026-08-24T21:02:19.7428854Z  * [new branch]        agent/star-trek-kukulkan-execution-custody-result-v1 -> origin/agent/star-trek-kukulkan-execution-custody-result-v1
take-first-and-only-benbassat-lease	Run actions/checkout@v4	2026-08-24T21:02:19.7430081Z  * [new branch]        agent/star-trek-kzinti-controller-text-export-v1 -> origin/agent/star-trek-kzinti-controller-text-export-v1
take-first-and-only-benbassat-lease	Run actions/checkout@v4	2026-08-24T21:02:19.7431009Z  * [new branch]        agent/star-trek-kzinti-controller-text-result-v1 -> origin/agent/star-trek-kzinti-controller-text-result-v1
take-first-and-only-benbassat-lease	Run actions/checkout@v4	2026-08-24T21:02:19.7431971Z  * [new branch]        agent/star-trek-lwaxana-rejection-terminal-result-v1 -> origin/agent/star-trek-lwaxana-rejection-terminal-result-v1
take-first-and-only-benbassat-lease	Run actions/checkout@v4	2026-08-24T21:02:19.7432866Z  * [new branch]        agent/star-trek-media-debt-closure-002 -> origin/agent/star-trek-media-debt-closure-002
take-first-and-only-benbassat-lease	Run actions/checkout@v4	2026-08-24T21:02:19.7433632Z  * [new branch]        agent/star-trek-media-debt-closure-003 -> origin/agent/star-trek-media-debt-closure-003
take-first-and-only-benbassat-lease	Run actions/checkout@v4	2026-08-24T21:02:19.7434583Z  * [new branch]        agent/star-trek-next-boundary-inspector-v1 -> origin/agent/star-trek-next-boundary-inspector-v1
take-first-and-only-benbassat-lease	Run actions/checkout@v4	2026-08-24T21:02:19.7435424Z  * [new branch]        agent/star-trek-next-boundary-result-v1 -> origin/agent/star-trek-next-boundary-result-v1
take-first-and-only-benbassat-lease	Run actions/checkout@v4	2026-08-24T21:02:19.7436221Z  * [new branch]        agent/star-trek-next-bounded-cycle-claim -> origin/agent/star-trek-next-bounded-cycle-claim
take-first-and-only-benbassat-lease	Run actions/checkout@v4	2026-08-24T21:02:19.7436947Z  * [new branch]        agent/star-trek-population-001 -> origin/agent/star-trek-population-001
take-first-and-only-benbassat-lease	Run actions/checkout@v4	2026-08-24T21:02:19.7437593Z  * [new branch]        agent/star-trek-population-002 -> origin/agent/star-trek-population-002
take-first-and-only-benbassat-lease	Run actions/checkout@v4	2026-08-24T21:02:19.7438306Z  * [new branch]        agent/star-trek-post-benbassat-next-v1 -> origin/agent/star-trek-post-benbassat-next-v1
take-first-and-only-benbassat-lease	Run actions/checkout@v4	2026-08-24T21:02:19.7439127Z  * [new branch]        agent/star-trek-post-kzinti-continuation-v1 -> origin/agent/star-trek-post-kzinti-continuation-v1
take-first-and-only-benbassat-lease	Run actions/checkout@v4	2026-08-24T21:02:19.7439992Z  * [new branch]        agent/star-trek-post-kzinti-continuation-v2 -> origin/agent/star-trek-post-kzinti-continuation-v2
take-first-and-only-benbassat-lease	Run actions/checkout@v4	2026-08-24T21:02:19.7440847Z  * [new branch]        agent/star-trek-post-kzinti-doohan-probe-v1 -> origin/agent/star-trek-post-kzinti-doohan-probe-v1
take-first-and-only-benbassat-lease	Run actions/checkout@v4	2026-08-24T21:02:19.7441895Z  * [new branch]        agent/star-trek-post-lorot-continuation-result-v1 -> origin/agent/star-trek-post-lorot-continuation-result-v1
take-first-and-only-benbassat-lease	Run actions/checkout@v4	2026-08-24T21:02:19.7442858Z  * [new branch]        agent/star-trek-post-lorot-terminalizer-status-v1 -> origin/agent/star-trek-post-lorot-terminalizer-status-v1
take-first-and-only-benbassat-lease	Run actions/checkout@v4	2026-08-24T21:02:19.7444145Z  * [new branch]        agent/star-trek-post-lwaxana-rejection-continuation-result-v1 -> origin/agent/star-trek-post-lwaxana-rejection-continuation-result-v1
take-first-and-only-benbassat-lease	Run actions/checkout@v4	2026-08-24T21:02:19.7445128Z  * [new branch]        agent/star-trek-queen-hearts-cycle-v1 -> origin/agent/star-trek-queen-hearts-cycle-v1
take-first-and-only-benbassat-lease	Run actions/checkout@v4	2026-08-24T21:02:19.7445945Z  * [new branch]        agent/star-trek-queen-hearts-media-result-v1 -> origin/agent/star-trek-queen-hearts-media-result-v1
take-first-and-only-benbassat-lease	Run actions/checkout@v4	2026-08-24T21:02:19.7446751Z  * [new branch]        agent/star-trek-queen-hearts-media-v1 -> origin/agent/star-trek-queen-hearts-media-v1
take-first-and-only-benbassat-lease	Run actions/checkout@v4	2026-08-24T21:02:19.7447527Z  * [new branch]        agent/star-trek-queen-hearts-source-v1 -> origin/agent/star-trek-queen-hearts-source-v1
take-first-and-only-benbassat-lease	Run actions/checkout@v4	2026-08-24T21:02:19.7448304Z  * [new branch]        agent/star-trek-queen-hearts-source-v10 -> origin/agent/star-trek-queen-hearts-source-v10
take-first-and-only-benbassat-lease	Run actions/checkout@v4	2026-08-24T21:02:19.7449098Z  * [new branch]        agent/star-trek-queen-hearts-source-v11 -> origin/agent/star-trek-queen-hearts-source-v11
take-first-and-only-benbassat-lease	Run actions/checkout@v4	2026-08-24T21:02:19.7449874Z  * [new branch]        agent/star-trek-queen-hearts-source-v12 -> origin/agent/star-trek-queen-hearts-source-v12
take-first-and-only-benbassat-lease	Run actions/checkout@v4	2026-08-24T21:02:19.7450646Z  * [new branch]        agent/star-trek-queen-hearts-source-v13 -> origin/agent/star-trek-queen-hearts-source-v13
take-first-and-only-benbassat-lease	Run actions/checkout@v4	2026-08-24T21:02:19.7451430Z  * [new branch]        agent/star-trek-queen-hearts-source-v14 -> origin/agent/star-trek-queen-hearts-source-v14
take-first-and-only-benbassat-lease	Run actions/checkout@v4	2026-08-24T21:02:19.7452213Z  * [new branch]        agent/star-trek-queen-hearts-source-v15 -> origin/agent/star-trek-queen-hearts-source-v15
take-first-and-only-benbassat-lease	Run actions/checkout@v4	2026-08-24T21:02:19.7453205Z  * [new branch]        agent/star-trek-queen-hearts-source-v2 -> origin/agent/star-trek-queen-hearts-source-v2
take-first-and-only-benbassat-lease	Run actions/checkout@v4	2026-08-24T21:02:19.7454161Z  * [new branch]        agent/star-trek-queen-hearts-source-v3 -> origin/agent/star-trek-queen-hearts-source-v3
take-first-and-only-benbassat-lease	Run actions/checkout@v4	2026-08-24T21:02:19.7454932Z  * [new branch]        agent/star-trek-queen-hearts-source-v4 -> origin/agent/star-trek-queen-hearts-source-v4
take-first-and-only-benbassat-lease	Run actions/checkout@v4	2026-08-24T21:02:19.7455696Z  * [new branch]        agent/star-trek-queen-hearts-source-v5 -> origin/agent/star-trek-queen-hearts-source-v5
take-first-and-only-benbassat-lease	Run actions/checkout@v4	2026-08-24T21:02:19.7456468Z  * [new branch]        agent/star-trek-queen-hearts-source-v6 -> origin/agent/star-trek-queen-hearts-source-v6
take-first-and-only-benbassat-lease	Run actions/checkout@v4	2026-08-24T21:02:19.7457244Z  * [new branch]        agent/star-trek-queen-hearts-source-v7 -> origin/agent/star-trek-queen-hearts-source-v7
take-first-and-only-benbassat-lease	Run actions/checkout@v4	2026-08-24T21:02:19.7457998Z  * [new branch]        agent/star-trek-queen-hearts-source-v8 -> origin/agent/star-trek-queen-hearts-source-v8
take-first-and-only-benbassat-lease	Run actions/checkout@v4	2026-08-24T21:02:19.7458752Z  * [new branch]        agent/star-trek-queen-hearts-source-v9 -> origin/agent/star-trek-queen-hearts-source-v9
take-first-and-only-benbassat-lease	Run actions/checkout@v4	2026-08-24T21:02:19.7459622Z  * [new branch]        agent/star-trek-queen-of-hearts-source-media-v1 -> origin/agent/star-trek-queen-of-hearts-source-media-v1
take-first-and-only-benbassat-lease	Run actions/checkout@v4	2026-08-24T21:02:19.7460477Z  * [new branch]        agent/star-trek-rolling-continuation-v1 -> origin/agent/star-trek-rolling-continuation-v1
take-first-and-only-benbassat-lease	Run actions/checkout@v4	2026-08-24T21:02:19.7461294Z  * [new branch]        agent/star-trek-rolling-terminal-result-v1 -> origin/agent/star-trek-rolling-terminal-result-v1
take-first-and-only-benbassat-lease	Run actions/checkout@v4	2026-08-24T21:02:19.7462062Z  * [new branch]        agent/supervise-star-trek-cycle-v1 -> origin/agent/supervise-star-trek-cycle-v1
take-first-and-only-benbassat-lease	Run actions/checkout@v4	2026-08-24T21:02:19.7462773Z  * [new branch]        agent/thesis-continuation-rails-v1 -> origin/agent/thesis-continuation-rails-v1
take-first-and-only-benbassat-lease	Run actions/checkout@v4	2026-08-24T21:02:19.7463396Z  * [new branch]        agent/trek-cycle-001        -> origin/agent/trek-cycle-001
take-first-and-only-benbassat-lease	Run actions/checkout@v4	2026-08-24T21:02:19.7464122Z  * [new branch]        agent/trek-cycle-001-success -> origin/agent/trek-cycle-001-success
take-first-and-only-benbassat-lease	Run actions/checkout@v4	2026-08-24T21:02:19.7464957Z  * [new branch]        agent/trek-media-baseline-closure -> origin/agent/trek-media-baseline-closure
take-first-and-only-benbassat-lease	Run actions/checkout@v4	2026-08-24T21:02:19.7465734Z  * [new branch]        agent/trigger-ux-02-dec0016-launch -> origin/agent/trigger-ux-02-dec0016-launch
take-first-and-only-benbassat-lease	Run actions/checkout@v4	2026-08-24T21:02:19.7466421Z  * [new branch]        agent/ux-01-context-compatibility -> origin/agent/ux-01-context-compatibility
take-first-and-only-benbassat-lease	Run actions/checkout@v4	2026-08-24T21:02:19.7467054Z  * [new branch]        agent/ux-01-source-extract  -> origin/agent/ux-01-source-extract
take-first-and-only-benbassat-lease	Run actions/checkout@v4	2026-08-24T21:02:19.7467693Z  * [new branch]        agent/ux-02-dec0016-carrier-stage-2 -> origin/agent/ux-02-dec0016-carrier-stage-2
take-first-and-only-benbassat-lease	Run actions/checkout@v4	2026-08-24T21:02:19.7468392Z  * [new branch]        agent/ux-02-dec0016-checkout-export -> origin/agent/ux-02-dec0016-checkout-export
take-first-and-only-benbassat-lease	Run actions/checkout@v4	2026-08-24T21:02:19.7469030Z  * [new branch]        agent/ux-02-dec0016-compose -> origin/agent/ux-02-dec0016-compose
take-first-and-only-benbassat-lease	Run actions/checkout@v4	2026-08-24T21:02:19.7469590Z  * [new branch]        agent/ux-02-dec0016-execute -> origin/agent/ux-02-dec0016-execute
take-first-and-only-benbassat-lease	Run actions/checkout@v4	2026-08-24T21:02:19.7470258Z  * [new branch]        agent/ux-02-dec0016-final-materializer -> origin/agent/ux-02-dec0016-final-materializer
take-first-and-only-benbassat-lease	Run actions/checkout@v4	2026-08-24T21:02:19.7470945Z  * [new branch]        agent/ux-02-dec0016-kick-main -> origin/agent/ux-02-dec0016-kick-main
take-first-and-only-benbassat-lease	Run actions/checkout@v4	2026-08-24T21:02:19.7471609Z  * [new branch]        agent/ux-02-dec0016-launcher-cleanup -> origin/agent/ux-02-dec0016-launcher-cleanup
take-first-and-only-benbassat-lease	Run actions/checkout@v4	2026-08-24T21:02:19.7472301Z  * [new branch]        agent/ux-02-dec0016-launcher-main -> origin/agent/ux-02-dec0016-launcher-main
take-first-and-only-benbassat-lease	Run actions/checkout@v4	2026-08-24T21:02:19.7472960Z  * [new branch]        agent/ux-02-dec0016-merge-sha-fix -> origin/agent/ux-02-dec0016-merge-sha-fix
take-first-and-only-benbassat-lease	Run actions/checkout@v4	2026-08-24T21:02:19.7473627Z  * [new branch]        agent/ux-02-dec0016-policy-inline -> origin/agent/ux-02-dec0016-policy-inline
take-first-and-only-benbassat-lease	Run actions/checkout@v4	2026-08-24T21:02:19.7474464Z  * [new branch]        agent/ux-02-dec0016-policy-writer -> origin/agent/ux-02-dec0016-policy-writer
take-first-and-only-benbassat-lease	Run actions/checkout@v4	2026-08-24T21:02:19.7475180Z  * [new branch]        agent/ux-02-dec0016-pr-launcher-config -> origin/agent/ux-02-dec0016-pr-launcher-config
take-first-and-only-benbassat-lease	Run actions/checkout@v4	2026-08-24T21:02:19.7476060Z  * [new branch]        agent/ux-02-dec0016-pr-target -> origin/agent/ux-02-dec0016-pr-target
take-first-and-only-benbassat-lease	Run actions/checkout@v4	2026-08-24T21:02:19.7476684Z  * [new branch]        agent/ux-02-dec0016-pr305-guard -> origin/agent/ux-02-dec0016-pr305-guard
take-first-and-only-benbassat-lease	Run actions/checkout@v4	2026-08-24T21:02:19.7477388Z  * [new branch]        agent/ux-02-dec0016-precheckout-receipt -> origin/agent/ux-02-dec0016-precheckout-receipt
take-first-and-only-benbassat-lease	Run actions/checkout@v4	2026-08-24T21:02:19.7478101Z  * [new branch]        agent/ux-02-dec0016-push-receipt -> origin/agent/ux-02-dec0016-push-receipt
take-first-and-only-benbassat-lease	Run actions/checkout@v4	2026-08-24T21:02:19.7478724Z  * [new branch]        agent/ux-02-dec0016-receipts -> origin/agent/ux-02-dec0016-receipts
take-first-and-only-benbassat-lease	Run actions/checkout@v4	2026-08-24T21:02:19.7479380Z  * [new branch]        agent/ux-02-dec0016-registered-route -> origin/agent/ux-02-dec0016-registered-route
take-first-and-only-benbassat-lease	Run actions/checkout@v4	2026-08-24T21:02:19.7480055Z  * [new branch]        agent/ux-02-dec0016-runid-guard -> origin/agent/ux-02-dec0016-runid-guard
take-first-and-only-benbassat-lease	Run actions/checkout@v4	2026-08-24T21:02:19.7480692Z  * [new branch]        agent/ux-02-dec0016-workflow-run -> origin/agent/ux-02-dec0016-workflow-run
take-first-and-only-benbassat-lease	Run actions/checkout@v4	2026-08-24T21:02:19.7481633Z  * [new branch]        agent/ux-02-dec0016-writer-body -> origin/agent/ux-02-dec0016-writer-body
take-first-and-only-benbassat-lease	Run actions/checkout@v4	2026-08-24T21:02:19.7499108Z  * [new branch]        agent/ux-02-decision-receipt-fix -> origin/agent/ux-02-decision-receipt-fix
take-first-and-only-benbassat-lease	Run actions/checkout@v4	2026-08-24T21:02:19.7499991Z  * [new branch]        agent/ux-02-navigation-continuity-dec0015-v2 -> origin/agent/ux-02-navigation-continuity-dec0015-v2
take-first-and-only-benbassat-lease	Run actions/checkout@v4	2026-08-24T21:02:19.7500781Z  * [new branch]        agent/ux-02-navigation-parity -> origin/agent/ux-02-navigation-parity
take-first-and-only-benbassat-lease	Run actions/checkout@v4	2026-08-24T21:02:19.7501452Z  * [new branch]        agent/ux-02-qualified-product-4fe -> origin/agent/ux-02-qualified-product-4fe
take-first-and-only-benbassat-lease	Run actions/checkout@v4	2026-08-24T21:02:19.7502164Z  * [new branch]        agent/ux-02-qualified-source-export -> origin/agent/ux-02-qualified-source-export
take-first-and-only-benbassat-lease	Run actions/checkout@v4	2026-08-24T21:02:19.7502902Z  * [new branch]        agent/ux-02-semantic-script-export -> origin/agent/ux-02-semantic-script-export
take-first-and-only-benbassat-lease	Run actions/checkout@v4	2026-08-24T21:02:19.7503552Z  * [new branch]        agent/ux-02-visual-recovery -> origin/agent/ux-02-visual-recovery
take-first-and-only-benbassat-lease	Run actions/checkout@v4	2026-08-24T21:02:19.7504649Z  * [new branch]        agent/ux-02a-archive-materializer -> origin/agent/ux-02a-archive-materializer
take-first-and-only-benbassat-lease	Run actions/checkout@v4	2026-08-24T21:02:19.7505353Z  * [new branch]        agent/ux-02a-current-main-product -> origin/agent/ux-02a-current-main-product
take-first-and-only-benbassat-lease	Run actions/checkout@v4	2026-08-24T21:02:19.7506029Z  * [new branch]        agent/ux-02a-review-carrier-v2 -> origin/agent/ux-02a-review-carrier-v2
take-first-and-only-benbassat-lease	Run actions/checkout@v4	2026-08-24T21:02:19.7506678Z  * [new branch]        agent/ux-02a-script-runner  -> origin/agent/ux-02a-script-runner
take-first-and-only-benbassat-lease	Run actions/checkout@v4	2026-08-24T21:02:19.7507265Z  * [new branch]        agent/ux-03-mobile-density  -> origin/agent/ux-03-mobile-density
take-first-and-only-benbassat-lease	Run actions/checkout@v4	2026-08-24T21:02:19.7507864Z  * [new branch]        agent/ux-03-post-merge-proof -> origin/agent/ux-03-post-merge-proof
take-first-and-only-benbassat-lease	Run actions/checkout@v4	2026-08-24T21:02:19.7508494Z  * [new branch]        agent/ux-04-makers-discovery -> origin/agent/ux-04-makers-discovery
take-first-and-only-benbassat-lease	Run actions/checkout@v4	2026-08-24T21:02:19.7509150Z  * [new branch]        agent/ux-nav-materializer-export -> origin/agent/ux-nav-materializer-export
take-first-and-only-benbassat-lease	Run actions/checkout@v4	2026-08-24T21:02:19.7509827Z  * [new branch]        agent/ux-nav-noscript-export -> origin/agent/ux-nav-noscript-export
take-first-and-only-benbassat-lease	Run actions/checkout@v4	2026-08-24T21:02:19.7510493Z  * [new branch]        agent/ux-nav-noscript-fix-carrier -> origin/agent/ux-nav-noscript-fix-carrier
take-first-and-only-benbassat-lease	Run actions/checkout@v4	2026-08-24T21:02:19.7511158Z  * [new branch]        agent/ux-nav-review-release-v2 -> origin/agent/ux-nav-review-release-v2
take-first-and-only-benbassat-lease	Run actions/checkout@v4	2026-08-24T21:02:19.7511825Z  * [new branch]        agent/ux02a-carrier-sync-trigger -> origin/agent/ux02a-carrier-sync-trigger
take-first-and-only-benbassat-lease	Run actions/checkout@v4	2026-08-24T21:02:19.7512520Z  * [new branch]        agent/ux02a-carrier-sync-trigger-v2 -> origin/agent/ux02a-carrier-sync-trigger-v2
take-first-and-only-benbassat-lease	Run actions/checkout@v4	2026-08-24T21:02:19.7513232Z  * [new branch]        agent/ux02a-contract-repair-export -> origin/agent/ux02a-contract-repair-export
take-first-and-only-benbassat-lease	Run actions/checkout@v4	2026-08-24T21:02:19.7514050Z  * [new branch]        agent/ux02a-current-main-export -> origin/agent/ux02a-current-main-export
take-first-and-only-benbassat-lease	Run actions/checkout@v4	2026-08-24T21:02:19.7514739Z  * [new branch]        agent/ux02a-current-main-trigger -> origin/agent/ux02a-current-main-trigger
take-first-and-only-benbassat-lease	Run actions/checkout@v4	2026-08-24T21:02:19.7515561Z  * [new branch]        agent/ux02a-main-push-installer -> origin/agent/ux02a-main-push-installer
take-first-and-only-benbassat-lease	Run actions/checkout@v4	2026-08-24T21:02:19.7516186Z  * [new branch]        agent/ux02a-policy-export   -> origin/agent/ux02a-policy-export
take-first-and-only-benbassat-lease	Run actions/checkout@v4	2026-08-24T21:02:19.7516784Z  * [new branch]        agent/ux02a-push-trigger-2  -> origin/agent/ux02a-push-trigger-2
take-first-and-only-benbassat-lease	Run actions/checkout@v4	2026-08-24T21:02:19.7517579Z  * [new branch]        agent/verify-doctor-who-legacy-ref-neutralization -> origin/agent/verify-doctor-who-legacy-ref-neutralization
take-first-and-only-benbassat-lease	Run actions/checkout@v4	2026-08-24T21:02:19.7518616Z  * [new branch]        agent/verify-doctor-who-legacy-ref-neutralization-v2 -> origin/agent/verify-doctor-who-legacy-ref-neutralization-v2
take-first-and-only-benbassat-lease	Run actions/checkout@v4	2026-08-24T21:02:19.7519520Z  * [new branch]        agent/verify-terminal-closure-7f6140 -> origin/agent/verify-terminal-closure-7f6140
take-first-and-only-benbassat-lease	Run actions/checkout@v4	2026-08-24T21:02:19.7520252Z  * [new branch]        chore/reconcile-waterline-handoff -> origin/chore/reconcile-waterline-handoff
take-first-and-only-benbassat-lease	Run actions/checkout@v4	2026-08-24T21:02:19.7520831Z  * [new branch]        main                        -> origin/main
take-first-and-only-benbassat-lease	Run actions/checkout@v4	2026-08-24T21:02:19.7521547Z  * [new branch]        observer/cycle012-senstarg-candidate-transition-v1 -> origin/observer/cycle012-senstarg-candidate-transition-v1
take-first-and-only-benbassat-lease	Run actions/checkout@v4	2026-08-24T21:02:19.7522483Z  * [new branch]        observer/cycle012-senstarg-review-transition-v1 -> origin/observer/cycle012-senstarg-review-transition-v1
take-first-and-only-benbassat-lease	Run actions/checkout@v4	2026-08-24T21:02:19.7523393Z  * [new branch]        probe-doctor-who-cycle-015-finalize-20260812 -> origin/probe-doctor-who-cycle-015-finalize-20260812
take-first-and-only-benbassat-lease	Run actions/checkout@v4	2026-08-24T21:02:19.7524398Z  * [new branch]        probe-doctor-who-next-candidate-20260812 -> origin/probe-doctor-who-next-candidate-20260812
take-first-and-only-benbassat-lease	Run actions/checkout@v4	2026-08-24T21:02:19.7525207Z  * [new branch]        probe-pages-cycle-015-deploy-20260812 -> origin/probe-pages-cycle-015-deploy-20260812
take-first-and-only-benbassat-lease	Run actions/checkout@v4	2026-08-24T21:02:19.7525935Z  * [new branch]        probe-release-tool-do-not-use -> origin/probe-release-tool-do-not-use
take-first-and-only-benbassat-lease	Run actions/checkout@v4	2026-08-24T21:02:19.7526666Z  * [new branch]        repair/cycle012-senstarg-candidate-env -> origin/repair/cycle012-senstarg-candidate-env
take-first-and-only-benbassat-lease	Run actions/checkout@v4	2026-08-24T21:02:19.7527561Z  * [new tag]           archive/agent/dec0010-site-tokens-spark -> archive/agent/dec0010-site-tokens-spark
take-first-and-only-benbassat-lease	Run actions/checkout@v4	2026-08-24T21:02:19.7528289Z  * [new tag]           archive/agent/dec0011-cross-platform-gate -> archive/agent/dec0011-cross-platform-gate
take-first-and-only-benbassat-lease	Run actions/checkout@v4	2026-08-24T21:02:19.7528997Z  * [new tag]           archive/agent/ds9-decision-authoring -> archive/agent/ds9-decision-authoring
take-first-and-only-benbassat-lease	Run actions/checkout@v4	2026-08-24T21:02:19.7529703Z  * [new tag]           archive/agent/five-year-operating-system -> archive/agent/five-year-operating-system
take-first-and-only-benbassat-lease	Run actions/checkout@v4	2026-08-24T21:02:19.7530344Z  * [new tag]           archive/agent/luna-autopilot -> archive/agent/luna-autopilot
take-first-and-only-benbassat-lease	Run actions/checkout@v4	2026-08-24T21:02:19.7530940Z  * [new tag]           archive/agent/pr55-semantic-review -> archive/agent/pr55-semantic-review
take-first-and-only-benbassat-lease	Run actions/checkout@v4	2026-08-24T21:02:19.7531572Z  * [new tag]           archive/agent/preservation-rescue -> archive/agent/preservation-rescue
take-first-and-only-benbassat-lease	Run actions/checkout@v4	2026-08-24T21:02:19.7532204Z  * [new tag]           archive/agent/star-trek-media-audit -> archive/agent/star-trek-media-audit
take-first-and-only-benbassat-lease	Run actions/checkout@v4	2026-08-24T21:02:19.7532888Z  * [new tag]           archive/agent/trek-exact-subject-audit -> archive/agent/trek-exact-subject-audit
take-first-and-only-benbassat-lease	Run actions/checkout@v4	2026-08-24T21:02:19.7533601Z  * [new tag]           archive/agent/trusted-foundation-receipt -> archive/agent/trusted-foundation-receipt
take-first-and-only-benbassat-lease	Run actions/checkout@v4	2026-08-24T21:02:19.7534482Z  * [new tag]           archive/chore/remove-promotion-scaffolding -> archive/chore/remove-promotion-scaffolding
take-first-and-only-benbassat-lease	Run actions/checkout@v4	2026-08-24T21:02:19.7535201Z  * [new tag]           archive/claude/coding-session-1u1llu -> archive/claude/coding-session-1u1llu
take-first-and-only-benbassat-lease	Run actions/checkout@v4	2026-08-24T21:02:19.7535831Z  * [new tag]           archive/claude/decision-tooling -> archive/claude/decision-tooling
take-first-and-only-benbassat-lease	Run actions/checkout@v4	2026-08-24T21:02:19.7536383Z  * [new tag]           archive/claude/ds9-census   -> archive/claude/ds9-census
take-first-and-only-benbassat-lease	Run actions/checkout@v4	2026-08-24T21:02:19.7536918Z  * [new tag]           archive/claude/ds9-eligibility -> archive/claude/ds9-eligibility
take-first-and-only-benbassat-lease	Run actions/checkout@v4	2026-08-24T21:02:19.7537528Z  * [new tag]           archive/claude/ds9-maker-attribution -> archive/claude/ds9-maker-attribution
take-first-and-only-benbassat-lease	Run actions/checkout@v4	2026-08-24T21:02:19.7538305Z  * [new tag]           archive/claude/final-task-2vmzpr -> archive/claude/final-task-2vmzpr
take-first-and-only-benbassat-lease	Run actions/checkout@v4	2026-08-24T21:02:19.7538937Z  * [new tag]           archive/claude/fix-projection-drift -> archive/claude/fix-projection-drift
take-first-and-only-benbassat-lease	Run actions/checkout@v4	2026-08-24T21:02:19.7539558Z  * [new tag]           archive/claude/full-canon-census -> archive/claude/full-canon-census
take-first-and-only-benbassat-lease	Run actions/checkout@v4	2026-08-24T21:02:19.7540139Z  * [new tag]           archive/claude/homepage-flip -> archive/claude/homepage-flip
take-first-and-only-benbassat-lease	Run actions/checkout@v4	2026-08-24T21:02:19.7540734Z  * [new tag]           archive/claude/product-constitution -> archive/claude/product-constitution
take-first-and-only-benbassat-lease	Run actions/checkout@v4	2026-08-24T21:02:19.7541403Z  * [new tag]           archive/claude/retire-comparison-seam -> archive/claude/retire-comparison-seam
take-first-and-only-benbassat-lease	Run actions/checkout@v4	2026-08-24T21:02:19.7542052Z  * [new tag]           archive/claude/work-review-ex7ape -> archive/claude/work-review-ex7ape
take-first-and-only-benbassat-lease	Run actions/checkout@v4	2026-08-24T21:02:19.7542665Z  * [new tag]           archive/codex/a11y-durable-records -> archive/codex/a11y-durable-records
take-first-and-only-benbassat-lease	Run actions/checkout@v4	2026-08-24T21:02:19.7543261Z  * [new tag]           archive/codex/archive-contract -> archive/codex/archive-contract
take-first-and-only-benbassat-lease	Run actions/checkout@v4	2026-08-24T21:02:19.7543856Z  * [new tag]           archive/codex/constellation-graph -> archive/codex/constellation-graph
take-first-and-only-benbassat-lease	Run actions/checkout@v4	2026-08-24T21:02:19.7544698Z  * [new tag]           archive/codex/constellations-contextual-nav -> archive/codex/constellations-contextual-nav
take-first-and-only-benbassat-lease	Run actions/checkout@v4	2026-08-24T21:02:19.7545459Z  * [new tag]           archive/codex/enforce-real-image-policy -> archive/codex/enforce-real-image-policy
take-first-and-only-benbassat-lease	Run actions/checkout@v4	2026-08-24T21:02:19.7546136Z  * [new tag]           archive/codex/ferengi-completeness -> archive/codex/ferengi-completeness
take-first-and-only-benbassat-lease	Run actions/checkout@v4	2026-08-24T21:02:19.7546760Z  * [new tag]           archive/codex/fix-comparison-wipe -> archive/codex/fix-comparison-wipe
take-first-and-only-benbassat-lease	Run actions/checkout@v4	2026-08-24T21:02:19.7547348Z  * [new tag]           archive/codex/franchise-census -> archive/codex/franchise-census
take-first-and-only-benbassat-lease	Run actions/checkout@v4	2026-08-24T21:02:19.7547979Z  * [new tag]           archive/codex/full-rendered-site-audit -> archive/codex/full-rendered-site-audit
take-first-and-only-benbassat-lease	Run actions/checkout@v4	2026-08-24T21:02:19.7548624Z  * [new tag]           archive/codex/image-focus-pass -> archive/codex/image-focus-pass
take-first-and-only-benbassat-lease	Run actions/checkout@v4	2026-08-24T21:02:19.7549366Z  * [new tag]           archive/codex/morn-face-alignment -> archive/codex/morn-face-alignment
take-first-and-only-benbassat-lease	Run actions/checkout@v4	2026-08-24T21:02:19.7550096Z  * [new tag]           archive/codex/photos-changelings-placeholders -> archive/codex/photos-changelings-placeholders
take-first-and-only-benbassat-lease	Run actions/checkout@v4	2026-08-24T21:02:19.7550863Z  * [new tag]           archive/codex/polish-seams-correctness -> archive/codex/polish-seams-correctness
take-first-and-only-benbassat-lease	Run actions/checkout@v4	2026-08-24T21:02:19.7551499Z  * [new tag]           archive/codex/recognition-wipe -> archive/codex/recognition-wipe
take-first-and-only-benbassat-lease	Run actions/checkout@v4	2026-08-24T21:02:19.7552051Z  * [new tag]           archive/codex/roster-quality -> archive/codex/roster-quality
take-first-and-only-benbassat-lease	Run actions/checkout@v4	2026-08-24T21:02:19.7552574Z  * [new tag]           archive/codex/site-cohesion -> archive/codex/site-cohesion
take-first-and-only-benbassat-lease	Run actions/checkout@v4	2026-08-24T21:02:19.7553246Z  * [new tag]           archive/codex/species-navigation-visual-audit -> archive/codex/species-navigation-visual-audit
take-first-and-only-benbassat-lease	Run actions/checkout@v4	2026-08-24T21:02:19.7554003Z  * [new tag]           media-0001                  -> media-0001
take-first-and-only-benbassat-lease	Run actions/checkout@v4	2026-08-24T21:02:19.7554437Z  * [new tag]           media-0002                  -> media-0002
take-first-and-only-benbassat-lease	Run actions/checkout@v4	2026-08-24T21:02:19.7554842Z  * [new tag]           media-0003                  -> media-0003
take-first-and-only-benbassat-lease	Run actions/checkout@v4	2026-08-24T21:02:19.7555364Z  * [new tag]           preservation-20260721-3bbec746c478 -> preservation-20260721-3bbec746c478
take-first-and-only-benbassat-lease	Run actions/checkout@v4	2026-08-24T21:02:19.7555998Z  * [new tag]           preservation-20260721-8f2983cf8939 -> preservation-20260721-8f2983cf8939
take-first-and-only-benbassat-lease	Run actions/checkout@v4	2026-08-24T21:02:19.7556630Z  * [new tag]           preservation-20260721-b093da64e587 -> preservation-20260721-b093da64e587
take-first-and-only-benbassat-lease	Run actions/checkout@v4	2026-08-24T21:02:19.7557264Z  * [new tag]           preservation-20260721-ee99b91913c6 -> preservation-20260721-ee99b91913c6
take-first-and-only-benbassat-lease	Run actions/checkout@v4	2026-08-24T21:02:19.7557901Z  * [new tag]           preservation-20260801-7054b6e620ee -> preservation-20260801-7054b6e620ee
take-first-and-only-benbassat-lease	Run actions/checkout@v4	2026-08-24T21:02:19.7558520Z  * [new tag]           preservation-20260801-788af7e3ad7f -> preservation-20260801-788af7e3ad7f
take-first-and-only-benbassat-lease	Run actions/checkout@v4	2026-08-24T21:02:19.7559284Z  * [new tag]           preservation-20260801-9c5e814821eb -> preservation-20260801-9c5e814821eb
take-first-and-only-benbassat-lease	Run actions/checkout@v4	2026-08-24T21:02:19.7559914Z  * [new tag]           preservation-20260801-d723f84bc17a -> preservation-20260801-d723f84bc17a
take-first-and-only-benbassat-lease	Run actions/checkout@v4	2026-08-24T21:02:19.7560574Z  * [new tag]           preservation-doctor-who-169391a8bf64 -> preservation-doctor-who-169391a8bf64
take-first-and-only-benbassat-lease	Run actions/checkout@v4	2026-08-24T21:02:19.7562113Z [command]/usr/bin/git rev-parse --verify --quiet ed79424013b92460d16c01cad4e590eca01e6bff^{object}
take-first-and-only-benbassat-lease	Run actions/checkout@v4	2026-08-24T21:02:19.7562665Z ed79424013b92460d16c01cad4e590eca01e6bff
take-first-and-only-benbassat-lease	Run actions/checkout@v4	2026-08-24T21:02:19.7563511Z ##[endgroup]
take-first-and-only-benbassat-lease	Run actions/checkout@v4	2026-08-24T21:02:19.7564103Z ##[group]Determining the checkout info
take-first-and-only-benbassat-lease	Run actions/checkout@v4	2026-08-24T21:02:19.7564604Z ##[endgroup]
take-first-and-only-benbassat-lease	Run actions/checkout@v4	2026-08-24T21:02:19.7564887Z [command]/usr/bin/git sparse-checkout disable
take-first-and-only-benbassat-lease	Run actions/checkout@v4	2026-08-24T21:02:19.7565740Z [command]/usr/bin/git config --local --unset-all extensions.worktreeConfig
take-first-and-only-benbassat-lease	Run actions/checkout@v4	2026-08-24T21:02:19.7566693Z ##[group]Checking out the ref
take-first-and-only-benbassat-lease	Run actions/checkout@v4	2026-08-24T21:02:19.7567157Z [command]/usr/bin/git checkout --progress --force ed79424013b92460d16c01cad4e590eca01e6bff
take-first-and-only-benbassat-lease	Run actions/checkout@v4	2026-08-24T21:02:20.7002193Z Updating files:  50% (2196/4376)
take-first-and-only-benbassat-lease	Run actions/checkout@v4	2026-08-24T21:02:20.7103887Z Updating files:  51% (2232/4376)
take-first-and-only-benbassat-lease	Run actions/checkout@v4	2026-08-24T21:02:20.7176812Z Updating files:  52% (2276/4376)
take-first-and-only-benbassat-lease	Run actions/checkout@v4	2026-08-24T21:02:20.7282850Z Updating files:  53% (2320/4376)
take-first-and-only-benbassat-lease	Run actions/checkout@v4	2026-08-24T21:02:20.7375614Z Updating files:  54% (2364/4376)
take-first-and-only-benbassat-lease	Run actions/checkout@v4	2026-08-24T21:02:20.7433086Z Updating files:  55% (2407/4376)
take-first-and-only-benbassat-lease	Run actions/checkout@v4	2026-08-24T21:02:20.7563894Z Updating files:  56% (2451/4376)
take-first-and-only-benbassat-lease	Run actions/checkout@v4	2026-08-24T21:02:20.7664098Z Updating files:  57% (2495/4376)
take-first-and-only-benbassat-lease	Run actions/checkout@v4	2026-08-24T21:02:20.7741530Z Updating files:  58% (2539/4376)
take-first-and-only-benbassat-lease	Run actions/checkout@v4	2026-08-24T21:02:20.7840831Z Updating files:  59% (2582/4376)
take-first-and-only-benbassat-lease	Run actions/checkout@v4	2026-08-24T21:02:20.7979104Z Updating files:  60% (2626/4376)
take-first-and-only-benbassat-lease	Run actions/checkout@v4	2026-08-24T21:02:20.8062809Z Updating files:  61% (2670/4376)
take-first-and-only-benbassat-lease	Run actions/checkout@v4	2026-08-24T21:02:20.8193043Z Updating files:  62% (2714/4376)
take-first-and-only-benbassat-lease	Run actions/checkout@v4	2026-08-24T21:02:20.8261206Z Updating files:  63% (2757/4376)
take-first-and-only-benbassat-lease	Run actions/checkout@v4	2026-08-24T21:02:20.8367517Z Updating files:  64% (2801/4376)
take-first-and-only-benbassat-lease	Run actions/checkout@v4	2026-08-24T21:02:20.8450079Z Updating files:  65% (2845/4376)
take-first-and-only-benbassat-lease	Run actions/checkout@v4	2026-08-24T21:02:20.8543422Z Updating files:  66% (2889/4376)
take-first-and-only-benbassat-lease	Run actions/checkout@v4	2026-08-24T21:02:20.8630406Z Updating files:  67% (2932/4376)
take-first-and-only-benbassat-lease	Run actions/checkout@v4	2026-08-24T21:02:20.8693878Z Updating files:  68% (2976/4376)
take-first-and-only-benbassat-lease	Run actions/checkout@v4	2026-08-24T21:02:20.8767147Z Updating files:  69% (3020/4376)
take-first-and-only-benbassat-lease	Run actions/checkout@v4	2026-08-24T21:02:20.8826493Z Updating files:  70% (3064/4376)
take-first-and-only-benbassat-lease	Run actions/checkout@v4	2026-08-24T21:02:20.8901962Z Updating files:  71% (3107/4376)
take-first-and-only-benbassat-lease	Run actions/checkout@v4	2026-08-24T21:02:20.8961751Z Updating files:  72% (3151/4376)
take-first-and-only-benbassat-lease	Run actions/checkout@v4	2026-08-24T21:02:20.9019814Z Updating files:  73% (3195/4376)
take-first-and-only-benbassat-lease	Run actions/checkout@v4	2026-08-24T21:02:20.9090077Z Updating files:  74% (3239/4376)
take-first-and-only-benbassat-lease	Run actions/checkout@v4	2026-08-24T21:02:20.9166472Z Updating files:  75% (3282/4376)
take-first-and-only-benbassat-lease	Run actions/checkout@v4	2026-08-24T21:02:20.9267778Z Updating files:  76% (3326/4376)
take-first-and-only-benbassat-lease	Run actions/checkout@v4	2026-08-24T21:02:20.9332479Z Updating files:  77% (3370/4376)
take-first-and-only-benbassat-lease	Run actions/checkout@v4	2026-08-24T21:02:20.9400617Z Updating files:  78% (3414/4376)
take-first-and-only-benbassat-lease	Run actions/checkout@v4	2026-08-24T21:02:20.9471470Z Updating files:  79% (3458/4376)
take-first-and-only-benbassat-lease	Run actions/checkout@v4	2026-08-24T21:02:20.9549729Z Updating files:  80% (3501/4376)
take-first-and-only-benbassat-lease	Run actions/checkout@v4	2026-08-24T21:02:20.9609838Z Updating files:  81% (3545/4376)
take-first-and-only-benbassat-lease	Run actions/checkout@v4	2026-08-24T21:02:20.9685959Z Updating files:  82% (3589/4376)
take-first-and-only-benbassat-lease	Run actions/checkout@v4	2026-08-24T21:02:20.9750900Z Updating files:  83% (3633/4376)
take-first-and-only-benbassat-lease	Run actions/checkout@v4	2026-08-24T21:02:20.9808030Z Updating files:  84% (3676/4376)
take-first-and-only-benbassat-lease	Run actions/checkout@v4	2026-08-24T21:02:20.9885847Z Updating files:  85% (3720/4376)
take-first-and-only-benbassat-lease	Run actions/checkout@v4	2026-08-24T21:02:20.9956255Z Updating files:  86% (3764/4376)
take-first-and-only-benbassat-lease	Run actions/checkout@v4	2026-08-24T21:02:21.0008036Z Updating files:  87% (3808/4376)
take-first-and-only-benbassat-lease	Run actions/checkout@v4	2026-08-24T21:02:21.0125524Z Updating files:  88% (3851/4376)
take-first-and-only-benbassat-lease	Run actions/checkout@v4	2026-08-24T21:02:21.0181224Z Updating files:  89% (3895/4376)
take-first-and-only-benbassat-lease	Run actions/checkout@v4	2026-08-24T21:02:21.0247826Z Updating files:  90% (3939/4376)
take-first-and-only-benbassat-lease	Run actions/checkout@v4	2026-08-24T21:02:21.0300589Z Updating files:  91% (3983/4376)
take-first-and-only-benbassat-lease	Run actions/checkout@v4	2026-08-24T21:02:21.0357799Z Updating files:  92% (4026/4376)
take-first-and-only-benbassat-lease	Run actions/checkout@v4	2026-08-24T21:02:21.0407263Z Updating files:  93% (4070/4376)
take-first-and-only-benbassat-lease	Run actions/checkout@v4	2026-08-24T21:02:21.0447440Z Updating files:  94% (4114/4376)
take-first-and-only-benbassat-lease	Run actions/checkout@v4	2026-08-24T21:02:21.0491196Z Updating files:  95% (4158/4376)
take-first-and-only-benbassat-lease	Run actions/checkout@v4	2026-08-24T21:02:21.0529524Z Updating files:  96% (4201/4376)
take-first-and-only-benbassat-lease	Run actions/checkout@v4	2026-08-24T21:02:21.0563192Z Updating files:  97% (4245/4376)
take-first-and-only-benbassat-lease	Run actions/checkout@v4	2026-08-24T21:02:21.0597327Z Updating files:  98% (4289/4376)
take-first-and-only-benbassat-lease	Run actions/checkout@v4	2026-08-24T21:02:21.0742774Z Updating files:  99% (4333/4376)
take-first-and-only-benbassat-lease	Run actions/checkout@v4	2026-08-24T21:02:21.0743414Z Updating files: 100% (4376/4376)
take-first-and-only-benbassat-lease	Run actions/checkout@v4	2026-08-24T21:02:21.0743835Z Updating files: 100% (4376/4376), done.
take-first-and-only-benbassat-lease	Run actions/checkout@v4	2026-08-24T21:02:21.0785757Z Note: switching to 'ed79424013b92460d16c01cad4e590eca01e6bff'.
take-first-and-only-benbassat-lease	Run actions/checkout@v4	2026-08-24T21:02:21.0786281Z 
take-first-and-only-benbassat-lease	Run actions/checkout@v4	2026-08-24T21:02:21.0786680Z You are in 'detached HEAD' state. You can look around, make experimental
take-first-and-only-benbassat-lease	Run actions/checkout@v4	2026-08-24T21:02:21.0787665Z changes and commit them, and you can discard any commits you make in this
take-first-and-only-benbassat-lease	Run actions/checkout@v4	2026-08-24T21:02:21.0788669Z state without impacting any branches by switching back to a branch.
take-first-and-only-benbassat-lease	Run actions/checkout@v4	2026-08-24T21:02:21.0789254Z 
take-first-and-only-benbassat-lease	Run actions/checkout@v4	2026-08-24T21:02:21.0789677Z If you want to create a new branch to retain commits you create, you may
take-first-and-only-benbassat-lease	Run actions/checkout@v4	2026-08-24T21:02:21.0790313Z do so (now or later) by using -c with the switch command. Example:
take-first-and-only-benbassat-lease	Run actions/checkout@v4	2026-08-24T21:02:21.0790673Z 
take-first-and-only-benbassat-lease	Run actions/checkout@v4	2026-08-24T21:02:21.0790816Z   git switch -c <new-branch-name>
take-first-and-only-benbassat-lease	Run actions/checkout@v4	2026-08-24T21:02:21.0791051Z 
take-first-and-only-benbassat-lease	Run actions/checkout@v4	2026-08-24T21:02:21.0791190Z Or undo this operation with:
take-first-and-only-benbassat-lease	Run actions/checkout@v4	2026-08-24T21:02:21.0791438Z 
take-first-and-only-benbassat-lease	Run actions/checkout@v4	2026-08-24T21:02:21.0791551Z   git switch -
take-first-and-only-benbassat-lease	Run actions/checkout@v4	2026-08-24T21:02:21.0791717Z 
take-first-and-only-benbassat-lease	Run actions/checkout@v4	2026-08-24T21:02:21.0792004Z Turn off this advice by setting config variable advice.detachedHead to false
take-first-and-only-benbassat-lease	Run actions/checkout@v4	2026-08-24T21:02:21.0792443Z 
take-first-and-only-benbassat-lease	Run actions/checkout@v4	2026-08-24T21:02:21.0792669Z HEAD is now at ed794240 Star Trek: publish Alice (character) cycle
take-first-and-only-benbassat-lease	Run actions/checkout@v4	2026-08-24T21:02:21.0885657Z ##[endgroup]
take-first-and-only-benbassat-lease	Run actions/checkout@v4	2026-08-24T21:02:21.0936029Z [command]/usr/bin/git log -1 --format=%H
take-first-and-only-benbassat-lease	Run actions/checkout@v4	2026-08-24T21:02:21.0963275Z ed79424013b92460d16c01cad4e590eca01e6bff
take-first-and-only-benbassat-lease	Run actions/setup-node@v4	﻿2026-08-24T21:02:21.1220154Z Node 20 is being deprecated. This workflow is running with Node 24 by default. If you need to temporarily use Node 20, you can set the ACTIONS_ALLOW_USE_UNSECURE_NODE_VERSION=true environment variable. For more information see: https://github.blog/changelog/2025-09-19-deprecation-of-node-20-on-github-actions-runners/
take-first-and-only-benbassat-lease	Run actions/setup-node@v4	2026-08-24T21:02:21.1221844Z ##[group]Run actions/setup-node@v4
take-first-and-only-benbassat-lease	Run actions/setup-node@v4	2026-08-24T21:02:21.1222100Z with:
take-first-and-only-benbassat-lease	Run actions/setup-node@v4	2026-08-24T21:02:21.1222291Z   node-version: 24
take-first-and-only-benbassat-lease	Run actions/setup-node@v4	2026-08-24T21:02:21.1222501Z   cache: npm
take-first-and-only-benbassat-lease	Run actions/setup-node@v4	2026-08-24T21:02:21.1222691Z   always-auth: false
take-first-and-only-benbassat-lease	Run actions/setup-node@v4	2026-08-24T21:02:21.1222899Z   check-latest: false
take-first-and-only-benbassat-lease	Run actions/setup-node@v4	2026-08-24T21:02:21.1225804Z   token: ***
take-first-and-only-benbassat-lease	Run actions/setup-node@v4	2026-08-24T21:02:21.1226008Z env:
take-first-and-only-benbassat-lease	Run actions/setup-node@v4	2026-08-24T21:02:21.1226253Z   EXPECTED_MAIN: ed79424013b92460d16c01cad4e590eca01e6bff
take-first-and-only-benbassat-lease	Run actions/setup-node@v4	2026-08-24T21:02:21.1226631Z   EXPECTED_TREE: 7f9057770c8e622d71ef41b183811fe47fcdd6ed
take-first-and-only-benbassat-lease	Run actions/setup-node@v4	2026-08-24T21:02:21.1226948Z   TASK_ID: ap_dd7d1c73ed237230cd6e1d0b
take-first-and-only-benbassat-lease	Run actions/setup-node@v4	2026-08-24T21:02:21.1227217Z   EXPECTED_PERFORMER: Nolan North
take-first-and-only-benbassat-lease	Run actions/setup-node@v4	2026-08-24T21:02:21.1227475Z   EXPECTED_CHARACTER: Benbassat
take-first-and-only-benbassat-lease	Run actions/setup-node@v4	2026-08-24T21:02:21.1227904Z   EXPECTED_FINGERPRINT: 78e1384a3a11787064f98516e5759b55b33369d161067804c2d77f2ef6ef8885
take-first-and-only-benbassat-lease	Run actions/setup-node@v4	2026-08-24T21:02:21.1228455Z   SOURCE_REVIEW_BRANCH: agent/star-trek-benbassat-source-review-result-v1
take-first-and-only-benbassat-lease	Run actions/setup-node@v4	2026-08-24T21:02:21.1228944Z   SOURCE_REVIEW_PREFIX: transport/star-trek-benbassat-source-review-v1
take-first-and-only-benbassat-lease	Run actions/setup-node@v4	2026-08-24T21:02:21.1229373Z   RESULT_BRANCH: agent/star-trek-benbassat-claim-result-v1
take-first-and-only-benbassat-lease	Run actions/setup-node@v4	2026-08-24T21:02:21.1229747Z   OUT: /tmp/star-trek-benbassat-claim-recovery-v2
take-first-and-only-benbassat-lease	Run actions/setup-node@v4	2026-08-24T21:02:21.1230155Z   REVIEW_ROOT: /tmp/star-trek-benbassat-claim-recovery-v2/source-review
take-first-and-only-benbassat-lease	Run actions/setup-node@v4	2026-08-24T21:02:21.1232951Z   GH_TOKEN: ***
take-first-and-only-benbassat-lease	Run actions/setup-node@v4	2026-08-24T21:02:21.1233145Z ##[endgroup]
take-first-and-only-benbassat-lease	Run actions/setup-node@v4	2026-08-24T21:02:21.2618895Z Found in cache @ /opt/hostedtoolcache/node/24.19.0/x64
take-first-and-only-benbassat-lease	Run actions/setup-node@v4	2026-08-24T21:02:21.2624309Z (node:2219) [DEP0040] DeprecationWarning: The `punycode` module is deprecated. Please use a userland alternative instead.
take-first-and-only-benbassat-lease	Run actions/setup-node@v4	2026-08-24T21:02:21.2625783Z (Use `node --trace-deprecation ...` to show where the warning was created)
take-first-and-only-benbassat-lease	Run actions/setup-node@v4	2026-08-24T21:02:21.2627146Z ##[group]Environment details
take-first-and-only-benbassat-lease	Run actions/setup-node@v4	2026-08-24T21:02:21.7186623Z node: v24.19.0
take-first-and-only-benbassat-lease	Run actions/setup-node@v4	2026-08-24T21:02:21.7187322Z npm: 11.17.0
take-first-and-only-benbassat-lease	Run actions/setup-node@v4	2026-08-24T21:02:21.7187810Z yarn: 1.22.22
take-first-and-only-benbassat-lease	Run actions/setup-node@v4	2026-08-24T21:02:21.7189490Z ##[endgroup]
take-first-and-only-benbassat-lease	Run actions/setup-node@v4	2026-08-24T21:02:21.7228088Z [command]/opt/hostedtoolcache/node/24.19.0/x64/bin/npm config get cache
take-first-and-only-benbassat-lease	Run actions/setup-node@v4	2026-08-24T21:02:21.8400011Z /home/runner/.npm
take-first-and-only-benbassat-lease	Run actions/setup-node@v4	2026-08-24T21:02:22.0990565Z Cache hit for: node-cache-Linux-x64-npm-f15ee16cadfb16c2733639dda1f0b58735a8af6e775ef040c2dea200bcc3360b
take-first-and-only-benbassat-lease	Run actions/setup-node@v4	2026-08-24T21:02:22.1093912Z (node:2219) [DEP0169] DeprecationWarning: `url.parse()` behavior is not standardized and prone to errors that have security implications. Use the WHATWG URL API instead. CVEs are not issued for `url.parse()` vulnerabilities.
take-first-and-only-benbassat-lease	Run actions/setup-node@v4	2026-08-24T21:02:23.2639988Z Received 3853891 of 3853891 (100.0%), 4.1 MBs/sec
take-first-and-only-benbassat-lease	Run actions/setup-node@v4	2026-08-24T21:02:23.2640681Z Cache Size: ~4 MB (3853891 B)
take-first-and-only-benbassat-lease	Run actions/setup-node@v4	2026-08-24T21:02:23.2672840Z [command]/usr/bin/tar -xf /home/runner/work/_temp/ede61871-64ef-4fa1-a933-7fd42234cff9/cache.tzst -P -C /home/runner/work/undercast/undercast --use-compress-program unzstd
take-first-and-only-benbassat-lease	Run actions/setup-node@v4	2026-08-24T21:02:23.2798708Z Cache restored successfully
take-first-and-only-benbassat-lease	Run actions/setup-node@v4	2026-08-24T21:02:23.2804764Z Cache restored from key: node-cache-Linux-x64-npm-f15ee16cadfb16c2733639dda1f0b58735a8af6e775ef040c2dea200bcc3360b
take-first-and-only-benbassat-lease	Verify corrected source review and exact claimable rail	﻿2026-08-24T21:02:23.2945384Z ##[group]Run set -Eeuo pipefail
take-first-and-only-benbassat-lease	Verify corrected source review and exact claimable rail	2026-08-24T21:02:23.2945794Z ^[[36;1mset -Eeuo pipefail^[[0m
take-first-and-only-benbassat-lease	Verify corrected source review and exact claimable rail	2026-08-24T21:02:23.2946058Z ^[[36;1mrm -rf "$OUT"^[[0m
take-first-and-only-benbassat-lease	Verify corrected source review and exact claimable rail	2026-08-24T21:02:23.2946315Z ^[[36;1mmkdir -p "$REVIEW_ROOT"^[[0m
take-first-and-only-benbassat-lease	Verify corrected source review and exact claimable rail	2026-08-24T21:02:23.2946714Z ^[[36;1mtest -z "$(git ls-remote --heads origin "refs/heads/${RESULT_BRANCH}")"^[[0m
take-first-and-only-benbassat-lease	Verify corrected source review and exact claimable rail	2026-08-24T21:02:23.2947216Z ^[[36;1mgit fetch --no-tags origin main "$SOURCE_REVIEW_BRANCH"^[[0m
take-first-and-only-benbassat-lease	Verify corrected source review and exact claimable rail	2026-08-24T21:02:23.2947621Z ^[[36;1mtest "$(git rev-parse HEAD)" = "$EXPECTED_MAIN"^[[0m
take-first-and-only-benbassat-lease	Verify corrected source review and exact claimable rail	2026-08-24T21:02:23.2948045Z ^[[36;1mtest "$(git rev-parse refs/remotes/origin/main)" = "$EXPECTED_MAIN"^[[0m
take-first-and-only-benbassat-lease	Verify corrected source review and exact claimable rail	2026-08-24T21:02:23.2948512Z ^[[36;1mtest "$(git show -s --format=%T HEAD)" = "$EXPECTED_TREE"^[[0m
take-first-and-only-benbassat-lease	Verify corrected source review and exact claimable rail	2026-08-24T21:02:23.2948953Z ^[[36;1mreview_ref="refs/remotes/origin/${SOURCE_REVIEW_BRANCH}"^[[0m
take-first-and-only-benbassat-lease	Verify corrected source review and exact claimable rail	2026-08-24T21:02:23.2949421Z ^[[36;1mgit archive "$review_ref" "$SOURCE_REVIEW_PREFIX" | tar -x -C "$OUT"^[[0m
take-first-and-only-benbassat-lease	Verify corrected source review and exact claimable rail	2026-08-24T21:02:23.2949860Z ^[[36;1mcp -a "$OUT/$SOURCE_REVIEW_PREFIX"/. "$REVIEW_ROOT"/^[[0m
take-first-and-only-benbassat-lease	Verify corrected source review and exact claimable rail	2026-08-24T21:02:23.2950260Z ^[[36;1mwhile read -r digest original_path; do^[[0m
take-first-and-only-benbassat-lease	Verify corrected source review and exact claimable rail	2026-08-24T21:02:23.2950615Z ^[[36;1m  file="$REVIEW_ROOT/$(basename "$original_path")"^[[0m
take-first-and-only-benbassat-lease	Verify corrected source review and exact claimable rail	2026-08-24T21:02:23.2950945Z ^[[36;1m  test -f "$file"^[[0m
take-first-and-only-benbassat-lease	Verify corrected source review and exact claimable rail	2026-08-24T21:02:23.2951261Z ^[[36;1m  test "$(sha256sum "$file" | awk '{print $1}')" = "$digest"^[[0m
take-first-and-only-benbassat-lease	Verify corrected source review and exact claimable rail	2026-08-24T21:02:23.2951638Z ^[[36;1mdone < "$REVIEW_ROOT/manifest.sha256"^[[0m
take-first-and-only-benbassat-lease	Verify corrected source review and exact claimable rail	2026-08-24T21:02:23.2951922Z ^[[36;1mjq -e \^[[0m
take-first-and-only-benbassat-lease	Verify corrected source review and exact claimable rail	2026-08-24T21:02:23.2952460Z ^[[36;1m  --arg task "$TASK_ID" --arg performer "$EXPECTED_PERFORMER" --arg character "$EXPECTED_CHARACTER" --arg fp "$EXPECTED_FINGERPRINT" \^[[0m
take-first-and-only-benbassat-lease	Verify corrected source review and exact claimable rail	2026-08-24T21:02:23.2953130Z ^[[36;1m  '.transaction == "STAR-TREK-BENBASSAT-SOURCE-REVIEW-V1"^[[0m
take-first-and-only-benbassat-lease	Verify corrected source review and exact claimable rail	2026-08-24T21:02:23.2953487Z ^[[36;1m   and .verdict == "pass"^[[0m
take-first-and-only-benbassat-lease	Verify corrected source review and exact claimable rail	2026-08-24T21:02:23.2954317Z ^[[36;1m   and .task.id == $task and .task.performer == $performer and .task.character == $character and .task.source_fingerprint == $fp^[[0m
take-first-and-only-benbassat-lease	Verify corrected source review and exact claimable rail	2026-08-24T21:02:23.2954968Z ^[[36;1m   and .task.status == "queued" and .task.attempts == 0^[[0m
take-first-and-only-benbassat-lease	Verify corrected source review and exact claimable rail	2026-08-24T21:02:23.2955372Z ^[[36;1m   and .adjudication.performance_mode == "voice-only"^[[0m
take-first-and-only-benbassat-lease	Verify corrected source review and exact claimable rail	2026-08-24T21:02:23.2955805Z ^[[36;1m   and .adjudication.physical_prosthetic_hint_accepted == false^[[0m
take-first-and-only-benbassat-lease	Verify corrected source review and exact claimable rail	2026-08-24T21:02:23.2956269Z ^[[36;1m   and .adjudication.physical_performance_attributed == false^[[0m
take-first-and-only-benbassat-lease	Verify corrected source review and exact claimable rail	2026-08-24T21:02:23.2956738Z ^[[36;1m   and .adjudication.prosthetic_performance_attributed == false^[[0m
take-first-and-only-benbassat-lease	Verify corrected source review and exact claimable rail	2026-08-24T21:02:23.2957201Z ^[[36;1m   and .adjudication.animation_performance_attributed == false^[[0m
take-first-and-only-benbassat-lease	Verify corrected source review and exact claimable rail	2026-08-24T21:02:23.2957621Z ^[[36;1m   and .adjudication.maker_attribution == "unresolved"^[[0m
take-first-and-only-benbassat-lease	Verify corrected source review and exact claimable rail	2026-08-24T21:02:23.2957992Z ^[[36;1m   and .boundary.off_screen_voiceover == true^[[0m
take-first-and-only-benbassat-lease	Verify corrected source review and exact claimable rail	2026-08-24T21:02:23.2958577Z ^[[36;1m   and .boundary.canonical_mutation == false and .boundary.lease_taken == false and .boundary.product_staged == false' \^[[0m
take-first-and-only-benbassat-lease	Verify corrected source review and exact claimable rail	2026-08-24T21:02:23.2959188Z ^[[36;1m  "$REVIEW_ROOT/source-review.json" >/dev/null^[[0m
take-first-and-only-benbassat-lease	Verify corrected source review and exact claimable rail	2026-08-24T21:02:23.2959510Z ^[[36;1mpython3 - <<'PY'^[[0m
take-first-and-only-benbassat-lease	Verify corrected source review and exact claimable rail	2026-08-24T21:02:23.2959760Z ^[[36;1mfrom pathlib import Path^[[0m
take-first-and-only-benbassat-lease	Verify corrected source review and exact claimable rail	2026-08-24T21:02:23.2960029Z ^[[36;1mimport hashlib,json,os^[[0m
take-first-and-only-benbassat-lease	Verify corrected source review and exact claimable rail	2026-08-24T21:02:23.2960564Z ^[[36;1mpath=Path(os.environ['REVIEW_ROOT'])/'source-review.json'^[[0m
take-first-and-only-benbassat-lease	Verify corrected source review and exact claimable rail	2026-08-24T21:02:23.2961302Z ^[[36;1mpayload=json.loads(path.read_text()); expected=payload['review_sha256']; body=dict(payload); body.pop('review_sha256',None); body.pop('artifact',None)^[[0m
take-first-and-only-benbassat-lease	Verify corrected source review and exact claimable rail	2026-08-24T21:02:23.2961947Z ^[[36;1mdef stable(v):^[[0m
take-first-and-only-benbassat-lease	Verify corrected source review and exact claimable rail	2026-08-24T21:02:23.2962279Z ^[[36;1m    if isinstance(v,dict): return {k:stable(v[k]) for k in sorted(v)}^[[0m
take-first-and-only-benbassat-lease	Verify corrected source review and exact claimable rail	2026-08-24T21:02:23.2962717Z ^[[36;1m    if isinstance(v,list): return [stable(x) for x in v]^[[0m
take-first-and-only-benbassat-lease	Verify corrected source review and exact claimable rail	2026-08-24T21:02:23.2963048Z ^[[36;1m    return v^[[0m
take-first-and-only-benbassat-lease	Verify corrected source review and exact claimable rail	2026-08-24T21:02:23.2963492Z ^[[36;1mactual=hashlib.sha256((json.dumps(stable(body),indent=2,ensure_ascii=False)+'\n').encode()).hexdigest()^[[0m
take-first-and-only-benbassat-lease	Verify corrected source review and exact claimable rail	2026-08-24T21:02:23.2964485Z ^[[36;1mif actual!=expected: raise SystemExit(f'source review identity mismatch: {actual} != {expected}')^[[0m
take-first-and-only-benbassat-lease	Verify corrected source review and exact claimable rail	2026-08-24T21:02:23.2965176Z ^[[36;1mPY^[[0m
take-first-and-only-benbassat-lease	Verify corrected source review and exact claimable rail	2026-08-24T21:02:23.2965386Z ^[[36;1mnpm ci --ignore-scripts^[[0m
take-first-and-only-benbassat-lease	Verify corrected source review and exact claimable rail	2026-08-24T21:02:23.2965795Z ^[[36;1mnode scripts/thesis-rails.mjs validate > "$OUT/thesis-validate-before.log"^[[0m
take-first-and-only-benbassat-lease	Verify corrected source review and exact claimable rail	2026-08-24T21:02:23.2966365Z ^[[36;1mnode scripts/thesis-rails.mjs next --json > "$OUT/thesis-next-before.json"^[[0m
take-first-and-only-benbassat-lease	Verify corrected source review and exact claimable rail	2026-08-24T21:02:23.2966781Z ^[[36;1mjq -e \^[[0m
take-first-and-only-benbassat-lease	Verify corrected source review and exact claimable rail	2026-08-24T21:02:23.2967307Z ^[[36;1m  --arg task "$TASK_ID" --arg performer "$EXPECTED_PERFORMER" --arg character "$EXPECTED_CHARACTER" --arg fp "$EXPECTED_FINGERPRINT" \^[[0m
take-first-and-only-benbassat-lease	Verify corrected source review and exact claimable rail	2026-08-24T21:02:23.2968079Z ^[[36;1m  '.phase == "ready-for-one-cycle" and .estate_id == "star-trek" and .scope_id == "star-trek"^[[0m
take-first-and-only-benbassat-lease	Verify corrected source review and exact claimable rail	2026-08-24T21:02:23.2968784Z ^[[36;1m   and .candidate.task_id == $task and .candidate.performer == $performer and .candidate.character == $character^[[0m
take-first-and-only-benbassat-lease	Verify corrected source review and exact claimable rail	2026-08-24T21:02:23.2969457Z ^[[36;1m   and .candidate.source_fingerprint == $fp and .candidate.priority == 1330' \^[[0m
take-first-and-only-benbassat-lease	Verify corrected source review and exact claimable rail	2026-08-24T21:02:23.2969913Z ^[[36;1m  "$OUT/thesis-next-before.json" >/dev/null^[[0m
take-first-and-only-benbassat-lease	Verify corrected source review and exact claimable rail	2026-08-24T21:02:23.2970218Z ^[[36;1mnode - <<'NODE'^[[0m
take-first-and-only-benbassat-lease	Verify corrected source review and exact claimable rail	2026-08-24T21:02:23.2970975Z ^[[36;1mconst fs=require('fs'); const state=JSON.parse(fs.readFileSync('data/AUTOPILOT.json')); const trek=state.jobs.filter(x=>x.scope==='star-trek'); const task=trek.find(x=>x.id===process.env.TASK_ID);^[[0m
take-first-and-only-benbassat-lease	Verify corrected source review and exact claimable rail	2026-08-24T21:02:23.2972678Z ^[[36;1mconst counts={total:trek.length,queued:trek.filter(x=>x.status==='queued').length,resolved:trek.filter(x=>x.status==='resolved').length,blocked:trek.filter(x=>x.status==='blocked').length,rejected:trek.filter(x=>x.status==='rejected').length,in_flight:trek.filter(x=>['leased','drafted','merged'].includes(x.status)).length};^[[0m
take-first-and-only-benbassat-lease	Verify corrected source review and exact claimable rail	2026-08-24T21:02:23.2974483Z ^[[36;1mif(!task||task.status!=='queued'||Number(task.attempts||0)!==0||task.lease!=null) throw Error('Benbassat is not unclaimed');^[[0m
take-first-and-only-benbassat-lease	Verify corrected source review and exact claimable rail	2026-08-24T21:02:23.2975646Z ^[[36;1mif(task.performer!==process.env.EXPECTED_PERFORMER||task.character!==process.env.EXPECTED_CHARACTER||task.source_fingerprint!==process.env.EXPECTED_FINGERPRINT) throw Error('Benbassat identity drifted');^[[0m
take-first-and-only-benbassat-lease	Verify corrected source review and exact claimable rail	2026-08-24T21:02:23.2977050Z ^[[36;1mconst expected={total:2228,queued:1798,resolved:428,blocked:0,rejected:2,in_flight:0}; if(JSON.stringify(counts)!==JSON.stringify(expected)) throw Error('pre-claim queue drifted: '+JSON.stringify(counts));^[[0m
take-first-and-only-benbassat-lease	Verify corrected source review and exact claimable rail	2026-08-24T21:02:23.2978091Z ^[[36;1mfs.writeFileSync(process.env.OUT+'/pre-claim.json',JSON.stringify({task,counts},null,2)+'\n');^[[0m
take-first-and-only-benbassat-lease	Verify corrected source review and exact claimable rail	2026-08-24T21:02:23.2978564Z ^[[36;1mNODE^[[0m
take-first-and-only-benbassat-lease	Verify corrected source review and exact claimable rail	2026-08-24T21:02:23.2978897Z ^[[36;1mgh api "/repos/${GITHUB_REPOSITORY}/branches/main" > "$OUT/main-before.json"^[[0m
take-first-and-only-benbassat-lease	Verify corrected source review and exact claimable rail	2026-08-24T21:02:23.2979425Z ^[[36;1mtest "$(jq -r .commit.sha "$OUT/main-before.json")" = "$EXPECTED_MAIN"^[[0m
take-first-and-only-benbassat-lease	Verify corrected source review and exact claimable rail	2026-08-24T21:02:23.3031205Z shell: /usr/bin/bash --noprofile --norc -e -o pipefail {0}
take-first-and-only-benbassat-lease	Verify corrected source review and exact claimable rail	2026-08-24T21:02:23.3031574Z env:
take-first-and-only-benbassat-lease	Verify corrected source review and exact claimable rail	2026-08-24T21:02:23.3031842Z   EXPECTED_MAIN: ed79424013b92460d16c01cad4e590eca01e6bff
take-first-and-only-benbassat-lease	Verify corrected source review and exact claimable rail	2026-08-24T21:02:23.3032216Z   EXPECTED_TREE: 7f9057770c8e622d71ef41b183811fe47fcdd6ed
take-first-and-only-benbassat-lease	Verify corrected source review and exact claimable rail	2026-08-24T21:02:23.3032559Z   TASK_ID: ap_dd7d1c73ed237230cd6e1d0b
take-first-and-only-benbassat-lease	Verify corrected source review and exact claimable rail	2026-08-24T21:02:23.3032845Z   EXPECTED_PERFORMER: Nolan North
take-first-and-only-benbassat-lease	Verify corrected source review and exact claimable rail	2026-08-24T21:02:23.3033374Z   EXPECTED_CHARACTER: Benbassat
take-first-and-only-benbassat-lease	Verify corrected source review and exact claimable rail	2026-08-24T21:02:23.3033830Z   EXPECTED_FINGERPRINT: 78e1384a3a11787064f98516e5759b55b33369d161067804c2d77f2ef6ef8885
take-first-and-only-benbassat-lease	Verify corrected source review and exact claimable rail	2026-08-24T21:02:23.3034604Z   SOURCE_REVIEW_BRANCH: agent/star-trek-benbassat-source-review-result-v1
take-first-and-only-benbassat-lease	Verify corrected source review and exact claimable rail	2026-08-24T21:02:23.3035108Z   SOURCE_REVIEW_PREFIX: transport/star-trek-benbassat-source-review-v1
take-first-and-only-benbassat-lease	Verify corrected source review and exact claimable rail	2026-08-24T21:02:23.3035546Z   RESULT_BRANCH: agent/star-trek-benbassat-claim-result-v1
take-first-and-only-benbassat-lease	Verify corrected source review and exact claimable rail	2026-08-24T21:02:23.3035923Z   OUT: /tmp/star-trek-benbassat-claim-recovery-v2
take-first-and-only-benbassat-lease	Verify corrected source review and exact claimable rail	2026-08-24T21:02:23.3036337Z   REVIEW_ROOT: /tmp/star-trek-benbassat-claim-recovery-v2/source-review
take-first-and-only-benbassat-lease	Verify corrected source review and exact claimable rail	2026-08-24T21:02:23.3039285Z   GH_TOKEN: ***
take-first-and-only-benbassat-lease	Verify corrected source review and exact claimable rail	2026-08-24T21:02:23.3039500Z ##[endgroup]
take-first-and-only-benbassat-lease	Verify corrected source review and exact claimable rail	2026-08-24T21:02:24.6726333Z From https://github.com/BigBirdReturns/undercast
take-first-and-only-benbassat-lease	Verify corrected source review and exact claimable rail	2026-08-24T21:02:24.6726999Z  * branch              main       -> FETCH_HEAD
take-first-and-only-benbassat-lease	Verify corrected source review and exact claimable rail	2026-08-24T21:02:24.6727981Z  * branch              agent/star-trek-benbassat-source-review-result-v1 -> FETCH_HEAD
take-first-and-only-benbassat-lease	Verify corrected source review and exact claimable rail	2026-08-24T21:02:24.7209078Z ##[error]Process completed with exit code 1.
take-first-and-only-benbassat-lease	Post Run actions/checkout@v4	﻿2026-08-24T21:02:24.7421925Z Node 20 is being deprecated. This workflow is running with Node 24 by default. If you need to temporarily use Node 20, you can set the ACTIONS_ALLOW_USE_UNSECURE_NODE_VERSION=true environment variable. For more information see: https://github.blog/changelog/2025-09-19-deprecation-of-node-20-on-github-actions-runners/
take-first-and-only-benbassat-lease	Post Run actions/checkout@v4	2026-08-24T21:02:24.7423191Z Post job cleanup.
take-first-and-only-benbassat-lease	Post Run actions/checkout@v4	2026-08-24T21:02:24.8256371Z [command]/usr/bin/git version
take-first-and-only-benbassat-lease	Post Run actions/checkout@v4	2026-08-24T21:02:24.8297218Z git version 2.55.0
take-first-and-only-benbassat-lease	Post Run actions/checkout@v4	2026-08-24T21:02:24.8337975Z Temporarily overriding HOME='/home/runner/work/_temp/50f18033-e7ba-4098-9550-836f8140d9a1' before making global git config changes
take-first-and-only-benbassat-lease	Post Run actions/checkout@v4	2026-08-24T21:02:24.8339525Z Adding repository directory to the temporary git global config as a safe directory
take-first-and-only-benbassat-lease	Post Run actions/checkout@v4	2026-08-24T21:02:24.8344584Z [command]/usr/bin/git config --global --add safe.directory /home/runner/work/undercast/undercast
take-first-and-only-benbassat-lease	Post Run actions/checkout@v4	2026-08-24T21:02:24.8385218Z [command]/usr/bin/git config --local --name-only --get-regexp core\.sshCommand
take-first-and-only-benbassat-lease	Post Run actions/checkout@v4	2026-08-24T21:02:24.8419916Z [command]/usr/bin/git submodule foreach --recursive sh -c "git config --local --name-only --get-regexp 'core\.sshCommand' && git config --local --unset-all 'core.sshCommand' || :"
take-first-and-only-benbassat-lease	Post Run actions/checkout@v4	2026-08-24T21:02:24.8670920Z [command]/usr/bin/git config --local --name-only --get-regexp http\.https\:\/\/github\.com\/\.extraheader
take-first-and-only-benbassat-lease	Post Run actions/checkout@v4	2026-08-24T21:02:24.8695406Z http.https://github.com/.extraheader
take-first-and-only-benbassat-lease	Post Run actions/checkout@v4	2026-08-24T21:02:24.8707710Z [command]/usr/bin/git config --local --unset-all http.https://github.com/.extraheader
take-first-and-only-benbassat-lease	Post Run actions/checkout@v4	2026-08-24T21:02:24.8756878Z [command]/usr/bin/git submodule foreach --recursive sh -c "git config --local --name-only --get-regexp 'http\.https\:\/\/github\.com\/\.extraheader' && git config --local --unset-all 'http.https://github.com/.extraheader' || :"
take-first-and-only-benbassat-lease	Post Run actions/checkout@v4	2026-08-24T21:02:24.9038085Z [command]/usr/bin/git config --local --name-only --get-regexp ^includeIf\.gitdir:
take-first-and-only-benbassat-lease	Post Run actions/checkout@v4	2026-08-24T21:02:24.9086205Z [command]/usr/bin/git submodule foreach --recursive git config --local --show-origin --name-only --get-regexp remote.origin.url
take-first-and-only-benbassat-lease	Complete job	﻿2026-08-24T21:02:24.9477519Z Cleaning up orphan processes
take-first-and-only-benbassat-lease	Complete job	2026-08-24T21:02:24.9763369Z ##[warning]Node.js 20 is deprecated. The following actions target Node.js 20 but are being forced to run on Node.js 24: actions/checkout@v4, actions/setup-node@v4. For more information see: https://github.blog/changelog/2025-09-19-deprecation-of-node-20-on-github-actions-runners/
