install	UNKNOWN STEP	﻿2026-08-23T05:52:27.4159213Z Current runner version: '2.336.0'
install	UNKNOWN STEP	2026-08-23T05:52:27.4175577Z ##[group]Runner Image Provisioner
install	UNKNOWN STEP	2026-08-23T05:52:27.4176208Z Hosted Compute Agent
install	UNKNOWN STEP	2026-08-23T05:52:27.4176629Z Version: 20260729.566
install	UNKNOWN STEP	2026-08-23T05:52:27.4177066Z Commit: cf7153fe6e25b664e8693c24944bf2b00355d109
install	UNKNOWN STEP	2026-08-23T05:52:27.4177567Z Build Date: 2026-07-29T19:17:02Z
install	UNKNOWN STEP	2026-08-23T05:52:27.4178033Z Worker ID: {4c293773-a763-4e06-b3d4-e29011d61c0d}
install	UNKNOWN STEP	2026-08-23T05:52:27.4178520Z Azure Region: centralus
install	UNKNOWN STEP	2026-08-23T05:52:27.4178925Z ##[endgroup]
install	UNKNOWN STEP	2026-08-23T05:52:27.4179795Z ##[group]Operating System
install	UNKNOWN STEP	2026-08-23T05:52:27.4180198Z Ubuntu
install	UNKNOWN STEP	2026-08-23T05:52:27.4180561Z 24.04.4
install	UNKNOWN STEP	2026-08-23T05:52:27.4181185Z LTS
install	UNKNOWN STEP	2026-08-23T05:52:27.4181530Z ##[endgroup]
install	UNKNOWN STEP	2026-08-23T05:52:27.4181925Z ##[group]Runner Image
install	UNKNOWN STEP	2026-08-23T05:52:27.4182323Z Image: ubuntu-24.04
install	UNKNOWN STEP	2026-08-23T05:52:27.4182697Z Version: 20260816.277.1
install	UNKNOWN STEP	2026-08-23T05:52:27.4183593Z Included Software: https://github.com/actions/runner-images/blob/ubuntu24/20260816.277/images/ubuntu/Ubuntu2404-Readme.md
install	UNKNOWN STEP	2026-08-23T05:52:27.4184607Z Image Release: https://github.com/actions/runner-images/releases/tag/ubuntu24%2F20260816.277
install	UNKNOWN STEP	2026-08-23T05:52:27.4185284Z ##[endgroup]
install	UNKNOWN STEP	2026-08-23T05:52:27.4186068Z ##[group]GITHUB_TOKEN Permissions
install	UNKNOWN STEP	2026-08-23T05:52:27.4187555Z Contents: write
install	UNKNOWN STEP	2026-08-23T05:52:27.4188271Z Metadata: read
install	UNKNOWN STEP	2026-08-23T05:52:27.4188649Z ##[endgroup]
install	UNKNOWN STEP	2026-08-23T05:52:27.4190083Z Secret source: Actions
install	UNKNOWN STEP	2026-08-23T05:52:27.4190971Z Prepare workflow directory
install	UNKNOWN STEP	2026-08-23T05:52:27.4463462Z Prepare all required actions
install	UNKNOWN STEP	2026-08-23T05:52:27.4508241Z Getting action download info
install	UNKNOWN STEP	2026-08-23T05:52:27.6410618Z Download action repository 'actions/checkout@v4' (SHA:11d5960a326750d5838078e36cf38b85af677262)
install	UNKNOWN STEP	2026-08-23T05:52:27.7789961Z Complete job name: install
install	UNKNOWN STEP	2026-08-23T05:52:27.8258246Z Node 20 is being deprecated. This workflow is running with Node 24 by default. If you need to temporarily use Node 20, you can set the ACTIONS_ALLOW_USE_UNSECURE_NODE_VERSION=true environment variable. For more information see: https://github.blog/changelog/2025-09-19-deprecation-of-node-20-on-github-actions-runners/
install	UNKNOWN STEP	2026-08-23T05:52:27.8264439Z ##[group]Run actions/checkout@v4
install	UNKNOWN STEP	2026-08-23T05:52:27.8265000Z with:
install	UNKNOWN STEP	2026-08-23T05:52:27.8265344Z   fetch-depth: 0
install	UNKNOWN STEP	2026-08-23T05:52:27.8265730Z   repository: BigBirdReturns/undercast
install	UNKNOWN STEP	2026-08-23T05:52:27.8268343Z   token: ***
install	UNKNOWN STEP	2026-08-23T05:52:27.8268688Z   ssh-strict: true
install	UNKNOWN STEP	2026-08-23T05:52:27.8269049Z   ssh-user: git
install	UNKNOWN STEP	2026-08-23T05:52:27.8269404Z   persist-credentials: true
install	UNKNOWN STEP	2026-08-23T05:52:27.8269777Z   clean: true
install	UNKNOWN STEP	2026-08-23T05:52:27.8270420Z   sparse-checkout-cone-mode: true
install	UNKNOWN STEP	2026-08-23T05:52:27.8270989Z   fetch-tags: false
install	UNKNOWN STEP	2026-08-23T05:52:27.8271354Z   show-progress: true
install	UNKNOWN STEP	2026-08-23T05:52:27.8271721Z   lfs: false
install	UNKNOWN STEP	2026-08-23T05:52:27.8272177Z   submodules: false
install	UNKNOWN STEP	2026-08-23T05:52:27.8272544Z   set-safe-directory: true
install	UNKNOWN STEP	2026-08-23T05:52:27.8272991Z   allow-unsafe-pr-checkout: false
install	UNKNOWN STEP	2026-08-23T05:52:27.8273586Z env:
install	UNKNOWN STEP	2026-08-23T05:52:27.8273984Z   QUEEN_MAIN: 97956ce415d565d968cc5f66067142183ec28a1f
install	UNKNOWN STEP	2026-08-23T05:52:27.8274508Z   QUEEN_TREE: ff8adadb6dd36ab84a21336bdd30ce3cb17b5335
install	UNKNOWN STEP	2026-08-23T05:52:27.8275047Z   EXPECTED_MAIN: 933415b505d1c6e40c7e4bd44bf132c61a5ea32d
install	UNKNOWN STEP	2026-08-23T05:52:27.8275583Z   EXPECTED_TREE: 651edbcfb9efd3b6d9189f8903afa1a8d88677d4
install	UNKNOWN STEP	2026-08-23T05:52:27.8276063Z ##[endgroup]
install	UNKNOWN STEP	2026-08-23T05:52:27.8992142Z Syncing repository: BigBirdReturns/undercast
install	UNKNOWN STEP	2026-08-23T05:52:27.8994597Z ##[group]Getting Git version info
install	UNKNOWN STEP	2026-08-23T05:52:27.8995421Z Working directory is '/home/runner/work/undercast/undercast'
install	UNKNOWN STEP	2026-08-23T05:52:27.8996676Z [command]/usr/bin/git version
install	UNKNOWN STEP	2026-08-23T05:52:27.9092151Z git version 2.55.0
install	UNKNOWN STEP	2026-08-23T05:52:27.9107714Z ##[endgroup]
install	UNKNOWN STEP	2026-08-23T05:52:27.9113044Z Temporarily overriding HOME='/home/runner/work/_temp/a06644df-60f5-48f3-8f96-fb10375975e4' before making global git config changes
install	UNKNOWN STEP	2026-08-23T05:52:27.9114748Z Adding repository directory to the temporary git global config as a safe directory
install	UNKNOWN STEP	2026-08-23T05:52:27.9116010Z [command]/usr/bin/git config --global --add safe.directory /home/runner/work/undercast/undercast
install	UNKNOWN STEP	2026-08-23T05:52:27.9151700Z Deleting the contents of '/home/runner/work/undercast/undercast'
install	UNKNOWN STEP	2026-08-23T05:52:27.9155850Z ##[group]Initializing the repository
install	UNKNOWN STEP	2026-08-23T05:52:27.9158786Z [command]/usr/bin/git init /home/runner/work/undercast/undercast
install	UNKNOWN STEP	2026-08-23T05:52:27.9355039Z hint: Using 'master' as the name for the initial branch. This default branch name
install	UNKNOWN STEP	2026-08-23T05:52:27.9356269Z hint: will change to "main" in Git 3.0. To configure the initial branch name
install	UNKNOWN STEP	2026-08-23T05:52:27.9357365Z hint: to use in all of your new repositories, which will suppress this warning,
install	UNKNOWN STEP	2026-08-23T05:52:27.9358104Z hint: call:
install	UNKNOWN STEP	2026-08-23T05:52:27.9358685Z hint:
install	UNKNOWN STEP	2026-08-23T05:52:27.9359226Z hint: 	git config --global init.defaultBranch <name>
install	UNKNOWN STEP	2026-08-23T05:52:27.9359892Z hint:
install	UNKNOWN STEP	2026-08-23T05:52:27.9360502Z hint: Names commonly chosen instead of 'master' are 'main', 'trunk' and
install	UNKNOWN STEP	2026-08-23T05:52:27.9361604Z hint: 'development'. The just-created branch can be renamed via this command:
install	UNKNOWN STEP	2026-08-23T05:52:27.9362407Z hint:
install	UNKNOWN STEP	2026-08-23T05:52:27.9362832Z hint: 	git branch -m <name>
install	UNKNOWN STEP	2026-08-23T05:52:27.9363311Z hint:
install	UNKNOWN STEP	2026-08-23T05:52:27.9364191Z hint: Disable this message with "git config set advice.defaultBranchName false"
install	UNKNOWN STEP	2026-08-23T05:52:27.9365297Z Initialized empty Git repository in /home/runner/work/undercast/undercast/.git/
install	UNKNOWN STEP	2026-08-23T05:52:27.9367570Z [command]/usr/bin/git remote add origin https://github.com/BigBirdReturns/undercast
install	UNKNOWN STEP	2026-08-23T05:52:27.9436485Z ##[endgroup]
install	UNKNOWN STEP	2026-08-23T05:52:27.9437838Z ##[group]Disabling automatic garbage collection
install	UNKNOWN STEP	2026-08-23T05:52:27.9439134Z [command]/usr/bin/git config --local gc.auto 0
install	UNKNOWN STEP	2026-08-23T05:52:27.9458931Z ##[endgroup]
install	UNKNOWN STEP	2026-08-23T05:52:27.9459788Z ##[group]Setting up auth
install	UNKNOWN STEP	2026-08-23T05:52:27.9463967Z [command]/usr/bin/git config --local --name-only --get-regexp core\.sshCommand
install	UNKNOWN STEP	2026-08-23T05:52:27.9485882Z [command]/usr/bin/git submodule foreach --recursive sh -c "git config --local --name-only --get-regexp 'core\.sshCommand' && git config --local --unset-all 'core.sshCommand' || :"
install	UNKNOWN STEP	2026-08-23T05:52:27.9732283Z [command]/usr/bin/git config --local --name-only --get-regexp http\.https\:\/\/github\.com\/\.extraheader
install	UNKNOWN STEP	2026-08-23T05:52:27.9753256Z [command]/usr/bin/git submodule foreach --recursive sh -c "git config --local --name-only --get-regexp 'http\.https\:\/\/github\.com\/\.extraheader' && git config --local --unset-all 'http.https://github.com/.extraheader' || :"
install	UNKNOWN STEP	2026-08-23T05:52:27.9905764Z [command]/usr/bin/git config --local --name-only --get-regexp ^includeIf\.gitdir:
install	UNKNOWN STEP	2026-08-23T05:52:27.9929346Z [command]/usr/bin/git submodule foreach --recursive git config --local --show-origin --name-only --get-regexp remote.origin.url
install	UNKNOWN STEP	2026-08-23T05:52:28.0069392Z [command]/usr/bin/git config --local http.https://github.com/.extraheader AUTHORIZATION: basic ***
install	UNKNOWN STEP	2026-08-23T05:52:28.0094621Z ##[endgroup]
install	UNKNOWN STEP	2026-08-23T05:52:28.0095347Z ##[group]Fetching the repository
install	UNKNOWN STEP	2026-08-23T05:52:28.0101962Z [command]/usr/bin/git -c protocol.version=2 fetch --prune --no-recurse-submodules origin +refs/heads/*:refs/remotes/origin/* +refs/tags/*:refs/tags/*
install	UNKNOWN STEP	2026-08-23T05:52:54.3427934Z From https://github.com/BigBirdReturns/undercast
install	UNKNOWN STEP	2026-08-23T05:52:54.3429152Z  * [new branch]        agent/adapter-sdk-baseline-001 -> origin/agent/adapter-sdk-baseline-001
install	UNKNOWN STEP	2026-08-23T05:52:54.3430005Z  * [new branch]        agent/anastasia-cycle-trigger-pr-v1 -> origin/agent/anastasia-cycle-trigger-pr-v1
install	UNKNOWN STEP	2026-08-23T05:52:54.3431088Z  * [new branch]        agent/anastasia-finalizer-recovery-trigger-pr-v1 -> origin/agent/anastasia-finalizer-recovery-trigger-pr-v1
install	UNKNOWN STEP	2026-08-23T05:52:54.3432173Z  * [new branch]        agent/anastasia-installer-trigger-pr-v1 -> origin/agent/anastasia-installer-trigger-pr-v1
install	UNKNOWN STEP	2026-08-23T05:52:54.3433210Z  * [new branch]        agent/anastasia-installer-trigger-pr-v2 -> origin/agent/anastasia-installer-trigger-pr-v2
install	UNKNOWN STEP	2026-08-23T05:52:54.3434223Z  * [new branch]        agent/anastasia-rebind-inspection-result-v1 -> origin/agent/anastasia-rebind-inspection-result-v1
install	UNKNOWN STEP	2026-08-23T05:52:54.3435500Z  * [new branch]        agent/anastasia-rebind-inspection-v1 -> origin/agent/anastasia-rebind-inspection-v1
install	UNKNOWN STEP	2026-08-23T05:52:54.3436538Z  * [new branch]        agent/anastasia-workflow-blob-trigger-pr-v3 -> origin/agent/anastasia-workflow-blob-trigger-pr-v3
install	UNKNOWN STEP	2026-08-23T05:52:54.3437714Z  * [new branch]        agent/anastasia-workflow-blob-trigger-pr-v4 -> origin/agent/anastasia-workflow-blob-trigger-pr-v4
install	UNKNOWN STEP	2026-08-23T05:52:54.3438736Z  * [new branch]        agent/archive-contract-full-history -> origin/agent/archive-contract-full-history
install	UNKNOWN STEP	2026-08-23T05:52:54.3439675Z  * [new branch]        agent/archive-contract-history-depth -> origin/agent/archive-contract-history-depth
install	UNKNOWN STEP	2026-08-23T05:52:54.3440963Z  * [new branch]        agent/audit-operational-evidence-publisher-payload-20260806 -> origin/agent/audit-operational-evidence-publisher-payload-20260806
install	UNKNOWN STEP	2026-08-23T05:52:54.3441989Z  * [new branch]        agent/capability-aware-autopilot -> origin/agent/capability-aware-autopilot
install	UNKNOWN STEP	2026-08-23T05:52:54.3443060Z  * [new branch]        agent/card-backfill-amortization-build-20260730 -> origin/agent/card-backfill-amortization-build-20260730
install	UNKNOWN STEP	2026-08-23T05:52:54.3444108Z  * [new branch]        agent/card-backfill-composite-frontier-001 -> origin/agent/card-backfill-composite-frontier-001
install	UNKNOWN STEP	2026-08-23T05:52:54.3445117Z  * [new branch]        agent/card-backfill-frontier-routing-001 -> origin/agent/card-backfill-frontier-routing-001
install	UNKNOWN STEP	2026-08-23T05:52:54.3445830Z  * [new branch]        agent/card-backfill-luna-local -> origin/agent/card-backfill-luna-local
install	UNKNOWN STEP	2026-08-23T05:52:54.3446561Z  * [new branch]        agent/card-backfill-next-002 -> origin/agent/card-backfill-next-002
install	UNKNOWN STEP	2026-08-23T05:52:54.3447534Z  * [new branch]        agent/card-backfill-next-003 -> origin/agent/card-backfill-next-003
install	UNKNOWN STEP	2026-08-23T05:52:54.3448175Z  * [new branch]        agent/card-backfill-next-004 -> origin/agent/card-backfill-next-004
install	UNKNOWN STEP	2026-08-23T05:52:54.3448785Z  * [new branch]        agent/card-backfill-next-005 -> origin/agent/card-backfill-next-005
install	UNKNOWN STEP	2026-08-23T05:52:54.3449533Z  * [new branch]        agent/card-backfill-next-006 -> origin/agent/card-backfill-next-006
install	UNKNOWN STEP	2026-08-23T05:52:54.3450439Z  * [new branch]        agent/card-backfill-next-007 -> origin/agent/card-backfill-next-007
install	UNKNOWN STEP	2026-08-23T05:52:54.3451246Z  * [new branch]        agent/card-backfill-next-008 -> origin/agent/card-backfill-next-008
install	UNKNOWN STEP	2026-08-23T05:52:54.3451997Z  * [new branch]        agent/card-backfill-next-009 -> origin/agent/card-backfill-next-009
install	UNKNOWN STEP	2026-08-23T05:52:54.3452724Z  * [new branch]        agent/card-backfill-next-010 -> origin/agent/card-backfill-next-010
install	UNKNOWN STEP	2026-08-23T05:52:54.3453340Z  * [new branch]        agent/card-backfill-next-011 -> origin/agent/card-backfill-next-011
install	UNKNOWN STEP	2026-08-23T05:52:54.3453988Z  * [new branch]        agent/card-backfill-next-012 -> origin/agent/card-backfill-next-012
install	UNKNOWN STEP	2026-08-23T05:52:54.3454691Z  * [new branch]        agent/card-backfill-next-013 -> origin/agent/card-backfill-next-013
install	UNKNOWN STEP	2026-08-23T05:52:54.3456188Z  * [new branch]        agent/card-backfill-next-014 -> origin/agent/card-backfill-next-014
install	UNKNOWN STEP	2026-08-23T05:52:54.3456985Z  * [new branch]        agent/card-backfill-next-015 -> origin/agent/card-backfill-next-015
install	UNKNOWN STEP	2026-08-23T05:52:54.3457683Z  * [new branch]        agent/card-backfill-next-016 -> origin/agent/card-backfill-next-016
install	UNKNOWN STEP	2026-08-23T05:52:54.3458405Z  * [new branch]        agent/card-backfill-next-017 -> origin/agent/card-backfill-next-017
install	UNKNOWN STEP	2026-08-23T05:52:54.3459067Z  * [new branch]        agent/card-backfill-next-018 -> origin/agent/card-backfill-next-018
install	UNKNOWN STEP	2026-08-23T05:52:54.3459841Z  * [new branch]        agent/card-backfill-next-019 -> origin/agent/card-backfill-next-019
install	UNKNOWN STEP	2026-08-23T05:52:54.3460569Z  * [new branch]        agent/card-backfill-next-020 -> origin/agent/card-backfill-next-020
install	UNKNOWN STEP	2026-08-23T05:52:54.3461459Z  * [new branch]        agent/card-backfill-next-021 -> origin/agent/card-backfill-next-021
install	UNKNOWN STEP	2026-08-23T05:52:54.3462130Z  * [new branch]        agent/card-backfill-next-022 -> origin/agent/card-backfill-next-022
install	UNKNOWN STEP	2026-08-23T05:52:54.3463021Z  * [new branch]        agent/card-backfill-next-023 -> origin/agent/card-backfill-next-023
install	UNKNOWN STEP	2026-08-23T05:52:54.3463765Z  * [new branch]        agent/card-backfill-next-024 -> origin/agent/card-backfill-next-024
install	UNKNOWN STEP	2026-08-23T05:52:54.3464451Z  * [new branch]        agent/card-backfill-next-025 -> origin/agent/card-backfill-next-025
install	UNKNOWN STEP	2026-08-23T05:52:54.3465350Z  * [new branch]        agent/card-backfill-next-026 -> origin/agent/card-backfill-next-026
install	UNKNOWN STEP	2026-08-23T05:52:54.3466094Z  * [new branch]        agent/card-backfill-next-027 -> origin/agent/card-backfill-next-027
install	UNKNOWN STEP	2026-08-23T05:52:54.3466822Z  * [new branch]        agent/card-backfill-next-028 -> origin/agent/card-backfill-next-028
install	UNKNOWN STEP	2026-08-23T05:52:54.3467520Z  * [new branch]        agent/card-backfill-next-029 -> origin/agent/card-backfill-next-029
install	UNKNOWN STEP	2026-08-23T05:52:54.3468169Z  * [new branch]        agent/card-backfill-next-030 -> origin/agent/card-backfill-next-030
install	UNKNOWN STEP	2026-08-23T05:52:54.3468839Z  * [new branch]        agent/card-backfill-next-031 -> origin/agent/card-backfill-next-031
install	UNKNOWN STEP	2026-08-23T05:52:54.3469507Z  * [new branch]        agent/card-backfill-next-032 -> origin/agent/card-backfill-next-032
install	UNKNOWN STEP	2026-08-23T05:52:54.3470347Z  * [new branch]        agent/card-backfill-next-033 -> origin/agent/card-backfill-next-033
install	UNKNOWN STEP	2026-08-23T05:52:54.3471224Z  * [new branch]        agent/card-backfill-next-034 -> origin/agent/card-backfill-next-034
install	UNKNOWN STEP	2026-08-23T05:52:54.3471701Z  * [new branch]        agent/card-backfill-next-035 -> origin/agent/card-backfill-next-035
install	UNKNOWN STEP	2026-08-23T05:52:54.3472197Z  * [new branch]        agent/card-backfill-next-036 -> origin/agent/card-backfill-next-036
install	UNKNOWN STEP	2026-08-23T05:52:54.3472882Z  * [new branch]        agent/card-backfill-next-037 -> origin/agent/card-backfill-next-037
install	UNKNOWN STEP	2026-08-23T05:52:54.3473349Z  * [new branch]        agent/card-backfill-next-038 -> origin/agent/card-backfill-next-038
install	UNKNOWN STEP	2026-08-23T05:52:54.3473828Z  * [new branch]        agent/card-backfill-next-039 -> origin/agent/card-backfill-next-039
install	UNKNOWN STEP	2026-08-23T05:52:54.3474321Z  * [new branch]        agent/card-backfill-next-040 -> origin/agent/card-backfill-next-040
install	UNKNOWN STEP	2026-08-23T05:52:54.3474910Z  * [new branch]        agent/card-backfill-next-040-render-staging -> origin/agent/card-backfill-next-040-render-staging
install	UNKNOWN STEP	2026-08-23T05:52:54.3475718Z  * [new branch]        agent/card-backfill-next-040-retry-staging -> origin/agent/card-backfill-next-040-retry-staging
install	UNKNOWN STEP	2026-08-23T05:52:54.3476477Z  * [new branch]        agent/card-backfill-next-041 -> origin/agent/card-backfill-next-041
install	UNKNOWN STEP	2026-08-23T05:52:54.3477250Z  * [new branch]        agent/card-backfill-source-v3 -> origin/agent/card-backfill-source-v3
install	UNKNOWN STEP	2026-08-23T05:52:54.3477821Z  * [new branch]        agent/card-backfill-uc-007  -> origin/agent/card-backfill-uc-007
install	UNKNOWN STEP	2026-08-23T05:52:54.3478435Z  * [new branch]        agent/ci-publisher-custody-frontier-1-20260805 -> origin/agent/ci-publisher-custody-frontier-1-20260805
install	UNKNOWN STEP	2026-08-23T05:52:54.3479137Z  * [new branch]        agent/ci-publisher-custody-phase2-20260805 -> origin/agent/ci-publisher-custody-phase2-20260805
install	UNKNOWN STEP	2026-08-23T05:52:54.3479854Z  * [new branch]        agent/ci-publisher-custody-phase2-squash-base-v2-20260805 -> origin/agent/ci-publisher-custody-phase2-squash-base-v2-20260805
install	UNKNOWN STEP	2026-08-23T05:52:54.3480611Z  * [new branch]        agent/ci-publisher-custody-squash-base-20260805 -> origin/agent/ci-publisher-custody-squash-base-20260805
install	UNKNOWN STEP	2026-08-23T05:52:54.3481577Z  * [new branch]        agent/clifford-number-hr-accountability-burden-recovery-11-12 -> origin/agent/clifford-number-hr-accountability-burden-recovery-11-12
install	UNKNOWN STEP	2026-08-23T05:52:54.3482449Z  * [new branch]        agent/clifford-number-hr-accountability-consequence-wave-11 -> origin/agent/clifford-number-hr-accountability-consequence-wave-11
install	UNKNOWN STEP	2026-08-23T05:52:54.3483263Z  * [new branch]        agent/clifford-number-hr-budget-authority-recourse-wave-14 -> origin/agent/clifford-number-hr-budget-authority-recourse-wave-14
install	UNKNOWN STEP	2026-08-23T05:52:54.3484018Z  * [new branch]        agent/clifford-number-hr-burden-allocation-wave-12 -> origin/agent/clifford-number-hr-burden-allocation-wave-12
install	UNKNOWN STEP	2026-08-23T05:52:54.3484890Z  * [new branch]        agent/clifford-number-hr-counterpower-effects-wave-05 -> origin/agent/clifford-number-hr-counterpower-effects-wave-05
install	UNKNOWN STEP	2026-08-23T05:52:54.3485642Z  * [new branch]        agent/clifford-number-hr-counterpower-effects-wave-06 -> origin/agent/clifford-number-hr-counterpower-effects-wave-06
install	UNKNOWN STEP	2026-08-23T05:52:54.3486436Z  * [new branch]        agent/clifford-number-hr-counterpower-intervention-wave-05 -> origin/agent/clifford-number-hr-counterpower-intervention-wave-05
install	UNKNOWN STEP	2026-08-23T05:52:54.3487190Z  * [new branch]        agent/clifford-number-hr-deployment-census-wave-04 -> origin/agent/clifford-number-hr-deployment-census-wave-04
install	UNKNOWN STEP	2026-08-23T05:52:54.3487900Z  * [new branch]        agent/clifford-number-hr-deployment-wave-04 -> origin/agent/clifford-number-hr-deployment-wave-04
install	UNKNOWN STEP	2026-08-23T05:52:54.3488603Z  * [new branch]        agent/clifford-number-hr-disciplinary-ai-cases-wave-03 -> origin/agent/clifford-number-hr-disciplinary-ai-cases-wave-03
install	UNKNOWN STEP	2026-08-23T05:52:54.3489312Z  * [new branch]        agent/clifford-number-hr-disciplinary-ai-wave-02 -> origin/agent/clifford-number-hr-disciplinary-ai-wave-02
install	UNKNOWN STEP	2026-08-23T05:52:54.3490038Z  * [new branch]        agent/clifford-number-hr-disciplinary-harm-sentinels-wave-08 -> origin/agent/clifford-number-hr-disciplinary-harm-sentinels-wave-08
install	UNKNOWN STEP	2026-08-23T05:52:54.3490979Z  * [new branch]        agent/clifford-number-hr-disciplinary-wave-01 -> origin/agent/clifford-number-hr-disciplinary-wave-01
install	UNKNOWN STEP	2026-08-23T05:52:54.3491710Z  * [new branch]        agent/clifford-number-hr-dissonance-counterpower-wave-04 -> origin/agent/clifford-number-hr-dissonance-counterpower-wave-04
install	UNKNOWN STEP	2026-08-23T05:52:54.3492512Z  * [new branch]        agent/clifford-number-hr-governance-wave-03 -> origin/agent/clifford-number-hr-governance-wave-03
install	UNKNOWN STEP	2026-08-23T05:52:54.3493227Z  * [new branch]        agent/clifford-number-hr-implementation-verification-wave-07 -> origin/agent/clifford-number-hr-implementation-verification-wave-07
install	UNKNOWN STEP	2026-08-23T05:52:54.3494026Z  * [new branch]        agent/clifford-number-hr-indemnity-cost-transfer-wave-13 -> origin/agent/clifford-number-hr-indemnity-cost-transfer-wave-13
install	UNKNOWN STEP	2026-08-23T05:52:54.3494790Z  * [new branch]        agent/clifford-number-hr-learning-audit-wave-07 -> origin/agent/clifford-number-hr-learning-audit-wave-07
install	UNKNOWN STEP	2026-08-23T05:52:54.3495467Z  * [new branch]        agent/clifford-number-hr-recurrence-reopen-wave-10 -> origin/agent/clifford-number-hr-recurrence-reopen-wave-10
install	UNKNOWN STEP	2026-08-23T05:52:54.3496203Z  * [new branch]        agent/clifford-number-hr-response-prevention-wave-09 -> origin/agent/clifford-number-hr-response-prevention-wave-09
install	UNKNOWN STEP	2026-08-23T05:52:54.3496869Z  * [new branch]        agent/clifford-number-hr-selection-wave-01 -> origin/agent/clifford-number-hr-selection-wave-01
install	UNKNOWN STEP	2026-08-23T05:52:54.3497524Z  * [new branch]        agent/clifford-number-hr-source-adjudication-wave-02 -> origin/agent/clifford-number-hr-source-adjudication-wave-02
install	UNKNOWN STEP	2026-08-23T05:52:54.3498171Z  * [new branch]        agent/collection-only-candidate -> origin/agent/collection-only-candidate
install	UNKNOWN STEP	2026-08-23T05:52:54.3498785Z  * [new branch]        agent/collection-only-operations -> origin/agent/collection-only-operations
install	UNKNOWN STEP	2026-08-23T05:52:54.3499378Z  * [new branch]        agent/collection-only-operations-p2 -> origin/agent/collection-only-operations-p2
install	UNKNOWN STEP	2026-08-23T05:52:54.3499956Z  * [new branch]        agent/corpus-next-after-media-closure -> origin/agent/corpus-next-after-media-closure
install	UNKNOWN STEP	2026-08-23T05:52:54.3500483Z  * [new branch]        agent/corpus-operations-mode -> origin/agent/corpus-operations-mode
install	UNKNOWN STEP	2026-08-23T05:52:54.3501225Z  * [new branch]        agent/cycle004-still-transport-inspection -> origin/agent/cycle004-still-transport-inspection
install	UNKNOWN STEP	2026-08-23T05:52:54.3501858Z  * [new branch]        agent/dispatch-clean-preservation-235227a -> origin/agent/dispatch-clean-preservation-235227a
install	UNKNOWN STEP	2026-08-23T05:52:54.3502519Z  * [new branch]        agent/dispatch-preserve-7054b6-v2 -> origin/agent/dispatch-preserve-7054b6-v2
install	UNKNOWN STEP	2026-08-23T05:52:54.3503130Z  * [new branch]        agent/doctor-who-activation-001 -> origin/agent/doctor-who-activation-001
install	UNKNOWN STEP	2026-08-23T05:52:54.3503693Z  * [new branch]        agent/doctor-who-activation-preflight-001 -> origin/agent/doctor-who-activation-preflight-001
install	UNKNOWN STEP	2026-08-23T05:52:54.3504316Z  * [new branch]        agent/doctor-who-certification-001 -> origin/agent/doctor-who-certification-001
install	UNKNOWN STEP	2026-08-23T05:52:54.3504921Z  * [new branch]        agent/doctor-who-certified-paused-001 -> origin/agent/doctor-who-certified-paused-001
install	UNKNOWN STEP	2026-08-23T05:52:54.3505506Z  * [new branch]        agent/doctor-who-correction-drill-001 -> origin/agent/doctor-who-correction-drill-001
install	UNKNOWN STEP	2026-08-23T05:52:54.3506216Z  * [new branch]        agent/doctor-who-correction-drill-001-replay-6cb5d1 -> origin/agent/doctor-who-correction-drill-001-replay-6cb5d1
install	UNKNOWN STEP	2026-08-23T05:52:54.3506927Z  * [new branch]        agent/doctor-who-correction-drill-001-replay-6ea135 -> origin/agent/doctor-who-correction-drill-001-replay-6ea135
install	UNKNOWN STEP	2026-08-23T05:52:54.3507707Z  * [new branch]        agent/doctor-who-correction-drill-future-safe-repair -> origin/agent/doctor-who-correction-drill-future-safe-repair
install	UNKNOWN STEP	2026-08-23T05:52:54.3508447Z  * [new branch]        agent/doctor-who-correction-drill-scope-custody -> origin/agent/doctor-who-correction-drill-scope-custody
install	UNKNOWN STEP	2026-08-23T05:52:54.3509076Z  * [new branch]        agent/doctor-who-cycle-002-claim -> origin/agent/doctor-who-cycle-002-claim
install	UNKNOWN STEP	2026-08-23T05:52:54.3509682Z  * [new branch]        agent/doctor-who-cycle-002-current -> origin/agent/doctor-who-cycle-002-current
install	UNKNOWN STEP	2026-08-23T05:52:54.3510426Z  * [new branch]        agent/doctor-who-cycle-002-gredd -> origin/agent/doctor-who-cycle-002-gredd
install	UNKNOWN STEP	2026-08-23T05:52:54.3511519Z  * [new branch]        agent/doctor-who-cycle-002-gredd-current -> origin/agent/doctor-who-cycle-002-gredd-current
install	UNKNOWN STEP	2026-08-23T05:52:54.3512566Z  * [new branch]        agent/doctor-who-cycle-003-annette-portrait-review -> origin/agent/doctor-who-cycle-003-annette-portrait-review
install	UNKNOWN STEP	2026-08-23T05:52:54.3513587Z  * [new branch]        agent/doctor-who-cycle-003-current-extract -> origin/agent/doctor-who-cycle-003-current-extract
install	UNKNOWN STEP	2026-08-23T05:52:54.3514484Z  * [new branch]        agent/doctor-who-cycle-003-current-extract-v2 -> origin/agent/doctor-who-cycle-003-current-extract-v2
install	UNKNOWN STEP	2026-08-23T05:52:54.3515394Z  * [new branch]        agent/doctor-who-cycle-003-full-source -> origin/agent/doctor-who-cycle-003-full-source
install	UNKNOWN STEP	2026-08-23T05:52:54.3516462Z  * [new branch]        agent/doctor-who-cycle-003-jask-completion -> origin/agent/doctor-who-cycle-003-jask-completion
install	UNKNOWN STEP	2026-08-23T05:52:54.3517459Z  * [new branch]        agent/doctor-who-cycle-003-jask-portrait -> origin/agent/doctor-who-cycle-003-jask-portrait
install	UNKNOWN STEP	2026-08-23T05:52:54.3518497Z  * [new branch]        agent/doctor-who-cycle-003-margaret-media-review -> origin/agent/doctor-who-cycle-003-margaret-media-review
install	UNKNOWN STEP	2026-08-23T05:52:54.3519613Z  * [new branch]        agent/doctor-who-cycle-003-margaret-publication -> origin/agent/doctor-who-cycle-003-margaret-publication
install	UNKNOWN STEP	2026-08-23T05:52:54.3520607Z  * [new branch]        agent/doctor-who-cycle-003-materializer-recovery -> origin/agent/doctor-who-cycle-003-materializer-recovery
install	UNKNOWN STEP	2026-08-23T05:52:54.3522029Z  * [new branch]        agent/doctor-who-cycle-003-merge-guardian -> origin/agent/doctor-who-cycle-003-merge-guardian
install	UNKNOWN STEP	2026-08-23T05:52:54.3522979Z  * [new branch]        agent/doctor-who-cycle-004-full-source -> origin/agent/doctor-who-cycle-004-full-source
install	UNKNOWN STEP	2026-08-23T05:52:54.3523862Z  * [new branch]        agent/doctor-who-cycle-004-jask-audio-completion -> origin/agent/doctor-who-cycle-004-jask-audio-completion
install	UNKNOWN STEP	2026-08-23T05:52:54.3524923Z  * [new branch]        agent/doctor-who-cycle-004-jask-audio-portrait -> origin/agent/doctor-who-cycle-004-jask-audio-portrait
install	UNKNOWN STEP	2026-08-23T05:52:54.3525910Z  * [new branch]        agent/doctor-who-cycle-004-jask-still-correction -> origin/agent/doctor-who-cycle-004-jask-still-correction
install	UNKNOWN STEP	2026-08-23T05:52:54.3526942Z  * [new branch]        agent/doctor-who-cycle-004-media-preflight -> origin/agent/doctor-who-cycle-004-media-preflight
install	UNKNOWN STEP	2026-08-23T05:52:54.3527965Z  * [new branch]        agent/doctor-who-cycle-004-preflight -> origin/agent/doctor-who-cycle-004-preflight
install	UNKNOWN STEP	2026-08-23T05:52:54.3528611Z  * [new branch]        agent/doctor-who-cycle-004-still-correction-source -> origin/agent/doctor-who-cycle-004-still-correction-source
install	UNKNOWN STEP	2026-08-23T05:52:54.3529293Z  * [new branch]        agent/doctor-who-cycle-004-still-verification -> origin/agent/doctor-who-cycle-004-still-verification
install	UNKNOWN STEP	2026-08-23T05:52:54.3529967Z  * [new branch]        agent/doctor-who-cycle-005-carrier-source-export-v4 -> origin/agent/doctor-who-cycle-005-carrier-source-export-v4
install	UNKNOWN STEP	2026-08-23T05:52:54.3530838Z  * [new branch]        agent/doctor-who-cycle-005-kaarsh-completion -> origin/agent/doctor-who-cycle-005-kaarsh-completion
install	UNKNOWN STEP	2026-08-23T05:52:54.3531589Z  * [new branch]        agent/doctor-who-cycle-005-kaarsh-still-reattestation -> origin/agent/doctor-who-cycle-005-kaarsh-still-reattestation
install	UNKNOWN STEP	2026-08-23T05:52:54.3532575Z  * [new branch]        agent/doctor-who-cycle-005-kaarsh-still-verification -> origin/agent/doctor-who-cycle-005-kaarsh-still-verification
install	UNKNOWN STEP	2026-08-23T05:52:54.3533533Z  * [new branch]        agent/doctor-who-cycle-005-preflight -> origin/agent/doctor-who-cycle-005-preflight
install	UNKNOWN STEP	2026-08-23T05:52:54.3534345Z  * [new branch]        agent/doctor-who-cycle-006-autopilot-history-fix -> origin/agent/doctor-who-cycle-006-autopilot-history-fix
install	UNKNOWN STEP	2026-08-23T05:52:54.3535429Z  * [new branch]        agent/doctor-who-cycle-006-autopilot-history-qualification -> origin/agent/doctor-who-cycle-006-autopilot-history-qualification
install	UNKNOWN STEP	2026-08-23T05:52:54.3536605Z  * [new branch]        agent/doctor-who-cycle-006-carrier-source-export-v3 -> origin/agent/doctor-who-cycle-006-carrier-source-export-v3
install	UNKNOWN STEP	2026-08-23T05:52:54.3537566Z  * [new branch]        agent/doctor-who-cycle-006-chronology-composability -> origin/agent/doctor-who-cycle-006-chronology-composability
install	UNKNOWN STEP	2026-08-23T05:52:54.3538690Z  * [new branch]        agent/doctor-who-cycle-006-chronology-composability-current-main -> origin/agent/doctor-who-cycle-006-chronology-composability-current-main
install	UNKNOWN STEP	2026-08-23T05:52:54.3539853Z  * [new branch]        agent/doctor-who-cycle-006-chronology-composability-materializer -> origin/agent/doctor-who-cycle-006-chronology-composability-materializer
install	UNKNOWN STEP	2026-08-23T05:52:54.3541770Z  * [new branch]        agent/doctor-who-cycle-006-chronology-composability-qualification -> origin/agent/doctor-who-cycle-006-chronology-composability-qualification
install	UNKNOWN STEP	2026-08-23T05:52:54.3542921Z  * [new branch]        agent/doctor-who-cycle-006-chronology-composability-qualification-v2 -> origin/agent/doctor-who-cycle-006-chronology-composability-qualification-v2
install	UNKNOWN STEP	2026-08-23T05:52:54.3544261Z  * [new branch]        agent/doctor-who-cycle-006-chronology-composability-qualification-v3 -> origin/agent/doctor-who-cycle-006-chronology-composability-qualification-v3
install	UNKNOWN STEP	2026-08-23T05:52:54.3545548Z  * [new branch]        agent/doctor-who-cycle-006-chronology-composable-source-export -> origin/agent/doctor-who-cycle-006-chronology-composable-source-export
install	UNKNOWN STEP	2026-08-23T05:52:54.3546643Z  * [new branch]        agent/doctor-who-cycle-006-chronology-correction -> origin/agent/doctor-who-cycle-006-chronology-correction
install	UNKNOWN STEP	2026-08-23T05:52:54.3547722Z  * [new branch]        agent/doctor-who-cycle-006-chronology-correction-materializer -> origin/agent/doctor-who-cycle-006-chronology-correction-materializer
install	UNKNOWN STEP	2026-08-23T05:52:54.3548804Z  * [new branch]        agent/doctor-who-cycle-006-clean-main-rebind-v3 -> origin/agent/doctor-who-cycle-006-clean-main-rebind-v3
install	UNKNOWN STEP	2026-08-23T05:52:54.3549865Z  * [new branch]        agent/doctor-who-cycle-006-clean-main-rebind-v4 -> origin/agent/doctor-who-cycle-006-clean-main-rebind-v4
install	UNKNOWN STEP	2026-08-23T05:52:54.3551037Z  * [new branch]        agent/doctor-who-cycle-006-clean-main-rebind-v5 -> origin/agent/doctor-who-cycle-006-clean-main-rebind-v5
install	UNKNOWN STEP	2026-08-23T05:52:54.3552064Z  * [new branch]        agent/doctor-who-cycle-006-clean-main-rebind-v6 -> origin/agent/doctor-who-cycle-006-clean-main-rebind-v6
install	UNKNOWN STEP	2026-08-23T05:52:54.3553040Z  * [new branch]        agent/doctor-who-cycle-006-current-main-rebind -> origin/agent/doctor-who-cycle-006-current-main-rebind
install	UNKNOWN STEP	2026-08-23T05:52:54.3553711Z  * [new branch]        agent/doctor-who-cycle-006-current-main-rebind-v2 -> origin/agent/doctor-who-cycle-006-current-main-rebind-v2
install	UNKNOWN STEP	2026-08-23T05:52:54.3554363Z  * [new branch]        agent/doctor-who-cycle-006-kayste-completion -> origin/agent/doctor-who-cycle-006-kayste-completion
install	UNKNOWN STEP	2026-08-23T05:52:54.3555089Z  * [new branch]        agent/doctor-who-cycle-006-kayste-completion-v2 -> origin/agent/doctor-who-cycle-006-kayste-completion-v2
install	UNKNOWN STEP	2026-08-23T05:52:54.3555751Z  * [new branch]        agent/doctor-who-cycle-006-kayste-completion-v3 -> origin/agent/doctor-who-cycle-006-kayste-completion-v3
install	UNKNOWN STEP	2026-08-23T05:52:54.3556421Z  * [new branch]        agent/doctor-who-cycle-006-kayste-completion-v4 -> origin/agent/doctor-who-cycle-006-kayste-completion-v4
install	UNKNOWN STEP	2026-08-23T05:52:54.3557359Z  * [new branch]        agent/doctor-who-cycle-006-kayste-completion-v5 -> origin/agent/doctor-who-cycle-006-kayste-completion-v5
install	UNKNOWN STEP	2026-08-23T05:52:54.3558025Z  * [new branch]        agent/doctor-who-cycle-006-kayste-completion-v6 -> origin/agent/doctor-who-cycle-006-kayste-completion-v6
install	UNKNOWN STEP	2026-08-23T05:52:54.3558776Z  * [new branch]        agent/doctor-who-cycle-006-kayste-media-preflight -> origin/agent/doctor-who-cycle-006-kayste-media-preflight
install	UNKNOWN STEP	2026-08-23T05:52:54.3559430Z  * [new branch]        agent/doctor-who-cycle-006-merge-guardian -> origin/agent/doctor-who-cycle-006-merge-guardian
install	UNKNOWN STEP	2026-08-23T05:52:54.3560155Z  * [new branch]        agent/doctor-who-cycle-006-postfailure-status -> origin/agent/doctor-who-cycle-006-postfailure-status
install	UNKNOWN STEP	2026-08-23T05:52:54.3561024Z  * [new branch]        agent/doctor-who-cycle-006-preflight -> origin/agent/doctor-who-cycle-006-preflight
install	UNKNOWN STEP	2026-08-23T05:52:54.3561618Z  * [new branch]        agent/doctor-who-cycle-006-writer-builder -> origin/agent/doctor-who-cycle-006-writer-builder
install	UNKNOWN STEP	2026-08-23T05:52:54.3562344Z  * [new branch]        agent/doctor-who-cycle-006-writer-source-publication -> origin/agent/doctor-who-cycle-006-writer-source-publication
install	UNKNOWN STEP	2026-08-23T05:52:54.3563083Z  * [new branch]        agent/doctor-who-cycle-006-writer-source-recovery -> origin/agent/doctor-who-cycle-006-writer-source-recovery
install	UNKNOWN STEP	2026-08-23T05:52:54.3563755Z  * [new branch]        agent/doctor-who-cycle-007-canonical-proof-v4 -> origin/agent/doctor-who-cycle-007-canonical-proof-v4
install	UNKNOWN STEP	2026-08-23T05:52:54.3564445Z  * [new branch]        agent/doctor-who-cycle-007-current-main-source-export -> origin/agent/doctor-who-cycle-007-current-main-source-export
install	UNKNOWN STEP	2026-08-23T05:52:54.3565181Z  * [new branch]        agent/doctor-who-cycle-007-current-main-source-export-v2 -> origin/agent/doctor-who-cycle-007-current-main-source-export-v2
install	UNKNOWN STEP	2026-08-23T05:52:54.3566012Z  * [new branch]        agent/doctor-who-cycle-007-current-main-source-export-v2-lean -> origin/agent/doctor-who-cycle-007-current-main-source-export-v2-lean
install	UNKNOWN STEP	2026-08-23T05:52:54.3566836Z  * [new branch]        agent/doctor-who-cycle-007-current-main-source-export-v3 -> origin/agent/doctor-who-cycle-007-current-main-source-export-v3
install	UNKNOWN STEP	2026-08-23T05:52:54.3567621Z  * [new branch]        agent/doctor-who-cycle-007-current-main-source-snapshot-v2 -> origin/agent/doctor-who-cycle-007-current-main-source-snapshot-v2
install	UNKNOWN STEP	2026-08-23T05:52:54.3568358Z  * [new branch]        agent/doctor-who-cycle-007-kragar-media-preflight -> origin/agent/doctor-who-cycle-007-kragar-media-preflight
install	UNKNOWN STEP	2026-08-23T05:52:54.3569193Z  * [new branch]        agent/doctor-who-cycle-007-kragar-media-prepublish -> origin/agent/doctor-who-cycle-007-kragar-media-prepublish
install	UNKNOWN STEP	2026-08-23T05:52:54.3569979Z  * [new branch]        agent/doctor-who-cycle-007-kragar-media-prepublish-v2 -> origin/agent/doctor-who-cycle-007-kragar-media-prepublish-v2
install	UNKNOWN STEP	2026-08-23T05:52:54.3570856Z  * [new branch]        agent/doctor-who-cycle-007-kragar-media-review-final -> origin/agent/doctor-who-cycle-007-kragar-media-review-final
install	UNKNOWN STEP	2026-08-23T05:52:54.3571810Z  * [new branch]        agent/doctor-who-cycle-007-kragar-media-review-v2 -> origin/agent/doctor-who-cycle-007-kragar-media-review-v2
install	UNKNOWN STEP	2026-08-23T05:52:54.3572544Z  * [new branch]        agent/doctor-who-cycle-007-kragar-media-review-v3 -> origin/agent/doctor-who-cycle-007-kragar-media-review-v3
install	UNKNOWN STEP	2026-08-23T05:52:54.3573513Z  * [new branch]        agent/doctor-who-cycle-007-kragar-media-terminal -> origin/agent/doctor-who-cycle-007-kragar-media-terminal
install	UNKNOWN STEP	2026-08-23T05:52:54.3574516Z  * [new branch]        agent/doctor-who-cycle-007-kragar-product-v14 -> origin/agent/doctor-who-cycle-007-kragar-product-v14
install	UNKNOWN STEP	2026-08-23T05:52:54.3575557Z  * [new branch]        agent/doctor-who-cycle-007-post-composability-source-snapshot -> origin/agent/doctor-who-cycle-007-post-composability-source-snapshot
install	UNKNOWN STEP	2026-08-23T05:52:54.3576738Z  * [new branch]        agent/doctor-who-cycle-007-post-merge-proof-v1 -> origin/agent/doctor-who-cycle-007-post-merge-proof-v1
install	UNKNOWN STEP	2026-08-23T05:52:54.3577715Z  * [new branch]        agent/doctor-who-cycle-007-post-merge-proof-v2 -> origin/agent/doctor-who-cycle-007-post-merge-proof-v2
install	UNKNOWN STEP	2026-08-23T05:52:54.3578627Z  * [new branch]        agent/doctor-who-cycle-007-post-merge-proof-v3 -> origin/agent/doctor-who-cycle-007-post-merge-proof-v3
install	UNKNOWN STEP	2026-08-23T05:52:54.3579568Z  * [new branch]        agent/doctor-who-cycle-007-preflight -> origin/agent/doctor-who-cycle-007-preflight
install	UNKNOWN STEP	2026-08-23T05:52:54.3580451Z  * [new branch]        agent/doctor-who-cycle-007-qualifier-v10 -> origin/agent/doctor-who-cycle-007-qualifier-v10
install	UNKNOWN STEP	2026-08-23T05:52:54.3581475Z  * [new branch]        agent/doctor-who-cycle-007-qualifier-v10r -> origin/agent/doctor-who-cycle-007-qualifier-v10r
install	UNKNOWN STEP	2026-08-23T05:52:54.3582638Z  * [new branch]        agent/doctor-who-cycle-007-qualifier-v8 -> origin/agent/doctor-who-cycle-007-qualifier-v8
install	UNKNOWN STEP	2026-08-23T05:52:54.3583524Z  * [new branch]        agent/doctor-who-cycle-007-qualifier-v9 -> origin/agent/doctor-who-cycle-007-qualifier-v9
install	UNKNOWN STEP	2026-08-23T05:52:54.3584619Z  * [new branch]        agent/doctor-who-cycle-007-selection -> origin/agent/doctor-who-cycle-007-selection
install	UNKNOWN STEP	2026-08-23T05:52:54.3585343Z  * [new branch]        agent/doctor-who-cycle-007-source-snapshot -> origin/agent/doctor-who-cycle-007-source-snapshot
install	UNKNOWN STEP	2026-08-23T05:52:54.3585990Z  * [new branch]        agent/doctor-who-cycle-007-source-snapshot-v2 -> origin/agent/doctor-who-cycle-007-source-snapshot-v2
install	UNKNOWN STEP	2026-08-23T05:52:54.3586716Z  * [new branch]        agent/doctor-who-cycle-007-terminal-current-main-proof-v4 -> origin/agent/doctor-who-cycle-007-terminal-current-main-proof-v4
install	UNKNOWN STEP	2026-08-23T05:52:54.3587502Z  * [new branch]        agent/doctor-who-cycle-007-transport-comment-census -> origin/agent/doctor-who-cycle-007-transport-comment-census
install	UNKNOWN STEP	2026-08-23T05:52:54.3588333Z  * [new branch]        agent/doctor-who-cycle-007-trusted-publisher-v10-denominator-repair -> origin/agent/doctor-who-cycle-007-trusted-publisher-v10-denominator-repair
install	UNKNOWN STEP	2026-08-23T05:52:54.3589449Z  * [new branch]        agent/doctor-who-cycle-007-trusted-publisher-v10-installer -> origin/agent/doctor-who-cycle-007-trusted-publisher-v10-installer
install	UNKNOWN STEP	2026-08-23T05:52:54.3590822Z  * [new branch]        agent/doctor-who-cycle-007-trusted-publisher-v10-installer-008f -> origin/agent/doctor-who-cycle-007-trusted-publisher-v10-installer-008f
install	UNKNOWN STEP	2026-08-23T05:52:54.3591686Z  * [new branch]        agent/doctor-who-cycle-007-v11-finalization -> origin/agent/doctor-who-cycle-007-v11-finalization
install	UNKNOWN STEP	2026-08-23T05:52:54.3592291Z  * [new branch]        agent/doctor-who-cycle-007-v12-finalization -> origin/agent/doctor-who-cycle-007-v12-finalization
install	UNKNOWN STEP	2026-08-23T05:52:54.3592978Z  * [new branch]        agent/doctor-who-cycle-007-v13-finalization -> origin/agent/doctor-who-cycle-007-v13-finalization
install	UNKNOWN STEP	2026-08-23T05:52:54.3593598Z  * [new branch]        agent/doctor-who-cycle-007-v14-finalization -> origin/agent/doctor-who-cycle-007-v14-finalization
install	UNKNOWN STEP	2026-08-23T05:52:54.3594347Z  * [new branch]        agent/doctor-who-cycle-007-v14-finalization-copy-do-not-use -> origin/agent/doctor-who-cycle-007-v14-finalization-copy-do-not-use
install	UNKNOWN STEP	2026-08-23T05:52:54.3595181Z  * [new branch]        agent/doctor-who-cycle-007-v14-publisher -> origin/agent/doctor-who-cycle-007-v14-publisher
install	UNKNOWN STEP	2026-08-23T05:52:54.3595802Z  * [new branch]        agent/doctor-who-cycle-007-v14-publisher-observer -> origin/agent/doctor-who-cycle-007-v14-publisher-observer
install	UNKNOWN STEP	2026-08-23T05:52:54.3596797Z  * [new branch]        agent/doctor-who-cycle-007-v15-product-qualification -> origin/agent/doctor-who-cycle-007-v15-product-qualification
install	UNKNOWN STEP	2026-08-23T05:52:54.3597884Z  * [new branch]        agent/doctor-who-cycle-007-v15-product-qualification-v2 -> origin/agent/doctor-who-cycle-007-v15-product-qualification-v2
install	UNKNOWN STEP	2026-08-23T05:52:54.3598990Z  * [new branch]        agent/doctor-who-cycle-007-v8-finalizer-v1 -> origin/agent/doctor-who-cycle-007-v8-finalizer-v1
install	UNKNOWN STEP	2026-08-23T05:52:54.3599990Z  * [new branch]        agent/doctor-who-cycle-007-v8-finalizer-v1-repair -> origin/agent/doctor-who-cycle-007-v8-finalizer-v1-repair
install	UNKNOWN STEP	2026-08-23T05:52:54.3601219Z  * [new branch]        agent/doctor-who-cycle-007-v8-finalizer-v2 -> origin/agent/doctor-who-cycle-007-v8-finalizer-v2
install	UNKNOWN STEP	2026-08-23T05:52:54.3602138Z  * [new branch]        agent/doctor-who-cycle-007-v8-finalizer-v3 -> origin/agent/doctor-who-cycle-007-v8-finalizer-v3
install	UNKNOWN STEP	2026-08-23T05:52:54.3603041Z  * [new branch]        agent/doctor-who-cycle-007-v8-independent-review -> origin/agent/doctor-who-cycle-007-v8-independent-review
install	UNKNOWN STEP	2026-08-23T05:52:54.3604067Z  * [new branch]        agent/doctor-who-cycle-007-v8-independent-review-v2 -> origin/agent/doctor-who-cycle-007-v8-independent-review-v2
install	UNKNOWN STEP	2026-08-23T05:52:54.3605374Z  * [new branch]        agent/doctor-who-cycle-007-v8-independent-review-v3-probe -> origin/agent/doctor-who-cycle-007-v8-independent-review-v3-probe
install	UNKNOWN STEP	2026-08-23T05:52:54.3606485Z  * [new branch]        agent/doctor-who-cycle-007-v8-independent-review-v4-probe -> origin/agent/doctor-who-cycle-007-v8-independent-review-v4-probe
install	UNKNOWN STEP	2026-08-23T05:52:54.3607577Z  * [new branch]        agent/doctor-who-cycle-007-v8-independent-review-v5 -> origin/agent/doctor-who-cycle-007-v8-independent-review-v5
install	UNKNOWN STEP	2026-08-23T05:52:54.3608777Z  * [new branch]        agent/doctor-who-cycle-007-v8-materializer -> origin/agent/doctor-who-cycle-007-v8-materializer
install	UNKNOWN STEP	2026-08-23T05:52:54.3609533Z  * [new branch]        agent/doctor-who-cycle-007-v8-merge-guardian-v1 -> origin/agent/doctor-who-cycle-007-v8-merge-guardian-v1
install	UNKNOWN STEP	2026-08-23T05:52:54.3610238Z  * [new branch]        agent/doctor-who-cycle-007-v8-merge-guardian-v2 -> origin/agent/doctor-who-cycle-007-v8-merge-guardian-v2
install	UNKNOWN STEP	2026-08-23T05:52:54.3611117Z  * [new branch]        agent/doctor-who-cycle-007-v8-merge-guardian-v3 -> origin/agent/doctor-who-cycle-007-v8-merge-guardian-v3
install	UNKNOWN STEP	2026-08-23T05:52:54.3611870Z  * [new branch]        agent/doctor-who-cycle-007-v8-product-qualifier-v1 -> origin/agent/doctor-who-cycle-007-v8-product-qualifier-v1
install	UNKNOWN STEP	2026-08-23T05:52:54.3612734Z  * [new branch]        agent/doctor-who-cycle-007-v8-product-qualifier-v2 -> origin/agent/doctor-who-cycle-007-v8-product-qualifier-v2
install	UNKNOWN STEP	2026-08-23T05:52:54.3613816Z  * [new branch]        agent/doctor-who-cycle-007-v8-product-qualifier-v3 -> origin/agent/doctor-who-cycle-007-v8-product-qualifier-v3
install	UNKNOWN STEP	2026-08-23T05:52:54.3614585Z  * [new branch]        agent/doctor-who-cycle-007-v8-terminal-guardian-v4 -> origin/agent/doctor-who-cycle-007-v8-terminal-guardian-v4
install	UNKNOWN STEP	2026-08-23T05:52:54.3615319Z  * [new branch]        agent/doctor-who-cycle-007-writer-builder-squash-temp -> origin/agent/doctor-who-cycle-007-writer-builder-squash-temp
install	UNKNOWN STEP	2026-08-23T05:52:54.3616102Z  * [new branch]        agent/doctor-who-cycle-007-writer-builder-squash-temp-v2 -> origin/agent/doctor-who-cycle-007-writer-builder-squash-temp-v2
install	UNKNOWN STEP	2026-08-23T05:52:54.3616799Z  * [new branch]        agent/doctor-who-cycle-007-writer-builder-v1 -> origin/agent/doctor-who-cycle-007-writer-builder-v1
install	UNKNOWN STEP	2026-08-23T05:52:54.3617446Z  * [new branch]        agent/doctor-who-cycle-007-writer-builder-v2 -> origin/agent/doctor-who-cycle-007-writer-builder-v2
install	UNKNOWN STEP	2026-08-23T05:52:54.3618209Z  * [new branch]        agent/doctor-who-cycle-007-writer-builder-v3 -> origin/agent/doctor-who-cycle-007-writer-builder-v3
install	UNKNOWN STEP	2026-08-23T05:52:54.3619273Z  * [new branch]        agent/doctor-who-cycle-007-writer-builder-v4-squash-temp -> origin/agent/doctor-who-cycle-007-writer-builder-v4-squash-temp
install	UNKNOWN STEP	2026-08-23T05:52:54.3620181Z  * [new branch]        agent/doctor-who-cycle-007-writer-builder-v4-squash-temp-v2 -> origin/agent/doctor-who-cycle-007-writer-builder-v4-squash-temp-v2
install	UNKNOWN STEP	2026-08-23T05:52:54.3621471Z  * [new branch]        agent/doctor-who-cycle-007-writer-builder-v6-rebuild -> origin/agent/doctor-who-cycle-007-writer-builder-v6-rebuild
install	UNKNOWN STEP	2026-08-23T05:52:54.3622466Z  * [new branch]        agent/doctor-who-cycle-007-writer-builder-v7 -> origin/agent/doctor-who-cycle-007-writer-builder-v7
install	UNKNOWN STEP	2026-08-23T05:52:54.3623348Z  * [new branch]        agent/doctor-who-cycle-007-writer-builder-v9 -> origin/agent/doctor-who-cycle-007-writer-builder-v9
install	UNKNOWN STEP	2026-08-23T05:52:54.3624936Z  * [new branch]        agent/doctor-who-cycle-008-composability-current-main-v1 -> origin/agent/doctor-who-cycle-008-composability-current-main-v1
install	UNKNOWN STEP	2026-08-23T05:52:54.3626262Z  * [new branch]        agent/doctor-who-cycle-008-composability-for-cycle-009 -> origin/agent/doctor-who-cycle-008-composability-for-cycle-009
install	UNKNOWN STEP	2026-08-23T05:52:54.3627324Z  * [new branch]        agent/doctor-who-cycle-008-composability-v2 -> origin/agent/doctor-who-cycle-008-composability-v2
install	UNKNOWN STEP	2026-08-23T05:52:54.3628415Z  * [new branch]        agent/doctor-who-cycle-008-composability-v3-materializer-v1 -> origin/agent/doctor-who-cycle-008-composability-v3-materializer-v1
install	UNKNOWN STEP	2026-08-23T05:52:54.3629763Z  * [new branch]        agent/doctor-who-cycle-008-composability-v3-product -> origin/agent/doctor-who-cycle-008-composability-v3-product
install	UNKNOWN STEP	2026-08-23T05:52:54.3631323Z  * [new branch]        agent/doctor-who-cycle-008-composability-v3-qualifier -> origin/agent/doctor-who-cycle-008-composability-v3-qualifier
install	UNKNOWN STEP	2026-08-23T05:52:54.3632673Z  * [new branch]        agent/doctor-who-cycle-008-current-main-source-export -> origin/agent/doctor-who-cycle-008-current-main-source-export
install	UNKNOWN STEP	2026-08-23T05:52:54.3633950Z  * [new branch]        agent/doctor-who-cycle-008-current-main-source-export-v2 -> origin/agent/doctor-who-cycle-008-current-main-source-export-v2
install	UNKNOWN STEP	2026-08-23T05:52:54.3635339Z  * [new branch]        agent/doctor-who-cycle-008-cycle007-finalization-delta-recovery -> origin/agent/doctor-who-cycle-008-cycle007-finalization-delta-recovery
install	UNKNOWN STEP	2026-08-23T05:52:54.3636767Z  * [new branch]        agent/doctor-who-cycle-008-cycle007-finalization-delta-recovery-v2 -> origin/agent/doctor-who-cycle-008-cycle007-finalization-delta-recovery-v2
install	UNKNOWN STEP	2026-08-23T05:52:54.3637940Z  * [new branch]        agent/doctor-who-cycle-008-preflight -> origin/agent/doctor-who-cycle-008-preflight
install	UNKNOWN STEP	2026-08-23T05:52:54.3638913Z  * [new branch]        agent/doctor-who-cycle-008-preflight-v2 -> origin/agent/doctor-who-cycle-008-preflight-v2
install	UNKNOWN STEP	2026-08-23T05:52:54.3639857Z  * [new branch]        agent/doctor-who-cycle-008-preflight-v3 -> origin/agent/doctor-who-cycle-008-preflight-v3
install	UNKNOWN STEP	2026-08-23T05:52:54.3641286Z  * [new branch]        agent/doctor-who-cycle-009-megnus-jaka-postmerge-settler-v1 -> origin/agent/doctor-who-cycle-009-megnus-jaka-postmerge-settler-v1
install	UNKNOWN STEP	2026-08-23T05:52:54.3642557Z  * [new branch]        agent/doctor-who-cycle-009-megnus-jaka-postmerge-v2 -> origin/agent/doctor-who-cycle-009-megnus-jaka-postmerge-v2
install	UNKNOWN STEP	2026-08-23T05:52:54.3643581Z  * [new branch]        agent/doctor-who-cycle-010-frontier-v1 -> origin/agent/doctor-who-cycle-010-frontier-v1
install	UNKNOWN STEP	2026-08-23T05:52:54.3644716Z  * [new branch]        agent/doctor-who-cycle-010-merx-candidate-current-main-v4 -> origin/agent/doctor-who-cycle-010-merx-candidate-current-main-v4
install	UNKNOWN STEP	2026-08-23T05:52:54.3646043Z  * [new branch]        agent/doctor-who-cycle-010-merx-candidate-review-v1 -> origin/agent/doctor-who-cycle-010-merx-candidate-review-v1
install	UNKNOWN STEP	2026-08-23T05:52:54.3647154Z  * [new branch]        agent/doctor-who-cycle-010-merx-candidate-v1 -> origin/agent/doctor-who-cycle-010-merx-candidate-v1
install	UNKNOWN STEP	2026-08-23T05:52:54.3648356Z  * [new branch]        agent/doctor-who-cycle-010-merx-candidate-v2 -> origin/agent/doctor-who-cycle-010-merx-candidate-v2
install	UNKNOWN STEP	2026-08-23T05:52:54.3649350Z  * [new branch]        agent/doctor-who-cycle-010-merx-candidate-v3 -> origin/agent/doctor-who-cycle-010-merx-candidate-v3
install	UNKNOWN STEP	2026-08-23T05:52:54.3650564Z  * [new branch]        agent/doctor-who-cycle-010-merx-candidate-v4-current-main -> origin/agent/doctor-who-cycle-010-merx-candidate-v4-current-main
install	UNKNOWN STEP	2026-08-23T05:52:54.3652006Z  * [new branch]        agent/doctor-who-cycle-010-merx-candidate-v4-rebound -> origin/agent/doctor-who-cycle-010-merx-candidate-v4-rebound
install	UNKNOWN STEP	2026-08-23T05:52:54.3653167Z  * [new branch]        agent/doctor-who-cycle-010-merx-evidence-v1 -> origin/agent/doctor-who-cycle-010-merx-evidence-v1
install	UNKNOWN STEP	2026-08-23T05:52:54.3654167Z  * [new branch]        agent/doctor-who-cycle-010-merx-evidence-v2 -> origin/agent/doctor-who-cycle-010-merx-evidence-v2
install	UNKNOWN STEP	2026-08-23T05:52:54.3655144Z  * [new branch]        agent/doctor-who-cycle-010-merx-evidence-v3 -> origin/agent/doctor-who-cycle-010-merx-evidence-v3
install	UNKNOWN STEP	2026-08-23T05:52:54.3656205Z  * [new branch]        agent/doctor-who-cycle-010-merx-evidence-v4 -> origin/agent/doctor-who-cycle-010-merx-evidence-v4
install	UNKNOWN STEP	2026-08-23T05:52:54.3657373Z  * [new branch]        agent/doctor-who-cycle-010-merx-final-product-current-main-v1 -> origin/agent/doctor-who-cycle-010-merx-final-product-current-main-v1
install	UNKNOWN STEP	2026-08-23T05:52:54.3658648Z  * [new branch]        agent/doctor-who-cycle-010-merx-final-product-v1 -> origin/agent/doctor-who-cycle-010-merx-final-product-v1
install	UNKNOWN STEP	2026-08-23T05:52:54.3659897Z  * [new branch]        agent/doctor-who-cycle-010-merx-final-product-v2 -> origin/agent/doctor-who-cycle-010-merx-final-product-v2
install	UNKNOWN STEP	2026-08-23T05:52:54.3661193Z  * [new branch]        agent/doctor-who-cycle-010-merx-final-product-v3 -> origin/agent/doctor-who-cycle-010-merx-final-product-v3
install	UNKNOWN STEP	2026-08-23T05:52:54.3662384Z  * [new branch]        agent/doctor-who-cycle-010-merx-final-product-v4 -> origin/agent/doctor-who-cycle-010-merx-final-product-v4
install	UNKNOWN STEP	2026-08-23T05:52:54.3663593Z  * [new branch]        agent/doctor-who-cycle-010-merx-final-review-current-main-v1 -> origin/agent/doctor-who-cycle-010-merx-final-review-current-main-v1
install	UNKNOWN STEP	2026-08-23T05:52:54.3664839Z  * [new branch]        agent/doctor-who-cycle-010-merx-final-review-v1 -> origin/agent/doctor-who-cycle-010-merx-final-review-v1
install	UNKNOWN STEP	2026-08-23T05:52:54.3665881Z  * [new branch]        agent/doctor-who-cycle-010-merx-final-review-v2 -> origin/agent/doctor-who-cycle-010-merx-final-review-v2
install	UNKNOWN STEP	2026-08-23T05:52:54.3666894Z  * [new branch]        agent/doctor-who-cycle-010-merx-final-review-v3 -> origin/agent/doctor-who-cycle-010-merx-final-review-v3
install	UNKNOWN STEP	2026-08-23T05:52:54.3667924Z  * [new branch]        agent/doctor-who-cycle-010-merx-final-review-v4 -> origin/agent/doctor-who-cycle-010-merx-final-review-v4
install	UNKNOWN STEP	2026-08-23T05:52:54.3668906Z  * [new branch]        agent/doctor-who-cycle-010-merx-media-review-v1 -> origin/agent/doctor-who-cycle-010-merx-media-review-v1
install	UNKNOWN STEP	2026-08-23T05:52:54.3669932Z  * [new branch]        agent/doctor-who-cycle-010-merx-merger-current-main-v1 -> origin/agent/doctor-who-cycle-010-merx-merger-current-main-v1
install	UNKNOWN STEP	2026-08-23T05:52:54.3671165Z  * [new branch]        agent/doctor-who-cycle-010-merx-postmerge-v1 -> origin/agent/doctor-who-cycle-010-merx-postmerge-v1
install	UNKNOWN STEP	2026-08-23T05:52:54.3672266Z  * [new branch]        agent/doctor-who-cycle-010-merx-publisher-current-main-v1 -> origin/agent/doctor-who-cycle-010-merx-publisher-current-main-v1
install	UNKNOWN STEP	2026-08-23T05:52:54.3673542Z  * [new branch]        agent/doctor-who-cycle-010-merx-reviewed-product-current-main-v1 -> origin/agent/doctor-who-cycle-010-merx-reviewed-product-current-main-v1
install	UNKNOWN STEP	2026-08-23T05:52:54.3674641Z  * [new branch]        agent/doctor-who-cycle-010-preflight-v1 -> origin/agent/doctor-who-cycle-010-preflight-v1
install	UNKNOWN STEP	2026-08-23T05:52:54.3675484Z  * [new branch]        agent/doctor-who-cycle-010-preflight-v2 -> origin/agent/doctor-who-cycle-010-preflight-v2
install	UNKNOWN STEP	2026-08-23T05:52:54.3676397Z  * [new branch]        agent/doctor-who-cycle-011-preflight-v1 -> origin/agent/doctor-who-cycle-011-preflight-v1
install	UNKNOWN STEP	2026-08-23T05:52:54.3677541Z  * [new branch]        agent/doctor-who-cycle-011-retire-direct-publisher-v1 -> origin/agent/doctor-who-cycle-011-retire-direct-publisher-v1
install	UNKNOWN STEP	2026-08-23T05:52:54.3678630Z  * [new branch]        agent/doctor-who-cycle-012-senstarg-candidate-v1 -> origin/agent/doctor-who-cycle-012-senstarg-candidate-v1
install	UNKNOWN STEP	2026-08-23T05:52:54.3679605Z  * [new branch]        agent/doctor-who-cycle-012-senstarg-review-v1 -> origin/agent/doctor-who-cycle-012-senstarg-review-v1
install	UNKNOWN STEP	2026-08-23T05:52:54.3680555Z  * [new branch]        agent/doctor-who-cycle-013-shallo-candidate-v1 -> origin/agent/doctor-who-cycle-013-shallo-candidate-v1
install	UNKNOWN STEP	2026-08-23T05:52:54.3681755Z  * [new branch]        agent/doctor-who-cycle-014-shrok-candidate-v1 -> origin/agent/doctor-who-cycle-014-shrok-candidate-v1
install	UNKNOWN STEP	2026-08-23T05:52:54.3682724Z  * [new branch]        agent/doctor-who-global-cycle-receipt -> origin/agent/doctor-who-global-cycle-receipt
install	UNKNOWN STEP	2026-08-23T05:52:54.3683631Z  * [new branch]        agent/doctor-who-gredd-cycle-002-publication -> origin/agent/doctor-who-gredd-cycle-002-publication
install	UNKNOWN STEP	2026-08-23T05:52:54.3684661Z  * [new branch]        agent/doctor-who-journal-retirement-presence-custody -> origin/agent/doctor-who-journal-retirement-presence-custody
install	UNKNOWN STEP	2026-08-23T05:52:54.3685770Z  * [new branch]        agent/doctor-who-lifecycle-scope-and-terminal-custody -> origin/agent/doctor-who-lifecycle-scope-and-terminal-custody
install	UNKNOWN STEP	2026-08-23T05:52:54.3686877Z  * [new branch]        agent/doctor-who-lifecycle-task-id-first-custody -> origin/agent/doctor-who-lifecycle-task-id-first-custody
install	UNKNOWN STEP	2026-08-23T05:52:54.3688082Z  * [new branch]        agent/doctor-who-lifecycle-task-id-first-custody-v2 -> origin/agent/doctor-who-lifecycle-task-id-first-custody-v2
install	UNKNOWN STEP	2026-08-23T05:52:54.3689300Z  * [new branch]        agent/doctor-who-lifecycle-task-id-first-custody-v3 -> origin/agent/doctor-who-lifecycle-task-id-first-custody-v3
install	UNKNOWN STEP	2026-08-23T05:52:54.3690369Z  * [new branch]        agent/doctor-who-pilot-activation-current -> origin/agent/doctor-who-pilot-activation-current
install	UNKNOWN STEP	2026-08-23T05:52:54.3691534Z  * [new branch]        agent/doctor-who-pilot-claim-event-custody -> origin/agent/doctor-who-pilot-claim-event-custody
install	UNKNOWN STEP	2026-08-23T05:52:54.3692535Z  * [new branch]        agent/doctor-who-pilot-cycle-001 -> origin/agent/doctor-who-pilot-cycle-001
install	UNKNOWN STEP	2026-08-23T05:52:54.3693372Z  * [new branch]        agent/doctor-who-pilot-cycle-001-current -> origin/agent/doctor-who-pilot-cycle-001-current
install	UNKNOWN STEP	2026-08-23T05:52:54.3694459Z  * [new branch]        agent/doctor-who-pilot-cycle-journal-custody -> origin/agent/doctor-who-pilot-cycle-journal-custody
install	UNKNOWN STEP	2026-08-23T05:52:54.3695560Z  * [new branch]        agent/doctor-who-pilot-cycle-review-hotfix -> origin/agent/doctor-who-pilot-cycle-review-hotfix
install	UNKNOWN STEP	2026-08-23T05:52:54.3696451Z  * [new branch]        agent/doctor-who-regeneration-001 -> origin/agent/doctor-who-regeneration-001
install	UNKNOWN STEP	2026-08-23T05:52:54.3697472Z  * [new branch]        agent/doctor-who-retained-retired-task-custody -> origin/agent/doctor-who-retained-retired-task-custody
install	UNKNOWN STEP	2026-08-23T05:52:54.3698539Z  * [new branch]        agent/doctor-who-scope-bound-cycle-receipt -> origin/agent/doctor-who-scope-bound-cycle-receipt
install	UNKNOWN STEP	2026-08-23T05:52:54.3699513Z  * [new branch]        agent/doctor-who-semantic-adapter-001 -> origin/agent/doctor-who-semantic-adapter-001
install	UNKNOWN STEP	2026-08-23T05:52:54.3700570Z  * [new branch]        agent/doctor-who-source-preservation-001 -> origin/agent/doctor-who-source-preservation-001
install	UNKNOWN STEP	2026-08-23T05:52:54.3701688Z  * [new branch]        agent/enwright-cycle-schema-probe -> origin/agent/enwright-cycle-schema-probe
install	UNKNOWN STEP	2026-08-23T05:52:54.3702766Z  * [new branch]        agent/enwright-media-candidate-probe -> origin/agent/enwright-media-candidate-probe
install	UNKNOWN STEP	2026-08-23T05:52:54.3703611Z  * [new branch]        agent/estate-consolidation-001 -> origin/agent/estate-consolidation-001
install	UNKNOWN STEP	2026-08-23T05:52:54.3704530Z  * [new branch]        agent/estate-debt-collection-001 -> origin/agent/estate-debt-collection-001
install	UNKNOWN STEP	2026-08-23T05:52:54.3705638Z  * [new branch]        agent/estate-release-finalize-001 -> origin/agent/estate-release-finalize-001
install	UNKNOWN STEP	2026-08-23T05:52:54.3706448Z  * [new branch]        agent/export-current-main-result-v1 -> origin/agent/export-current-main-result-v1
install	UNKNOWN STEP	2026-08-23T05:52:54.3707430Z  * [new branch]        agent/export-current-main-result-v2 -> origin/agent/export-current-main-result-v2
install	UNKNOWN STEP	2026-08-23T05:52:54.3708298Z  * [new branch]        agent/export-current-main-v1 -> origin/agent/export-current-main-v1
install	UNKNOWN STEP	2026-08-23T05:52:54.3709126Z  * [new branch]        agent/export-current-main-v2 -> origin/agent/export-current-main-v2
install	UNKNOWN STEP	2026-08-23T05:52:54.3710105Z  * [new branch]        agent/extract-maryl-helper-by-sha-result-v2 -> origin/agent/extract-maryl-helper-by-sha-result-v2
install	UNKNOWN STEP	2026-08-23T05:52:54.3711283Z  * [new branch]        agent/extract-maryl-helper-by-sha-v2 -> origin/agent/extract-maryl-helper-by-sha-v2
install	UNKNOWN STEP	2026-08-23T05:52:54.3712224Z  * [new branch]        agent/extract-maryl-helper-for-queen-v1 -> origin/agent/extract-maryl-helper-for-queen-v1
install	UNKNOWN STEP	2026-08-23T05:52:54.3713175Z  * [new branch]        agent/extract-maryl-status-result-v1 -> origin/agent/extract-maryl-status-result-v1
install	UNKNOWN STEP	2026-08-23T05:52:54.3713997Z  * [new branch]        agent/extract-maryl-status-v1 -> origin/agent/extract-maryl-status-v1
install	UNKNOWN STEP	2026-08-23T05:52:54.3714928Z  * [new branch]        agent/extract-white-rabbit-controller-result-v1 -> origin/agent/extract-white-rabbit-controller-result-v1
install	UNKNOWN STEP	2026-08-23T05:52:54.3715964Z  * [new branch]        agent/extract-white-rabbit-controller-v1 -> origin/agent/extract-white-rabbit-controller-v1
install	UNKNOWN STEP	2026-08-23T05:52:54.3716859Z  * [new branch]        agent/ferengi-media-enrichment-001 -> origin/agent/ferengi-media-enrichment-001
install	UNKNOWN STEP	2026-08-23T05:52:54.3718036Z  * [new branch]        agent/finalize-clean-preservation-7054b6 -> origin/agent/finalize-clean-preservation-7054b6
install	UNKNOWN STEP	2026-08-23T05:52:54.3719182Z  * [new branch]        agent/finalize-forced-preserve-7054b6 -> origin/agent/finalize-forced-preserve-7054b6
install	UNKNOWN STEP	2026-08-23T05:52:54.3720070Z  * [new branch]        agent/fix-ferengi-role-filter -> origin/agent/fix-ferengi-role-filter
install	UNKNOWN STEP	2026-08-23T05:52:54.3721123Z  * [new branch]        agent/full-site-integrity-design-sweep -> origin/agent/full-site-integrity-design-sweep
install	UNKNOWN STEP	2026-08-23T05:52:54.3722117Z  * [new branch]        agent/gredd-cycle-002-final-evidence -> origin/agent/gredd-cycle-002-final-evidence
install	UNKNOWN STEP	2026-08-23T05:52:54.3723075Z  * [new branch]        agent/gredd-cycle-002-recovery-bootstrap -> origin/agent/gredd-cycle-002-recovery-bootstrap
install	UNKNOWN STEP	2026-08-23T05:52:54.3724107Z  * [new branch]        agent/gredd-cycle-002-recovery-rearm -> origin/agent/gredd-cycle-002-recovery-rearm
install	UNKNOWN STEP	2026-08-23T05:52:54.3725155Z  * [new branch]        agent/homepage-purpose-and-theme -> origin/agent/homepage-purpose-and-theme
install	UNKNOWN STEP	2026-08-23T05:52:54.3726137Z  * [new branch]        agent/inspect-star-trek-current-result-v1 -> origin/agent/inspect-star-trek-current-result-v1
install	UNKNOWN STEP	2026-08-23T05:52:54.3727117Z  * [new branch]        agent/inspect-star-trek-current-v1 -> origin/agent/inspect-star-trek-current-v1
install	UNKNOWN STEP	2026-08-23T05:52:54.3728025Z  * [new branch]        agent/inspect-star-trek-rail-v5 -> origin/agent/inspect-star-trek-rail-v5
install	UNKNOWN STEP	2026-08-23T05:52:54.3728907Z  * [new branch]        agent/inspect-star-trek-rail-v5-result -> origin/agent/inspect-star-trek-rail-v5-result
install	UNKNOWN STEP	2026-08-23T05:52:54.3729942Z  * [new branch]        agent/inspect-star-trek-rail-v5-snapshot -> origin/agent/inspect-star-trek-rail-v5-snapshot
install	UNKNOWN STEP	2026-08-23T05:52:54.3731257Z  * [new branch]        agent/inspect-star-trek-rail-v5-snapshot-result -> origin/agent/inspect-star-trek-rail-v5-snapshot-result
install	UNKNOWN STEP	2026-08-23T05:52:54.3732323Z  * [new branch]        agent/inspect-star-trek-sync-v6 -> origin/agent/inspect-star-trek-sync-v6
install	UNKNOWN STEP	2026-08-23T05:52:54.3733222Z  * [new branch]        agent/inspect-star-trek-sync-v6-result -> origin/agent/inspect-star-trek-sync-v6-result
install	UNKNOWN STEP	2026-08-23T05:52:54.3734184Z  * [new branch]        agent/inspect-star-trek-sync-v6-snapshot -> origin/agent/inspect-star-trek-sync-v6-snapshot
install	UNKNOWN STEP	2026-08-23T05:52:54.3735476Z  * [new branch]        agent/inspect-star-trek-sync-v6-snapshot-result -> origin/agent/inspect-star-trek-sync-v6-snapshot-result
install	UNKNOWN STEP	2026-08-23T05:52:54.3736500Z  * [new branch]        agent/locate-finalizer-forced-7054b6 -> origin/agent/locate-finalizer-forced-7054b6
install	UNKNOWN STEP	2026-08-23T05:52:54.3737436Z  * [new branch]        agent/locate-preserve-dispatch-7054b6 -> origin/agent/locate-preserve-dispatch-7054b6
install	UNKNOWN STEP	2026-08-23T05:52:54.3738308Z  * [new branch]        agent/locate-terminal-closure-7f6140 -> origin/agent/locate-terminal-closure-7f6140
install	UNKNOWN STEP	2026-08-23T05:52:54.3739166Z  * [new branch]        agent/media-audit-scope-order-repair -> origin/agent/media-audit-scope-order-repair
install	UNKNOWN STEP	2026-08-23T05:52:54.3740081Z  * [new branch]        agent/no-user-physical-dependency -> origin/agent/no-user-physical-dependency
install	UNKNOWN STEP	2026-08-23T05:52:54.3741200Z  * [new branch]        agent/observe-cycle-011-rastel-cleanup-current-v1 -> origin/agent/observe-cycle-011-rastel-cleanup-current-v1
install	UNKNOWN STEP	2026-08-23T05:52:54.3742327Z  * [new branch]        agent/observe-cycle-completed-failure-32546924511 -> origin/agent/observe-cycle-completed-failure-32546924511
install	UNKNOWN STEP	2026-08-23T05:52:54.3743242Z  * [new branch]        agent/observe-cycle-v3-current -> origin/agent/observe-cycle-v3-current
install	UNKNOWN STEP	2026-08-23T05:52:54.3744109Z  * [new branch]        agent/observe-dispatch-clean-preservation-235227a -> origin/agent/observe-dispatch-clean-preservation-235227a
install	UNKNOWN STEP	2026-08-23T05:52:54.3745088Z  * [new branch]        agent/observe-finalize-forced-7054b6 -> origin/agent/observe-finalize-forced-7054b6
install	UNKNOWN STEP	2026-08-23T05:52:54.3745891Z  * [new branch]        agent/observe-gredd-recovery-63fadd -> origin/agent/observe-gredd-recovery-63fadd
install	UNKNOWN STEP	2026-08-23T05:52:54.3746798Z  * [new branch]        agent/observe-no-golden-cage-d81e33 -> origin/agent/observe-no-golden-cage-d81e33
install	UNKNOWN STEP	2026-08-23T05:52:54.3747685Z  * [new branch]        agent/observe-operational-main-25f637 -> origin/agent/observe-operational-main-25f637
install	UNKNOWN STEP	2026-08-23T05:52:54.3748528Z  * [new branch]        agent/observe-preserve-7054b6 -> origin/agent/observe-preserve-7054b6
install	UNKNOWN STEP	2026-08-23T05:52:54.3749365Z  * [new branch]        agent/observe-preserve-dispatch-7054b6 -> origin/agent/observe-preserve-dispatch-7054b6
install	UNKNOWN STEP	2026-08-23T05:52:54.3750126Z  * [new branch]        agent/observe-queen-media-v1 -> origin/agent/observe-queen-media-v1
install	UNKNOWN STEP	2026-08-23T05:52:54.3751010Z  * [new branch]        agent/observe-queen-media-v1-result -> origin/agent/observe-queen-media-v1-result
install	UNKNOWN STEP	2026-08-23T05:52:54.3751868Z  * [new branch]        agent/observe-star-trek-cycle-result-v1 -> origin/agent/observe-star-trek-cycle-result-v1
install	UNKNOWN STEP	2026-08-23T05:52:54.3752794Z  * [new branch]        agent/observe-star-trek-cycle-snapshot-v1 -> origin/agent/observe-star-trek-cycle-snapshot-v1
install	UNKNOWN STEP	2026-08-23T05:52:54.3753740Z  * [new branch]        agent/observe-star-trek-cycle-v1 -> origin/agent/observe-star-trek-cycle-v1
install	UNKNOWN STEP	2026-08-23T05:52:54.3754532Z  * [new branch]        agent/observe-star-trek-cycle-v3 -> origin/agent/observe-star-trek-cycle-v3
install	UNKNOWN STEP	2026-08-23T05:52:54.3755354Z  * [new branch]        agent/observe-star-trek-cycle-v3-result -> origin/agent/observe-star-trek-cycle-v3-result
install	UNKNOWN STEP	2026-08-23T05:52:54.3756244Z  * [new branch]        agent/observe-star-trek-cycle-v3-snapshot -> origin/agent/observe-star-trek-cycle-v3-snapshot
install	UNKNOWN STEP	2026-08-23T05:52:54.3757442Z  * [new branch]        agent/observe-star-trek-cycle-v3-snapshot-result -> origin/agent/observe-star-trek-cycle-v3-snapshot-result
install	UNKNOWN STEP	2026-08-23T05:52:54.3758413Z  * [new branch]        agent/observe-star-trek-cycle-v4 -> origin/agent/observe-star-trek-cycle-v4
install	UNKNOWN STEP	2026-08-23T05:52:54.3759304Z  * [new branch]        agent/observe-star-trek-cycle-v4-result -> origin/agent/observe-star-trek-cycle-v4-result
install	UNKNOWN STEP	2026-08-23T05:52:54.3760255Z  * [new branch]        agent/observe-star-trek-cycle-v4-snapshot -> origin/agent/observe-star-trek-cycle-v4-snapshot
install	UNKNOWN STEP	2026-08-23T05:52:54.3761456Z  * [new branch]        agent/observe-star-trek-cycle-v4-snapshot-result -> origin/agent/observe-star-trek-cycle-v4-snapshot-result
install	UNKNOWN STEP	2026-08-23T05:52:54.3762664Z  * [new branch]        agent/observe-terminal-closure-7f6140 -> origin/agent/observe-terminal-closure-7f6140
install	UNKNOWN STEP	2026-08-23T05:52:54.3763543Z  * [new branch]        agent/observe-ux-nav-review-release -> origin/agent/observe-ux-nav-review-release
install	UNKNOWN STEP	2026-08-23T05:52:54.3764583Z  * [new branch]        agent/operational-evidence-publisher-v3-20260806 -> origin/agent/operational-evidence-publisher-v3-20260806
install	UNKNOWN STEP	2026-08-23T05:52:54.3775321Z  * [new branch]        agent/operational-evidence-review-base-37d681f -> origin/agent/operational-evidence-review-base-37d681f
install	UNKNOWN STEP	2026-08-23T05:52:54.3776401Z  * [new branch]        agent/operational-evidence-second-desk-direct-publisher-v12 -> origin/agent/operational-evidence-second-desk-direct-publisher-v12
install	UNKNOWN STEP	2026-08-23T05:52:54.3777455Z  * [new branch]        agent/operational-evidence-second-desk-publisher-20260806 -> origin/agent/operational-evidence-second-desk-publisher-20260806
install	UNKNOWN STEP	2026-08-23T05:52:54.3778363Z  * [new branch]        agent/operational-evidence-second-desk-publisher-v10-trigger -> origin/agent/operational-evidence-second-desk-publisher-v10-trigger
install	UNKNOWN STEP	2026-08-23T05:52:54.3779272Z  * [new branch]        agent/operational-evidence-second-desk-publisher-v11-pr-target -> origin/agent/operational-evidence-second-desk-publisher-v11-pr-target
install	UNKNOWN STEP	2026-08-23T05:52:54.3780194Z  * [new branch]        agent/operational-evidence-second-desk-publisher-v6-wrapper -> origin/agent/operational-evidence-second-desk-publisher-v6-wrapper
install	UNKNOWN STEP	2026-08-23T05:52:54.3781222Z  * [new branch]        agent/operational-evidence-second-desk-publisher-v7-wrapper -> origin/agent/operational-evidence-second-desk-publisher-v7-wrapper
install	UNKNOWN STEP	2026-08-23T05:52:54.3782262Z  * [new branch]        agent/operational-evidence-second-desk-publisher-v9-wrapper -> origin/agent/operational-evidence-second-desk-publisher-v9-wrapper
install	UNKNOWN STEP	2026-08-23T05:52:54.3783126Z  * [new branch]        agent/operational-evidence-second-desk-refresh-20260806 -> origin/agent/operational-evidence-second-desk-refresh-20260806
install	UNKNOWN STEP	2026-08-23T05:52:54.3783908Z  * [new branch]        agent/operational-evidence-second-desk-v11-event -> origin/agent/operational-evidence-second-desk-v11-event
install	UNKNOWN STEP	2026-08-23T05:52:54.3784704Z  * [new branch]        agent/operational-evidence-v11-direct-product-staging -> origin/agent/operational-evidence-v11-direct-product-staging
install	UNKNOWN STEP	2026-08-23T05:52:54.3785534Z  * [new branch]        agent/operational-evidence-workflow-run-igniter-20260806 -> origin/agent/operational-evidence-workflow-run-igniter-20260806
install	UNKNOWN STEP	2026-08-23T05:52:54.3786232Z  * [new branch]        agent/operational-metric-baselines -> origin/agent/operational-metric-baselines
install	UNKNOWN STEP	2026-08-23T05:52:54.3786854Z  * [new branch]        agent/operational-metric-ledger-custody -> origin/agent/operational-metric-ledger-custody
install	UNKNOWN STEP	2026-08-23T05:52:54.3787472Z  * [new branch]        agent/operational-metrics-custody-002 -> origin/agent/operational-metrics-custody-002
install	UNKNOWN STEP	2026-08-23T05:52:54.3788076Z  * [new branch]        agent/operational-metrics-receipt-003 -> origin/agent/operational-metrics-receipt-003
install	UNKNOWN STEP	2026-08-23T05:52:54.3788736Z  * [new branch]        agent/operational-reliability-001 -> origin/agent/operational-reliability-001
install	UNKNOWN STEP	2026-08-23T05:52:54.3789367Z  * [new branch]        agent/operational-reliability-binary-recovery -> origin/agent/operational-reliability-binary-recovery
install	UNKNOWN STEP	2026-08-23T05:52:54.3790068Z  * [new branch]        agent/operational-reliability-drill-receipts -> origin/agent/operational-reliability-drill-receipts
install	UNKNOWN STEP	2026-08-23T05:52:54.3790965Z  * [new branch]        agent/operational-reliability-evidence-ledger -> origin/agent/operational-reliability-evidence-ledger
install	UNKNOWN STEP	2026-08-23T05:52:54.3791729Z  * [new branch]        agent/operational-reliability-evidence-ledger-v2 -> origin/agent/operational-reliability-evidence-ledger-v2
install	UNKNOWN STEP	2026-08-23T05:52:54.3792526Z  * [new branch]        agent/operational-reliability-lockfile-trigger -> origin/agent/operational-reliability-lockfile-trigger
install	UNKNOWN STEP	2026-08-23T05:52:54.3793258Z  * [new branch]        agent/operational-reliability-main-proof -> origin/agent/operational-reliability-main-proof
install	UNKNOWN STEP	2026-08-23T05:52:54.3794028Z  * [new branch]        agent/operational-reliability-metrics-001 -> origin/agent/operational-reliability-metrics-001
install	UNKNOWN STEP	2026-08-23T05:52:54.3794706Z  * [new branch]        agent/operational-reliability-no-golden-cage -> origin/agent/operational-reliability-no-golden-cage
install	UNKNOWN STEP	2026-08-23T05:52:54.3795334Z  * [new branch]        agent/post-merge-enwright-proof -> origin/agent/post-merge-enwright-proof
install	UNKNOWN STEP	2026-08-23T05:52:54.3795933Z  * [new branch]        agent/probe-cycle-v3-head   -> origin/agent/probe-cycle-v3-head
install	UNKNOWN STEP	2026-08-23T05:52:54.3796483Z  * [new branch]        agent/public-trust-corrections-001 -> origin/agent/public-trust-corrections-001
install	UNKNOWN STEP	2026-08-23T05:52:54.3797183Z  * [new branch]        agent/public-trust-corrections-mainline-001 -> origin/agent/public-trust-corrections-mainline-001
install	UNKNOWN STEP	2026-08-23T05:52:54.3797835Z  * [new branch]        agent/publisher-custody-or-guard -> origin/agent/publisher-custody-or-guard
install	UNKNOWN STEP	2026-08-23T05:52:54.3798353Z  * [new branch]        agent/qualify-ux02a-current-main -> origin/agent/qualify-ux02a-current-main
install	UNKNOWN STEP	2026-08-23T05:52:54.3798983Z  * [new branch]        agent/queen-cycle-status-snapshot-result-v1 -> origin/agent/queen-cycle-status-snapshot-result-v1
install	UNKNOWN STEP	2026-08-23T05:52:54.3799597Z  * [new branch]        agent/queen-cycle-status-snapshot-v1 -> origin/agent/queen-cycle-status-snapshot-v1
install	UNKNOWN STEP	2026-08-23T05:52:54.3800156Z  * [new branch]        agent/queen-helper-align-result-v1 -> origin/agent/queen-helper-align-result-v1
install	UNKNOWN STEP	2026-08-23T05:52:54.3800929Z  * [new branch]        agent/queen-helper-align-v1 -> origin/agent/queen-helper-align-v1
install	UNKNOWN STEP	2026-08-23T05:52:54.3801632Z  * [new branch]        agent/queen-helper-current-prefix-result-v1 -> origin/agent/queen-helper-current-prefix-result-v1
install	UNKNOWN STEP	2026-08-23T05:52:54.3802256Z  * [new branch]        agent/queen-helper-current-prefix-v1 -> origin/agent/queen-helper-current-prefix-v1
install	UNKNOWN STEP	2026-08-23T05:52:54.3802813Z  * [new branch]        agent/queen-helper-recover-result-v2 -> origin/agent/queen-helper-recover-result-v2
install	UNKNOWN STEP	2026-08-23T05:52:54.3803340Z  * [new branch]        agent/queen-helper-recover-v2 -> origin/agent/queen-helper-recover-v2
install	UNKNOWN STEP	2026-08-23T05:52:54.3803911Z  * [new branch]        agent/queen-helper-status-snapshot-result-v1 -> origin/agent/queen-helper-status-snapshot-result-v1
install	UNKNOWN STEP	2026-08-23T05:52:54.3804532Z  * [new branch]        agent/queen-helper-status-snapshot-v1 -> origin/agent/queen-helper-status-snapshot-v1
install	UNKNOWN STEP	2026-08-23T05:52:54.3805085Z  * [new branch]        agent/queen-helper-verify-v1 -> origin/agent/queen-helper-verify-v1
install	UNKNOWN STEP	2026-08-23T05:52:54.3805611Z  * [new branch]        agent/queen-source-run-index-result-v1 -> origin/agent/queen-source-run-index-result-v1
install	UNKNOWN STEP	2026-08-23T05:52:54.3806153Z  * [new branch]        agent/queen-source-run-index-v1 -> origin/agent/queen-source-run-index-v1
install	UNKNOWN STEP	2026-08-23T05:52:54.3806640Z  * [new branch]        agent/rd-wave03-blob-probe  -> origin/agent/rd-wave03-blob-probe
install	UNKNOWN STEP	2026-08-23T05:52:54.3807161Z  * [new branch]        agent/read-collection-publish-log -> origin/agent/read-collection-publish-log
install	UNKNOWN STEP	2026-08-23T05:52:54.3807695Z  * [new branch]        agent/recover-queen-helper-v4 -> origin/agent/recover-queen-helper-v4
install	UNKNOWN STEP	2026-08-23T05:52:54.3808240Z  * [new branch]        agent/register-ux-nav-noscript-fix -> origin/agent/register-ux-nav-noscript-fix
install	UNKNOWN STEP	2026-08-23T05:52:54.3808795Z  * [new branch]        agent/register-ux-nav-readonly-release -> origin/agent/register-ux-nav-readonly-release
install	UNKNOWN STEP	2026-08-23T05:52:54.3809357Z  * [new branch]        agent/residual-denominator-wave-01 -> origin/agent/residual-denominator-wave-01
install	UNKNOWN STEP	2026-08-23T05:52:54.3809986Z  * [new branch]        agent/residual-denominator-wave-01-hardening-stage -> origin/agent/residual-denominator-wave-01-hardening-stage
install	UNKNOWN STEP	2026-08-23T05:52:54.3810793Z  * [new branch]        agent/restore-collection-steady-state-after-ux -> origin/agent/restore-collection-steady-state-after-ux
install	UNKNOWN STEP	2026-08-23T05:52:54.3811473Z  * [new branch]        agent/retire-doctor-who-cycle-007-v10-payloads -> origin/agent/retire-doctor-who-cycle-007-v10-payloads
install	UNKNOWN STEP	2026-08-23T05:52:54.3812279Z  * [new branch]        agent/retire-doctor-who-cycle-007-v10-publisher -> origin/agent/retire-doctor-who-cycle-007-v10-publisher
install	UNKNOWN STEP	2026-08-23T05:52:54.3812989Z  * [new branch]        agent/retire-doctor-who-cycle-007-v14-publisher -> origin/agent/retire-doctor-who-cycle-007-v14-publisher
install	UNKNOWN STEP	2026-08-23T05:52:54.3813651Z  * [new branch]        agent/retire-estate-preservation-transport -> origin/agent/retire-estate-preservation-transport
install	UNKNOWN STEP	2026-08-23T05:52:54.3814336Z  * [new branch]        agent/retire-stale-dec0016-trigger-after-cycle005 -> origin/agent/retire-stale-dec0016-trigger-after-cycle005
install	UNKNOWN STEP	2026-08-23T05:52:54.3815008Z  * [new branch]        agent/retire-synthetic-cycle-009-cadence-v1 -> origin/agent/retire-synthetic-cycle-009-cadence-v1
install	UNKNOWN STEP	2026-08-23T05:52:54.3815668Z  * [new branch]        agent/retire-unconsumed-wave03-review-fix -> origin/agent/retire-unconsumed-wave03-review-fix
install	UNKNOWN STEP	2026-08-23T05:52:54.3816340Z  * [new branch]        agent/retire-unstarted-wave03-hosted-executor -> origin/agent/retire-unstarted-wave03-hosted-executor
install	UNKNOWN STEP	2026-08-23T05:52:54.3816928Z  * [new branch]        agent/rolling-gold-waterline -> origin/agent/rolling-gold-waterline
install	UNKNOWN STEP	2026-08-23T05:52:54.3817491Z  * [new branch]        agent/scope-local-certification-fixture -> origin/agent/scope-local-certification-fixture
install	UNKNOWN STEP	2026-08-23T05:52:54.3818031Z  * [new branch]        agent/site-gold-map-001     -> origin/agent/site-gold-map-001
install	UNKNOWN STEP	2026-08-23T05:52:54.3818467Z  * [new branch]        agent/site-gold-map-002     -> origin/agent/site-gold-map-002
install	UNKNOWN STEP	2026-08-23T05:52:54.3819057Z  * [new branch]        agent/sitewide-truth-maintenance-handoff -> origin/agent/sitewide-truth-maintenance-handoff
install	UNKNOWN STEP	2026-08-23T05:52:54.3819681Z  * [new branch]        agent/snapshot-cycle-v3     -> origin/agent/snapshot-cycle-v3
install	UNKNOWN STEP	2026-08-23T05:52:54.3820180Z  * [new branch]        agent/snapshot-cycle-v3-result -> origin/agent/snapshot-cycle-v3-result
install	UNKNOWN STEP	2026-08-23T05:52:54.3820768Z  * [new branch]        agent/snapshot-cycle-v4     -> origin/agent/snapshot-cycle-v4
install	UNKNOWN STEP	2026-08-23T05:52:54.3821294Z  * [new branch]        agent/snapshot-cycle-v4-live-result -> origin/agent/snapshot-cycle-v4-live-result
install	UNKNOWN STEP	2026-08-23T05:52:54.3821851Z  * [new branch]        agent/snapshot-cycle-v5     -> origin/agent/snapshot-cycle-v5
install	UNKNOWN STEP	2026-08-23T05:52:54.3822359Z  * [new branch]        agent/snapshot-cycle-v5-live-result -> origin/agent/snapshot-cycle-v5-live-result
install	UNKNOWN STEP	2026-08-23T05:52:54.3823075Z  * [new branch]        agent/ssc-rd-wave03-admission-review-finalizer-20260805 -> origin/agent/ssc-rd-wave03-admission-review-finalizer-20260805
install	UNKNOWN STEP	2026-08-23T05:52:54.3823876Z  * [new branch]        agent/ssc-rd-wave03-admission-review-product-20260805 -> origin/agent/ssc-rd-wave03-admission-review-product-20260805
install	UNKNOWN STEP	2026-08-23T05:52:54.3824562Z  * [new branch]        agent/ssc-rd-wave03-atomic-product-repair -> origin/agent/ssc-rd-wave03-atomic-product-repair
install	UNKNOWN STEP	2026-08-23T05:52:54.3825156Z  * [new branch]        agent/ssc-rd-wave03-carrier -> origin/agent/ssc-rd-wave03-carrier
install	UNKNOWN STEP	2026-08-23T05:52:54.3825698Z  * [new branch]        agent/ssc-rd-wave03-controller-observer -> origin/agent/ssc-rd-wave03-controller-observer
install	UNKNOWN STEP	2026-08-23T05:52:54.3826306Z  * [new branch]        agent/ssc-rd-wave03-controller-v2-cleanup -> origin/agent/ssc-rd-wave03-controller-v2-cleanup
install	UNKNOWN STEP	2026-08-23T05:52:54.3827049Z  * [new branch]        agent/ssc-rd-wave03-exact-capture-api-finalizer-20260805 -> origin/agent/ssc-rd-wave03-exact-capture-api-finalizer-20260805
install	UNKNOWN STEP	2026-08-23T05:52:54.3827842Z  * [new branch]        agent/ssc-rd-wave03-exact-capture-api-finalizer-base-20260805 -> origin/agent/ssc-rd-wave03-exact-capture-api-finalizer-base-20260805
install	UNKNOWN STEP	2026-08-23T05:52:54.3828711Z  * [new branch]        agent/ssc-rd-wave03-exact-capture-api-finalizer-v2-20260805 -> origin/agent/ssc-rd-wave03-exact-capture-api-finalizer-v2-20260805
install	UNKNOWN STEP	2026-08-23T05:52:54.3829523Z  * [new branch]        agent/ssc-rd-wave03-exact-capture-api-finalizer-v3-20260805 -> origin/agent/ssc-rd-wave03-exact-capture-api-finalizer-v3-20260805
install	UNKNOWN STEP	2026-08-23T05:52:54.3830385Z  * [new branch]        agent/ssc-rd-wave03-exact-capture-api-finalizer-v4-20260805 -> origin/agent/ssc-rd-wave03-exact-capture-api-finalizer-v4-20260805
install	UNKNOWN STEP	2026-08-23T05:52:54.3831393Z  * [new branch]        agent/ssc-rd-wave03-exact-capture-api-publisher-v1-20260805 -> origin/agent/ssc-rd-wave03-exact-capture-api-publisher-v1-20260805
install	UNKNOWN STEP	2026-08-23T05:52:54.3832149Z  * [new branch]        agent/ssc-rd-wave03-exact-capture-base-20260805 -> origin/agent/ssc-rd-wave03-exact-capture-base-20260805
install	UNKNOWN STEP	2026-08-23T05:52:54.3832896Z  * [new branch]        agent/ssc-rd-wave03-exact-capture-blob-export-20260805 -> origin/agent/ssc-rd-wave03-exact-capture-blob-export-20260805
install	UNKNOWN STEP	2026-08-23T05:52:54.3833734Z  * [new branch]        agent/ssc-rd-wave03-exact-capture-drift-resolver-20260805 -> origin/agent/ssc-rd-wave03-exact-capture-drift-resolver-20260805
install	UNKNOWN STEP	2026-08-23T05:52:54.3834508Z  * [new branch]        agent/ssc-rd-wave03-exact-capture-finalizer-20260805 -> origin/agent/ssc-rd-wave03-exact-capture-finalizer-20260805
install	UNKNOWN STEP	2026-08-23T05:52:54.3835331Z  * [new branch]        agent/ssc-rd-wave03-exact-capture-finalizer-base-20260805 -> origin/agent/ssc-rd-wave03-exact-capture-finalizer-base-20260805
install	UNKNOWN STEP	2026-08-23T05:52:54.3836106Z  * [new branch]        agent/ssc-rd-wave03-exact-capture-finalizer-v2-20260805 -> origin/agent/ssc-rd-wave03-exact-capture-finalizer-v2-20260805
install	UNKNOWN STEP	2026-08-23T05:52:54.3836907Z  * [new branch]        agent/ssc-rd-wave03-exact-capture-finalizer-v2-base-20260805 -> origin/agent/ssc-rd-wave03-exact-capture-finalizer-v2-base-20260805
install	UNKNOWN STEP	2026-08-23T05:52:54.3837701Z  * [new branch]        agent/ssc-rd-wave03-exact-capture-finalizer-v3-20260805 -> origin/agent/ssc-rd-wave03-exact-capture-finalizer-v3-20260805
install	UNKNOWN STEP	2026-08-23T05:52:54.3838550Z  * [new branch]        agent/ssc-rd-wave03-exact-capture-finalizer-v3-base-20260805 -> origin/agent/ssc-rd-wave03-exact-capture-finalizer-v3-base-20260805
install	UNKNOWN STEP	2026-08-23T05:52:54.3839396Z  * [new branch]        agent/ssc-rd-wave03-exact-capture-finalizer-v4-20260805 -> origin/agent/ssc-rd-wave03-exact-capture-finalizer-v4-20260805
install	UNKNOWN STEP	2026-08-23T05:52:54.3840177Z  * [new branch]        agent/ssc-rd-wave03-exact-capture-finalizer-v4-base-20260805 -> origin/agent/ssc-rd-wave03-exact-capture-finalizer-v4-base-20260805
install	UNKNOWN STEP	2026-08-23T05:52:54.3841116Z  * [new branch]        agent/ssc-rd-wave03-exact-capture-materializer-v2-20260805 -> origin/agent/ssc-rd-wave03-exact-capture-materializer-v2-20260805
install	UNKNOWN STEP	2026-08-23T05:52:54.3841935Z  * [new branch]        agent/ssc-rd-wave03-exact-capture-materializer-v3-20260805 -> origin/agent/ssc-rd-wave03-exact-capture-materializer-v3-20260805
install	UNKNOWN STEP	2026-08-23T05:52:54.3842797Z  * [new branch]        agent/ssc-rd-wave03-exact-capture-materializer-v4-20260805 -> origin/agent/ssc-rd-wave03-exact-capture-materializer-v4-20260805
install	UNKNOWN STEP	2026-08-23T05:52:54.3843627Z  * [new branch]        agent/ssc-rd-wave03-exact-capture-materializer-v5-20260805 -> origin/agent/ssc-rd-wave03-exact-capture-materializer-v5-20260805
install	UNKNOWN STEP	2026-08-23T05:52:54.3844402Z  * [new branch]        agent/ssc-rd-wave03-exact-capture-materializer-v6-20260805 -> origin/agent/ssc-rd-wave03-exact-capture-materializer-v6-20260805
install	UNKNOWN STEP	2026-08-23T05:52:54.3845170Z  * [new branch]        agent/ssc-rd-wave03-exact-capture-product-20260805 -> origin/agent/ssc-rd-wave03-exact-capture-product-20260805
install	UNKNOWN STEP	2026-08-23T05:52:54.3845910Z  * [new branch]        agent/ssc-rd-wave03-exact-capture-settlement-20260805 -> origin/agent/ssc-rd-wave03-exact-capture-settlement-20260805
install	UNKNOWN STEP	2026-08-23T05:52:54.3846682Z  * [new branch]        agent/ssc-rd-wave03-exact-capture-settlement-base-20260805 -> origin/agent/ssc-rd-wave03-exact-capture-settlement-base-20260805
install	UNKNOWN STEP	2026-08-23T05:52:54.3847493Z  * [new branch]        agent/ssc-rd-wave03-exact-capture-settlement-v2-20260805 -> origin/agent/ssc-rd-wave03-exact-capture-settlement-v2-20260805
install	UNKNOWN STEP	2026-08-23T05:52:54.3848316Z  * [new branch]        agent/ssc-rd-wave03-exact-capture-settlement-v2-base-20260805 -> origin/agent/ssc-rd-wave03-exact-capture-settlement-v2-base-20260805
install	UNKNOWN STEP	2026-08-23T05:52:54.3849184Z  * [new branch]        agent/ssc-rd-wave03-exact-capture-supervisor-v2-20260805 -> origin/agent/ssc-rd-wave03-exact-capture-supervisor-v2-20260805
install	UNKNOWN STEP	2026-08-23T05:52:54.3849973Z  * [new branch]        agent/ssc-rd-wave03-exact-capture-supervisor-v2-base-20260805 -> origin/agent/ssc-rd-wave03-exact-capture-supervisor-v2-base-20260805
install	UNKNOWN STEP	2026-08-23T05:52:54.3850907Z  * [new branch]        agent/ssc-rd-wave03-exact-capture-supervisor-v3-20260805 -> origin/agent/ssc-rd-wave03-exact-capture-supervisor-v3-20260805
install	UNKNOWN STEP	2026-08-23T05:52:54.3851720Z  * [new branch]        agent/ssc-rd-wave03-exact-capture-supervisor-v3-base-20260805 -> origin/agent/ssc-rd-wave03-exact-capture-supervisor-v3-base-20260805
install	UNKNOWN STEP	2026-08-23T05:52:54.3852599Z  * [new branch]        agent/ssc-rd-wave03-exact-capture-terminal-finalizer-20260805 -> origin/agent/ssc-rd-wave03-exact-capture-terminal-finalizer-20260805
install	UNKNOWN STEP	2026-08-23T05:52:54.3853483Z  * [new branch]        agent/ssc-rd-wave03-exact-capture-terminal-finalizer-base-20260805 -> origin/agent/ssc-rd-wave03-exact-capture-terminal-finalizer-base-20260805
install	UNKNOWN STEP	2026-08-23T05:52:54.3854357Z  * [new branch]        agent/ssc-rd-wave03-exact-capture-terminal-supervisor-20260805 -> origin/agent/ssc-rd-wave03-exact-capture-terminal-supervisor-20260805
install	UNKNOWN STEP	2026-08-23T05:52:54.3855255Z  * [new branch]        agent/ssc-rd-wave03-exact-capture-terminal-supervisor-base-20260805 -> origin/agent/ssc-rd-wave03-exact-capture-terminal-supervisor-base-20260805
install	UNKNOWN STEP	2026-08-23T05:52:54.3855999Z  * [new branch]        agent/ssc-rd-wave03-executor-observer -> origin/agent/ssc-rd-wave03-executor-observer
install	UNKNOWN STEP	2026-08-23T05:52:54.3856629Z  * [new branch]        agent/ssc-rd-wave03-failure-source-export -> origin/agent/ssc-rd-wave03-failure-source-export
install	UNKNOWN STEP	2026-08-23T05:52:54.3857338Z  * [new branch]        agent/ssc-rd-wave03-final-integration-base-v2 -> origin/agent/ssc-rd-wave03-final-integration-base-v2
install	UNKNOWN STEP	2026-08-23T05:52:54.3857995Z  * [new branch]        agent/ssc-rd-wave03-final-integration-base-v3 -> origin/agent/ssc-rd-wave03-final-integration-base-v3
install	UNKNOWN STEP	2026-08-23T05:52:54.3858661Z  * [new branch]        agent/ssc-rd-wave03-final-integration-v1 -> origin/agent/ssc-rd-wave03-final-integration-v1
install	UNKNOWN STEP	2026-08-23T05:52:54.3859272Z  * [new branch]        agent/ssc-rd-wave03-final-integration-v2 -> origin/agent/ssc-rd-wave03-final-integration-v2
install	UNKNOWN STEP	2026-08-23T05:52:54.3859857Z  * [new branch]        agent/ssc-rd-wave03-final-integration-v3 -> origin/agent/ssc-rd-wave03-final-integration-v3
install	UNKNOWN STEP	2026-08-23T05:52:54.3860504Z  * [new branch]        agent/ssc-rd-wave03-hosted-executor -> origin/agent/ssc-rd-wave03-hosted-executor
install	UNKNOWN STEP	2026-08-23T05:52:54.3861195Z  * [new branch]        agent/ssc-rd-wave03-hosted-executor-v2 -> origin/agent/ssc-rd-wave03-hosted-executor-v2
install	UNKNOWN STEP	2026-08-23T05:52:54.3861826Z  * [new branch]        agent/ssc-rd-wave03-pr-qualification-v1 -> origin/agent/ssc-rd-wave03-pr-qualification-v1
install	UNKNOWN STEP	2026-08-23T05:52:54.3862429Z  * [new branch]        agent/ssc-rd-wave03-pr-qualification-v2 -> origin/agent/ssc-rd-wave03-pr-qualification-v2
install	UNKNOWN STEP	2026-08-23T05:52:54.3863010Z  * [new branch]        agent/ssc-rd-wave03-qualification-lint -> origin/agent/ssc-rd-wave03-qualification-lint
install	UNKNOWN STEP	2026-08-23T05:52:54.3863690Z  * [new branch]        agent/ssc-rd-wave03-successor-route-capture-20260805 -> origin/agent/ssc-rd-wave03-successor-route-capture-20260805
install	UNKNOWN STEP	2026-08-23T05:52:54.3864492Z  * [new branch]        agent/ssc-rd-wave03-successor-route-capture-v2-20260805 -> origin/agent/ssc-rd-wave03-successor-route-capture-v2-20260805
install	UNKNOWN STEP	2026-08-23T05:52:54.3865295Z  * [new branch]        agent/ssc-rd-wave03-successor-route-census-product-20260805 -> origin/agent/ssc-rd-wave03-successor-route-census-product-20260805
install	UNKNOWN STEP	2026-08-23T05:52:54.3866094Z  * [new branch]        agent/ssc-rd-wave03-successor-route-materializer-20260805 -> origin/agent/ssc-rd-wave03-successor-route-materializer-20260805
install	UNKNOWN STEP	2026-08-23T05:52:54.3866840Z  * [new branch]        agent/ssc-rd-wave03-successor-route-observer-20260805 -> origin/agent/ssc-rd-wave03-successor-route-observer-20260805
install	UNKNOWN STEP	2026-08-23T05:52:54.3867571Z  * [new branch]        agent/ssc-rd-wave03-v2-review-fix -> origin/agent/ssc-rd-wave03-v2-review-fix
install	UNKNOWN STEP	2026-08-23T05:52:54.3868212Z  * [new branch]        agent/ssc-rd-wave03-v2-review-fix-register -> origin/agent/ssc-rd-wave03-v2-review-fix-register
install	UNKNOWN STEP	2026-08-23T05:52:54.3868865Z  * [new branch]        agent/ssc-rd-wave03-v2-review-fix-trigger -> origin/agent/ssc-rd-wave03-v2-review-fix-trigger
install	UNKNOWN STEP	2026-08-23T05:52:54.3869509Z  * [new branch]        agent/ssc-rd-wave03-xcap-contract-materializer -> origin/agent/ssc-rd-wave03-xcap-contract-materializer
install	UNKNOWN STEP	2026-08-23T05:52:54.3870076Z  * [new branch]        agent/ssc-rd01-wave03-intake -> origin/agent/ssc-rd01-wave03-intake
install	UNKNOWN STEP	2026-08-23T05:52:54.3870608Z  * [new branch]        agent/ssc-rd01-wave03-intake-v2 -> origin/agent/ssc-rd01-wave03-intake-v2
install	UNKNOWN STEP	2026-08-23T05:52:54.3871276Z  * [new branch]        agent/ssc-rd01-wave03-repair-staging -> origin/agent/ssc-rd01-wave03-repair-staging
install	UNKNOWN STEP	2026-08-23T05:52:54.3871856Z  * [new branch]        agent/ssc-rd02-wave03-intake -> origin/agent/ssc-rd02-wave03-intake
install	UNKNOWN STEP	2026-08-23T05:52:54.3872365Z  * [new branch]        agent/ssc-rd02-wave03-intake-v2 -> origin/agent/ssc-rd02-wave03-intake-v2
install	UNKNOWN STEP	2026-08-23T05:52:54.3872887Z  * [new branch]        agent/ssc-rd02-wave03-repair-staging -> origin/agent/ssc-rd02-wave03-repair-staging
install	UNKNOWN STEP	2026-08-23T05:52:54.3873436Z  * [new branch]        agent/ssc-rd03-wave03-intake -> origin/agent/ssc-rd03-wave03-intake
install	UNKNOWN STEP	2026-08-23T05:52:54.3873954Z  * [new branch]        agent/ssc-rd03-wave03-intake-v2 -> origin/agent/ssc-rd03-wave03-intake-v2
install	UNKNOWN STEP	2026-08-23T05:52:54.3874502Z  * [new branch]        agent/ssc-rd03-wave03-repair-staging -> origin/agent/ssc-rd03-wave03-repair-staging
install	UNKNOWN STEP	2026-08-23T05:52:54.3875132Z  * [new branch]        agent/ssc-rd04-wave03-intake -> origin/agent/ssc-rd04-wave03-intake
install	UNKNOWN STEP	2026-08-23T05:52:54.3875619Z  * [new branch]        agent/ssc-rd04-wave03-intake-v2 -> origin/agent/ssc-rd04-wave03-intake-v2
install	UNKNOWN STEP	2026-08-23T05:52:54.3876208Z  * [new branch]        agent/ssc-rd04-wave03-repair-staging -> origin/agent/ssc-rd04-wave03-repair-staging
install	UNKNOWN STEP	2026-08-23T05:52:54.3876743Z  * [new branch]        agent/ssc-rd05-wave03-intake -> origin/agent/ssc-rd05-wave03-intake
install	UNKNOWN STEP	2026-08-23T05:52:54.3877234Z  * [new branch]        agent/ssc-rd05-wave03-intake-v2 -> origin/agent/ssc-rd05-wave03-intake-v2
install	UNKNOWN STEP	2026-08-23T05:52:54.3877786Z  * [new branch]        agent/ssc-rd05-wave03-repair-staging -> origin/agent/ssc-rd05-wave03-repair-staging
install	UNKNOWN STEP	2026-08-23T05:52:54.3878309Z  * [new branch]        agent/ssc-rd06-wave03-intake -> origin/agent/ssc-rd06-wave03-intake
install	UNKNOWN STEP	2026-08-23T05:52:54.3878868Z  * [new branch]        agent/ssc-rd06-wave03-intake-v2 -> origin/agent/ssc-rd06-wave03-intake-v2
install	UNKNOWN STEP	2026-08-23T05:52:54.3879424Z  * [new branch]        agent/ssc-rd06-wave03-repair-staging -> origin/agent/ssc-rd06-wave03-repair-staging
install	UNKNOWN STEP	2026-08-23T05:52:54.3880001Z  * [new branch]        agent/star-trek-anastasia-candidate-v1 -> origin/agent/star-trek-anastasia-candidate-v1
install	UNKNOWN STEP	2026-08-23T05:52:54.3880630Z  * [new branch]        agent/star-trek-anastasia-cycle-trigger-v1 -> origin/agent/star-trek-anastasia-cycle-trigger-v1
install	UNKNOWN STEP	2026-08-23T05:52:54.3881421Z  * [new branch]        agent/star-trek-anastasia-cycle-v1 -> origin/agent/star-trek-anastasia-cycle-v1
install	UNKNOWN STEP	2026-08-23T05:52:54.3882047Z  * [new branch]        agent/star-trek-anastasia-media-result-v1 -> origin/agent/star-trek-anastasia-media-result-v1
install	UNKNOWN STEP	2026-08-23T05:52:54.3882668Z  * [new branch]        agent/star-trek-anastasia-media-v1 -> origin/agent/star-trek-anastasia-media-v1
install	UNKNOWN STEP	2026-08-23T05:52:54.3883218Z  * [new branch]        agent/star-trek-cadmar-cleanup-v1 -> origin/agent/star-trek-cadmar-cleanup-v1
install	UNKNOWN STEP	2026-08-23T05:52:54.3883811Z  * [new branch]        agent/star-trek-cadmar-cycle-locator-v2 -> origin/agent/star-trek-cadmar-cycle-locator-v2
install	UNKNOWN STEP	2026-08-23T05:52:54.3884417Z  * [new branch]        agent/star-trek-cadmar-cycle-locator-v3 -> origin/agent/star-trek-cadmar-cycle-locator-v3
install	UNKNOWN STEP	2026-08-23T05:52:54.3885082Z  * [new branch]        agent/star-trek-cadmar-media-prep-v1 -> origin/agent/star-trek-cadmar-media-prep-v1
install	UNKNOWN STEP	2026-08-23T05:52:54.3885701Z  * [new branch]        agent/star-trek-cadmar-media-product-v1 -> origin/agent/star-trek-cadmar-media-product-v1
install	UNKNOWN STEP	2026-08-23T05:52:54.3886307Z  * [new branch]        agent/star-trek-cadmar-media-scout-v1 -> origin/agent/star-trek-cadmar-media-scout-v1
install	UNKNOWN STEP	2026-08-23T05:52:54.3886874Z  * [new branch]        agent/star-trek-cadmar-media-scout-v2 -> origin/agent/star-trek-cadmar-media-scout-v2
install	UNKNOWN STEP	2026-08-23T05:52:54.3887402Z  * [new branch]        agent/star-trek-cadmar-media-v1 -> origin/agent/star-trek-cadmar-media-v1
install	UNKNOWN STEP	2026-08-23T05:52:54.3887975Z  * [new branch]        agent/star-trek-cadmar-monitor-result-v1 -> origin/agent/star-trek-cadmar-monitor-result-v1
install	UNKNOWN STEP	2026-08-23T05:52:54.3888535Z  * [new branch]        agent/star-trek-cadmar-monitor-v1 -> origin/agent/star-trek-cadmar-monitor-v1
install	UNKNOWN STEP	2026-08-23T05:52:54.3889149Z  * [new branch]        agent/star-trek-cadmar-program-diagnostic-locator-v1 -> origin/agent/star-trek-cadmar-program-diagnostic-locator-v1
install	UNKNOWN STEP	2026-08-23T05:52:54.3889873Z  * [new branch]        agent/star-trek-cadmar-program-diagnostic-v1 -> origin/agent/star-trek-cadmar-program-diagnostic-v1
install	UNKNOWN STEP	2026-08-23T05:52:54.3890504Z  * [new branch]        agent/star-trek-cadmar-program-recovery-v1 -> origin/agent/star-trek-cadmar-program-recovery-v1
install	UNKNOWN STEP	2026-08-23T05:52:54.3891250Z  * [new branch]        agent/star-trek-cadmar-program-recovery-v2 -> origin/agent/star-trek-cadmar-program-recovery-v2
install	UNKNOWN STEP	2026-08-23T05:52:54.3891848Z  * [new branch]        agent/star-trek-cadmar-source-probe-v1 -> origin/agent/star-trek-cadmar-source-probe-v1
install	UNKNOWN STEP	2026-08-23T05:52:54.3892413Z  * [new branch]        agent/star-trek-cadmar-terminalizer-v1 -> origin/agent/star-trek-cadmar-terminalizer-v1
install	UNKNOWN STEP	2026-08-23T05:52:54.3893106Z  * [new branch]        agent/star-trek-continuation-terminal-result-v1 -> origin/agent/star-trek-continuation-terminal-result-v1
install	UNKNOWN STEP	2026-08-23T05:52:54.3893778Z  * [new branch]        agent/star-trek-continuation-terminal-v2 -> origin/agent/star-trek-continuation-terminal-v2
install	UNKNOWN STEP	2026-08-23T05:52:54.3894376Z  * [new branch]        agent/star-trek-continuation-terminal-v3 -> origin/agent/star-trek-continuation-terminal-v3
install	UNKNOWN STEP	2026-08-23T05:52:54.3895023Z  * [new branch]        agent/star-trek-continuation-terminal-v4 -> origin/agent/star-trek-continuation-terminal-v4
install	UNKNOWN STEP	2026-08-23T05:52:54.3895639Z  * [new branch]        agent/star-trek-continuation-terminalizer-v2 -> origin/agent/star-trek-continuation-terminalizer-v2
install	UNKNOWN STEP	2026-08-23T05:52:54.3896479Z  * [new branch]        agent/star-trek-continuation-workflow-lint-v1 -> origin/agent/star-trek-continuation-workflow-lint-v1
install	UNKNOWN STEP	2026-08-23T05:52:54.3897151Z  * [new branch]        agent/star-trek-curzon-media-prep-v1 -> origin/agent/star-trek-curzon-media-prep-v1
install	UNKNOWN STEP	2026-08-23T05:52:54.3897802Z  * [new branch]        agent/star-trek-cycle-recovery-result-v1 -> origin/agent/star-trek-cycle-recovery-result-v1
install	UNKNOWN STEP	2026-08-23T05:52:54.3898399Z  * [new branch]        agent/star-trek-cycle-retry-result-v1 -> origin/agent/star-trek-cycle-retry-result-v1
install	UNKNOWN STEP	2026-08-23T05:52:54.3899007Z  * [new branch]        agent/star-trek-cycle-terminal-diagnostic-v1 -> origin/agent/star-trek-cycle-terminal-diagnostic-v1
install	UNKNOWN STEP	2026-08-23T05:52:54.3899708Z  * [new branch]        agent/star-trek-doohan-rail-custodian-result-v2 -> origin/agent/star-trek-doohan-rail-custodian-result-v2
install	UNKNOWN STEP	2026-08-23T05:52:54.3900366Z  * [new branch]        agent/star-trek-doohan-rail-custodian-v2 -> origin/agent/star-trek-doohan-rail-custodian-v2
install	UNKNOWN STEP	2026-08-23T05:52:54.3901082Z  * [new branch]        agent/star-trek-enwright-completion -> origin/agent/star-trek-enwright-completion
install	UNKNOWN STEP	2026-08-23T05:52:54.3901672Z  * [new branch]        agent/star-trek-ferengi-gold -> origin/agent/star-trek-ferengi-gold
install	UNKNOWN STEP	2026-08-23T05:52:54.3902174Z  * [new branch]        agent/star-trek-gold-completion -> origin/agent/star-trek-gold-completion
install	UNKNOWN STEP	2026-08-23T05:52:54.3902729Z  * [new branch]        agent/star-trek-gold-operator -> origin/agent/star-trek-gold-operator
install	UNKNOWN STEP	2026-08-23T05:52:54.3903379Z  * [new branch]        agent/star-trek-kukulkan-custody-diagnostic-result-v1 -> origin/agent/star-trek-kukulkan-custody-diagnostic-result-v1
install	UNKNOWN STEP	2026-08-23T05:52:54.3904193Z  * [new branch]        agent/star-trek-kukulkan-execution-custody-result-v1 -> origin/agent/star-trek-kukulkan-execution-custody-result-v1
install	UNKNOWN STEP	2026-08-23T05:52:54.3904930Z  * [new branch]        agent/star-trek-kzinti-controller-text-export-v1 -> origin/agent/star-trek-kzinti-controller-text-export-v1
install	UNKNOWN STEP	2026-08-23T05:52:54.3905666Z  * [new branch]        agent/star-trek-kzinti-controller-text-result-v1 -> origin/agent/star-trek-kzinti-controller-text-result-v1
install	UNKNOWN STEP	2026-08-23T05:52:54.3906396Z  * [new branch]        agent/star-trek-lwaxana-rejection-terminal-result-v1 -> origin/agent/star-trek-lwaxana-rejection-terminal-result-v1
install	UNKNOWN STEP	2026-08-23T05:52:54.3907053Z  * [new branch]        agent/star-trek-media-debt-closure-002 -> origin/agent/star-trek-media-debt-closure-002
install	UNKNOWN STEP	2026-08-23T05:52:54.3907626Z  * [new branch]        agent/star-trek-media-debt-closure-003 -> origin/agent/star-trek-media-debt-closure-003
install	UNKNOWN STEP	2026-08-23T05:52:54.3908225Z  * [new branch]        agent/star-trek-next-boundary-inspector-v1 -> origin/agent/star-trek-next-boundary-inspector-v1
install	UNKNOWN STEP	2026-08-23T05:52:54.3908839Z  * [new branch]        agent/star-trek-next-boundary-result-v1 -> origin/agent/star-trek-next-boundary-result-v1
install	UNKNOWN STEP	2026-08-23T05:52:54.3909463Z  * [new branch]        agent/star-trek-next-bounded-cycle-claim -> origin/agent/star-trek-next-bounded-cycle-claim
install	UNKNOWN STEP	2026-08-23T05:52:54.3910010Z  * [new branch]        agent/star-trek-population-001 -> origin/agent/star-trek-population-001
install	UNKNOWN STEP	2026-08-23T05:52:54.3910508Z  * [new branch]        agent/star-trek-population-002 -> origin/agent/star-trek-population-002
install	UNKNOWN STEP	2026-08-23T05:52:54.3911263Z  * [new branch]        agent/star-trek-post-kzinti-continuation-v1 -> origin/agent/star-trek-post-kzinti-continuation-v1
install	UNKNOWN STEP	2026-08-23T05:52:54.3911892Z  * [new branch]        agent/star-trek-post-kzinti-continuation-v2 -> origin/agent/star-trek-post-kzinti-continuation-v2
install	UNKNOWN STEP	2026-08-23T05:52:54.3912580Z  * [new branch]        agent/star-trek-post-kzinti-doohan-probe-v1 -> origin/agent/star-trek-post-kzinti-doohan-probe-v1
install	UNKNOWN STEP	2026-08-23T05:52:54.3913239Z  * [new branch]        agent/star-trek-post-lorot-continuation-result-v1 -> origin/agent/star-trek-post-lorot-continuation-result-v1
install	UNKNOWN STEP	2026-08-23T05:52:54.3913919Z  * [new branch]        agent/star-trek-post-lorot-terminalizer-status-v1 -> origin/agent/star-trek-post-lorot-terminalizer-status-v1
install	UNKNOWN STEP	2026-08-23T05:52:54.3914681Z  * [new branch]        agent/star-trek-post-lwaxana-rejection-continuation-result-v1 -> origin/agent/star-trek-post-lwaxana-rejection-continuation-result-v1
install	UNKNOWN STEP	2026-08-23T05:52:54.3915378Z  * [new branch]        agent/star-trek-queen-hearts-cycle-v1 -> origin/agent/star-trek-queen-hearts-cycle-v1
install	UNKNOWN STEP	2026-08-23T05:52:54.3916074Z  * [new branch]        agent/star-trek-queen-hearts-media-result-v1 -> origin/agent/star-trek-queen-hearts-media-result-v1
install	UNKNOWN STEP	2026-08-23T05:52:54.3916721Z  * [new branch]        agent/star-trek-queen-hearts-media-v1 -> origin/agent/star-trek-queen-hearts-media-v1
install	UNKNOWN STEP	2026-08-23T05:52:54.3917307Z  * [new branch]        agent/star-trek-queen-hearts-source-v1 -> origin/agent/star-trek-queen-hearts-source-v1
install	UNKNOWN STEP	2026-08-23T05:52:54.3917923Z  * [new branch]        agent/star-trek-queen-hearts-source-v10 -> origin/agent/star-trek-queen-hearts-source-v10
install	UNKNOWN STEP	2026-08-23T05:52:54.3918517Z  * [new branch]        agent/star-trek-queen-hearts-source-v11 -> origin/agent/star-trek-queen-hearts-source-v11
install	UNKNOWN STEP	2026-08-23T05:52:54.3919159Z  * [new branch]        agent/star-trek-queen-hearts-source-v12 -> origin/agent/star-trek-queen-hearts-source-v12
install	UNKNOWN STEP	2026-08-23T05:52:54.3919752Z  * [new branch]        agent/star-trek-queen-hearts-source-v13 -> origin/agent/star-trek-queen-hearts-source-v13
install	UNKNOWN STEP	2026-08-23T05:52:54.3920394Z  * [new branch]        agent/star-trek-queen-hearts-source-v14 -> origin/agent/star-trek-queen-hearts-source-v14
install	UNKNOWN STEP	2026-08-23T05:52:54.3921203Z  * [new branch]        agent/star-trek-queen-hearts-source-v15 -> origin/agent/star-trek-queen-hearts-source-v15
install	UNKNOWN STEP	2026-08-23T05:52:54.3921809Z  * [new branch]        agent/star-trek-queen-hearts-source-v2 -> origin/agent/star-trek-queen-hearts-source-v2
install	UNKNOWN STEP	2026-08-23T05:52:54.3922500Z  * [new branch]        agent/star-trek-queen-hearts-source-v3 -> origin/agent/star-trek-queen-hearts-source-v3
install	UNKNOWN STEP	2026-08-23T05:52:54.3923086Z  * [new branch]        agent/star-trek-queen-hearts-source-v4 -> origin/agent/star-trek-queen-hearts-source-v4
install	UNKNOWN STEP	2026-08-23T05:52:54.3923659Z  * [new branch]        agent/star-trek-queen-hearts-source-v5 -> origin/agent/star-trek-queen-hearts-source-v5
install	UNKNOWN STEP	2026-08-23T05:52:54.3924372Z  * [new branch]        agent/star-trek-queen-hearts-source-v6 -> origin/agent/star-trek-queen-hearts-source-v6
install	UNKNOWN STEP	2026-08-23T05:52:54.3924991Z  * [new branch]        agent/star-trek-queen-hearts-source-v7 -> origin/agent/star-trek-queen-hearts-source-v7
install	UNKNOWN STEP	2026-08-23T05:52:54.3925579Z  * [new branch]        agent/star-trek-queen-hearts-source-v8 -> origin/agent/star-trek-queen-hearts-source-v8
install	UNKNOWN STEP	2026-08-23T05:52:54.3926198Z  * [new branch]        agent/star-trek-queen-hearts-source-v9 -> origin/agent/star-trek-queen-hearts-source-v9
install	UNKNOWN STEP	2026-08-23T05:52:54.3926808Z  * [new branch]        agent/star-trek-queen-of-hearts-source-media-v1 -> origin/agent/star-trek-queen-of-hearts-source-media-v1
install	UNKNOWN STEP	2026-08-23T05:52:54.3927451Z  * [new branch]        agent/star-trek-rolling-continuation-v1 -> origin/agent/star-trek-rolling-continuation-v1
install	UNKNOWN STEP	2026-08-23T05:52:54.3928055Z  * [new branch]        agent/supervise-star-trek-cycle-v1 -> origin/agent/supervise-star-trek-cycle-v1
install	UNKNOWN STEP	2026-08-23T05:52:54.3928594Z  * [new branch]        agent/thesis-continuation-rails-v1 -> origin/agent/thesis-continuation-rails-v1
install	UNKNOWN STEP	2026-08-23T05:52:54.3929070Z  * [new branch]        agent/trek-cycle-001        -> origin/agent/trek-cycle-001
install	UNKNOWN STEP	2026-08-23T05:52:54.3929562Z  * [new branch]        agent/trek-cycle-001-success -> origin/agent/trek-cycle-001-success
install	UNKNOWN STEP	2026-08-23T05:52:54.3930090Z  * [new branch]        agent/trek-media-baseline-closure -> origin/agent/trek-media-baseline-closure
install	UNKNOWN STEP	2026-08-23T05:52:54.3930622Z  * [new branch]        agent/trigger-ux-02-dec0016-launch -> origin/agent/trigger-ux-02-dec0016-launch
install	UNKNOWN STEP	2026-08-23T05:52:54.3931294Z  * [new branch]        agent/ux-01-context-compatibility -> origin/agent/ux-01-context-compatibility
install	UNKNOWN STEP	2026-08-23T05:52:54.3931783Z  * [new branch]        agent/ux-01-source-extract  -> origin/agent/ux-01-source-extract
install	UNKNOWN STEP	2026-08-23T05:52:54.3932260Z  * [new branch]        agent/ux-02-dec0016-carrier-stage-2 -> origin/agent/ux-02-dec0016-carrier-stage-2
install	UNKNOWN STEP	2026-08-23T05:52:54.3932812Z  * [new branch]        agent/ux-02-dec0016-checkout-export -> origin/agent/ux-02-dec0016-checkout-export
install	UNKNOWN STEP	2026-08-23T05:52:54.3933313Z  * [new branch]        agent/ux-02-dec0016-compose -> origin/agent/ux-02-dec0016-compose
install	UNKNOWN STEP	2026-08-23T05:52:54.3933767Z  * [new branch]        agent/ux-02-dec0016-execute -> origin/agent/ux-02-dec0016-execute
install	UNKNOWN STEP	2026-08-23T05:52:54.3934278Z  * [new branch]        agent/ux-02-dec0016-final-materializer -> origin/agent/ux-02-dec0016-final-materializer
install	UNKNOWN STEP	2026-08-23T05:52:54.3934809Z  * [new branch]        agent/ux-02-dec0016-kick-main -> origin/agent/ux-02-dec0016-kick-main
install	UNKNOWN STEP	2026-08-23T05:52:54.3935357Z  * [new branch]        agent/ux-02-dec0016-launcher-cleanup -> origin/agent/ux-02-dec0016-launcher-cleanup
install	UNKNOWN STEP	2026-08-23T05:52:54.3935872Z  * [new branch]        agent/ux-02-dec0016-launcher-main -> origin/agent/ux-02-dec0016-launcher-main
install	UNKNOWN STEP	2026-08-23T05:52:54.3936425Z  * [new branch]        agent/ux-02-dec0016-merge-sha-fix -> origin/agent/ux-02-dec0016-merge-sha-fix
install	UNKNOWN STEP	2026-08-23T05:52:54.3936961Z  * [new branch]        agent/ux-02-dec0016-policy-inline -> origin/agent/ux-02-dec0016-policy-inline
install	UNKNOWN STEP	2026-08-23T05:52:54.3937481Z  * [new branch]        agent/ux-02-dec0016-policy-writer -> origin/agent/ux-02-dec0016-policy-writer
install	UNKNOWN STEP	2026-08-23T05:52:54.3938103Z  * [new branch]        agent/ux-02-dec0016-pr-launcher-config -> origin/agent/ux-02-dec0016-pr-launcher-config
install	UNKNOWN STEP	2026-08-23T05:52:54.3938635Z  * [new branch]        agent/ux-02-dec0016-pr-target -> origin/agent/ux-02-dec0016-pr-target
install	UNKNOWN STEP	2026-08-23T05:52:54.3939135Z  * [new branch]        agent/ux-02-dec0016-pr305-guard -> origin/agent/ux-02-dec0016-pr305-guard
install	UNKNOWN STEP	2026-08-23T05:52:54.3939755Z  * [new branch]        agent/ux-02-dec0016-precheckout-receipt -> origin/agent/ux-02-dec0016-precheckout-receipt
install	UNKNOWN STEP	2026-08-23T05:52:54.3940314Z  * [new branch]        agent/ux-02-dec0016-push-receipt -> origin/agent/ux-02-dec0016-push-receipt
install	UNKNOWN STEP	2026-08-23T05:52:54.3940952Z  * [new branch]        agent/ux-02-dec0016-receipts -> origin/agent/ux-02-dec0016-receipts
install	UNKNOWN STEP	2026-08-23T05:52:54.3941528Z  * [new branch]        agent/ux-02-dec0016-registered-route -> origin/agent/ux-02-dec0016-registered-route
install	UNKNOWN STEP	2026-08-23T05:52:54.3942054Z  * [new branch]        agent/ux-02-dec0016-runid-guard -> origin/agent/ux-02-dec0016-runid-guard
install	UNKNOWN STEP	2026-08-23T05:52:54.3942582Z  * [new branch]        agent/ux-02-dec0016-workflow-run -> origin/agent/ux-02-dec0016-workflow-run
install	UNKNOWN STEP	2026-08-23T05:52:54.3943082Z  * [new branch]        agent/ux-02-dec0016-writer-body -> origin/agent/ux-02-dec0016-writer-body
install	UNKNOWN STEP	2026-08-23T05:52:54.3943623Z  * [new branch]        agent/ux-02-decision-receipt-fix -> origin/agent/ux-02-decision-receipt-fix
install	UNKNOWN STEP	2026-08-23T05:52:54.3944212Z  * [new branch]        agent/ux-02-navigation-continuity-dec0015-v2 -> origin/agent/ux-02-navigation-continuity-dec0015-v2
install	UNKNOWN STEP	2026-08-23T05:52:54.3944899Z  * [new branch]        agent/ux-02-navigation-parity -> origin/agent/ux-02-navigation-parity
install	UNKNOWN STEP	2026-08-23T05:52:54.3945433Z  * [new branch]        agent/ux-02-qualified-product-4fe -> origin/agent/ux-02-qualified-product-4fe
install	UNKNOWN STEP	2026-08-23T05:52:54.3945975Z  * [new branch]        agent/ux-02-qualified-source-export -> origin/agent/ux-02-qualified-source-export
install	UNKNOWN STEP	2026-08-23T05:52:54.3946616Z  * [new branch]        agent/ux-02-semantic-script-export -> origin/agent/ux-02-semantic-script-export
install	UNKNOWN STEP	2026-08-23T05:52:54.3947122Z  * [new branch]        agent/ux-02-visual-recovery -> origin/agent/ux-02-visual-recovery
install	UNKNOWN STEP	2026-08-23T05:52:54.3947611Z  * [new branch]        agent/ux-02a-archive-materializer -> origin/agent/ux-02a-archive-materializer
install	UNKNOWN STEP	2026-08-23T05:52:54.3948170Z  * [new branch]        agent/ux-02a-current-main-product -> origin/agent/ux-02a-current-main-product
install	UNKNOWN STEP	2026-08-23T05:52:54.3948735Z  * [new branch]        agent/ux-02a-review-carrier-v2 -> origin/agent/ux-02a-review-carrier-v2
install	UNKNOWN STEP	2026-08-23T05:52:54.3949229Z  * [new branch]        agent/ux-02a-script-runner  -> origin/agent/ux-02a-script-runner
install	UNKNOWN STEP	2026-08-23T05:52:54.3949694Z  * [new branch]        agent/ux-03-mobile-density  -> origin/agent/ux-03-mobile-density
install	UNKNOWN STEP	2026-08-23T05:52:54.3950158Z  * [new branch]        agent/ux-03-post-merge-proof -> origin/agent/ux-03-post-merge-proof
install	UNKNOWN STEP	2026-08-23T05:52:54.3950785Z  * [new branch]        agent/ux-04-makers-discovery -> origin/agent/ux-04-makers-discovery
install	UNKNOWN STEP	2026-08-23T05:52:54.3951340Z  * [new branch]        agent/ux-nav-materializer-export -> origin/agent/ux-nav-materializer-export
install	UNKNOWN STEP	2026-08-23T05:52:54.3951909Z  * [new branch]        agent/ux-nav-noscript-export -> origin/agent/ux-nav-noscript-export
install	UNKNOWN STEP	2026-08-23T05:52:54.3952427Z  * [new branch]        agent/ux-nav-noscript-fix-carrier -> origin/agent/ux-nav-noscript-fix-carrier
install	UNKNOWN STEP	2026-08-23T05:52:54.3952941Z  * [new branch]        agent/ux-nav-review-release-v2 -> origin/agent/ux-nav-review-release-v2
install	UNKNOWN STEP	2026-08-23T05:52:54.3953484Z  * [new branch]        agent/ux02a-carrier-sync-trigger -> origin/agent/ux02a-carrier-sync-trigger
install	UNKNOWN STEP	2026-08-23T05:52:54.3954038Z  * [new branch]        agent/ux02a-carrier-sync-trigger-v2 -> origin/agent/ux02a-carrier-sync-trigger-v2
install	UNKNOWN STEP	2026-08-23T05:52:54.3954590Z  * [new branch]        agent/ux02a-contract-repair-export -> origin/agent/ux02a-contract-repair-export
install	UNKNOWN STEP	2026-08-23T05:52:54.3955136Z  * [new branch]        agent/ux02a-current-main-export -> origin/agent/ux02a-current-main-export
install	UNKNOWN STEP	2026-08-23T05:52:54.3955680Z  * [new branch]        agent/ux02a-current-main-trigger -> origin/agent/ux02a-current-main-trigger
install	UNKNOWN STEP	2026-08-23T05:52:54.3956227Z  * [new branch]        agent/ux02a-main-push-installer -> origin/agent/ux02a-main-push-installer
install	UNKNOWN STEP	2026-08-23T05:52:54.3956744Z  * [new branch]        agent/ux02a-policy-export   -> origin/agent/ux02a-policy-export
install	UNKNOWN STEP	2026-08-23T05:52:54.3957287Z  * [new branch]        agent/ux02a-push-trigger-2  -> origin/agent/ux02a-push-trigger-2
install	UNKNOWN STEP	2026-08-23T05:52:54.3957901Z  * [new branch]        agent/verify-doctor-who-legacy-ref-neutralization -> origin/agent/verify-doctor-who-legacy-ref-neutralization
install	UNKNOWN STEP	2026-08-23T05:52:54.3958640Z  * [new branch]        agent/verify-doctor-who-legacy-ref-neutralization-v2 -> origin/agent/verify-doctor-who-legacy-ref-neutralization-v2
install	UNKNOWN STEP	2026-08-23T05:52:54.3959364Z  * [new branch]        agent/verify-terminal-closure-7f6140 -> origin/agent/verify-terminal-closure-7f6140
install	UNKNOWN STEP	2026-08-23T05:52:54.3959930Z  * [new branch]        chore/reconcile-waterline-handoff -> origin/chore/reconcile-waterline-handoff
install	UNKNOWN STEP	2026-08-23T05:52:54.3960395Z  * [new branch]        main                        -> origin/main
install	UNKNOWN STEP	2026-08-23T05:52:54.3961123Z  * [new branch]        observer/cycle012-senstarg-candidate-transition-v1 -> origin/observer/cycle012-senstarg-candidate-transition-v1
install	UNKNOWN STEP	2026-08-23T05:52:54.3961839Z  * [new branch]        observer/cycle012-senstarg-review-transition-v1 -> origin/observer/cycle012-senstarg-review-transition-v1
install	UNKNOWN STEP	2026-08-23T05:52:54.3962527Z  * [new branch]        probe-doctor-who-cycle-015-finalize-20260812 -> origin/probe-doctor-who-cycle-015-finalize-20260812
install	UNKNOWN STEP	2026-08-23T05:52:54.3963338Z  * [new branch]        probe-doctor-who-next-candidate-20260812 -> origin/probe-doctor-who-next-candidate-20260812
install	UNKNOWN STEP	2026-08-23T05:52:54.3964151Z  * [new branch]        probe-pages-cycle-015-deploy-20260812 -> origin/probe-pages-cycle-015-deploy-20260812
install	UNKNOWN STEP	2026-08-23T05:52:54.3964737Z  * [new branch]        probe-release-tool-do-not-use -> origin/probe-release-tool-do-not-use
install	UNKNOWN STEP	2026-08-23T05:52:54.3965382Z  * [new branch]        repair/cycle012-senstarg-candidate-env -> origin/repair/cycle012-senstarg-candidate-env
install	UNKNOWN STEP	2026-08-23T05:52:54.3965991Z  * [new tag]           archive/agent/dec0010-site-tokens-spark -> archive/agent/dec0010-site-tokens-spark
install	UNKNOWN STEP	2026-08-23T05:52:54.3966566Z  * [new tag]           archive/agent/dec0011-cross-platform-gate -> archive/agent/dec0011-cross-platform-gate
install	UNKNOWN STEP	2026-08-23T05:52:54.3967136Z  * [new tag]           archive/agent/ds9-decision-authoring -> archive/agent/ds9-decision-authoring
install	UNKNOWN STEP	2026-08-23T05:52:54.3967732Z  * [new tag]           archive/agent/five-year-operating-system -> archive/agent/five-year-operating-system
install	UNKNOWN STEP	2026-08-23T05:52:54.3968221Z  * [new tag]           archive/agent/luna-autopilot -> archive/agent/luna-autopilot
install	UNKNOWN STEP	2026-08-23T05:52:54.3968714Z  * [new tag]           archive/agent/pr55-semantic-review -> archive/agent/pr55-semantic-review
install	UNKNOWN STEP	2026-08-23T05:52:54.3969193Z  * [new tag]           archive/agent/preservation-rescue -> archive/agent/preservation-rescue
install	UNKNOWN STEP	2026-08-23T05:52:54.3969673Z  * [new tag]           archive/agent/star-trek-media-audit -> archive/agent/star-trek-media-audit
install	UNKNOWN STEP	2026-08-23T05:52:54.3970210Z  * [new tag]           archive/agent/trek-exact-subject-audit -> archive/agent/trek-exact-subject-audit
install	UNKNOWN STEP	2026-08-23T05:52:54.3970857Z  * [new tag]           archive/agent/trusted-foundation-receipt -> archive/agent/trusted-foundation-receipt
install	UNKNOWN STEP	2026-08-23T05:52:54.3971460Z  * [new tag]           archive/chore/remove-promotion-scaffolding -> archive/chore/remove-promotion-scaffolding
install	UNKNOWN STEP	2026-08-23T05:52:54.3971993Z  * [new tag]           archive/claude/coding-session-1u1llu -> archive/claude/coding-session-1u1llu
install	UNKNOWN STEP	2026-08-23T05:52:54.3972457Z  * [new tag]           archive/claude/decision-tooling -> archive/claude/decision-tooling
install	UNKNOWN STEP	2026-08-23T05:52:54.3972910Z  * [new tag]           archive/claude/ds9-census   -> archive/claude/ds9-census
install	UNKNOWN STEP	2026-08-23T05:52:54.3973333Z  * [new tag]           archive/claude/ds9-eligibility -> archive/claude/ds9-eligibility
install	UNKNOWN STEP	2026-08-23T05:52:54.3973873Z  * [new tag]           archive/claude/ds9-maker-attribution -> archive/claude/ds9-maker-attribution
install	UNKNOWN STEP	2026-08-23T05:52:54.3974498Z  * [new tag]           archive/claude/final-task-2vmzpr -> archive/claude/final-task-2vmzpr
install	UNKNOWN STEP	2026-08-23T05:52:54.3975135Z  * [new tag]           archive/claude/fix-projection-drift -> archive/claude/fix-projection-drift
install	UNKNOWN STEP	2026-08-23T05:52:54.3975841Z  * [new tag]           archive/claude/full-canon-census -> archive/claude/full-canon-census
install	UNKNOWN STEP	2026-08-23T05:52:54.3976306Z  * [new tag]           archive/claude/homepage-flip -> archive/claude/homepage-flip
install	UNKNOWN STEP	2026-08-23T05:52:54.3976767Z  * [new tag]           archive/claude/product-constitution -> archive/claude/product-constitution
install	UNKNOWN STEP	2026-08-23T05:52:54.3977282Z  * [new tag]           archive/claude/retire-comparison-seam -> archive/claude/retire-comparison-seam
install	UNKNOWN STEP	2026-08-23T05:52:54.3977787Z  * [new tag]           archive/claude/work-review-ex7ape -> archive/claude/work-review-ex7ape
install	UNKNOWN STEP	2026-08-23T05:52:54.3978284Z  * [new tag]           archive/codex/a11y-durable-records -> archive/codex/a11y-durable-records
install	UNKNOWN STEP	2026-08-23T05:52:54.3978765Z  * [new tag]           archive/codex/archive-contract -> archive/codex/archive-contract
install	UNKNOWN STEP	2026-08-23T05:52:54.3979219Z  * [new tag]           archive/codex/constellation-graph -> archive/codex/constellation-graph
install	UNKNOWN STEP	2026-08-23T05:52:54.3979758Z  * [new tag]           archive/codex/constellations-contextual-nav -> archive/codex/constellations-contextual-nav
install	UNKNOWN STEP	2026-08-23T05:52:54.3980317Z  * [new tag]           archive/codex/enforce-real-image-policy -> archive/codex/enforce-real-image-policy
install	UNKNOWN STEP	2026-08-23T05:52:54.3980985Z  * [new tag]           archive/codex/ferengi-completeness -> archive/codex/ferengi-completeness
install	UNKNOWN STEP	2026-08-23T05:52:54.3981490Z  * [new tag]           archive/codex/fix-comparison-wipe -> archive/codex/fix-comparison-wipe
install	UNKNOWN STEP	2026-08-23T05:52:54.3981955Z  * [new tag]           archive/codex/franchise-census -> archive/codex/franchise-census
install	UNKNOWN STEP	2026-08-23T05:52:54.3982506Z  * [new tag]           archive/codex/full-rendered-site-audit -> archive/codex/full-rendered-site-audit
install	UNKNOWN STEP	2026-08-23T05:52:54.3982987Z  * [new tag]           archive/codex/image-focus-pass -> archive/codex/image-focus-pass
install	UNKNOWN STEP	2026-08-23T05:52:54.3983452Z  * [new tag]           archive/codex/morn-face-alignment -> archive/codex/morn-face-alignment
install	UNKNOWN STEP	2026-08-23T05:52:54.3984039Z  * [new tag]           archive/codex/photos-changelings-placeholders -> archive/codex/photos-changelings-placeholders
install	UNKNOWN STEP	2026-08-23T05:52:54.3984602Z  * [new tag]           archive/codex/polish-seams-correctness -> archive/codex/polish-seams-correctness
install	UNKNOWN STEP	2026-08-23T05:52:54.3985089Z  * [new tag]           archive/codex/recognition-wipe -> archive/codex/recognition-wipe
install	UNKNOWN STEP	2026-08-23T05:52:54.3985528Z  * [new tag]           archive/codex/roster-quality -> archive/codex/roster-quality
install	UNKNOWN STEP	2026-08-23T05:52:54.3985956Z  * [new tag]           archive/codex/site-cohesion -> archive/codex/site-cohesion
install	UNKNOWN STEP	2026-08-23T05:52:54.3986485Z  * [new tag]           archive/codex/species-navigation-visual-audit -> archive/codex/species-navigation-visual-audit
install	UNKNOWN STEP	2026-08-23T05:52:54.3986953Z  * [new tag]           media-0001                  -> media-0001
install	UNKNOWN STEP	2026-08-23T05:52:54.3987349Z  * [new tag]           media-0002                  -> media-0002
install	UNKNOWN STEP	2026-08-23T05:52:54.3987688Z  * [new tag]           media-0003                  -> media-0003
install	UNKNOWN STEP	2026-08-23T05:52:54.3988167Z  * [new tag]           preservation-20260721-3bbec746c478 -> preservation-20260721-3bbec746c478
install	UNKNOWN STEP	2026-08-23T05:52:54.3988699Z  * [new tag]           preservation-20260721-8f2983cf8939 -> preservation-20260721-8f2983cf8939
install	UNKNOWN STEP	2026-08-23T05:52:54.3989207Z  * [new tag]           preservation-20260721-b093da64e587 -> preservation-20260721-b093da64e587
install	UNKNOWN STEP	2026-08-23T05:52:54.3989737Z  * [new tag]           preservation-20260721-ee99b91913c6 -> preservation-20260721-ee99b91913c6
install	UNKNOWN STEP	2026-08-23T05:52:54.3990237Z  * [new tag]           preservation-20260801-7054b6e620ee -> preservation-20260801-7054b6e620ee
install	UNKNOWN STEP	2026-08-23T05:52:54.3990913Z  * [new tag]           preservation-20260801-788af7e3ad7f -> preservation-20260801-788af7e3ad7f
install	UNKNOWN STEP	2026-08-23T05:52:54.3991434Z  * [new tag]           preservation-20260801-9c5e814821eb -> preservation-20260801-9c5e814821eb
install	UNKNOWN STEP	2026-08-23T05:52:54.3991919Z  * [new tag]           preservation-20260801-d723f84bc17a -> preservation-20260801-d723f84bc17a
install	UNKNOWN STEP	2026-08-23T05:52:54.3992526Z  * [new tag]           preservation-doctor-who-169391a8bf64 -> preservation-doctor-who-169391a8bf64
install	UNKNOWN STEP	2026-08-23T05:52:54.3994414Z [command]/usr/bin/git branch --list --remote origin/agent/star-trek-anastasia-cycle-v1
install	UNKNOWN STEP	2026-08-23T05:52:54.3994849Z   origin/agent/star-trek-anastasia-cycle-v1
install	UNKNOWN STEP	2026-08-23T05:52:54.3995652Z [command]/usr/bin/git rev-parse refs/remotes/origin/agent/star-trek-anastasia-cycle-v1
install	UNKNOWN STEP	2026-08-23T05:52:54.3996071Z c937a6e55f6ed9da2ddd186b4b9054a39e60de51
install	UNKNOWN STEP	2026-08-23T05:52:54.3996945Z ##[endgroup]
install	UNKNOWN STEP	2026-08-23T05:52:54.3997399Z ##[group]Determining the checkout info
install	UNKNOWN STEP	2026-08-23T05:52:54.3997893Z ##[endgroup]
install	UNKNOWN STEP	2026-08-23T05:52:54.3998202Z [command]/usr/bin/git sparse-checkout disable
install	UNKNOWN STEP	2026-08-23T05:52:54.3998958Z [command]/usr/bin/git config --local --unset-all extensions.worktreeConfig
install	UNKNOWN STEP	2026-08-23T05:52:54.3999817Z ##[group]Checking out the ref
install	UNKNOWN STEP	2026-08-23T05:52:54.4000363Z [command]/usr/bin/git checkout --progress --force -B agent/star-trek-anastasia-cycle-v1 refs/remotes/origin/agent/star-trek-anastasia-cycle-v1
install	UNKNOWN STEP	2026-08-23T05:52:55.3707888Z Updating files:  60% (2649/4384)
install	UNKNOWN STEP	2026-08-23T05:52:55.3776589Z Updating files:  61% (2675/4384)
install	UNKNOWN STEP	2026-08-23T05:52:55.3890239Z Updating files:  62% (2719/4384)
install	UNKNOWN STEP	2026-08-23T05:52:55.3940304Z Updating files:  63% (2762/4384)
install	UNKNOWN STEP	2026-08-23T05:52:55.4011524Z Updating files:  64% (2806/4384)
install	UNKNOWN STEP	2026-08-23T05:52:55.4075297Z Updating files:  65% (2850/4384)
install	UNKNOWN STEP	2026-08-23T05:52:55.4142212Z Updating files:  66% (2894/4384)
install	UNKNOWN STEP	2026-08-23T05:52:55.4227837Z Updating files:  67% (2938/4384)
install	UNKNOWN STEP	2026-08-23T05:52:55.4271846Z Updating files:  68% (2982/4384)
install	UNKNOWN STEP	2026-08-23T05:52:55.4333052Z Updating files:  69% (3025/4384)
install	UNKNOWN STEP	2026-08-23T05:52:55.4381333Z Updating files:  70% (3069/4384)
install	UNKNOWN STEP	2026-08-23T05:52:55.4441062Z Updating files:  71% (3113/4384)
install	UNKNOWN STEP	2026-08-23T05:52:55.4484101Z Updating files:  72% (3157/4384)
install	UNKNOWN STEP	2026-08-23T05:52:55.4526590Z Updating files:  73% (3201/4384)
install	UNKNOWN STEP	2026-08-23T05:52:55.4582623Z Updating files:  74% (3245/4384)
install	UNKNOWN STEP	2026-08-23T05:52:55.4629718Z Updating files:  75% (3288/4384)
install	UNKNOWN STEP	2026-08-23T05:52:55.4692371Z Updating files:  76% (3332/4384)
install	UNKNOWN STEP	2026-08-23T05:52:55.4746383Z Updating files:  77% (3376/4384)
install	UNKNOWN STEP	2026-08-23T05:52:55.4797782Z Updating files:  78% (3420/4384)
install	UNKNOWN STEP	2026-08-23T05:52:55.4852020Z Updating files:  79% (3464/4384)
install	UNKNOWN STEP	2026-08-23T05:52:55.4912995Z Updating files:  80% (3508/4384)
install	UNKNOWN STEP	2026-08-23T05:52:55.4957675Z Updating files:  81% (3552/4384)
install	UNKNOWN STEP	2026-08-23T05:52:55.5013115Z Updating files:  82% (3595/4384)
install	UNKNOWN STEP	2026-08-23T05:52:55.5068024Z Updating files:  83% (3639/4384)
install	UNKNOWN STEP	2026-08-23T05:52:55.5110262Z Updating files:  84% (3683/4384)
install	UNKNOWN STEP	2026-08-23T05:52:55.5167988Z Updating files:  85% (3727/4384)
install	UNKNOWN STEP	2026-08-23T05:52:55.5226597Z Updating files:  86% (3771/4384)
install	UNKNOWN STEP	2026-08-23T05:52:55.5266035Z Updating files:  87% (3815/4384)
install	UNKNOWN STEP	2026-08-23T05:52:55.5372520Z Updating files:  88% (3858/4384)
install	UNKNOWN STEP	2026-08-23T05:52:55.5417760Z Updating files:  89% (3902/4384)
install	UNKNOWN STEP	2026-08-23T05:52:55.5474301Z Updating files:  90% (3946/4384)
install	UNKNOWN STEP	2026-08-23T05:52:55.5525576Z Updating files:  91% (3990/4384)
install	UNKNOWN STEP	2026-08-23T05:52:55.5571942Z Updating files:  92% (4034/4384)
install	UNKNOWN STEP	2026-08-23T05:52:55.5610396Z Updating files:  93% (4078/4384)
install	UNKNOWN STEP	2026-08-23T05:52:55.5634660Z Updating files:  94% (4121/4384)
install	UNKNOWN STEP	2026-08-23T05:52:55.5664181Z Updating files:  95% (4165/4384)
install	UNKNOWN STEP	2026-08-23T05:52:55.5690512Z Updating files:  96% (4209/4384)
install	UNKNOWN STEP	2026-08-23T05:52:55.5710064Z Updating files:  97% (4253/4384)
install	UNKNOWN STEP	2026-08-23T05:52:55.5728183Z Updating files:  98% (4297/4384)
install	UNKNOWN STEP	2026-08-23T05:52:55.5864971Z Updating files:  99% (4341/4384)
install	UNKNOWN STEP	2026-08-23T05:52:55.5865405Z Updating files: 100% (4384/4384)
install	UNKNOWN STEP	2026-08-23T05:52:55.5865669Z Updating files: 100% (4384/4384), done.
install	UNKNOWN STEP	2026-08-23T05:52:55.5897662Z Switched to a new branch 'agent/star-trek-anastasia-cycle-v1'
install	UNKNOWN STEP	2026-08-23T05:52:55.5898398Z branch 'agent/star-trek-anastasia-cycle-v1' set up to track 'origin/agent/star-trek-anastasia-cycle-v1'.
install	UNKNOWN STEP	2026-08-23T05:52:55.5944075Z ##[endgroup]
install	UNKNOWN STEP	2026-08-23T05:52:55.5973424Z [command]/usr/bin/git log -1 --format=%H
install	UNKNOWN STEP	2026-08-23T05:52:55.5993062Z c937a6e55f6ed9da2ddd186b4b9054a39e60de51
install	UNKNOWN STEP	2026-08-23T05:52:55.6141119Z ##[group]Run set -Eeuo pipefail
install	UNKNOWN STEP	2026-08-23T05:52:55.6141704Z ^[[36;1mset -Eeuo pipefail^[[0m
install	UNKNOWN STEP	2026-08-23T05:52:55.6142087Z ^[[36;1mroot=.github/recovery/star-trek-anastasia-cycle-v1^[[0m
install	UNKNOWN STEP	2026-08-23T05:52:55.6142430Z ^[[36;1mwork=/tmp/anastasia-rebind-installer-v3^[[0m
install	UNKNOWN STEP	2026-08-23T05:52:55.6142701Z ^[[36;1mrm -rf "$work"^[[0m
install	UNKNOWN STEP	2026-08-23T05:52:55.6142954Z ^[[36;1mmkdir -p "$work"^[[0m
install	UNKNOWN STEP	2026-08-23T05:52:55.6143228Z ^[[36;1m^[[0m
install	UNKNOWN STEP	2026-08-23T05:52:55.6143472Z ^[[36;1mgit fetch --filter=blob:none --no-tags origin main^[[0m
install	UNKNOWN STEP	2026-08-23T05:52:55.6143842Z ^[[36;1mlive_main="$(git rev-parse refs/remotes/origin/main)"^[[0m
install	UNKNOWN STEP	2026-08-23T05:52:55.6144193Z ^[[36;1mlive_tree="$(git rev-parse "${live_main}^{tree}")"^[[0m
install	UNKNOWN STEP	2026-08-23T05:52:55.6144528Z ^[[36;1mlive_parent="$(git rev-parse "${live_main}^")"^[[0m
install	UNKNOWN STEP	2026-08-23T05:52:55.6144826Z ^[[36;1mtest "$live_main" = "$EXPECTED_MAIN"^[[0m
install	UNKNOWN STEP	2026-08-23T05:52:55.6145119Z ^[[36;1mtest "$live_tree" = "$EXPECTED_TREE"^[[0m
install	UNKNOWN STEP	2026-08-23T05:52:55.6145505Z ^[[36;1mtest "$live_parent" = "$QUEEN_MAIN"^[[0m
install	UNKNOWN STEP	2026-08-23T05:52:55.6145830Z ^[[36;1mtest "$(git rev-parse "${QUEEN_MAIN}^{tree}")" = "$QUEEN_TREE"^[[0m
install	UNKNOWN STEP	2026-08-23T05:52:55.6146296Z ^[[36;1mgit diff --name-only "$QUEEN_MAIN" "$EXPECTED_MAIN" | LC_ALL=C sort -u > "$work/live-delta-paths.txt"^[[0m
install	UNKNOWN STEP	2026-08-23T05:52:55.6146731Z ^[[36;1mcat > "$work/allowed-live-delta-paths.txt" <<'PATHS'^[[0m
install	UNKNOWN STEP	2026-08-23T05:52:55.6147098Z ^[[36;1mdata/MEDIA-SEARCH-LATEST.json^[[0m
install	UNKNOWN STEP	2026-08-23T05:52:55.6147374Z ^[[36;1mdata/journal/media-search.jsonl^[[0m
install	UNKNOWN STEP	2026-08-23T05:52:55.6147648Z ^[[36;1mPATHS^[[0m
install	UNKNOWN STEP	2026-08-23T05:52:55.6147959Z ^[[36;1mcmp "$work/allowed-live-delta-paths.txt" "$work/live-delta-paths.txt"^[[0m
install	UNKNOWN STEP	2026-08-23T05:52:55.6148283Z ^[[36;1m^[[0m
install	UNKNOWN STEP	2026-08-23T05:52:55.6148588Z ^[[36;1mcat "$root"/controller.mjs.gz.b64.part-* > "$work/controller.b64"^[[0m
install	UNKNOWN STEP	2026-08-23T05:52:55.6149097Z ^[[36;1mecho '523d20c4f656de45c5cff182694718f780f48c1153cb9fd2e3f4f3dc4359e2a8  '"$work/controller.b64" | sha256sum -c -^[[0m
install	UNKNOWN STEP	2026-08-23T05:52:55.6149617Z ^[[36;1mbase64 -d "$work/controller.b64" | gzip -d > "$work/anastasia-controller.mjs"^[[0m
install	UNKNOWN STEP	2026-08-23T05:52:55.6150237Z ^[[36;1mecho '2eaaa9de01ab5b529df6cf17183c72ad099fef1837177d5d5411365c1cf5f76d  '"$work/anastasia-controller.mjs" | sha256sum -c -^[[0m
install	UNKNOWN STEP	2026-08-23T05:52:55.6150957Z ^[[36;1mnode --check "$work/anastasia-controller.mjs"^[[0m
install	UNKNOWN STEP	2026-08-23T05:52:55.6151264Z ^[[36;1m^[[0m
install	UNKNOWN STEP	2026-08-23T05:52:55.6151535Z ^[[36;1mcat "$root"/workflow.yml.gz.b64.part-* > "$work/workflow.b64"^[[0m
install	UNKNOWN STEP	2026-08-23T05:52:55.6152010Z ^[[36;1mecho '9a1a1957a34dc6ee255c1c159e0dd115cda28cecf390cbf6f5cd08c3c813bd7e  '"$work/workflow.b64" | sha256sum -c -^[[0m
install	UNKNOWN STEP	2026-08-23T05:52:55.6152556Z ^[[36;1mbase64 -d "$work/workflow.b64" | gzip -d > "$work/anastasia-workflow.original.yml"^[[0m
install	UNKNOWN STEP	2026-08-23T05:52:55.6153165Z ^[[36;1mecho 'e4706736a23209f4da0f2d3f9c634544854e93ed2fff181c085e82ab2fa26fc5  '"$work/anastasia-workflow.original.yml" | sha256sum -c -^[[0m
install	UNKNOWN STEP	2026-08-23T05:52:55.6153671Z ^[[36;1m^[[0m
install	UNKNOWN STEP	2026-08-23T05:52:55.6154148Z ^[[36;1mpython3 - "$work/anastasia-workflow.original.yml" "$work/anastasia-workflow.rebound.yml" "$QUEEN_MAIN" "$QUEEN_TREE" "$EXPECTED_MAIN" "$EXPECTED_TREE" <<'PY'^[[0m
install	UNKNOWN STEP	2026-08-23T05:52:55.6154644Z ^[[36;1mfrom pathlib import Path^[[0m
install	UNKNOWN STEP	2026-08-23T05:52:55.6154912Z ^[[36;1mimport sys^[[0m
install	UNKNOWN STEP	2026-08-23T05:52:55.6155166Z ^[[36;1msrc, dst = map(Path, sys.argv[1:3])^[[0m
install	UNKNOWN STEP	2026-08-23T05:52:55.6155505Z ^[[36;1mold_main, old_tree, new_main, new_tree = sys.argv[3:]^[[0m
install	UNKNOWN STEP	2026-08-23T05:52:55.6155797Z ^[[36;1mtext = src.read_text()^[[0m
install	UNKNOWN STEP	2026-08-23T05:52:55.6156048Z ^[[36;1mmain_pattern = f'EXPECTED_MAIN: {old_main}'^[[0m
install	UNKNOWN STEP	2026-08-23T05:52:55.6156366Z ^[[36;1mtree_pattern = f'EXPECTED_TREE: {old_tree}'^[[0m
install	UNKNOWN STEP	2026-08-23T05:52:55.6156674Z ^[[36;1mmain_count = text.count(main_pattern)^[[0m
install	UNKNOWN STEP	2026-08-23T05:52:55.6156953Z ^[[36;1mtree_count = text.count(tree_pattern)^[[0m
install	UNKNOWN STEP	2026-08-23T05:52:55.6157240Z ^[[36;1mif main_count < 1 or tree_count < 1:^[[0m
install	UNKNOWN STEP	2026-08-23T05:52:55.6157635Z ^[[36;1m    raise SystemExit(f'sealed workflow binding counts invalid: main={main_count} tree={tree_count}')^[[0m
install	UNKNOWN STEP	2026-08-23T05:52:55.6158356Z ^[[36;1mrebound = text.replace(main_pattern, f'EXPECTED_MAIN: {new_main}')^[[0m
install	UNKNOWN STEP	2026-08-23T05:52:55.6158752Z ^[[36;1mrebound = rebound.replace(tree_pattern, f'EXPECTED_TREE: {new_tree}')^[[0m
install	UNKNOWN STEP	2026-08-23T05:52:55.6159123Z ^[[36;1mif main_pattern in rebound or tree_pattern in rebound:^[[0m
install	UNKNOWN STEP	2026-08-23T05:52:55.6159487Z ^[[36;1m    raise SystemExit('stale expected canonical binding remains')^[[0m
install	UNKNOWN STEP	2026-08-23T05:52:55.6159857Z ^[[36;1mif rebound.count(f'EXPECTED_MAIN: {new_main}') != main_count:^[[0m
install	UNKNOWN STEP	2026-08-23T05:52:55.6160211Z ^[[36;1m    raise SystemExit('rebound main count drifted')^[[0m
install	UNKNOWN STEP	2026-08-23T05:52:55.6160567Z ^[[36;1mif rebound.count(f'EXPECTED_TREE: {new_tree}') != tree_count:^[[0m
install	UNKNOWN STEP	2026-08-23T05:52:55.6161091Z ^[[36;1m    raise SystemExit('rebound tree count drifted')^[[0m
install	UNKNOWN STEP	2026-08-23T05:52:55.6161391Z ^[[36;1mdst.write_text(rebound)^[[0m
install	UNKNOWN STEP	2026-08-23T05:52:55.6161723Z ^[[36;1mPath(str(dst) + '.counts').write_text(f'main={main_count}\ntree={tree_count}\n')^[[0m
install	UNKNOWN STEP	2026-08-23T05:52:55.6162085Z ^[[36;1mPY^[[0m
install	UNKNOWN STEP	2026-08-23T05:52:55.6162297Z ^[[36;1m^[[0m
install	UNKNOWN STEP	2026-08-23T05:52:55.6162632Z ^[[36;1mgrep -F 'agent/star-trek-anastasia-cycle-v1' "$work/anastasia-workflow.rebound.yml" >/dev/null^[[0m
install	UNKNOWN STEP	2026-08-23T05:52:55.6163243Z ^[[36;1mgrep -F '.github/recovery/star-trek-anastasia-cycle-v1/cycle.trigger' "$work/anastasia-workflow.rebound.yml" >/dev/null^[[0m
install	UNKNOWN STEP	2026-08-23T05:52:55.6163828Z ^[[36;1mgrep -F "EXPECTED_MAIN: $EXPECTED_MAIN" "$work/anastasia-workflow.rebound.yml" >/dev/null^[[0m
install	UNKNOWN STEP	2026-08-23T05:52:55.6164332Z ^[[36;1mgrep -F "EXPECTED_TREE: $EXPECTED_TREE" "$work/anastasia-workflow.rebound.yml" >/dev/null^[[0m
install	UNKNOWN STEP	2026-08-23T05:52:55.6164795Z ^[[36;1mif grep -q 'MEDIA_CANONICAL_PARENT:' "$work/anastasia-workflow.rebound.yml"; then^[[0m
install	UNKNOWN STEP	2026-08-23T05:52:55.6165258Z ^[[36;1m  grep -F "MEDIA_CANONICAL_PARENT: $QUEEN_MAIN" "$work/anastasia-workflow.rebound.yml" >/dev/null^[[0m
install	UNKNOWN STEP	2026-08-23T05:52:55.6165655Z ^[[36;1mfi^[[0m
install	UNKNOWN STEP	2026-08-23T05:52:55.6165855Z ^[[36;1m^[[0m
install	UNKNOWN STEP	2026-08-23T05:52:55.6166199Z ^[[36;1mmkdir -p .github/workflows transport/star-trek-anastasia-cycle-v1^[[0m
install	UNKNOWN STEP	2026-08-23T05:52:55.6166680Z ^[[36;1mcp "$work/anastasia-workflow.rebound.yml" .github/workflows/star-trek-anastasia-cycle-v1.yml^[[0m
install	UNKNOWN STEP	2026-08-23T05:52:55.6167179Z ^[[36;1moriginal_workflow_sha="$(sha256sum "$work/anastasia-workflow.original.yml" | cut -d' ' -f1)"^[[0m
install	UNKNOWN STEP	2026-08-23T05:52:55.6167692Z ^[[36;1mrebound_workflow_sha="$(sha256sum "$work/anastasia-workflow.rebound.yml" | cut -d' ' -f1)"^[[0m
install	UNKNOWN STEP	2026-08-23T05:52:55.6168153Z ^[[36;1mcontroller_sha="$(sha256sum "$work/anastasia-controller.mjs" | cut -d' ' -f1)"^[[0m
install	UNKNOWN STEP	2026-08-23T05:52:55.6168609Z ^[[36;1mmain_count="$(sed -n 's/^main=//p' "$work/anastasia-workflow.rebound.yml.counts")"^[[0m
install	UNKNOWN STEP	2026-08-23T05:52:55.6169092Z ^[[36;1mtree_count="$(sed -n 's/^tree=//p' "$work/anastasia-workflow.rebound.yml.counts")"^[[0m
install	UNKNOWN STEP	2026-08-23T05:52:55.6169421Z ^[[36;1mjq -n \^[[0m
install	UNKNOWN STEP	2026-08-23T05:52:55.6169671Z ^[[36;1m  --arg status installed \^[[0m
install	UNKNOWN STEP	2026-08-23T05:52:55.6169940Z ^[[36;1m  --arg queen_commit "$QUEEN_MAIN" \^[[0m
install	UNKNOWN STEP	2026-08-23T05:52:55.6170229Z ^[[36;1m  --arg queen_tree "$QUEEN_TREE" \^[[0m
install	UNKNOWN STEP	2026-08-23T05:52:55.6170534Z ^[[36;1m  --arg canonical_commit "$EXPECTED_MAIN" \^[[0m
install	UNKNOWN STEP	2026-08-23T05:52:55.6170909Z ^[[36;1m  --arg canonical_tree "$EXPECTED_TREE" \^[[0m
install	UNKNOWN STEP	2026-08-23T05:52:55.6171271Z ^[[36;1m  --arg original_workflow_sha256 "$original_workflow_sha" \^[[0m
install	UNKNOWN STEP	2026-08-23T05:52:55.6171618Z ^[[36;1m  --arg rebound_workflow_sha256 "$rebound_workflow_sha" \^[[0m
install	UNKNOWN STEP	2026-08-23T05:52:55.6171962Z ^[[36;1m  --arg controller_sha256 "$controller_sha" \^[[0m
install	UNKNOWN STEP	2026-08-23T05:52:55.6172274Z ^[[36;1m  --argjson main_binding_count "$main_count" \^[[0m
install	UNKNOWN STEP	2026-08-23T05:52:55.6172578Z ^[[36;1m  --argjson tree_binding_count "$tree_count" \^[[0m
install	UNKNOWN STEP	2026-08-23T05:52:55.6172875Z ^[[36;1m  --argjson run_id "$GITHUB_RUN_ID" \^[[0m
install	UNKNOWN STEP	2026-08-23T05:52:55.6174461Z ^[[36;1m  '{version:3,transaction:"INSTALL-STAR-TREK-ANASTASIA-CYCLE-V3",status:$status,run_id:$run_id,source_product:{commit:$queen_commit,tree:$queen_tree},canonical:{commit:$canonical_commit,tree:$canonical_tree},maintenance_delta_paths:["data/MEDIA-SEARCH-LATEST.json","data/journal/media-search.jsonl"],sealed:{original_workflow_sha256:$original_workflow_sha256,controller_sha256:$controller_sha256},rebound:{workflow_sha256:$rebound_workflow_sha256,main_binding_count:$main_binding_count,tree_binding_count:$tree_binding_count},lease_taken:false,canonical_mutation:false}' \^[[0m
install	UNKNOWN STEP	2026-08-23T05:52:55.6176013Z ^[[36;1m  > transport/star-trek-anastasia-cycle-v1/install-v3.json^[[0m
install	UNKNOWN STEP	2026-08-23T05:52:55.6176350Z ^[[36;1m^[[0m
install	UNKNOWN STEP	2026-08-23T05:52:55.6176639Z ^[[36;1mgit config user.name undercast-anastasia-rebind-installer^[[0m
install	UNKNOWN STEP	2026-08-23T05:52:55.6177106Z ^[[36;1mgit config user.email anastasia-rebind-installer@users.noreply.github.com^[[0m
install	UNKNOWN STEP	2026-08-23T05:52:55.6177679Z ^[[36;1mgit add .github/workflows/star-trek-anastasia-cycle-v1.yml transport/star-trek-anastasia-cycle-v1/install-v3.json^[[0m
install	UNKNOWN STEP	2026-08-23T05:52:55.6178191Z ^[[36;1mgit commit -m 'Install rebound Anastasia cycle workflow v3'^[[0m
install	UNKNOWN STEP	2026-08-23T05:52:55.6178610Z ^[[36;1mgit push origin "HEAD:refs/heads/agent/star-trek-anastasia-cycle-v1"^[[0m
install	UNKNOWN STEP	2026-08-23T05:52:55.6204312Z shell: /usr/bin/bash --noprofile --norc -e -o pipefail {0}
install	UNKNOWN STEP	2026-08-23T05:52:55.6204628Z env:
install	UNKNOWN STEP	2026-08-23T05:52:55.6204902Z   QUEEN_MAIN: 97956ce415d565d968cc5f66067142183ec28a1f
install	UNKNOWN STEP	2026-08-23T05:52:55.6205264Z   QUEEN_TREE: ff8adadb6dd36ab84a21336bdd30ce3cb17b5335
install	UNKNOWN STEP	2026-08-23T05:52:55.6205594Z   EXPECTED_MAIN: 933415b505d1c6e40c7e4bd44bf132c61a5ea32d
install	UNKNOWN STEP	2026-08-23T05:52:55.6205942Z   EXPECTED_TREE: 651edbcfb9efd3b6d9189f8903afa1a8d88677d4
install	UNKNOWN STEP	2026-08-23T05:52:55.6206226Z ##[endgroup]
install	UNKNOWN STEP	2026-08-23T05:52:56.1642907Z From https://github.com/BigBirdReturns/undercast
install	UNKNOWN STEP	2026-08-23T05:52:56.1643655Z  * branch              main       -> FETCH_HEAD
install	UNKNOWN STEP	2026-08-23T05:52:56.1760983Z /tmp/anastasia-rebind-installer-v3/controller.b64: OK
install	UNKNOWN STEP	2026-08-23T05:52:56.1787262Z /tmp/anastasia-rebind-installer-v3/anastasia-controller.mjs: OK
install	UNKNOWN STEP	2026-08-23T05:52:56.3464409Z /tmp/anastasia-rebind-installer-v3/workflow.b64: OK
install	UNKNOWN STEP	2026-08-23T05:52:56.3484790Z /tmp/anastasia-rebind-installer-v3/anastasia-workflow.original.yml: OK
install	UNKNOWN STEP	2026-08-23T05:52:56.9366071Z [agent/star-trek-anastasia-cycle-v1 77ff139e] Install rebound Anastasia cycle workflow v3
install	UNKNOWN STEP	2026-08-23T05:52:56.9366721Z  2 files changed, 481 insertions(+)
install	UNKNOWN STEP	2026-08-23T05:52:56.9367123Z  create mode 100644 .github/workflows/star-trek-anastasia-cycle-v1.yml
install	UNKNOWN STEP	2026-08-23T05:52:56.9367595Z  create mode 100644 transport/star-trek-anastasia-cycle-v1/install-v3.json
install	UNKNOWN STEP	2026-08-23T05:52:58.1159348Z To https://github.com/BigBirdReturns/undercast
install	UNKNOWN STEP	2026-08-23T05:52:58.1160108Z  ! [remote rejected]   HEAD -> agent/star-trek-anastasia-cycle-v1 (refusing to allow a GitHub App to create or update workflow `.github/workflows/star-trek-anastasia-cycle-v1.yml` without `workflows` permission)
install	UNKNOWN STEP	2026-08-23T05:52:58.1169261Z error: failed to push some refs to 'https://github.com/BigBirdReturns/undercast'
install	UNKNOWN STEP	2026-08-23T05:52:58.1181638Z ##[error]Process completed with exit code 1.
install	UNKNOWN STEP	2026-08-23T05:52:58.1286239Z Node 20 is being deprecated. This workflow is running with Node 24 by default. If you need to temporarily use Node 20, you can set the ACTIONS_ALLOW_USE_UNSECURE_NODE_VERSION=true environment variable. For more information see: https://github.blog/changelog/2025-09-19-deprecation-of-node-20-on-github-actions-runners/
install	UNKNOWN STEP	2026-08-23T05:52:58.1287415Z Post job cleanup.
install	UNKNOWN STEP	2026-08-23T05:52:58.1878903Z [command]/usr/bin/git version
install	UNKNOWN STEP	2026-08-23T05:52:58.1904980Z git version 2.55.0
install	UNKNOWN STEP	2026-08-23T05:52:58.1928936Z Temporarily overriding HOME='/home/runner/work/_temp/a4ffa166-c774-4d8d-b8db-eda099b6156c' before making global git config changes
install	UNKNOWN STEP	2026-08-23T05:52:58.1930243Z Adding repository directory to the temporary git global config as a safe directory
install	UNKNOWN STEP	2026-08-23T05:52:58.1932985Z [command]/usr/bin/git config --global --add safe.directory /home/runner/work/undercast/undercast
install	UNKNOWN STEP	2026-08-23T05:52:58.1957879Z [command]/usr/bin/git config --local --name-only --get-regexp core\.sshCommand
install	UNKNOWN STEP	2026-08-23T05:52:58.1979805Z [command]/usr/bin/git submodule foreach --recursive sh -c "git config --local --name-only --get-regexp 'core\.sshCommand' && git config --local --unset-all 'core.sshCommand' || :"
install	UNKNOWN STEP	2026-08-23T05:52:58.2144462Z [command]/usr/bin/git config --local --name-only --get-regexp http\.https\:\/\/github\.com\/\.extraheader
install	UNKNOWN STEP	2026-08-23T05:52:58.2158669Z http.https://github.com/.extraheader
install	UNKNOWN STEP	2026-08-23T05:52:58.2166171Z [command]/usr/bin/git config --local --unset-all http.https://github.com/.extraheader
install	UNKNOWN STEP	2026-08-23T05:52:58.2186724Z [command]/usr/bin/git submodule foreach --recursive sh -c "git config --local --name-only --get-regexp 'http\.https\:\/\/github\.com\/\.extraheader' && git config --local --unset-all 'http.https://github.com/.extraheader' || :"
install	UNKNOWN STEP	2026-08-23T05:52:58.2340979Z [command]/usr/bin/git config --local --name-only --get-regexp ^includeIf\.gitdir:
install	UNKNOWN STEP	2026-08-23T05:52:58.2391228Z [command]/usr/bin/git submodule foreach --recursive git config --local --show-origin --name-only --get-regexp remote.origin.url
install	UNKNOWN STEP	2026-08-23T05:52:58.2634380Z Cleaning up orphan processes
install	UNKNOWN STEP	2026-08-23T05:52:58.2818247Z ##[warning]Node.js 20 is deprecated. The following actions target Node.js 20 but are being forced to run on Node.js 24: actions/checkout@v4. For more information see: https://github.blog/changelog/2025-09-19-deprecation-of-node-20-on-github-actions-runners/
